{
    "type":  "FeatureCollection",
    "features":  [
                     {
                         "type":  "Feature",
                         "geometry":  {
                                          "type":  "Point",
                                          "coordinates":  [
                                                              120.9021315,
                                                              23.8565133
                                                          ]
                                      },
                         "properties":  {
                                            "title":  "115年5月伊達邵地區藝文活動展演-經典杵音展演",
                                            "location_name":  "日月潭國家風景區",
                                            "event_time":  "2026/05/01 11:00:00",
                                            "category":  1,
                                            "on_sales":  false,
                                            "source_trace":  "cloud.culture.tw",
                                            "data_mode":  "real"
                                        }
                     },
                     {
                         "type":  "Feature",
                         "geometry":  {
                                          "type":  "Point",
                                          "coordinates":  [
                                                              120.8229661,
                                                              24.6051162
                                                          ]
                                      },
                         "properties":  {
                                            "title":  "2026客家圓樓藝文表演：聯大吉他社",
                                            "location_name":  "臺灣客家八音戲曲推廣中心（客家圓樓）",
                                            "event_time":  "2026/05/01 14:00:00",
                                            "category":  1,
                                            "on_sales":  false,
                                            "source_trace":  "cloud.culture.tw",
                                            "data_mode":  "real"
                                        }
                     },
                     {
                         "type":  "Feature",
                         "geometry":  {
                                          "type":  "Point",
                                          "coordinates":  [
                                                              120.6312392,
                                                              23.8319045
                                                          ]
                                      },
                         "properties":  {
                                            "title":  "農武講唱會-SING FOR TAIWAN 2026 巡演系列",
                                            "location_name":  "南投縣名間鄉松柏嶺受天宮",
                                            "event_time":  "2026/05/01 16:00:00",
                                            "category":  1,
                                            "on_sales":  false,
                                            "source_trace":  "cloud.culture.tw",
                                            "data_mode":  "real"
                                        }
                     },
                     {
                         "type":  "Feature",
                         "geometry":  {
                                          "type":  "Point",
                                          "coordinates":  [
                                                              120.3634355,
                                                              22.6247642
                                                          ]
                                      },
                         "properties":  {
                                            "title":  "KSAF《臺灣狂想曲》",
                                            "location_name":  "大東文化藝術中心",
                                            "event_time":  "2026/05/01 19:30:00",
                                            "category":  1,
                                            "on_sales":  false,
                                            "source_trace":  "cloud.culture.tw",
                                            "data_mode":  "real"
                                        }
                     },
                     {
                         "type":  "Feature",
                         "geometry":  {
                                          "type":  "Point",
                                          "coordinates":  [
                                                              121.519047,
                                                              25.0367564
                                                          ]
                                      },
                         "properties":  {
                                            "title":  "《韞》唐鶯綺2026大提琴獨奏會",
                                            "location_name":  "國家兩廳院演奏廳",
                                            "event_time":  "2026/05/01 19:30:00",
                                            "category":  1,
                                            "on_sales":  false,
                                            "source_trace":  "cloud.culture.tw",
                                            "data_mode":  "real"
                                        }
                     },
                     {
                         "type":  "Feature",
                         "geometry":  {
                                          "type":  "Point",
                                          "coordinates":  [
                                                              121.51010459577952,
                                                              25.04313285497436
                                                          ]
                                      },
                         "properties":  {
                                            "title":  "十巴啦！巴迪10週年音樂會",
                                            "location_name":  "臺北市中山堂光復廳",
                                            "event_time":  "2026/05/01 19:30:00",
                                            "category":  1,
                                            "on_sales":  false,
                                            "source_trace":  "cloud.culture.tw",
                                            "data_mode":  "real"
                                        }
                     },
                     {
                         "type":  "Feature",
                         "geometry":  {
                                          "type":  "Point",
                                          "coordinates":  [
                                                              121.519047,
                                                              25.0367564
                                                          ]
                                      },
                         "properties":  {
                                            "title":  "安聯人壽2026交響之夜 — 慕尼黑愛樂",
                                            "location_name":  "國家音樂廳",
                                            "event_time":  "2026/05/01 19:30:00",
                                            "category":  1,
                                            "on_sales":  false,
                                            "source_trace":  "cloud.culture.tw",
                                            "data_mode":  "real"
                                        }
                     },
                     {
                         "type":  "Feature",
                         "geometry":  {
                                          "type":  "Point",
                                          "coordinates":  [
                                                              121.5418886,
                                                              23.8970625
                                                          ]
                                      },
                         "properties":  {
                                            "title":  "福爾摩沙合唱團2026藝文推廣系列音樂會之一",
                                            "location_name":  "國立東華大學藝術學院音樂廳",
                                            "event_time":  "2026/05/01 19:30:00",
                                            "category":  1,
                                            "on_sales":  false,
                                            "source_trace":  "cloud.culture.tw",
                                            "data_mode":  "real"
                                        }
                     },
                     {
                         "type":  "Feature",
                         "geometry":  {
                                          "type":  "Point",
                                          "coordinates":  [
                                                              121.519047,
                                                              25.0367564
                                                          ]
                                      },
                         "properties":  {
                                            "title":  "2026男中音丁一憲獨唱會〈愛與生命〉",
                                            "location_name":  "國家兩廳院演奏廳",
                                            "event_time":  "2026/05/02 14:30:00",
                                            "category":  1,
                                            "on_sales":  false,
                                            "source_trace":  "cloud.culture.tw",
                                            "data_mode":  "real"
                                        }
                     },
                     {
                         "type":  "Feature",
                         "geometry":  {
                                          "type":  "Point",
                                          "coordinates":  [
                                                              120.6987078,
                                                              24.0586672
                                                          ]
                                      },
                         "properties":  {
                                            "title":  "NTSO 德爾夫斯，泰西耶與國臺交",
                                            "location_name":  "國立臺灣交響樂團演奏廳",
                                            "event_time":  "2026/05/02 14:30:00",
                                            "category":  1,
                                            "on_sales":  false,
                                            "source_trace":  "cloud.culture.tw",
                                            "data_mode":  "real"
                                        }
                     },
                     {
                         "type":  "Feature",
                         "geometry":  {
                                          "type":  "Point",
                                          "coordinates":  [
                                                              121.5103541,
                                                              25.0425041
                                                          ]
                                      },
                         "properties":  {
                                            "title":  "客家戲—榜上春風",
                                            "location_name":  "臺北市中山堂中正廳",
                                            "event_time":  "2026/05/02 14:30:00",
                                            "category":  1,
                                            "on_sales":  false,
                                            "source_trace":  "cloud.culture.tw",
                                            "data_mode":  "real"
                                        }
                     },
                     {
                         "type":  "Feature",
                         "geometry":  {
                                          "type":  "Point",
                                          "coordinates":  [
                                                              121.5644327,
                                                              25.0375417
                                                          ]
                                      },
                         "properties":  {
                                            "title":  "狂美親子音樂劇場《龍宮特務》",
                                            "location_name":  "臺北市政大樓親子劇場",
                                            "event_time":  "2026/05/02 14:30:00",
                                            "category":  1,
                                            "on_sales":  false,
                                            "source_trace":  "cloud.culture.tw",
                                            "data_mode":  "real"
                                        }
                     },
                     {
                         "type":  "Feature",
                         "geometry":  {
                                          "type":  "Point",
                                          "coordinates":  [
                                                              120.6403028,
                                                              24.1626492
                                                          ]
                                      },
                         "properties":  {
                                            "title":  "高雄市管樂團《動畫楽ノ祭》－日本動漫交響音樂會3",
                                            "location_name":  "臺中國家歌劇院大劇院",
                                            "event_time":  "2026/05/02 19:00:00",
                                            "category":  1,
                                            "on_sales":  false,
                                            "source_trace":  "cloud.culture.tw",
                                            "data_mode":  "real"
                                        }
                     },
                     {
                         "type":  "Feature",
                         "geometry":  {
                                          "type":  "Point",
                                          "coordinates":  [
                                                              120.5061328,
                                                              22.6633696
                                                          ]
                                      },
                         "properties":  {
                                            "title":  "《靈祈與技耀》管風琴音樂會",
                                            "location_name":  "屏東演藝廳音樂廳",
                                            "event_time":  "2026/05/02 19:30:00",
                                            "category":  1,
                                            "on_sales":  false,
                                            "source_trace":  "cloud.culture.tw",
                                            "data_mode":  "real"
                                        }
                     },
                     {
                         "type":  "Feature",
                         "geometry":  {
                                          "type":  "Point",
                                          "coordinates":  [
                                                              120.342434118507,
                                                              22.6230179238508
                                                          ]
                                      },
                         "properties":  {
                                            "title":  "交響系列 —慕尼黑愛樂 x 趙成珍",
                                            "location_name":  "衛武營國家藝術文化中心音樂廳",
                                            "event_time":  "2026/05/02 19:30:00",
                                            "category":  1,
                                            "on_sales":  false,
                                            "source_trace":  "cloud.culture.tw",
                                            "data_mode":  "real"
                                        }
                     },
                     {
                         "type":  "Feature",
                         "geometry":  {
                                          "type":  "Point",
                                          "coordinates":  [
                                                              121.519047,
                                                              25.0367564
                                                          ]
                                      },
                         "properties":  {
                                            "title":  "琴弦映像－2026黃郁婷小提琴獨奏會",
                                            "location_name":  "國家兩廳院演奏廳",
                                            "event_time":  "2026/05/02 19:30:00",
                                            "category":  1,
                                            "on_sales":  false,
                                            "source_trace":  "cloud.culture.tw",
                                            "data_mode":  "real"
                                        }
                     },
                     {
                         "type":  "Feature",
                         "geometry":  {
                                          "type":  "Point",
                                          "coordinates":  [
                                                              120.2982709,
                                                              22.7832758
                                                          ]
                                      },
                         "properties":  {
                                            "title":  "高雄市路竹區一甲國小國樂團114學年度成果發表會",
                                            "location_name":  "高雄市政府文化局﹝岡山文化中心﹞",
                                            "event_time":  "2026/05/03 14:00:00",
                                            "category":  1,
                                            "on_sales":  false,
                                            "source_trace":  "cloud.culture.tw",
                                            "data_mode":  "real"
                                        }
                     },
                     {
                         "type":  "Feature",
                         "geometry":  {
                                          "type":  "Point",
                                          "coordinates":  [
                                                              120.9680989,
                                                              24.8116887
                                                          ]
                                      },
                         "properties":  {
                                            "title":  "2026築愛音樂會",
                                            "location_name":  "新竹市文化局演藝廳音樂廳",
                                            "event_time":  "2026/05/03 14:30:00",
                                            "category":  1,
                                            "on_sales":  false,
                                            "source_trace":  "cloud.culture.tw",
                                            "data_mode":  "real"
                                        }
                     },
                     {
                         "type":  "Feature",
                         "geometry":  {
                                          "type":  "Point",
                                          "coordinates":  [
                                                              121.519047,
                                                              25.0367564
                                                          ]
                                      },
                         "properties":  {
                                            "title":  "NTSO 德爾夫斯，泰西耶與國臺交",
                                            "location_name":  "國家音樂廳",
                                            "event_time":  "2026/05/03 14:30:00",
                                            "category":  1,
                                            "on_sales":  false,
                                            "source_trace":  "cloud.culture.tw",
                                            "data_mode":  "real"
                                        }
                     },
                     {
                         "type":  "Feature",
                         "geometry":  {
                                          "type":  "Point",
                                          "coordinates":  [
                                                              120.3634355,
                                                              22.6247642
                                                          ]
                                      },
                         "properties":  {
                                            "title":  "夢想航道第六站 - 梅河琴緣 曼布華韻",
                                            "location_name":  "大東文化藝術中心演藝廳",
                                            "event_time":  "2026/05/03 14:30:00",
                                            "category":  1,
                                            "on_sales":  false,
                                            "source_trace":  "cloud.culture.tw",
                                            "data_mode":  "real"
                                        }
                     },
                     {
                         "type":  "Feature",
                         "geometry":  {
                                          "type":  "Point",
                                          "coordinates":  [
                                                              121.54711817237563,
                                                              25.094490285992613
                                                          ]
                                      },
                         "properties":  {
                                            "title":  "幻響交響管樂團2026春季音樂會-那些年我們一起吹的歌",
                                            "location_name":  "東吳大學松怡廳",
                                            "event_time":  "2026/05/03 14:30:00",
                                            "category":  1,
                                            "on_sales":  false,
                                            "source_trace":  "cloud.culture.tw",
                                            "data_mode":  "real"
                                        }
                     },
                     {
                         "type":  "Feature",
                         "geometry":  {
                                          "type":  "Point",
                                          "coordinates":  [
                                                              121.5103541,
                                                              25.0425041
                                                          ]
                                      },
                         "properties":  {
                                            "title":  "新樂潮II─TCO學院國樂團音樂會",
                                            "location_name":  "臺北市中山堂中正廳",
                                            "event_time":  "2026/05/03 14:30:00",
                                            "category":  1,
                                            "on_sales":  false,
                                            "source_trace":  "cloud.culture.tw",
                                            "data_mode":  "real"
                                        }
                     },
                     {
                         "type":  "Feature",
                         "geometry":  {
                                          "type":  "Point",
                                          "coordinates":  [
                                                              121.227384,
                                                              24.958126
                                                          ]
                                      },
                         "properties":  {
                                            "title":  "桃園交響管樂團《情銅意和》",
                                            "location_name":  "中壢藝術館",
                                            "event_time":  "2026/05/03 14:30:00",
                                            "category":  1,
                                            "on_sales":  false,
                                            "source_trace":  "cloud.culture.tw",
                                            "data_mode":  "real"
                                        }
                     },
                     {
                         "type":  "Feature",
                         "geometry":  {
                                          "type":  "Point",
                                          "coordinates":  [
                                                              121.5644327,
                                                              25.0375417
                                                          ]
                                      },
                         "properties":  {
                                            "title":  "狂美親子音樂劇場《龍宮特務》",
                                            "location_name":  "臺北市政大樓親子劇場",
                                            "event_time":  "2026/05/03 14:30:00",
                                            "category":  1,
                                            "on_sales":  false,
                                            "source_trace":  "cloud.culture.tw",
                                            "data_mode":  "real"
                                        }
                     },
                     {
                         "type":  "Feature",
                         "geometry":  {
                                          "type":  "Point",
                                          "coordinates":  [
                                                              121.3003009,
                                                              24.9939555
                                                          ]
                                      },
                         "properties":  {
                                            "title":  "美國鏡。臺灣聲─福爾摩沙四重奏",
                                            "location_name":  "桃園市政府文化局演藝廳",
                                            "event_time":  "2026/05/03 14:30:00",
                                            "category":  1,
                                            "on_sales":  false,
                                            "source_trace":  "cloud.culture.tw",
                                            "data_mode":  "real"
                                        }
                     },
                     {
                         "type":  "Feature",
                         "geometry":  {
                                          "type":  "Point",
                                          "coordinates":  [
                                                              121.519047,
                                                              25.0367564
                                                          ]
                                      },
                         "properties":  {
                                            "title":  "沉思者－波特拉，全本巴赫無伴奏大提琴組曲",
                                            "location_name":  "國家音樂廳",
                                            "event_time":  "2026/05/03 19:30:00",
                                            "category":  1,
                                            "on_sales":  false,
                                            "source_trace":  "cloud.culture.tw",
                                            "data_mode":  "real"
                                        }
                     },
                     {
                         "type":  "Feature",
                         "geometry":  {
                                          "type":  "Point",
                                          "coordinates":  [
                                                              121.519047,
                                                              25.0367564
                                                          ]
                                      },
                         "properties":  {
                                            "title":  "自然有聲—青韵合唱團2026年度音樂會",
                                            "location_name":  "國家音樂廳",
                                            "event_time":  "2026/05/04 19:30:00",
                                            "category":  1,
                                            "on_sales":  false,
                                            "source_trace":  "cloud.culture.tw",
                                            "data_mode":  "real"
                                        }
                     },
                     {
                         "type":  "Feature",
                         "geometry":  {
                                          "type":  "Point",
                                          "coordinates":  [
                                                              121.519047,
                                                              25.0367564
                                                          ]
                                      },
                         "properties":  {
                                            "title":  "黃暐倫胡琴獨奏會",
                                            "location_name":  "國家兩廳院演奏廳",
                                            "event_time":  "2026/05/04 19:30:00",
                                            "category":  1,
                                            "on_sales":  false,
                                            "source_trace":  "cloud.culture.tw",
                                            "data_mode":  "real"
                                        }
                     },
                     {
                         "type":  "Feature",
                         "geometry":  {
                                          "type":  "Point",
                                          "coordinates":  [
                                                              121.519047,
                                                              25.0367564
                                                          ]
                                      },
                         "properties":  {
                                            "title":  "命運‧絃律－柴可夫斯基之夜",
                                            "location_name":  "國家音樂廳",
                                            "event_time":  "2026/05/05 19:30:00",
                                            "category":  1,
                                            "on_sales":  false,
                                            "source_trace":  "cloud.culture.tw",
                                            "data_mode":  "real"
                                        }
                     },
                     {
                         "type":  "Feature",
                         "geometry":  {
                                          "type":  "Point",
                                          "coordinates":  [
                                                              120.9992634,
                                                              24.7890674
                                                          ]
                                      },
                         "properties":  {
                                            "title":  "探戈的五封信/國立陽明交通大學藝文中心 ",
                                            "location_name":  "國立陽明交通大學",
                                            "event_time":  "2026/05/05 19:30:00",
                                            "category":  1,
                                            "on_sales":  false,
                                            "source_trace":  "cloud.culture.tw",
                                            "data_mode":  "real"
                                        }
                     },
                     {
                         "type":  "Feature",
                         "geometry":  {
                                          "type":  "Point",
                                          "coordinates":  [
                                                              120.342434118507,
                                                              22.6230179238508
                                                          ]
                                      },
                         "properties":  {
                                            "title":  "沉思者－波特拉，全本巴赫無伴奏大提琴組曲",
                                            "location_name":  "衛武營國家藝術文化中心表演廳",
                                            "event_time":  "2026/05/05 19:30:00",
                                            "category":  1,
                                            "on_sales":  false,
                                            "source_trace":  "cloud.culture.tw",
                                            "data_mode":  "real"
                                        }
                     },
                     {
                         "type":  "Feature",
                         "geometry":  {
                                          "type":  "Point",
                                          "coordinates":  [
                                                              121.519047,
                                                              25.0367564
                                                          ]
                                      },
                         "properties":  {
                                            "title":  "皇者之聲 - 中島結里愛鋼琴獨奏會",
                                            "location_name":  "國家兩廳院演奏廳",
                                            "event_time":  "2026/05/05 19:30:00",
                                            "category":  1,
                                            "on_sales":  false,
                                            "source_trace":  "cloud.culture.tw",
                                            "data_mode":  "real"
                                        }
                     },
                     {
                         "type":  "Feature",
                         "geometry":  {
                                          "type":  "Point",
                                          "coordinates":  [
                                                              120.342434118507,
                                                              22.6230179238508
                                                          ]
                                      },
                         "properties":  {
                                            "title":  "藍色狂響~高雄市陽明國小管樂班年度音樂會",
                                            "location_name":  "衛武營國家藝術文化中心音樂廳",
                                            "event_time":  "2026/05/05 19:30:00",
                                            "category":  1,
                                            "on_sales":  false,
                                            "source_trace":  "cloud.culture.tw",
                                            "data_mode":  "real"
                                        }
                     },
                     {
                         "type":  "Feature",
                         "geometry":  {
                                          "type":  "Point",
                                          "coordinates":  [
                                                              120.31814,
                                                              22.6257981
                                                          ]
                                      },
                         "properties":  {
                                            "title":  "114學年度楠梓國小管樂班成果音樂會-管藏好樂",
                                            "location_name":  "高雄市文化中心至德堂",
                                            "event_time":  "2026/05/06 19:30:00",
                                            "category":  1,
                                            "on_sales":  false,
                                            "source_trace":  "cloud.culture.tw",
                                            "data_mode":  "real"
                                        }
                     },
                     {
                         "type":  "Feature",
                         "geometry":  {
                                          "type":  "Point",
                                          "coordinates":  [
                                                              121.519047,
                                                              25.0367564
                                                          ]
                                      },
                         "properties":  {
                                            "title":  "2026新逸交響樂團年度公演Ⅰ 經典迴響 永恆之聲 2026臺灣銀行百年璀璨音樂饗宴",
                                            "location_name":  "國家音樂廳",
                                            "event_time":  "2026/05/06 19:30:00",
                                            "category":  1,
                                            "on_sales":  false,
                                            "source_trace":  "cloud.culture.tw",
                                            "data_mode":  "real"
                                        }
                     },
                     {
                         "type":  "Feature",
                         "geometry":  {
                                          "type":  "Point",
                                          "coordinates":  [
                                                              120.342434118507,
                                                              22.6230179238508
                                                          ]
                                      },
                         "properties":  {
                                            "title":  "2026浪漫琴話－中山大學音樂學系師生聯合室內樂之夜",
                                            "location_name":  "衛武營國家藝術文化中心表演廳",
                                            "event_time":  "2026/05/06 19:30:00",
                                            "category":  1,
                                            "on_sales":  false,
                                            "source_trace":  "cloud.culture.tw",
                                            "data_mode":  "real"
                                        }
                     },
                     {
                         "type":  "Feature",
                         "geometry":  {
                                          "type":  "Point",
                                          "coordinates":  [
                                                              121.519047,
                                                              25.0367564
                                                          ]
                                      },
                         "properties":  {
                                            "title":  "【弦樂華章】臺灣藝術大學福舟弓弦樂團與小巨人絲竹樂團",
                                            "location_name":  "國家兩廳院演奏廳",
                                            "event_time":  "2026/05/06 19:30:00",
                                            "category":  1,
                                            "on_sales":  false,
                                            "source_trace":  "cloud.culture.tw",
                                            "data_mode":  "real"
                                        }
                     },
                     {
                         "type":  "Feature",
                         "geometry":  {
                                          "type":  "Point",
                                          "coordinates":  [
                                                              120.342434118507,
                                                              22.6230179238508
                                                          ]
                                      },
                         "properties":  {
                                            "title":  "弦樂音雄",
                                            "location_name":  "衛武營國家藝術文化中心表演廳",
                                            "event_time":  "2026/05/07 19:00:00",
                                            "category":  1,
                                            "on_sales":  false,
                                            "source_trace":  "cloud.culture.tw",
                                            "data_mode":  "real"
                                        }
                     },
                     {
                         "type":  "Feature",
                         "geometry":  {
                                          "type":  "Point",
                                          "coordinates":  [
                                                              121.5103541,
                                                              25.0425041
                                                          ]
                                      },
                         "properties":  {
                                            "title":  "《弦之詠》-2026台北愛樂少年弦樂團定期音樂會",
                                            "location_name":  "臺北市中山堂中正廳",
                                            "event_time":  "2026/05/07 19:30:00",
                                            "category":  1,
                                            "on_sales":  false,
                                            "source_trace":  "cloud.culture.tw",
                                            "data_mode":  "real"
                                        }
                     },
                     {
                         "type":  "Feature",
                         "geometry":  {
                                          "type":  "Point",
                                          "coordinates":  [
                                                              121.519047,
                                                              25.0367564
                                                          ]
                                      },
                         "properties":  {
                                            "title":  "宸箏樂團《跟著媽祖進演奏廳》",
                                            "location_name":  "國家兩廳院演奏廳",
                                            "event_time":  "2026/05/07 19:30:00",
                                            "category":  1,
                                            "on_sales":  false,
                                            "source_trace":  "cloud.culture.tw",
                                            "data_mode":  "real"
                                        }
                     },
                     {
                         "type":  "Feature",
                         "geometry":  {
                                          "type":  "Point",
                                          "coordinates":  [
                                                              121.519047,
                                                              25.0367564
                                                          ]
                                      },
                         "properties":  {
                                            "title":  "女高音蔡澐宣獨唱會",
                                            "location_name":  "國家兩廳院演奏廳",
                                            "event_time":  "2026/05/08 19:30:00",
                                            "category":  1,
                                            "on_sales":  false,
                                            "source_trace":  "cloud.culture.tw",
                                            "data_mode":  "real"
                                        }
                     },
                     {
                         "type":  "Feature",
                         "geometry":  {
                                          "type":  "Point",
                                          "coordinates":  [
                                                              120.31814,
                                                              22.6257981
                                                          ]
                                      },
                         "properties":  {
                                            "title":  "東光國小管樂團2026年度公演「擊管來趴踢」",
                                            "location_name":  "高雄市文化中心至德堂",
                                            "event_time":  "2026/05/08 19:30:00",
                                            "category":  1,
                                            "on_sales":  false,
                                            "source_trace":  "cloud.culture.tw",
                                            "data_mode":  "real"
                                        }
                     },
                     {
                         "type":  "Feature",
                         "geometry":  {
                                          "type":  "Point",
                                          "coordinates":  [
                                                              120.342434118507,
                                                              22.6230179238508
                                                          ]
                                      },
                         "properties":  {
                                            "title":  "美國鏡。臺灣聲─福爾摩沙四重奏",
                                            "location_name":  "衛武營國家藝術文化中心表演廳",
                                            "event_time":  "2026/05/08 19:30:00",
                                            "category":  1,
                                            "on_sales":  false,
                                            "source_trace":  "cloud.culture.tw",
                                            "data_mode":  "real"
                                        }
                     },
                     {
                         "type":  "Feature",
                         "geometry":  {
                                          "type":  "Point",
                                          "coordinates":  [
                                                              120.6918567,
                                                              23.9807747
                                                          ]
                                      },
                         "properties":  {
                                            "title":  "小紅豆市集-工藝生活提案所《五月場》：工藝漫活-街頭藝人表演 ",
                                            "location_name":  "國立臺灣工藝研究發展中心（臺灣工藝文化園區）",
                                            "event_time":  "2026/05/09 10:30:00",
                                            "category":  1,
                                            "on_sales":  false,
                                            "source_trace":  "cloud.culture.tw",
                                            "data_mode":  "real"
                                        }
                     },
                     {
                         "type":  "Feature",
                         "geometry":  {
                                          "type":  "Point",
                                          "coordinates":  [
                                                              120.8886966,
                                                              24.6905875
                                                          ]
                                      },
                         "properties":  {
                                            "title":  "苗栗縣竹南國小第31屆音樂班畢業音樂會-樂響拾光 Dectet",
                                            "location_name":  "苗栗縣苗北藝文中心",
                                            "event_time":  "2026/05/09 14:00:00",
                                            "category":  1,
                                            "on_sales":  false,
                                            "source_trace":  "cloud.culture.tw",
                                            "data_mode":  "real"
                                        }
                     },
                     {
                         "type":  "Feature",
                         "geometry":  {
                                          "type":  "Point",
                                          "coordinates":  [
                                                              121.7694806,
                                                              24.8205372
                                                          ]
                                      },
                         "properties":  {
                                            "title":  "午後音樂時光-思想愛",
                                            "location_name":  "臺灣基督長老教會-礁溪教會",
                                            "event_time":  "2026/05/09 14:30:00",
                                            "category":  1,
                                            "on_sales":  false,
                                            "source_trace":  "cloud.culture.tw",
                                            "data_mode":  "real"
                                        }
                     },
                     {
                         "type":  "Feature",
                         "geometry":  {
                                          "type":  "Point",
                                          "coordinates":  [
                                                              120.9680989,
                                                              24.8116887
                                                          ]
                                      },
                         "properties":  {
                                            "title":  "新竹市立管樂團年度音樂會《魔戒-交響與配樂》",
                                            "location_name":  "新竹市文化局演藝廳音樂廳",
                                            "event_time":  "2026/05/09 14:30:00",
                                            "category":  1,
                                            "on_sales":  false,
                                            "source_trace":  "cloud.culture.tw",
                                            "data_mode":  "real"
                                        }
                     },
                     {
                         "type":  "Feature",
                         "geometry":  {
                                          "type":  "Point",
                                          "coordinates":  [
                                                              120.4326439959242,
                                                              23.69298425395441
                                                          ]
                                      },
                         "properties":  {
                                            "title":  "美國鏡。臺灣聲─福爾摩沙四重奏",
                                            "location_name":  "豐泰文教基金會綠園區 藝文廳",
                                            "event_time":  "2026/05/09 14:30:00",
                                            "category":  1,
                                            "on_sales":  false,
                                            "source_trace":  "cloud.culture.tw",
                                            "data_mode":  "real"
                                        }
                     },
                     {
                         "type":  "Feature",
                         "geometry":  {
                                          "type":  "Point",
                                          "coordinates":  [
                                                              120.6403028,
                                                              24.1626492
                                                          ]
                                      },
                         "properties":  {
                                            "title":  "華格納計畫～男低音羅俊穎獨唱會",
                                            "location_name":  "臺中國家歌劇院小劇場",
                                            "event_time":  "2026/05/09 14:30:00",
                                            "category":  1,
                                            "on_sales":  false,
                                            "source_trace":  "cloud.culture.tw",
                                            "data_mode":  "real"
                                        }
                     },
                     {
                         "type":  "Feature",
                         "geometry":  {
                                          "type":  "Point",
                                          "coordinates":  [
                                                              121.519047,
                                                              25.0367564
                                                          ]
                                      },
                         "properties":  {
                                            "title":  "顏華容2026鋼琴獨奏會Ｉ－微光",
                                            "location_name":  "國家兩廳院演奏廳",
                                            "event_time":  "2026/05/09 14:30:00",
                                            "category":  1,
                                            "on_sales":  false,
                                            "source_trace":  "cloud.culture.tw",
                                            "data_mode":  "real"
                                        }
                     },
                     {
                         "type":  "Feature",
                         "geometry":  {
                                          "type":  "Point",
                                          "coordinates":  [
                                                              120.8203986,
                                                              24.565963
                                                          ]
                                      },
                         "properties":  {
                                            "title":  "115年推動苗栗縣國樂藝文發展計畫：苗栗縣立國樂團 —母親節音樂會《我的天才老媽》",
                                            "location_name":  "苗栗縣政府文化觀光局",
                                            "event_time":  "2026/05/09 19:30:00",
                                            "category":  1,
                                            "on_sales":  false,
                                            "source_trace":  "cloud.culture.tw",
                                            "data_mode":  "real"
                                        }
                     },
                     {
                         "type":  "Feature",
                         "geometry":  {
                                          "type":  "Point",
                                          "coordinates":  [
                                                              121.519047,
                                                              25.0367564
                                                          ]
                                      },
                         "properties":  {
                                            "title":  "2026TIFA 拉貝克姊妹：菲利普．葛拉斯《考克多三部曲》",
                                            "location_name":  "國家音樂廳",
                                            "event_time":  "2026/05/09 19:30:00",
                                            "category":  1,
                                            "on_sales":  false,
                                            "source_trace":  "cloud.culture.tw",
                                            "data_mode":  "real"
                                        }
                     },
                     {
                         "type":  "Feature",
                         "geometry":  {
                                          "type":  "Point",
                                          "coordinates":  [
                                                              121.5243992779115,
                                                              25.084774880260841
                                                          ]
                                      },
                         "properties":  {
                                            "title":  "《打擊經典．聲影交織》台北打擊樂團爵士系列音樂會",
                                            "location_name":  "臺北表演藝術中心 藍盒子",
                                            "event_time":  "2026/05/09 19:30:00",
                                            "category":  1,
                                            "on_sales":  false,
                                            "source_trace":  "cloud.culture.tw",
                                            "data_mode":  "real"
                                        }
                     },
                     {
                         "type":  "Feature",
                         "geometry":  {
                                          "type":  "Point",
                                          "coordinates":  [
                                                              120.6404343,
                                                              24.1630875
                                                          ]
                                      },
                         "properties":  {
                                            "title":  "《英雄旅程》",
                                            "location_name":  "臺中國家歌劇院",
                                            "event_time":  "2026/05/09 19:30:00",
                                            "category":  1,
                                            "on_sales":  false,
                                            "source_trace":  "cloud.culture.tw",
                                            "data_mode":  "real"
                                        }
                     },
                     {
                         "type":  "Feature",
                         "geometry":  {
                                          "type":  "Point",
                                          "coordinates":  [
                                                              120.6403028,
                                                              24.1626492
                                                          ]
                                      },
                         "properties":  {
                                            "title":  "《英雄旅程》2026南藝大音樂系管樂團音樂會",
                                            "location_name":  "臺中國家歌劇院中劇院",
                                            "event_time":  "2026/05/09 19:30:00",
                                            "category":  1,
                                            "on_sales":  false,
                                            "source_trace":  "cloud.culture.tw",
                                            "data_mode":  "real"
                                        }
                     },
                     {
                         "type":  "Feature",
                         "geometry":  {
                                          "type":  "Point",
                                          "coordinates":  [
                                                              121.4706582,
                                                              25.0813684
                                                          ]
                                      },
                         "properties":  {
                                            "title":  "久宮格",
                                            "location_name":  "功學社音樂廳",
                                            "event_time":  "2026/05/09 19:30:00",
                                            "category":  1,
                                            "on_sales":  false,
                                            "source_trace":  "cloud.culture.tw",
                                            "data_mode":  "real"
                                        }
                     },
                     {
                         "type":  "Feature",
                         "geometry":  {
                                          "type":  "Point",
                                          "coordinates":  [
                                                              120.2306078,
                                                              22.9404568
                                                          ]
                                      },
                         "properties":  {
                                            "title":  "十鼓藝術季-2026魔法夜祭2 神之島",
                                            "location_name":  "十鼓文創園區 夢糖劇場",
                                            "event_time":  "2026/05/09 19:30:00",
                                            "category":  1,
                                            "on_sales":  false,
                                            "source_trace":  "cloud.culture.tw",
                                            "data_mode":  "real"
                                        }
                     },
                     {
                         "type":  "Feature",
                         "geometry":  {
                                          "type":  "Point",
                                          "coordinates":  [
                                                              120.342434118507,
                                                              22.6230179238508
                                                          ]
                                      },
                         "properties":  {
                                            "title":  "古典・爵士，都點得到！國立東華大學音樂學系教授音樂會",
                                            "location_name":  "衛武營國家藝術文化中心表演廳",
                                            "event_time":  "2026/05/09 19:30:00",
                                            "category":  1,
                                            "on_sales":  false,
                                            "source_trace":  "cloud.culture.tw",
                                            "data_mode":  "real"
                                        }
                     },
                     {
                         "type":  "Feature",
                         "geometry":  {
                                          "type":  "Point",
                                          "coordinates":  [
                                                              121.53867852510383,
                                                              25.013768052329571
                                                          ]
                                      },
                         "properties":  {
                                            "title":  "台灣國際古樂節《齊瑪曼之心Ｉ》雙笛靜響",
                                            "location_name":  "臺灣大學藝文中心雅頌坊",
                                            "event_time":  "2026/05/09 19:30:00",
                                            "category":  1,
                                            "on_sales":  false,
                                            "source_trace":  "cloud.culture.tw",
                                            "data_mode":  "real"
                                        }
                     },
                     {
                         "type":  "Feature",
                         "geometry":  {
                                          "type":  "Point",
                                          "coordinates":  [
                                                              121.519047,
                                                              25.0367564
                                                          ]
                                      },
                         "properties":  {
                                            "title":  "呂宜珊鋼琴獨奏會《俄式風情》",
                                            "location_name":  "國家兩廳院演奏廳",
                                            "event_time":  "2026/05/09 19:30:00",
                                            "category":  1,
                                            "on_sales":  false,
                                            "source_trace":  "cloud.culture.tw",
                                            "data_mode":  "real"
                                        }
                     },
                     {
                         "type":  "Feature",
                         "geometry":  {
                                          "type":  "Point",
                                          "coordinates":  [
                                                              121.5103541,
                                                              25.0425041
                                                          ]
                                      },
                         "properties":  {
                                            "title":  "島嶼之歌─張宇安\u0026TCO",
                                            "location_name":  "臺北市中山堂中正廳",
                                            "event_time":  "2026/05/09 19:30:00",
                                            "category":  1,
                                            "on_sales":  false,
                                            "source_trace":  "cloud.culture.tw",
                                            "data_mode":  "real"
                                        }
                     },
                     {
                         "type":  "Feature",
                         "geometry":  {
                                          "type":  "Point",
                                          "coordinates":  [
                                                              120.8203986,
                                                              24.565963
                                                          ]
                                      },
                         "properties":  {
                                            "title":  "我的天才老媽",
                                            "location_name":  "苗栗縣政府文化觀光局中正堂",
                                            "event_time":  "2026/05/09 19:30:00",
                                            "category":  1,
                                            "on_sales":  false,
                                            "source_trace":  "cloud.culture.tw",
                                            "data_mode":  "real"
                                        }
                     },
                     {
                         "type":  "Feature",
                         "geometry":  {
                                          "type":  "Point",
                                          "coordinates":  [
                                                              121.56143652677528,
                                                              25.044755179618331
                                                          ]
                                      },
                         "properties":  {
                                            "title":  "臺灣箏樂團—創團音樂會《以新承韻》",
                                            "location_name":  "誠品表演廳",
                                            "event_time":  "2026/05/09 19:30:00",
                                            "category":  1,
                                            "on_sales":  false,
                                            "source_trace":  "cloud.culture.tw",
                                            "data_mode":  "real"
                                        }
                     },
                     {
                         "type":  "Feature",
                         "geometry":  {
                                          "type":  "Point",
                                          "coordinates":  [
                                                              120.342434118507,
                                                              22.6230179238508
                                                          ]
                                      },
                         "properties":  {
                                            "title":  "高雄市管樂團《動畫楽ノ祭》－日本動漫交響音樂會3",
                                            "location_name":  "衛武營國家藝術文化中心音樂廳",
                                            "event_time":  "2026/05/09 19:30:00",
                                            "category":  1,
                                            "on_sales":  false,
                                            "source_trace":  "cloud.culture.tw",
                                            "data_mode":  "real"
                                        }
                     },
                     {
                         "type":  "Feature",
                         "geometry":  {
                                          "type":  "Point",
                                          "coordinates":  [
                                                              120.5062157,
                                                              22.6636099
                                                          ]
                                      },
                         "properties":  {
                                            "title":  "屏東演藝廳《沙龍音樂會》",
                                            "location_name":  "屏東演藝廳音樂廳 大廳",
                                            "event_time":  "2026/05/10 11:00:00",
                                            "category":  1,
                                            "on_sales":  false,
                                            "source_trace":  "cloud.culture.tw",
                                            "data_mode":  "real"
                                        }
                     },
                     {
                         "type":  "Feature",
                         "geometry":  {
                                          "type":  "Point",
                                          "coordinates":  [
                                                              121.53867852510383,
                                                              25.013768052329571
                                                          ]
                                      },
                         "properties":  {
                                            "title":  "111 Quintet 世界口琴節得獎音樂會",
                                            "location_name":  "臺灣大學藝文中心雅頌坊",
                                            "event_time":  "2026/05/10 14:30:00",
                                            "category":  1,
                                            "on_sales":  false,
                                            "source_trace":  "cloud.culture.tw",
                                            "data_mode":  "real"
                                        }
                     },
                     {
                         "type":  "Feature",
                         "geometry":  {
                                          "type":  "Point",
                                          "coordinates":  [
                                                              121.5243992779115,
                                                              25.084774880260841
                                                          ]
                                      },
                         "properties":  {
                                            "title":  "《打擊經典．聲影交織》台北打擊樂團爵士系列音樂會",
                                            "location_name":  "臺北表演藝術中心 藍盒子",
                                            "event_time":  "2026/05/10 14:30:00",
                                            "category":  1,
                                            "on_sales":  false,
                                            "source_trace":  "cloud.culture.tw",
                                            "data_mode":  "real"
                                        }
                     },
                     {
                         "type":  "Feature",
                         "geometry":  {
                                          "type":  "Point",
                                          "coordinates":  [
                                                              120.579126283931,
                                                              23.9491767132051
                                                          ]
                                      },
                         "properties":  {
                                            "title":  "《綻聲銅管五重奏2026年度音樂會—綻響銅畫》",
                                            "location_name":  "彰化縣文化局員林演藝廳小劇場",
                                            "event_time":  "2026/05/10 14:30:00",
                                            "category":  1,
                                            "on_sales":  false,
                                            "source_trace":  "cloud.culture.tw",
                                            "data_mode":  "real"
                                        }
                     },
                     {
                         "type":  "Feature",
                         "geometry":  {
                                          "type":  "Point",
                                          "coordinates":  [
                                                              120.6403028,
                                                              24.1626492
                                                          ]
                                      },
                         "properties":  {
                                            "title":  "無盡的白日夢──宋允鵬2026鋼琴獨奏會",
                                            "location_name":  "臺中國家歌劇院小劇場",
                                            "event_time":  "2026/05/10 14:30:00",
                                            "category":  1,
                                            "on_sales":  false,
                                            "source_trace":  "cloud.culture.tw",
                                            "data_mode":  "real"
                                        }
                     },
                     {
                         "type":  "Feature",
                         "geometry":  {
                                          "type":  "Point",
                                          "coordinates":  [
                                                              121.519047,
                                                              25.0367564
                                                          ]
                                      },
                         "properties":  {
                                            "title":  "美國鏡。臺灣聲─福爾摩沙四重奏",
                                            "location_name":  "國家兩廳院演奏廳",
                                            "event_time":  "2026/05/10 14:30:00",
                                            "category":  1,
                                            "on_sales":  false,
                                            "source_trace":  "cloud.culture.tw",
                                            "data_mode":  "real"
                                        }
                     },
                     {
                         "type":  "Feature",
                         "geometry":  {
                                          "type":  "Point",
                                          "coordinates":  [
                                                              120.342434118507,
                                                              22.6230179238508
                                                          ]
                                      },
                         "properties":  {
                                            "title":  "自然有聲—青韵合唱團2026年度音樂會",
                                            "location_name":  "衛武營國家藝術文化中心表演廳",
                                            "event_time":  "2026/05/10 14:30:00",
                                            "category":  1,
                                            "on_sales":  false,
                                            "source_trace":  "cloud.culture.tw",
                                            "data_mode":  "real"
                                        }
                     },
                     {
                         "type":  "Feature",
                         "geometry":  {
                                          "type":  "Point",
                                          "coordinates":  [
                                                              120.342434118507,
                                                              22.6230179238508
                                                          ]
                                      },
                         "properties":  {
                                            "title":  "高雄市管樂團《動畫楽ノ祭》－日本動漫交響音樂會3",
                                            "location_name":  "衛武營國家藝術文化中心音樂廳",
                                            "event_time":  "2026/05/10 14:30:00",
                                            "category":  1,
                                            "on_sales":  false,
                                            "source_trace":  "cloud.culture.tw",
                                            "data_mode":  "real"
                                        }
                     },
                     {
                         "type":  "Feature",
                         "geometry":  {
                                          "type":  "Point",
                                          "coordinates":  [
                                                              120.3634355,
                                                              22.6247642
                                                          ]
                                      },
                         "properties":  {
                                            "title":  "沉魚洛雁—2026高醫弦樂夏季成發",
                                            "location_name":  "大東文化藝術中心",
                                            "event_time":  "2026/05/10 15:00:00",
                                            "category":  1,
                                            "on_sales":  false,
                                            "source_trace":  "cloud.culture.tw",
                                            "data_mode":  "real"
                                        }
                     },
                     {
                         "type":  "Feature",
                         "geometry":  {
                                          "type":  "Point",
                                          "coordinates":  [
                                                              120.74813,
                                                              22.00657
                                                          ]
                                      },
                         "properties":  {
                                            "title":  "2026 First Love《黑膠時代曲-流行金曲的風華20》",
                                            "location_name":  "恆春文化中心劇場館表演廳",
                                            "event_time":  "2026/05/10 15:30:00",
                                            "category":  1,
                                            "on_sales":  false,
                                            "source_trace":  "cloud.culture.tw",
                                            "data_mode":  "real"
                                        }
                     },
                     {
                         "type":  "Feature",
                         "geometry":  {
                                          "type":  "Point",
                                          "coordinates":  [
                                                              121.519047,
                                                              25.0367564
                                                          ]
                                      },
                         "properties":  {
                                            "title":  "2026 歐洲日系列音樂會 — NSO《琴語交響．光》",
                                            "location_name":  "國家音樂廳",
                                            "event_time":  "2026/05/10 19:30:00",
                                            "category":  1,
                                            "on_sales":  false,
                                            "source_trace":  "cloud.culture.tw",
                                            "data_mode":  "real"
                                        }
                     },
                     {
                         "type":  "Feature",
                         "geometry":  {
                                          "type":  "Point",
                                          "coordinates":  [
                                                              121.5103541,
                                                              25.0425041
                                                          ]
                                      },
                         "properties":  {
                                            "title":  "TJO向爵士巨人致敬系列4 - 邁爾斯與柯川百年致敬",
                                            "location_name":  "臺北市中山堂中正廳",
                                            "event_time":  "2026/05/10 19:30:00",
                                            "category":  1,
                                            "on_sales":  false,
                                            "source_trace":  "cloud.culture.tw",
                                            "data_mode":  "real"
                                        }
                     },
                     {
                         "type":  "Feature",
                         "geometry":  {
                                          "type":  "Point",
                                          "coordinates":  [
                                                              121.519047,
                                                              25.0367564
                                                          ]
                                      },
                         "properties":  {
                                            "title":  "史卡拉蒂的西班牙風景",
                                            "location_name":  "國家兩廳院演奏廳",
                                            "event_time":  "2026/05/10 19:30:00",
                                            "category":  1,
                                            "on_sales":  false,
                                            "source_trace":  "cloud.culture.tw",
                                            "data_mode":  "real"
                                        }
                     },
                     {
                         "type":  "Feature",
                         "geometry":  {
                                          "type":  "Point",
                                          "coordinates":  [
                                                              121.5103541,
                                                              25.0425041
                                                          ]
                                      },
                         "properties":  {
                                            "title":  "臺北市立大學2026協奏曲之夜",
                                            "location_name":  "臺北市中山堂中正廳",
                                            "event_time":  "2026/05/11 19:30:00",
                                            "category":  1,
                                            "on_sales":  false,
                                            "source_trace":  "cloud.culture.tw",
                                            "data_mode":  "real"
                                        }
                     },
                     {
                         "type":  "Feature",
                         "geometry":  {
                                          "type":  "Point",
                                          "coordinates":  [
                                                              121.519047,
                                                              25.0367564
                                                          ]
                                      },
                         "properties":  {
                                            "title":  "華岡藝展 — 如是春風",
                                            "location_name":  "國家音樂廳",
                                            "event_time":  "2026/05/11 19:30:00",
                                            "category":  1,
                                            "on_sales":  false,
                                            "source_trace":  "cloud.culture.tw",
                                            "data_mode":  "real"
                                        }
                     },
                     {
                         "type":  "Feature",
                         "geometry":  {
                                          "type":  "Point",
                                          "coordinates":  [
                                                              121.519047,
                                                              25.0367564
                                                          ]
                                      },
                         "properties":  {
                                            "title":  "《誰與爭鋒》曾耿元＆TPYE",
                                            "location_name":  "國家兩廳院演奏廳",
                                            "event_time":  "2026/05/12 19:30:00",
                                            "category":  1,
                                            "on_sales":  false,
                                            "source_trace":  "cloud.culture.tw",
                                            "data_mode":  "real"
                                        }
                     },
                     {
                         "type":  "Feature",
                         "geometry":  {
                                          "type":  "Point",
                                          "coordinates":  [
                                                              121.519047,
                                                              25.0367564
                                                          ]
                                      },
                         "properties":  {
                                            "title":  "【2026 TSO 大師系列】殷巴爾與TSO之伯恩斯坦《卡迪希》臺灣首演",
                                            "location_name":  "國家音樂廳",
                                            "event_time":  "2026/05/12 19:30:00",
                                            "category":  1,
                                            "on_sales":  false,
                                            "source_trace":  "cloud.culture.tw",
                                            "data_mode":  "real"
                                        }
                     },
                     {
                         "type":  "Feature",
                         "geometry":  {
                                          "type":  "Point",
                                          "coordinates":  [
                                                              121.5103541,
                                                              25.0425041
                                                          ]
                                      },
                         "properties":  {
                                            "title":  "妙法之歌 \u0026 鋼琴協奏之旅",
                                            "location_name":  "臺北市中山堂中正廳",
                                            "event_time":  "2026/05/12 19:30:00",
                                            "category":  1,
                                            "on_sales":  false,
                                            "source_trace":  "cloud.culture.tw",
                                            "data_mode":  "real"
                                        }
                     },
                     {
                         "type":  "Feature",
                         "geometry":  {
                                          "type":  "Point",
                                          "coordinates":  [
                                                              120.342434118507,
                                                              22.6230179238508
                                                          ]
                                      },
                         "properties":  {
                                            "title":  "躍動．希望．榮光— 國立中山大學音樂學系管弦樂團暨合唱團音樂會",
                                            "location_name":  "衛武營國家藝術文化中心音樂廳",
                                            "event_time":  "2026/05/13 19:00:00",
                                            "category":  1,
                                            "on_sales":  false,
                                            "source_trace":  "cloud.culture.tw",
                                            "data_mode":  "real"
                                        }
                     },
                     {
                         "type":  "Feature",
                         "geometry":  {
                                          "type":  "Point",
                                          "coordinates":  [
                                                              120.342434118507,
                                                              22.6230179238508
                                                          ]
                                      },
                         "properties":  {
                                            "title":  "高雄市信義國小115級音樂資優班畢業音樂會",
                                            "location_name":  "衛武營國家藝術文化中心表演廳",
                                            "event_time":  "2026/05/13 19:00:00",
                                            "category":  1,
                                            "on_sales":  false,
                                            "source_trace":  "cloud.culture.tw",
                                            "data_mode":  "real"
                                        }
                     },
                     {
                         "type":  "Feature",
                         "geometry":  {
                                          "type":  "Point",
                                          "coordinates":  [
                                                              121.519047,
                                                              25.0367564
                                                          ]
                                      },
                         "properties":  {
                                            "title":  "《易・境》董彥彬箏樂獨奏會",
                                            "location_name":  "國家兩廳院演奏廳",
                                            "event_time":  "2026/05/13 19:30:00",
                                            "category":  1,
                                            "on_sales":  false,
                                            "source_trace":  "cloud.culture.tw",
                                            "data_mode":  "real"
                                        }
                     },
                     {
                         "type":  "Feature",
                         "geometry":  {
                                          "type":  "Point",
                                          "coordinates":  [
                                                              120.6403028,
                                                              24.1626492
                                                          ]
                                      },
                         "properties":  {
                                            "title":  "新古典室內樂團《音樂馬戲劇場-邦卡的七彩布裙》",
                                            "location_name":  "臺中國家歌劇院中劇院",
                                            "event_time":  "2026/05/13 19:30:00",
                                            "category":  1,
                                            "on_sales":  false,
                                            "source_trace":  "cloud.culture.tw",
                                            "data_mode":  "real"
                                        }
                     },
                     {
                         "type":  "Feature",
                         "geometry":  {
                                          "type":  "Point",
                                          "coordinates":  [
                                                              121.519047,
                                                              25.0367564
                                                          ]
                                      },
                         "properties":  {
                                            "title":  "2026第十二屆臺灣國際打擊樂節-朱宗慶打擊樂團",
                                            "location_name":  "國家音樂廳",
                                            "event_time":  "2026/05/14 19:30:00",
                                            "category":  1,
                                            "on_sales":  false,
                                            "source_trace":  "cloud.culture.tw",
                                            "data_mode":  "real"
                                        }
                     },
                     {
                         "type":  "Feature",
                         "geometry":  {
                                          "type":  "Point",
                                          "coordinates":  [
                                                              120.6403028,
                                                              24.1626492
                                                          ]
                                      },
                         "properties":  {
                                            "title":  "新古典室內樂團《音樂馬戲劇場-邦卡的七彩布裙》",
                                            "location_name":  "臺中國家歌劇院中劇院",
                                            "event_time":  "2026/05/14 19:30:00",
                                            "category":  1,
                                            "on_sales":  false,
                                            "source_trace":  "cloud.culture.tw",
                                            "data_mode":  "real"
                                        }
                     },
                     {
                         "type":  "Feature",
                         "geometry":  {
                                          "type":  "Point",
                                          "coordinates":  [
                                                              121.519047,
                                                              25.0367564
                                                          ]
                                      },
                         "properties":  {
                                            "title":  "2026第十二屆臺灣國際打擊樂節-擊樂演奏家張鈞量\u0026大茂繪里子/奎伊打擊樂二重奏",
                                            "location_name":  "國家音樂廳",
                                            "event_time":  "2026/05/15 19:30:00",
                                            "category":  1,
                                            "on_sales":  false,
                                            "source_trace":  "cloud.culture.tw",
                                            "data_mode":  "real"
                                        }
                     },
                     {
                         "type":  "Feature",
                         "geometry":  {
                                          "type":  "Point",
                                          "coordinates":  [
                                                              121.469965395222,
                                                              25.1331246145541
                                                          ]
                                      },
                         "properties":  {
                                            "title":  "北藝大2026春夏系列《北藝大爵士大樂團2026春夏音樂會》",
                                            "location_name":  "國立臺北藝術大學音樂廳",
                                            "event_time":  "2026/05/15 19:30:00",
                                            "category":  1,
                                            "on_sales":  false,
                                            "source_trace":  "cloud.culture.tw",
                                            "data_mode":  "real"
                                        }
                     },
                     {
                         "type":  "Feature",
                         "geometry":  {
                                          "type":  "Point",
                                          "coordinates":  [
                                                              121.5103541,
                                                              25.0425041
                                                          ]
                                      },
                         "properties":  {
                                            "title":  "十面埋伏—2026東方器樂劇場",
                                            "location_name":  "臺北市中山堂中正廳",
                                            "event_time":  "2026/05/15 19:30:00",
                                            "category":  1,
                                            "on_sales":  false,
                                            "source_trace":  "cloud.culture.tw",
                                            "data_mode":  "real"
                                        }
                     },
                     {
                         "type":  "Feature",
                         "geometry":  {
                                          "type":  "Point",
                                          "coordinates":  [
                                                              121.519047,
                                                              25.0367564
                                                          ]
                                      },
                         "properties":  {
                                            "title":  "台灣國際古樂節《齊瑪曼之心Ｉ》琴韻雙生",
                                            "location_name":  "國家兩廳院演奏廳",
                                            "event_time":  "2026/05/15 19:30:00",
                                            "category":  1,
                                            "on_sales":  false,
                                            "source_trace":  "cloud.culture.tw",
                                            "data_mode":  "real"
                                        }
                     },
                     {
                         "type":  "Feature",
                         "geometry":  {
                                          "type":  "Point",
                                          "coordinates":  [
                                                              120.342434118507,
                                                              22.6230179238508
                                                          ]
                                      },
                         "properties":  {
                                            "title":  "女高音和大提琴好朋友的音樂對話",
                                            "location_name":  "衛武營國家藝術文化中心表演廳",
                                            "event_time":  "2026/05/15 19:30:00",
                                            "category":  1,
                                            "on_sales":  false,
                                            "source_trace":  "cloud.culture.tw",
                                            "data_mode":  "real"
                                        }
                     },
                     {
                         "type":  "Feature",
                         "geometry":  {
                                          "type":  "Point",
                                          "coordinates":  [
                                                              120.342434118507,
                                                              22.6230179238508
                                                          ]
                                      },
                         "properties":  {
                                            "title":  "巴洛克獨奏家樂團《音畫．臺灣》戲劇暨講座音樂會",
                                            "location_name":  "衛武營國家藝術文化中心音樂廳",
                                            "event_time":  "2026/05/15 19:30:00",
                                            "category":  1,
                                            "on_sales":  false,
                                            "source_trace":  "cloud.culture.tw",
                                            "data_mode":  "real"
                                        }
                     },
                     {
                         "type":  "Feature",
                         "geometry":  {
                                          "type":  "Point",
                                          "coordinates":  [
                                                              121.519047,
                                                              25.0367564
                                                          ]
                                      },
                         "properties":  {
                                            "title":  "2026第十二屆臺灣國際打擊樂節-纏之會太鼓團",
                                            "location_name":  "國家音樂廳",
                                            "event_time":  "2026/05/16 10:30:00",
                                            "category":  1,
                                            "on_sales":  false,
                                            "source_trace":  "cloud.culture.tw",
                                            "data_mode":  "real"
                                        }
                     },
                     {
                         "type":  "Feature",
                         "geometry":  {
                                          "type":  "Point",
                                          "coordinates":  [
                                                              120.682756,
                                                              24.155298
                                                          ]
                                      },
                         "properties":  {
                                            "title":  "2026風動室內樂團《無限》宮崎駿動畫音樂精選",
                                            "location_name":  "臺中市中山堂",
                                            "event_time":  "2026/05/16 13:30:00",
                                            "category":  1,
                                            "on_sales":  false,
                                            "source_trace":  "cloud.culture.tw",
                                            "data_mode":  "real"
                                        }
                     },
                     {
                         "type":  "Feature",
                         "geometry":  {
                                          "type":  "Point",
                                          "coordinates":  [
                                                              120.2983705,
                                                              22.9642042
                                                          ]
                                      },
                         "properties":  {
                                            "title":  "2026心豐藝術節《失速在B612行星之後？》說書音樂會",
                                            "location_name":  "臺南歸仁文化中心演藝廳",
                                            "event_time":  "2026/05/16 14:30:00",
                                            "category":  1,
                                            "on_sales":  false,
                                            "source_trace":  "cloud.culture.tw",
                                            "data_mode":  "real"
                                        }
                     },
                     {
                         "type":  "Feature",
                         "geometry":  {
                                          "type":  "Point",
                                          "coordinates":  [
                                                              121.519047,
                                                              25.0367564
                                                          ]
                                      },
                         "properties":  {
                                            "title":  "2026第十二屆臺灣國際打擊樂節-律動擊樂三重奏",
                                            "location_name":  "國家音樂廳",
                                            "event_time":  "2026/05/16 14:30:00",
                                            "category":  1,
                                            "on_sales":  false,
                                            "source_trace":  "cloud.culture.tw",
                                            "data_mode":  "real"
                                        }
                     },
                     {
                         "type":  "Feature",
                         "geometry":  {
                                          "type":  "Point",
                                          "coordinates":  [
                                                              121.519047,
                                                              25.0367564
                                                          ]
                                      },
                         "properties":  {
                                            "title":  "【2026 TSO 室內沙龍】情定威尼斯─劉兆哲長笛獨奏會",
                                            "location_name":  "國家兩廳院演奏廳",
                                            "event_time":  "2026/05/16 14:30:00",
                                            "category":  1,
                                            "on_sales":  false,
                                            "source_trace":  "cloud.culture.tw",
                                            "data_mode":  "real"
                                        }
                     },
                     {
                         "type":  "Feature",
                         "geometry":  {
                                          "type":  "Point",
                                          "coordinates":  [
                                                              121.469965395222,
                                                              25.1331246145541
                                                          ]
                                      },
                         "properties":  {
                                            "title":  "北藝大2026春夏系列《北藝大教授室內樂》",
                                            "location_name":  "國立臺北藝術大學音樂廳",
                                            "event_time":  "2026/05/16 14:30:00",
                                            "category":  1,
                                            "on_sales":  false,
                                            "source_trace":  "cloud.culture.tw",
                                            "data_mode":  "real"
                                        }
                     },
                     {
                         "type":  "Feature",
                         "geometry":  {
                                          "type":  "Point",
                                          "coordinates":  [
                                                              121.2986658,
                                                              25.0175106
                                                          ]
                                      },
                         "properties":  {
                                            "title":  "狂美親子音樂劇場《龍宮特務》",
                                            "location_name":  "桃園展演中心展演廳",
                                            "event_time":  "2026/05/16 14:30:00",
                                            "category":  1,
                                            "on_sales":  false,
                                            "source_trace":  "cloud.culture.tw",
                                            "data_mode":  "real"
                                        }
                     },
                     {
                         "type":  "Feature",
                         "geometry":  {
                                          "type":  "Point",
                                          "coordinates":  [
                                                              120.6898831,
                                                              23.9502294
                                                          ]
                                      },
                         "properties":  {
                                            "title":  "2026南投Hakka嘉年華~共下Chill聽客：「客家藍」草地音樂會",
                                            "location_name":  "中興新村親情公園",
                                            "event_time":  "2026/05/16 16:00:00",
                                            "category":  1,
                                            "on_sales":  false,
                                            "source_trace":  "cloud.culture.tw",
                                            "data_mode":  "real"
                                        }
                     },
                     {
                         "type":  "Feature",
                         "geometry":  {
                                          "type":  "Point",
                                          "coordinates":  [
                                                              120.6898831,
                                                              23.9502294
                                                          ]
                                      },
                         "properties":  {
                                            "title":  "2026南投縣Hakka嘉年華~共下Chill聽客 -「客家藍」野餐音樂會",
                                            "location_name":  "中興新村親情公園",
                                            "event_time":  "2026/05/16 16:00:00",
                                            "category":  1,
                                            "on_sales":  false,
                                            "source_trace":  "cloud.culture.tw",
                                            "data_mode":  "real"
                                        }
                     },
                     {
                         "type":  "Feature",
                         "geometry":  {
                                          "type":  "Point",
                                          "coordinates":  [
                                                              120.682756,
                                                              24.155298
                                                          ]
                                      },
                         "properties":  {
                                            "title":  "2026風動室內樂團《無限》ACG電玩動漫音樂會",
                                            "location_name":  "臺中市中山堂",
                                            "event_time":  "2026/05/16 18:30:00",
                                            "category":  1,
                                            "on_sales":  false,
                                            "source_trace":  "cloud.culture.tw",
                                            "data_mode":  "real"
                                        }
                     },
                     {
                         "type":  "Feature",
                         "geometry":  {
                                          "type":  "Point",
                                          "coordinates":  [
                                                              120.342434118507,
                                                              22.6230179238508
                                                          ]
                                      },
                         "properties":  {
                                            "title":  "2026 林昭亮小提琴獨奏會",
                                            "location_name":  "衛武營國家藝術文化中心音樂廳",
                                            "event_time":  "2026/05/16 19:30:00",
                                            "category":  1,
                                            "on_sales":  false,
                                            "source_trace":  "cloud.culture.tw",
                                            "data_mode":  "real"
                                        }
                     },
                     {
                         "type":  "Feature",
                         "geometry":  {
                                          "type":  "Point",
                                          "coordinates":  [
                                                              121.519047,
                                                              25.0367564
                                                          ]
                                      },
                         "properties":  {
                                            "title":  "2026第十二屆臺灣國際打擊樂節-松本族手碟樂團\u0026手鼓演奏家范吉利斯與他的好朋友們",
                                            "location_name":  "國家音樂廳",
                                            "event_time":  "2026/05/16 19:30:00",
                                            "category":  1,
                                            "on_sales":  false,
                                            "source_trace":  "cloud.culture.tw",
                                            "data_mode":  "real"
                                        }
                     },
                     {
                         "type":  "Feature",
                         "geometry":  {
                                          "type":  "Point",
                                          "coordinates":  [
                                                              120.6403028,
                                                              24.1626492
                                                          ]
                                      },
                         "properties":  {
                                            "title":  "2026第十二屆臺灣國際打擊樂節-皮可沙打擊樂團",
                                            "location_name":  "臺中國家歌劇院大劇院",
                                            "event_time":  "2026/05/16 19:30:00",
                                            "category":  1,
                                            "on_sales":  false,
                                            "source_trace":  "cloud.culture.tw",
                                            "data_mode":  "real"
                                        }
                     },
                     {
                         "type":  "Feature",
                         "geometry":  {
                                          "type":  "Point",
                                          "coordinates":  [
                                                              120.7304148,
                                                              24.2529902
                                                          ]
                                      },
                         "properties":  {
                                            "title":  "《桃花泣血記》 用台灣首部無聲電影讓大家愛上台語歌謠",
                                            "location_name":  "臺中市葫蘆墩文化中心演奏廳",
                                            "event_time":  "2026/05/16 19:30:00",
                                            "category":  1,
                                            "on_sales":  false,
                                            "source_trace":  "cloud.culture.tw",
                                            "data_mode":  "real"
                                        }
                     },
                     {
                         "type":  "Feature",
                         "geometry":  {
                                          "type":  "Point",
                                          "coordinates":  [
                                                              120.1890952,
                                                              22.9902883
                                                          ]
                                      },
                         "properties":  {
                                            "title":  "《縮影微聲—命運．悲喜群像》",
                                            "location_name":  "涴莎藝術展演中心-藝術館A",
                                            "event_time":  "2026/05/16 19:30:00",
                                            "category":  1,
                                            "on_sales":  false,
                                            "source_trace":  "cloud.culture.tw",
                                            "data_mode":  "real"
                                        }
                     },
                     {
                         "type":  "Feature",
                         "geometry":  {
                                          "type":  "Point",
                                          "coordinates":  [
                                                              121.56143652677528,
                                                              25.044755179618331
                                                          ]
                                      },
                         "properties":  {
                                            "title":  "【2026誠品室內樂節】《浪漫未央—跨越世紀的迴響》五度音弦樂四重奏",
                                            "location_name":  "誠品表演廳",
                                            "event_time":  "2026/05/16 19:30:00",
                                            "category":  1,
                                            "on_sales":  false,
                                            "source_trace":  "cloud.culture.tw",
                                            "data_mode":  "real"
                                        }
                     },
                     {
                         "type":  "Feature",
                         "geometry":  {
                                          "type":  "Point",
                                          "coordinates":  [
                                                              121.5103541,
                                                              25.0425041
                                                          ]
                                      },
                         "properties":  {
                                            "title":  "十面埋伏—2026東方器樂劇場",
                                            "location_name":  "臺北市中山堂中正廳",
                                            "event_time":  "2026/05/16 19:30:00",
                                            "category":  1,
                                            "on_sales":  false,
                                            "source_trace":  "cloud.culture.tw",
                                            "data_mode":  "real"
                                        }
                     },
                     {
                         "type":  "Feature",
                         "geometry":  {
                                          "type":  "Point",
                                          "coordinates":  [
                                                              121.519047,
                                                              25.0367564
                                                          ]
                                      },
                         "properties":  {
                                            "title":  "德法經典對話",
                                            "location_name":  "國家兩廳院演奏廳",
                                            "event_time":  "2026/05/16 19:30:00",
                                            "category":  1,
                                            "on_sales":  false,
                                            "source_trace":  "cloud.culture.tw",
                                            "data_mode":  "real"
                                        }
                     },
                     {
                         "type":  "Feature",
                         "geometry":  {
                                          "type":  "Point",
                                          "coordinates":  [
                                                              120.342434118507,
                                                              22.6230179238508
                                                          ]
                                      },
                         "properties":  {
                                            "title":  "此刻的風",
                                            "location_name":  "衛武營國家藝術文化中心表演廳",
                                            "event_time":  "2026/05/16 19:30:00",
                                            "category":  1,
                                            "on_sales":  false,
                                            "source_trace":  "cloud.culture.tw",
                                            "data_mode":  "real"
                                        }
                     },
                     {
                         "type":  "Feature",
                         "geometry":  {
                                          "type":  "Point",
                                          "coordinates":  [
                                                              120.221556,
                                                              22.974833
                                                          ]
                                      },
                         "properties":  {
                                            "title":  "百年樂音的流動",
                                            "location_name":  "臺南文化中心演藝廳",
                                            "event_time":  "2026/05/16 19:30:00",
                                            "category":  1,
                                            "on_sales":  false,
                                            "source_trace":  "cloud.culture.tw",
                                            "data_mode":  "real"
                                        }
                     },
                     {
                         "type":  "Feature",
                         "geometry":  {
                                          "type":  "Point",
                                          "coordinates":  [
                                                              121.7527402,
                                                              24.7533504
                                                          ]
                                      },
                         "properties":  {
                                            "title":  "蘭陽交響樂團十週年系列音樂會《破曉 大稻埕的天光》",
                                            "location_name":  "宜蘭演藝廳",
                                            "event_time":  "2026/05/16 19:30:00",
                                            "category":  1,
                                            "on_sales":  false,
                                            "source_trace":  "cloud.culture.tw",
                                            "data_mode":  "real"
                                        }
                     },
                     {
                         "type":  "Feature",
                         "geometry":  {
                                          "type":  "Point",
                                          "coordinates":  [
                                                              120.8886966,
                                                              24.6905875
                                                          ]
                                      },
                         "properties":  {
                                            "title":  "讓我們的歌聲飛揚-2026建國國小音樂會",
                                            "location_name":  "苗栗縣苗北藝文中心",
                                            "event_time":  "2026/05/16 19:30:00",
                                            "category":  1,
                                            "on_sales":  false,
                                            "source_trace":  "cloud.culture.tw",
                                            "data_mode":  "real"
                                        }
                     },
                     {
                         "type":  "Feature",
                         "geometry":  {
                                          "type":  "Point",
                                          "coordinates":  [
                                                              121.519047,
                                                              25.0367564
                                                          ]
                                      },
                         "properties":  {
                                            "title":  "2026第十二屆臺灣國際打擊樂節-百人木琴",
                                            "location_name":  "國家音樂廳",
                                            "event_time":  "2026/05/17 10:30:00",
                                            "category":  1,
                                            "on_sales":  false,
                                            "source_trace":  "cloud.culture.tw",
                                            "data_mode":  "real"
                                        }
                     },
                     {
                         "type":  "Feature",
                         "geometry":  {
                                          "type":  "Point",
                                          "coordinates":  [
                                                              120.6918567,
                                                              23.9807747
                                                          ]
                                      },
                         "properties":  {
                                            "title":  "漆音初響—— 2026 漆道坊立夏古琴雅集",
                                            "location_name":  "國立臺灣工藝研究發展中心（臺灣工藝文化園區）",
                                            "event_time":  "2026/05/17 14:00:00",
                                            "category":  1,
                                            "on_sales":  false,
                                            "source_trace":  "cloud.culture.tw",
                                            "data_mode":  "real"
                                        }
                     },
                     {
                         "type":  "Feature",
                         "geometry":  {
                                          "type":  "Point",
                                          "coordinates":  [
                                                              120.2982709,
                                                              22.7832758
                                                          ]
                                      },
                         "properties":  {
                                            "title":  "第八屆慈善音樂會",
                                            "location_name":  "高雄市政府文化局﹝岡山文化中心﹞",
                                            "event_time":  "2026/05/17 14:00:00",
                                            "category":  1,
                                            "on_sales":  false,
                                            "source_trace":  "cloud.culture.tw",
                                            "data_mode":  "real"
                                        }
                     },
                     {
                         "type":  "Feature",
                         "geometry":  {
                                          "type":  "Point",
                                          "coordinates":  [
                                                              121.519047,
                                                              25.0367564
                                                          ]
                                      },
                         "properties":  {
                                            "title":  "2026第十二屆臺灣國際打擊樂節-陶罐鼓演奏家吉里達爾・烏杜帕\u0026手鼓演奏家納吉布・尚貝札德",
                                            "location_name":  "國家音樂廳",
                                            "event_time":  "2026/05/17 14:30:00",
                                            "category":  1,
                                            "on_sales":  false,
                                            "source_trace":  "cloud.culture.tw",
                                            "data_mode":  "real"
                                        }
                     },
                     {
                         "type":  "Feature",
                         "geometry":  {
                                          "type":  "Point",
                                          "coordinates":  [
                                                              121.4706582,
                                                              25.0813684
                                                          ]
                                      },
                         "properties":  {
                                            "title":  "Laboratory of ACG Music -9th Stage-《勇者紀行》電玩動漫音樂會",
                                            "location_name":  "功學社音樂廳",
                                            "event_time":  "2026/05/17 14:30:00",
                                            "category":  1,
                                            "on_sales":  false,
                                            "source_trace":  "cloud.culture.tw",
                                            "data_mode":  "real"
                                        }
                     },
                     {
                         "type":  "Feature",
                         "geometry":  {
                                          "type":  "Point",
                                          "coordinates":  [
                                                              121.5148226,
                                                              25.0689926
                                                          ]
                                      },
                         "properties":  {
                                            "title":  "十方樂集30週年特別企劃：系列音樂會\u0026講座",
                                            "location_name":  "十方樂集音樂劇場",
                                            "event_time":  "2026/05/17 14:30:00",
                                            "category":  1,
                                            "on_sales":  false,
                                            "source_trace":  "cloud.culture.tw",
                                            "data_mode":  "real"
                                        }
                     },
                     {
                         "type":  "Feature",
                         "geometry":  {
                                          "type":  "Point",
                                          "coordinates":  [
                                                              120.342434118507,
                                                              22.6230179238508
                                                          ]
                                      },
                         "properties":  {
                                            "title":  "台灣國際古樂節《齊瑪曼之心Ｉ》琴韻雙生",
                                            "location_name":  "衛武營國家藝術文化中心表演廳",
                                            "event_time":  "2026/05/17 14:30:00",
                                            "category":  1,
                                            "on_sales":  false,
                                            "source_trace":  "cloud.culture.tw",
                                            "data_mode":  "real"
                                        }
                     },
                     {
                         "type":  "Feature",
                         "geometry":  {
                                          "type":  "Point",
                                          "coordinates":  [
                                                              121.4723509,
                                                              25.0261237
                                                          ]
                                      },
                         "properties":  {
                                            "title":  "弦響2026—島",
                                            "location_name":  "新北市藝文中心演奏廳",
                                            "event_time":  "2026/05/17 14:30:00",
                                            "category":  1,
                                            "on_sales":  false,
                                            "source_trace":  "cloud.culture.tw",
                                            "data_mode":  "real"
                                        }
                     },
                     {
                         "type":  "Feature",
                         "geometry":  {
                                          "type":  "Point",
                                          "coordinates":  [
                                                              121.519047,
                                                              25.0367564
                                                          ]
                                      },
                         "properties":  {
                                            "title":  "森。木管三重奏《森響》",
                                            "location_name":  "國家兩廳院演奏廳",
                                            "event_time":  "2026/05/17 14:30:00",
                                            "category":  1,
                                            "on_sales":  false,
                                            "source_trace":  "cloud.culture.tw",
                                            "data_mode":  "real"
                                        }
                     },
                     {
                         "type":  "Feature",
                         "geometry":  {
                                          "type":  "Point",
                                          "coordinates":  [
                                                              121.234544,
                                                              24.8454699
                                                          ]
                                      },
                         "properties":  {
                                            "title":  "河壩三部曲 鍾肇政文學大師經典",
                                            "location_name":  "桃園市客家文化館演藝廳",
                                            "event_time":  "2026/05/17 14:30:00",
                                            "category":  1,
                                            "on_sales":  false,
                                            "source_trace":  "cloud.culture.tw",
                                            "data_mode":  "real"
                                        }
                     },
                     {
                         "type":  "Feature",
                         "geometry":  {
                                          "type":  "Point",
                                          "coordinates":  [
                                                              120.3171311,
                                                              22.6259044
                                                          ]
                                      },
                         "properties":  {
                                            "title":  "笛 藝棧  Fun",
                                            "location_name":  "高雄市文化中心至善廳",
                                            "event_time":  "2026/05/17 14:30:00",
                                            "category":  1,
                                            "on_sales":  false,
                                            "source_trace":  "cloud.culture.tw",
                                            "data_mode":  "real"
                                        }
                     },
                     {
                         "type":  "Feature",
                         "geometry":  {
                                          "type":  "Point",
                                          "coordinates":  [
                                                              121.5103541,
                                                              25.0425041
                                                          ]
                                      },
                         "properties":  {
                                            "title":  "絲竹的交響─TCO青年國樂團音樂會",
                                            "location_name":  "臺北市中山堂中正廳",
                                            "event_time":  "2026/05/17 14:30:00",
                                            "category":  1,
                                            "on_sales":  false,
                                            "source_trace":  "cloud.culture.tw",
                                            "data_mode":  "real"
                                        }
                     },
                     {
                         "type":  "Feature",
                         "geometry":  {
                                          "type":  "Point",
                                          "coordinates":  [
                                                              120.4320497,
                                                              23.5441881
                                                          ]
                                      },
                         "properties":  {
                                            "title":  "2026在嘉聽民歌",
                                            "location_name":  "嘉義縣表演藝術中心演藝廳",
                                            "event_time":  "2026/05/17 15:00:00",
                                            "category":  1,
                                            "on_sales":  false,
                                            "source_trace":  "cloud.culture.tw",
                                            "data_mode":  "real"
                                        }
                     },
                     {
                         "type":  "Feature",
                         "geometry":  {
                                          "type":  "Point",
                                          "coordinates":  [
                                                              121.519047,
                                                              25.0367564
                                                          ]
                                      },
                         "properties":  {
                                            "title":  "2026第十二屆臺灣國際打擊樂節-必然古巴爵士四重奏",
                                            "location_name":  "國家音樂廳",
                                            "event_time":  "2026/05/17 19:30:00",
                                            "category":  1,
                                            "on_sales":  false,
                                            "source_trace":  "cloud.culture.tw",
                                            "data_mode":  "real"
                                        }
                     },
                     {
                         "type":  "Feature",
                         "geometry":  {
                                          "type":  "Point",
                                          "coordinates":  [
                                                              120.3634355,
                                                              22.6247642
                                                          ]
                                      },
                         "properties":  {
                                            "title":  "2026第十二屆臺灣國際打擊樂節-皮可沙打擊樂團",
                                            "location_name":  "大東文化藝術中心",
                                            "event_time":  "2026/05/17 19:30:00",
                                            "category":  1,
                                            "on_sales":  false,
                                            "source_trace":  "cloud.culture.tw",
                                            "data_mode":  "real"
                                        }
                     },
                     {
                         "type":  "Feature",
                         "geometry":  {
                                          "type":  "Point",
                                          "coordinates":  [
                                                              121.519047,
                                                              25.0367564
                                                          ]
                                      },
                         "properties":  {
                                            "title":  "「理感之境」鮑利斯．柏曼鋼琴獨奏會",
                                            "location_name":  "國家兩廳院演奏廳",
                                            "event_time":  "2026/05/17 19:30:00",
                                            "category":  1,
                                            "on_sales":  false,
                                            "source_trace":  "cloud.culture.tw",
                                            "data_mode":  "real"
                                        }
                     },
                     {
                         "type":  "Feature",
                         "geometry":  {
                                          "type":  "Point",
                                          "coordinates":  [
                                                              121.519047,
                                                              25.0367564
                                                          ]
                                      },
                         "properties":  {
                                            "title":  "2026第十二屆臺灣國際打擊樂節-皮可沙打擊樂團",
                                            "location_name":  "國家音樂廳",
                                            "event_time":  "2026/05/18 19:30:00",
                                            "category":  1,
                                            "on_sales":  false,
                                            "source_trace":  "cloud.culture.tw",
                                            "data_mode":  "real"
                                        }
                     },
                     {
                         "type":  "Feature",
                         "geometry":  {
                                          "type":  "Point",
                                          "coordinates":  [
                                                              120.6403028,
                                                              24.1626492
                                                          ]
                                      },
                         "properties":  {
                                            "title":  "情牽十年 歌聲飛揚",
                                            "location_name":  "臺中國家歌劇院中劇院",
                                            "event_time":  "2026/05/18 19:30:00",
                                            "category":  1,
                                            "on_sales":  false,
                                            "source_trace":  "cloud.culture.tw",
                                            "data_mode":  "real"
                                        }
                     },
                     {
                         "type":  "Feature",
                         "geometry":  {
                                          "type":  "Point",
                                          "coordinates":  [
                                                              121.519047,
                                                              25.0367564
                                                          ]
                                      },
                         "properties":  {
                                            "title":  "無境共鳴．穿梭 - マレー 飛鳥 x 北村聡",
                                            "location_name":  "國家兩廳院演奏廳",
                                            "event_time":  "2026/05/18 19:30:00",
                                            "category":  1,
                                            "on_sales":  false,
                                            "source_trace":  "cloud.culture.tw",
                                            "data_mode":  "real"
                                        }
                     },
                     {
                         "type":  "Feature",
                         "geometry":  {
                                          "type":  "Point",
                                          "coordinates":  [
                                                              120.342434118507,
                                                              22.6230179238508
                                                          ]
                                      },
                         "properties":  {
                                            "title":  "超越115 清華校慶音樂會",
                                            "location_name":  "衛武營國家藝術文化中心音樂廳",
                                            "event_time":  "2026/05/18 19:30:00",
                                            "category":  1,
                                            "on_sales":  false,
                                            "source_trace":  "cloud.culture.tw",
                                            "data_mode":  "real"
                                        }
                     },
                     {
                         "type":  "Feature",
                         "geometry":  {
                                          "type":  "Point",
                                          "coordinates":  [
                                                              121.519047,
                                                              25.0367564
                                                          ]
                                      },
                         "properties":  {
                                            "title":  "《風華人聲8～夏日樂章》拉縴人風雅頌合唱團2026年度公演",
                                            "location_name":  "國家兩廳院演奏廳",
                                            "event_time":  "2026/05/19 19:30:00",
                                            "category":  1,
                                            "on_sales":  false,
                                            "source_trace":  "cloud.culture.tw",
                                            "data_mode":  "real"
                                        }
                     },
                     {
                         "type":  "Feature",
                         "geometry":  {
                                          "type":  "Point",
                                          "coordinates":  [
                                                              121.519047,
                                                              25.0367564
                                                          ]
                                      },
                         "properties":  {
                                            "title":  "李其叡鋼琴獨奏會",
                                            "location_name":  "國家音樂廳",
                                            "event_time":  "2026/05/19 19:30:00",
                                            "category":  1,
                                            "on_sales":  false,
                                            "source_trace":  "cloud.culture.tw",
                                            "data_mode":  "real"
                                        }
                     },
                     {
                         "type":  "Feature",
                         "geometry":  {
                                          "type":  "Point",
                                          "coordinates":  [
                                                              120.5061328,
                                                              22.6633696
                                                          ]
                                      },
                         "properties":  {
                                            "title":  "2026屏東演藝廳『消失的密室』管風琴室導覽",
                                            "location_name":  "屏東演藝廳音樂廳",
                                            "event_time":  "2026/05/20 14:30:00",
                                            "category":  1,
                                            "on_sales":  false,
                                            "source_trace":  "cloud.culture.tw",
                                            "data_mode":  "real"
                                        }
                     },
                     {
                         "type":  "Feature",
                         "geometry":  {
                                          "type":  "Point",
                                          "coordinates":  [
                                                              120.342434118507,
                                                              22.6230179238508
                                                          ]
                                      },
                         "properties":  {
                                            "title":  "2026探索管風琴音樂《傳奇的夢行者》-自由移動體驗場",
                                            "location_name":  "衛武營國家藝術文化中心音樂廳",
                                            "event_time":  "2026/05/20 14:30:00",
                                            "category":  1,
                                            "on_sales":  false,
                                            "source_trace":  "cloud.culture.tw",
                                            "data_mode":  "real"
                                        }
                     },
                     {
                         "type":  "Feature",
                         "geometry":  {
                                          "type":  "Point",
                                          "coordinates":  [
                                                              120.6470147,
                                                              24.1309241
                                                          ]
                                      },
                         "properties":  {
                                            "title":  "《浪漫520》燭光音樂會",
                                            "location_name":  "台中豐邑Moxy酒店 Rooftop XOXO Bistro",
                                            "event_time":  "2026/05/20 18:30:00",
                                            "category":  1,
                                            "on_sales":  false,
                                            "source_trace":  "cloud.culture.tw",
                                            "data_mode":  "real"
                                        }
                     },
                     {
                         "type":  "Feature",
                         "geometry":  {
                                          "type":  "Point",
                                          "coordinates":  [
                                                              120.6403028,
                                                              24.1626492
                                                          ]
                                      },
                         "properties":  {
                                            "title":  "《箏緣》周莉菁古箏演奏會",
                                            "location_name":  "臺中國家歌劇院中劇院",
                                            "event_time":  "2026/05/20 19:30:00",
                                            "category":  1,
                                            "on_sales":  false,
                                            "source_trace":  "cloud.culture.tw",
                                            "data_mode":  "real"
                                        }
                     },
                     {
                         "type":  "Feature",
                         "geometry":  {
                                          "type":  "Point",
                                          "coordinates":  [
                                                              121.519047,
                                                              25.0367564
                                                          ]
                                      },
                         "properties":  {
                                            "title":  "小巨人絲竹樂團—青年演奏家系列【綻放 XVII】",
                                            "location_name":  "國家兩廳院演奏廳",
                                            "event_time":  "2026/05/20 19:30:00",
                                            "category":  1,
                                            "on_sales":  false,
                                            "source_trace":  "cloud.culture.tw",
                                            "data_mode":  "real"
                                        }
                     },
                     {
                         "type":  "Feature",
                         "geometry":  {
                                          "type":  "Point",
                                          "coordinates":  [
                                                              121.519047,
                                                              25.0367564
                                                          ]
                                      },
                         "properties":  {
                                            "title":  "無我？維特哈絲、寧峰雙小提琴音樂會",
                                            "location_name":  "國家音樂廳",
                                            "event_time":  "2026/05/20 19:30:00",
                                            "category":  1,
                                            "on_sales":  false,
                                            "source_trace":  "cloud.culture.tw",
                                            "data_mode":  "real"
                                        }
                     },
                     {
                         "type":  "Feature",
                         "geometry":  {
                                          "type":  "Point",
                                          "coordinates":  [
                                                              120.6470147,
                                                              24.1309241
                                                          ]
                                      },
                         "properties":  {
                                            "title":  "《浪漫520》燭光音樂會",
                                            "location_name":  "台中豐邑Moxy酒店 Rooftop XOXO Bistro",
                                            "event_time":  "2026/05/20 20:30:00",
                                            "category":  1,
                                            "on_sales":  false,
                                            "source_trace":  "cloud.culture.tw",
                                            "data_mode":  "real"
                                        }
                     },
                     {
                         "type":  "Feature",
                         "geometry":  {
                                          "type":  "Point",
                                          "coordinates":  [
                                                              120.221556,
                                                              22.974833
                                                          ]
                                      },
                         "properties":  {
                                            "title":  "2026臺南女中音樂班桔梗藝術季《仲夏遊藝》",
                                            "location_name":  "臺南文化中心演藝廳",
                                            "event_time":  "2026/05/21 19:00:00",
                                            "category":  1,
                                            "on_sales":  false,
                                            "source_trace":  "cloud.culture.tw",
                                            "data_mode":  "real"
                                        }
                     },
                     {
                         "type":  "Feature",
                         "geometry":  {
                                          "type":  "Point",
                                          "coordinates":  [
                                                              121.519047,
                                                              25.0367564
                                                          ]
                                      },
                         "properties":  {
                                            "title":  "2026板橋樂展～臺藝新秀音樂會",
                                            "location_name":  "國家兩廳院演奏廳",
                                            "event_time":  "2026/05/21 19:30:00",
                                            "category":  1,
                                            "on_sales":  false,
                                            "source_trace":  "cloud.culture.tw",
                                            "data_mode":  "real"
                                        }
                     },
                     {
                         "type":  "Feature",
                         "geometry":  {
                                          "type":  "Point",
                                          "coordinates":  [
                                                              120.342434118507,
                                                              22.6230179238508
                                                          ]
                                      },
                         "properties":  {
                                            "title":  "心的風景—李承晏2026鋼琴獨奏會",
                                            "location_name":  "衛武營國家藝術文化中心表演廳",
                                            "event_time":  "2026/05/21 19:30:00",
                                            "category":  1,
                                            "on_sales":  false,
                                            "source_trace":  "cloud.culture.tw",
                                            "data_mode":  "real"
                                        }
                     },
                     {
                         "type":  "Feature",
                         "geometry":  {
                                          "type":  "Point",
                                          "coordinates":  [
                                                              120.342434118507,
                                                              22.6230179238508
                                                          ]
                                      },
                         "properties":  {
                                            "title":  "情聖與孤傲者的浪漫",
                                            "location_name":  "衛武營國家藝術文化中心音樂廳",
                                            "event_time":  "2026/05/21 19:30:00",
                                            "category":  1,
                                            "on_sales":  false,
                                            "source_trace":  "cloud.culture.tw",
                                            "data_mode":  "real"
                                        }
                     },
                     {
                         "type":  "Feature",
                         "geometry":  {
                                          "type":  "Point",
                                          "coordinates":  [
                                                              120.6403028,
                                                              24.1626492
                                                          ]
                                      },
                         "properties":  {
                                            "title":  "李其叡鋼琴獨奏會",
                                            "location_name":  "臺中國家歌劇院中劇院",
                                            "event_time":  "2026/05/21 19:30:00",
                                            "category":  1,
                                            "on_sales":  false,
                                            "source_trace":  "cloud.culture.tw",
                                            "data_mode":  "real"
                                        }
                     },
                     {
                         "type":  "Feature",
                         "geometry":  {
                                          "type":  "Point",
                                          "coordinates":  [
                                                              121.519047,
                                                              25.0367564
                                                          ]
                                      },
                         "properties":  {
                                            "title":  "水火交融－黎卓宇2026鋼琴獨奏會",
                                            "location_name":  "國家音樂廳",
                                            "event_time":  "2026/05/21 19:30:00",
                                            "category":  1,
                                            "on_sales":  false,
                                            "source_trace":  "cloud.culture.tw",
                                            "data_mode":  "real"
                                        }
                     },
                     {
                         "type":  "Feature",
                         "geometry":  {
                                          "type":  "Point",
                                          "coordinates":  [
                                                              120.2868631,
                                                              22.6276246
                                                          ]
                                      },
                         "properties":  {
                                            "title":  "魔笛選粹之夜高雄愛樂室內合唱團",
                                            "location_name":  "高雄市政府文化局﹝高雄市音樂館﹞",
                                            "event_time":  "2026/05/21 19:30:00",
                                            "category":  1,
                                            "on_sales":  false,
                                            "source_trace":  "cloud.culture.tw",
                                            "data_mode":  "real"
                                        }
                     },
                     {
                         "type":  "Feature",
                         "geometry":  {
                                          "type":  "Point",
                                          "coordinates":  [
                                                              120.681559,
                                                              23.908225
                                                          ]
                                      },
                         "properties":  {
                                            "title":  "國立南投高級中學《2026 PASSION音樂會》",
                                            "location_name":  "南投縣政府文化局",
                                            "event_time":  "2026/05/22 19:00:00",
                                            "category":  1,
                                            "on_sales":  false,
                                            "source_trace":  "cloud.culture.tw",
                                            "data_mode":  "real"
                                        }
                     },
                     {
                         "type":  "Feature",
                         "geometry":  {
                                          "type":  "Point",
                                          "coordinates":  [
                                                              120.5061328,
                                                              22.6633696
                                                          ]
                                      },
                         "properties":  {
                                            "title":  "2026屏東女中音樂班年度音樂會",
                                            "location_name":  "屏東演藝廳音樂廳",
                                            "event_time":  "2026/05/22 19:30:00",
                                            "category":  1,
                                            "on_sales":  false,
                                            "source_trace":  "cloud.culture.tw",
                                            "data_mode":  "real"
                                        }
                     },
                     {
                         "type":  "Feature",
                         "geometry":  {
                                          "type":  "Point",
                                          "coordinates":  [
                                                              120.342434118507,
                                                              22.6230179238508
                                                          ]
                                      },
                         "properties":  {
                                            "title":  "NTSO水藍，吳沛軒，吳沛祺與國臺交",
                                            "location_name":  "衛武營國家藝術文化中心音樂廳",
                                            "event_time":  "2026/05/22 19:30:00",
                                            "category":  1,
                                            "on_sales":  false,
                                            "source_trace":  "cloud.culture.tw",
                                            "data_mode":  "real"
                                        }
                     },
                     {
                         "type":  "Feature",
                         "geometry":  {
                                          "type":  "Point",
                                          "coordinates":  [
                                                              121.519047,
                                                              25.0367564
                                                          ]
                                      },
                         "properties":  {
                                            "title":  "伊凡諾夫小提琴獨奏音樂會",
                                            "location_name":  "國家兩廳院演奏廳",
                                            "event_time":  "2026/05/22 19:30:00",
                                            "category":  1,
                                            "on_sales":  false,
                                            "source_trace":  "cloud.culture.tw",
                                            "data_mode":  "real"
                                        }
                     },
                     {
                         "type":  "Feature",
                         "geometry":  {
                                          "type":  "Point",
                                          "coordinates":  [
                                                              121.519047,
                                                              25.0367564
                                                          ]
                                      },
                         "properties":  {
                                            "title":  "力晶2026藝文饗宴 —法國廣播愛樂樂團Ｘ康特洛夫",
                                            "location_name":  "國家音樂廳",
                                            "event_time":  "2026/05/22 19:30:00",
                                            "category":  1,
                                            "on_sales":  false,
                                            "source_trace":  "cloud.culture.tw",
                                            "data_mode":  "real"
                                        }
                     },
                     {
                         "type":  "Feature",
                         "geometry":  {
                                          "type":  "Point",
                                          "coordinates":  [
                                                              121.469965395222,
                                                              25.1331246145541
                                                          ]
                                      },
                         "properties":  {
                                            "title":  "北藝大2026春夏系列《北藝大合唱團2026春夏音樂會》",
                                            "location_name":  "國立臺北藝術大學音樂廳",
                                            "event_time":  "2026/05/22 19:30:00",
                                            "category":  1,
                                            "on_sales":  false,
                                            "source_trace":  "cloud.culture.tw",
                                            "data_mode":  "real"
                                        }
                     },
                     {
                         "type":  "Feature",
                         "geometry":  {
                                          "type":  "Point",
                                          "coordinates":  [
                                                              120.6403028,
                                                              24.1626492
                                                          ]
                                      },
                         "properties":  {
                                            "title":  "東海大學校慶音樂會",
                                            "location_name":  "臺中國家歌劇院中劇院",
                                            "event_time":  "2026/05/22 19:30:00",
                                            "category":  1,
                                            "on_sales":  false,
                                            "source_trace":  "cloud.culture.tw",
                                            "data_mode":  "real"
                                        }
                     },
                     {
                         "type":  "Feature",
                         "geometry":  {
                                          "type":  "Point",
                                          "coordinates":  [
                                                              120.342434118507,
                                                              22.6230179238508
                                                          ]
                                      },
                         "properties":  {
                                            "title":  "水火交融－黎卓宇2026鋼琴獨奏會",
                                            "location_name":  "衛武營國家藝術文化中心表演廳",
                                            "event_time":  "2026/05/22 19:30:00",
                                            "category":  1,
                                            "on_sales":  false,
                                            "source_trace":  "cloud.culture.tw",
                                            "data_mode":  "real"
                                        }
                     },
                     {
                         "type":  "Feature",
                         "geometry":  {
                                          "type":  "Point",
                                          "coordinates":  [
                                                              121.519047,
                                                              25.0367564
                                                          ]
                                      },
                         "properties":  {
                                            "title":  "2026女高音王秋雯獨唱會 | 樂詠詩情",
                                            "location_name":  "國家兩廳院演奏廳",
                                            "event_time":  "2026/05/23 14:30:00",
                                            "category":  1,
                                            "on_sales":  false,
                                            "source_trace":  "cloud.culture.tw",
                                            "data_mode":  "real"
                                        }
                     },
                     {
                         "type":  "Feature",
                         "geometry":  {
                                          "type":  "Point",
                                          "coordinates":  [
                                                              121.5226514,
                                                              25.0424335
                                                          ]
                                      },
                         "properties":  {
                                            "title":  "《碎裂夢境》",
                                            "location_name":  "台北愛樂暨梅哲音樂文化館",
                                            "event_time":  "2026/05/23 14:30:00",
                                            "category":  1,
                                            "on_sales":  false,
                                            "source_trace":  "cloud.culture.tw",
                                            "data_mode":  "real"
                                        }
                     },
                     {
                         "type":  "Feature",
                         "geometry":  {
                                          "type":  "Point",
                                          "coordinates":  [
                                                              120.22639,
                                                              22.9345247
                                                          ]
                                      },
                         "properties":  {
                                            "title":  "【天鵝湖組曲】親子故事音樂會",
                                            "location_name":  "奇美博物館奇美廳",
                                            "event_time":  "2026/05/23 14:30:00",
                                            "category":  1,
                                            "on_sales":  false,
                                            "source_trace":  "cloud.culture.tw",
                                            "data_mode":  "real"
                                        }
                     },
                     {
                         "type":  "Feature",
                         "geometry":  {
                                          "type":  "Point",
                                          "coordinates":  [
                                                              121.469965395222,
                                                              25.1331246145541
                                                          ]
                                      },
                         "properties":  {
                                            "title":  "北藝大2026春夏系列《北藝大擊樂團2026春夏音樂會》",
                                            "location_name":  "國立臺北藝術大學音樂廳",
                                            "event_time":  "2026/05/23 14:30:00",
                                            "category":  1,
                                            "on_sales":  false,
                                            "source_trace":  "cloud.culture.tw",
                                            "data_mode":  "real"
                                        }
                     },
                     {
                         "type":  "Feature",
                         "geometry":  {
                                          "type":  "Point",
                                          "coordinates":  [
                                                              121.5148226,
                                                              25.0689926
                                                          ]
                                      },
                         "properties":  {
                                            "title":  "十方樂集30週年特別企劃：系列音樂會\u0026講座",
                                            "location_name":  "十方樂集音樂劇場",
                                            "event_time":  "2026/05/23 14:30:00",
                                            "category":  1,
                                            "on_sales":  false,
                                            "source_trace":  "cloud.culture.tw",
                                            "data_mode":  "real"
                                        }
                     },
                     {
                         "type":  "Feature",
                         "geometry":  {
                                          "type":  "Point",
                                          "coordinates":  [
                                                              120.9119437,
                                                              24.6861065
                                                          ]
                                      },
                         "properties":  {
                                            "title":  "第廿六屆中港溪音樂節-溫馨五月音樂會",
                                            "location_name":  "苗栗縣頭份市公所",
                                            "event_time":  "2026/05/23 14:30:00",
                                            "category":  1,
                                            "on_sales":  false,
                                            "source_trace":  "cloud.culture.tw",
                                            "data_mode":  "real"
                                        }
                     },
                     {
                         "type":  "Feature",
                         "geometry":  {
                                          "type":  "Point",
                                          "coordinates":  [
                                                              121.519047,
                                                              25.0367564
                                                          ]
                                      },
                         "properties":  {
                                            "title":  "臺灣國樂團x臺北市立國樂團《一代宗師》",
                                            "location_name":  "國家音樂廳",
                                            "event_time":  "2026/05/23 14:30:00",
                                            "category":  1,
                                            "on_sales":  false,
                                            "source_trace":  "cloud.culture.tw",
                                            "data_mode":  "real"
                                        }
                     },
                     {
                         "type":  "Feature",
                         "geometry":  {
                                          "type":  "Point",
                                          "coordinates":  [
                                                              120.8203986,
                                                              24.565963
                                                          ]
                                      },
                         "properties":  {
                                            "title":  "貓裏室內樂集－2026苗栗縣音樂種子校園行",
                                            "location_name":  "苗栗縣政府文化觀光局",
                                            "event_time":  "2026/05/23 14:30:00",
                                            "category":  1,
                                            "on_sales":  false,
                                            "source_trace":  "cloud.culture.tw",
                                            "data_mode":  "real"
                                        }
                     },
                     {
                         "type":  "Feature",
                         "geometry":  {
                                          "type":  "Point",
                                          "coordinates":  [
                                                              120.4567583,
                                                              23.7986074
                                                          ]
                                      },
                         "properties":  {
                                            "title":  "靈魂的微光：舒伯特的聲音詩篇",
                                            "location_name":  "聲泊廳",
                                            "event_time":  "2026/05/23 14:30:00",
                                            "category":  1,
                                            "on_sales":  false,
                                            "source_trace":  "cloud.culture.tw",
                                            "data_mode":  "real"
                                        }
                     },
                     {
                         "type":  "Feature",
                         "geometry":  {
                                          "type":  "Point",
                                          "coordinates":  [
                                                              120.342434118507,
                                                              22.6230179238508
                                                          ]
                                      },
                         "properties":  {
                                            "title":  "交響系列 —法國廣播愛樂樂團Ｘ康特洛夫",
                                            "location_name":  "衛武營國家藝術文化中心音樂廳",
                                            "event_time":  "2026/05/23 15:30:00",
                                            "category":  1,
                                            "on_sales":  false,
                                            "source_trace":  "cloud.culture.tw",
                                            "data_mode":  "real"
                                        }
                     },
                     {
                         "type":  "Feature",
                         "geometry":  {
                                          "type":  "Point",
                                          "coordinates":  [
                                                              120.976944003027,
                                                              24.8007502773296
                                                          ]
                                      },
                         "properties":  {
                                            "title":  "2026新竹完全人聲音樂節－完全之夜阿卡貝拉演唱會",
                                            "location_name":  "風LIVEHOUSE",
                                            "event_time":  "2026/05/23 19:30:00",
                                            "category":  1,
                                            "on_sales":  false,
                                            "source_trace":  "cloud.culture.tw",
                                            "data_mode":  "real"
                                        }
                     },
                     {
                         "type":  "Feature",
                         "geometry":  {
                                          "type":  "Point",
                                          "coordinates":  [
                                                              121.5103541,
                                                              25.0425041
                                                          ]
                                      },
                         "properties":  {
                                            "title":  "ESO《生命詠嘆調》——后正宇 X 邵欣玲",
                                            "location_name":  "臺北市中山堂中正廳",
                                            "event_time":  "2026/05/23 19:30:00",
                                            "category":  1,
                                            "on_sales":  false,
                                            "source_trace":  "cloud.culture.tw",
                                            "data_mode":  "real"
                                        }
                     },
                     {
                         "type":  "Feature",
                         "geometry":  {
                                          "type":  "Point",
                                          "coordinates":  [
                                                              120.6987078,
                                                              24.0586672
                                                          ]
                                      },
                         "properties":  {
                                            "title":  "NTSO水藍，吳沛軒，吳沛祺與國臺交",
                                            "location_name":  "國立臺灣交響樂團演奏廳",
                                            "event_time":  "2026/05/23 19:30:00",
                                            "category":  1,
                                            "on_sales":  false,
                                            "source_trace":  "cloud.culture.tw",
                                            "data_mode":  "real"
                                        }
                     },
                     {
                         "type":  "Feature",
                         "geometry":  {
                                          "type":  "Point",
                                          "coordinates":  [
                                                              121.4706582,
                                                              25.0813684
                                                          ]
                                      },
                         "properties":  {
                                            "title":  "《既定之時》雅頌合奏團第46季定期音樂會",
                                            "location_name":  "功學社音樂廳",
                                            "event_time":  "2026/05/23 19:30:00",
                                            "category":  1,
                                            "on_sales":  false,
                                            "source_trace":  "cloud.culture.tw",
                                            "data_mode":  "real"
                                        }
                     },
                     {
                         "type":  "Feature",
                         "geometry":  {
                                          "type":  "Point",
                                          "coordinates":  [
                                                              121.56143652677528,
                                                              25.044755179618331
                                                          ]
                                      },
                         "properties":  {
                                            "title":  "【2026誠品室內樂節】《巨擘征途三部曲—蕭氏．世紀獨白》藝心弦樂四重奏",
                                            "location_name":  "誠品表演廳",
                                            "event_time":  "2026/05/23 19:30:00",
                                            "category":  1,
                                            "on_sales":  false,
                                            "source_trace":  "cloud.culture.tw",
                                            "data_mode":  "real"
                                        }
                     },
                     {
                         "type":  "Feature",
                         "geometry":  {
                                          "type":  "Point",
                                          "coordinates":  [
                                                              120.342434118507,
                                                              22.6230179238508
                                                          ]
                                      },
                         "properties":  {
                                            "title":  "李其叡鋼琴獨奏會",
                                            "location_name":  "衛武營國家藝術文化中心表演廳",
                                            "event_time":  "2026/05/23 19:30:00",
                                            "category":  1,
                                            "on_sales":  false,
                                            "source_trace":  "cloud.culture.tw",
                                            "data_mode":  "real"
                                        }
                     },
                     {
                         "type":  "Feature",
                         "geometry":  {
                                          "type":  "Point",
                                          "coordinates":  [
                                                              121.519047,
                                                              25.0367564
                                                          ]
                                      },
                         "properties":  {
                                            "title":  "松田 弦：《海的讚歌》吉他獨奏會",
                                            "location_name":  "國家兩廳院演奏廳",
                                            "event_time":  "2026/05/23 19:30:00",
                                            "category":  1,
                                            "on_sales":  false,
                                            "source_trace":  "cloud.culture.tw",
                                            "data_mode":  "real"
                                        }
                     },
                     {
                         "type":  "Feature",
                         "geometry":  {
                                          "type":  "Point",
                                          "coordinates":  [
                                                              120.6403028,
                                                              24.1626492
                                                          ]
                                      },
                         "properties":  {
                                            "title":  "水火交融－黎卓宇2026鋼琴獨奏會",
                                            "location_name":  "臺中國家歌劇院中劇院",
                                            "event_time":  "2026/05/23 19:30:00",
                                            "category":  1,
                                            "on_sales":  false,
                                            "source_trace":  "cloud.culture.tw",
                                            "data_mode":  "real"
                                        }
                     },
                     {
                         "type":  "Feature",
                         "geometry":  {
                                          "type":  "Point",
                                          "coordinates":  [
                                                              120.1891972,
                                                              22.9905347
                                                          ]
                                      },
                         "properties":  {
                                            "title":  "豎琴家的電影樂章",
                                            "location_name":  "涴莎藝術展演中心-永華館A",
                                            "event_time":  "2026/05/23 19:30:00",
                                            "category":  1,
                                            "on_sales":  false,
                                            "source_trace":  "cloud.culture.tw",
                                            "data_mode":  "real"
                                        }
                     },
                     {
                         "type":  "Feature",
                         "geometry":  {
                                          "type":  "Point",
                                          "coordinates":  [
                                                              120.3171311,
                                                              22.6259044
                                                          ]
                                      },
                         "properties":  {
                                            "title":  "悠然弦樂團【獨奏會44】",
                                            "location_name":  "高雄市文化中心至善廳",
                                            "event_time":  "2026/05/24 13:30:00",
                                            "category":  1,
                                            "on_sales":  false,
                                            "source_trace":  "cloud.culture.tw",
                                            "data_mode":  "real"
                                        }
                     },
                     {
                         "type":  "Feature",
                         "geometry":  {
                                          "type":  "Point",
                                          "coordinates":  [
                                                              121.144610797217,
                                                              22.7565496835162
                                                          ]
                                      },
                         "properties":  {
                                            "title":  "2026國樂迎春台東慶豐年",
                                            "location_name":  "臺東縣政府文化處藝文中心演藝廳",
                                            "event_time":  "2026/05/24 14:30:00",
                                            "category":  1,
                                            "on_sales":  false,
                                            "source_trace":  "cloud.culture.tw",
                                            "data_mode":  "real"
                                        }
                     },
                     {
                         "type":  "Feature",
                         "geometry":  {
                                          "type":  "Point",
                                          "coordinates":  [
                                                              121.519047,
                                                              25.0367564
                                                          ]
                                      },
                         "properties":  {
                                            "title":  "NSO室內樂《光之所在》",
                                            "location_name":  "國家兩廳院演奏廳",
                                            "event_time":  "2026/05/24 14:30:00",
                                            "category":  1,
                                            "on_sales":  false,
                                            "source_trace":  "cloud.culture.tw",
                                            "data_mode":  "real"
                                        }
                     },
                     {
                         "type":  "Feature",
                         "geometry":  {
                                          "type":  "Point",
                                          "coordinates":  [
                                                              121.5118362,
                                                              25.031736
                                                          ]
                                      },
                         "properties":  {
                                            "title":  "【雙─醉歌楚韻】文山民族管弦樂團2026年度定期音樂會",
                                            "location_name":  "國立臺灣藝術教育館南海劇場",
                                            "event_time":  "2026/05/24 14:30:00",
                                            "category":  1,
                                            "on_sales":  false,
                                            "source_trace":  "cloud.culture.tw",
                                            "data_mode":  "real"
                                        }
                     },
                     {
                         "type":  "Feature",
                         "geometry":  {
                                          "type":  "Point",
                                          "coordinates":  [
                                                              121.7527402,
                                                              24.7533504
                                                          ]
                                      },
                         "properties":  {
                                            "title":  "周曉彤與埃里克·格拉茲二重奏音樂會",
                                            "location_name":  "宜蘭演藝廳",
                                            "event_time":  "2026/05/24 14:30:00",
                                            "category":  1,
                                            "on_sales":  false,
                                            "source_trace":  "cloud.culture.tw",
                                            "data_mode":  "real"
                                        }
                     },
                     {
                         "type":  "Feature",
                         "geometry":  {
                                          "type":  "Point",
                                          "coordinates":  [
                                                              120.6403028,
                                                              24.1626492
                                                          ]
                                      },
                         "properties":  {
                                            "title":  "帶著歌聲去旅行—2026外交出訪行前音樂會",
                                            "location_name":  "臺中國家歌劇院中劇院",
                                            "event_time":  "2026/05/24 14:30:00",
                                            "category":  1,
                                            "on_sales":  false,
                                            "source_trace":  "cloud.culture.tw",
                                            "data_mode":  "real"
                                        }
                     },
                     {
                         "type":  "Feature",
                         "geometry":  {
                                          "type":  "Point",
                                          "coordinates":  [
                                                              120.5061328,
                                                              22.6633696
                                                          ]
                                      },
                         "properties":  {
                                            "title":  "春風調戲藝術節-巴洛克獨奏家樂團《音畫．臺灣》講座音樂會",
                                            "location_name":  "屏東演藝廳音樂廳",
                                            "event_time":  "2026/05/24 14:30:00",
                                            "category":  1,
                                            "on_sales":  false,
                                            "source_trace":  "cloud.culture.tw",
                                            "data_mode":  "real"
                                        }
                     },
                     {
                         "type":  "Feature",
                         "geometry":  {
                                          "type":  "Point",
                                          "coordinates":  [
                                                              121.51010459577952,
                                                              25.04313285497436
                                                          ]
                                      },
                         "properties":  {
                                            "title":  "蘭薰桂馥─陳伊瑜與四象箏樂團音樂會",
                                            "location_name":  "臺北市中山堂光復廳",
                                            "event_time":  "2026/05/24 14:30:00",
                                            "category":  1,
                                            "on_sales":  false,
                                            "source_trace":  "cloud.culture.tw",
                                            "data_mode":  "real"
                                        }
                     },
                     {
                         "type":  "Feature",
                         "geometry":  {
                                          "type":  "Point",
                                          "coordinates":  [
                                                              120.342434118507,
                                                              22.6230179238508
                                                          ]
                                      },
                         "properties":  {
                                            "title":  "赫里斯托夫與胡志龍",
                                            "location_name":  "衛武營國家藝術文化中心表演廳",
                                            "event_time":  "2026/05/24 14:30:00",
                                            "category":  1,
                                            "on_sales":  false,
                                            "source_trace":  "cloud.culture.tw",
                                            "data_mode":  "real"
                                        }
                     },
                     {
                         "type":  "Feature",
                         "geometry":  {
                                          "type":  "Point",
                                          "coordinates":  [
                                                              120.4320497,
                                                              23.5441881
                                                          ]
                                      },
                         "properties":  {
                                            "title":  "高雄市管樂團《動畫楽ノ祭》－日本動漫交響音樂會3",
                                            "location_name":  "嘉義縣表演藝術中心演藝廳",
                                            "event_time":  "2026/05/24 15:00:00",
                                            "category":  1,
                                            "on_sales":  false,
                                            "source_trace":  "cloud.culture.tw",
                                            "data_mode":  "real"
                                        }
                     },
                     {
                         "type":  "Feature",
                         "geometry":  {
                                          "type":  "Point",
                                          "coordinates":  [
                                                              121.519047,
                                                              25.0367564
                                                          ]
                                      },
                         "properties":  {
                                            "title":  "力晶2026藝文饗宴 —法國廣播愛樂樂團Ｘ康特洛夫",
                                            "location_name":  "國家音樂廳",
                                            "event_time":  "2026/05/24 19:30:00",
                                            "category":  1,
                                            "on_sales":  false,
                                            "source_trace":  "cloud.culture.tw",
                                            "data_mode":  "real"
                                        }
                     },
                     {
                         "type":  "Feature",
                         "geometry":  {
                                          "type":  "Point",
                                          "coordinates":  [
                                                              121.51010459577952,
                                                              25.04313285497436
                                                          ]
                                      },
                         "properties":  {
                                            "title":  "蘭薰桂馥─陳伊瑜與四象箏樂團音樂會",
                                            "location_name":  "臺北市中山堂光復廳",
                                            "event_time":  "2026/05/24 19:30:00",
                                            "category":  1,
                                            "on_sales":  false,
                                            "source_trace":  "cloud.culture.tw",
                                            "data_mode":  "real"
                                        }
                     },
                     {
                         "type":  "Feature",
                         "geometry":  {
                                          "type":  "Point",
                                          "coordinates":  [
                                                              121.519047,
                                                              25.0367564
                                                          ]
                                      },
                         "properties":  {
                                            "title":  "春之萬象─臺師大音樂系2026春季公演",
                                            "location_name":  "國家音樂廳",
                                            "event_time":  "2026/05/25 19:30:00",
                                            "category":  1,
                                            "on_sales":  false,
                                            "source_trace":  "cloud.culture.tw",
                                            "data_mode":  "real"
                                        }
                     },
                     {
                         "type":  "Feature",
                         "geometry":  {
                                          "type":  "Point",
                                          "coordinates":  [
                                                              121.519047,
                                                              25.0367564
                                                          ]
                                      },
                         "properties":  {
                                            "title":  "臺北市教師合唱團《純聲 Authentic Voices》",
                                            "location_name":  "國家兩廳院演奏廳",
                                            "event_time":  "2026/05/25 19:30:00",
                                            "category":  1,
                                            "on_sales":  false,
                                            "source_trace":  "cloud.culture.tw",
                                            "data_mode":  "real"
                                        }
                     },
                     {
                         "type":  "Feature",
                         "geometry":  {
                                          "type":  "Point",
                                          "coordinates":  [
                                                              120.342434118507,
                                                              22.6230179238508
                                                          ]
                                      },
                         "properties":  {
                                            "title":  "高雄市立高雄高級中學114學年度管弦樂之夜【紅樓雋樂】",
                                            "location_name":  "衛武營國家藝術文化中心音樂廳",
                                            "event_time":  "2026/05/25 19:30:00",
                                            "category":  1,
                                            "on_sales":  false,
                                            "source_trace":  "cloud.culture.tw",
                                            "data_mode":  "real"
                                        }
                     },
                     {
                         "type":  "Feature",
                         "geometry":  {
                                          "type":  "Point",
                                          "coordinates":  [
                                                              120.6404343,
                                                              24.1630875
                                                          ]
                                      },
                         "properties":  {
                                            "title":  "全本音樂劇《歌劇魅影》",
                                            "location_name":  "臺中國家歌劇院",
                                            "event_time":  "2026/05/26 14:30:00",
                                            "category":  1,
                                            "on_sales":  false,
                                            "source_trace":  "cloud.culture.tw",
                                            "data_mode":  "real"
                                        }
                     },
                     {
                         "type":  "Feature",
                         "geometry":  {
                                          "type":  "Point",
                                          "coordinates":  [
                                                              121.469965395222,
                                                              25.1331246145541
                                                          ]
                                      },
                         "properties":  {
                                            "title":  "北藝大2026春夏系列《北藝大新音樂工作坊2026春夏音樂會》",
                                            "location_name":  "國立臺北藝術大學音樂廳",
                                            "event_time":  "2026/05/26 19:30:00",
                                            "category":  1,
                                            "on_sales":  false,
                                            "source_trace":  "cloud.culture.tw",
                                            "data_mode":  "real"
                                        }
                     },
                     {
                         "type":  "Feature",
                         "geometry":  {
                                          "type":  "Point",
                                          "coordinates":  [
                                                              121.0000241,
                                                              24.7865457
                                                          ]
                                      },
                         "properties":  {
                                            "title":  "周曉彤與埃里克・格拉茲二重奏音樂會",
                                            "location_name":  "陽明交大演藝廳",
                                            "event_time":  "2026/05/26 19:30:00",
                                            "category":  1,
                                            "on_sales":  false,
                                            "source_trace":  "cloud.culture.tw",
                                            "data_mode":  "real"
                                        }
                     },
                     {
                         "type":  "Feature",
                         "geometry":  {
                                          "type":  "Point",
                                          "coordinates":  [
                                                              120.9992634,
                                                              24.7890674
                                                          ]
                                      },
                         "properties":  {
                                            "title":  "周曉彤與埃里克・格拉茲二重奏音樂會 /國立陽明交通大學藝文中心 ",
                                            "location_name":  "國立陽明交通大學",
                                            "event_time":  "2026/05/26 19:30:00",
                                            "category":  1,
                                            "on_sales":  false,
                                            "source_trace":  "cloud.culture.tw",
                                            "data_mode":  "real"
                                        }
                     },
                     {
                         "type":  "Feature",
                         "geometry":  {
                                          "type":  "Point",
                                          "coordinates":  [
                                                              121.51010459577952,
                                                              25.04313285497436
                                                          ]
                                      },
                         "properties":  {
                                            "title":  "曹書玉嗩吶碩士畢業音樂會",
                                            "location_name":  "臺北市中山堂光復廳",
                                            "event_time":  "2026/05/26 19:30:00",
                                            "category":  1,
                                            "on_sales":  false,
                                            "source_trace":  "cloud.culture.tw",
                                            "data_mode":  "real"
                                        }
                     },
                     {
                         "type":  "Feature",
                         "geometry":  {
                                          "type":  "Point",
                                          "coordinates":  [
                                                              121.519047,
                                                              25.0367564
                                                          ]
                                      },
                         "properties":  {
                                            "title":  "極簡．純粹",
                                            "location_name":  "國家兩廳院演奏廳",
                                            "event_time":  "2026/05/26 19:30:00",
                                            "category":  1,
                                            "on_sales":  false,
                                            "source_trace":  "cloud.culture.tw",
                                            "data_mode":  "real"
                                        }
                     },
                     {
                         "type":  "Feature",
                         "geometry":  {
                                          "type":  "Point",
                                          "coordinates":  [
                                                              120.31814,
                                                              22.6257981
                                                          ]
                                      },
                         "properties":  {
                                            "title":  "迴響 × 交錯",
                                            "location_name":  "高雄市文化中心至德堂",
                                            "event_time":  "2026/05/26 19:30:00",
                                            "category":  1,
                                            "on_sales":  false,
                                            "source_trace":  "cloud.culture.tw",
                                            "data_mode":  "real"
                                        }
                     },
                     {
                         "type":  "Feature",
                         "geometry":  {
                                          "type":  "Point",
                                          "coordinates":  [
                                                              121.519047,
                                                              25.0367564
                                                          ]
                                      },
                         "properties":  {
                                            "title":  "《微觀．巨響 》2026年胡志瑋長笛獨奏會",
                                            "location_name":  "國家兩廳院演奏廳",
                                            "event_time":  "2026/05/27 19:30:00",
                                            "category":  1,
                                            "on_sales":  false,
                                            "source_trace":  "cloud.culture.tw",
                                            "data_mode":  "real"
                                        }
                     },
                     {
                         "type":  "Feature",
                         "geometry":  {
                                          "type":  "Point",
                                          "coordinates":  [
                                                              121.469965395222,
                                                              25.1331246145541
                                                          ]
                                      },
                         "properties":  {
                                            "title":  "北藝大2026傳音系春綻系列：聽曲・拾光—琵琶師生聯展",
                                            "location_name":  "國立臺北藝術大學音樂廳",
                                            "event_time":  "2026/05/27 19:30:00",
                                            "category":  1,
                                            "on_sales":  false,
                                            "source_trace":  "cloud.culture.tw",
                                            "data_mode":  "real"
                                        }
                     },
                     {
                         "type":  "Feature",
                         "geometry":  {
                                          "type":  "Point",
                                          "coordinates":  [
                                                              121.519047,
                                                              25.0367564
                                                          ]
                                      },
                         "properties":  {
                                            "title":  "小提琴家伊凡諾夫與台灣絃樂團",
                                            "location_name":  "國家音樂廳",
                                            "event_time":  "2026/05/27 19:30:00",
                                            "category":  1,
                                            "on_sales":  false,
                                            "source_trace":  "cloud.culture.tw",
                                            "data_mode":  "real"
                                        }
                     },
                     {
                         "type":  "Feature",
                         "geometry":  {
                                          "type":  "Point",
                                          "coordinates":  [
                                                              120.2868631,
                                                              22.6276246
                                                          ]
                                      },
                         "properties":  {
                                            "title":  "義守X南實踐期末音樂會",
                                            "location_name":  "高雄市政府文化局﹝高雄市音樂館﹞",
                                            "event_time":  "2026/05/27 19:30:00",
                                            "category":  1,
                                            "on_sales":  false,
                                            "source_trace":  "cloud.culture.tw",
                                            "data_mode":  "real"
                                        }
                     },
                     {
                         "type":  "Feature",
                         "geometry":  {
                                          "type":  "Point",
                                          "coordinates":  [
                                                              120.31814,
                                                              22.6257981
                                                          ]
                                      },
                         "properties":  {
                                            "title":  "高雄市兒童合唱團115年成果發表會",
                                            "location_name":  "高雄市文化中心至善廳",
                                            "event_time":  "2026/05/27 19:30:00",
                                            "category":  1,
                                            "on_sales":  false,
                                            "source_trace":  "cloud.culture.tw",
                                            "data_mode":  "real"
                                        }
                     },
                     {
                         "type":  "Feature",
                         "geometry":  {
                                          "type":  "Point",
                                          "coordinates":  [
                                                              120.342434118507,
                                                              22.6230179238508
                                                          ]
                                      },
                         "properties":  {
                                            "title":  "2026新莊樂韻–Unbound 無界",
                                            "location_name":  "衛武營國家藝術文化中心表演廳",
                                            "event_time":  "2026/05/28 19:30:00",
                                            "category":  1,
                                            "on_sales":  false,
                                            "source_trace":  "cloud.culture.tw",
                                            "data_mode":  "real"
                                        }
                     },
                     {
                         "type":  "Feature",
                         "geometry":  {
                                          "type":  "Point",
                                          "coordinates":  [
                                                              121.519047,
                                                              25.0367564
                                                          ]
                                      },
                         "properties":  {
                                            "title":  "2026陳昭惠與蔡世豪雙鋼琴音樂會《雙重的平行與交融之舞》",
                                            "location_name":  "國家兩廳院演奏廳",
                                            "event_time":  "2026/05/28 19:30:00",
                                            "category":  1,
                                            "on_sales":  false,
                                            "source_trace":  "cloud.culture.tw",
                                            "data_mode":  "real"
                                        }
                     },
                     {
                         "type":  "Feature",
                         "geometry":  {
                                          "type":  "Point",
                                          "coordinates":  [
                                                              120.31814,
                                                              22.6257981
                                                          ]
                                      },
                         "properties":  {
                                            "title":  "「樂在其中」八卦國小管樂團年度音樂會",
                                            "location_name":  "高雄市文化中心至德堂",
                                            "event_time":  "2026/05/28 19:30:00",
                                            "category":  1,
                                            "on_sales":  false,
                                            "source_trace":  "cloud.culture.tw",
                                            "data_mode":  "real"
                                        }
                     },
                     {
                         "type":  "Feature",
                         "geometry":  {
                                          "type":  "Point",
                                          "coordinates":  [
                                                              121.5103541,
                                                              25.0425041
                                                          ]
                                      },
                         "properties":  {
                                            "title":  "『歌詠威爾第』～創樂者藝術管弦樂與合唱篇",
                                            "location_name":  "臺北市中山堂中正廳",
                                            "event_time":  "2026/05/28 19:30:00",
                                            "category":  1,
                                            "on_sales":  false,
                                            "source_trace":  "cloud.culture.tw",
                                            "data_mode":  "real"
                                        }
                     },
                     {
                         "type":  "Feature",
                         "geometry":  {
                                          "type":  "Point",
                                          "coordinates":  [
                                                              121.519047,
                                                              25.0367564
                                                          ]
                                      },
                         "properties":  {
                                            "title":  "臺灣風情畫─2026 TCO 歐洲巡演行前音樂會",
                                            "location_name":  "國家音樂廳",
                                            "event_time":  "2026/05/28 19:30:00",
                                            "category":  1,
                                            "on_sales":  false,
                                            "source_trace":  "cloud.culture.tw",
                                            "data_mode":  "real"
                                        }
                     },
                     {
                         "type":  "Feature",
                         "geometry":  {
                                          "type":  "Point",
                                          "coordinates":  [
                                                              120.9992634,
                                                              24.7890674
                                                          ]
                                      },
                         "properties":  {
                                            "title":  "變形的傳統 – 李斯特、利蓋蒂與庫爾塔格的鋼琴語言 /國立陽明交通大學藝文中心 ",
                                            "location_name":  "國立陽明交通大學",
                                            "event_time":  "2026/05/28 19:30:00",
                                            "category":  1,
                                            "on_sales":  false,
                                            "source_trace":  "cloud.culture.tw",
                                            "data_mode":  "real"
                                        }
                     },
                     {
                         "type":  "Feature",
                         "geometry":  {
                                          "type":  "Point",
                                          "coordinates":  [
                                                              121.1042522,
                                                              24.8680076
                                                          ]
                                      },
                         "properties":  {
                                            "title":  "2026首席之聲《我的人生電影》| The One南園午後莊園音樂會",
                                            "location_name":  "The One南園人文客棧",
                                            "event_time":  "2026/05/29 13:30:00",
                                            "category":  1,
                                            "on_sales":  false,
                                            "source_trace":  "cloud.culture.tw",
                                            "data_mode":  "real"
                                        }
                     },
                     {
                         "type":  "Feature",
                         "geometry":  {
                                          "type":  "Point",
                                          "coordinates":  [
                                                              121.519047,
                                                              25.0367564
                                                          ]
                                      },
                         "properties":  {
                                            "title":  "《愛唱歌沒有理由》台北愛樂兒童合唱團-青少團專場音樂會",
                                            "location_name":  "國家兩廳院演奏廳",
                                            "event_time":  "2026/05/29 19:30:00",
                                            "category":  1,
                                            "on_sales":  false,
                                            "source_trace":  "cloud.culture.tw",
                                            "data_mode":  "real"
                                        }
                     },
                     {
                         "type":  "Feature",
                         "geometry":  {
                                          "type":  "Point",
                                          "coordinates":  [
                                                              120.342434118507,
                                                              22.6230179238508
                                                          ]
                                      },
                         "properties":  {
                                            "title":  "《花鳥風月～日本作曲家系列》",
                                            "location_name":  "衛武營國家藝術文化中心表演廳",
                                            "event_time":  "2026/05/29 19:30:00",
                                            "category":  1,
                                            "on_sales":  false,
                                            "source_trace":  "cloud.culture.tw",
                                            "data_mode":  "real"
                                        }
                     },
                     {
                         "type":  "Feature",
                         "geometry":  {
                                          "type":  "Point",
                                          "coordinates":  [
                                                              121.56143652677528,
                                                              25.044755179618331
                                                          ]
                                      },
                         "properties":  {
                                            "title":  "【2026誠品室內樂節】《歐洲天團席捲—Arod弦樂四重奏》",
                                            "location_name":  "誠品表演廳",
                                            "event_time":  "2026/05/29 19:30:00",
                                            "category":  1,
                                            "on_sales":  false,
                                            "source_trace":  "cloud.culture.tw",
                                            "data_mode":  "real"
                                        }
                     },
                     {
                         "type":  "Feature",
                         "geometry":  {
                                          "type":  "Point",
                                          "coordinates":  [
                                                              121.469965395222,
                                                              25.1331246145541
                                                          ]
                                      },
                         "properties":  {
                                            "title":  "北藝大2026春夏系列《2026關渡新聲優勝者音樂會》",
                                            "location_name":  "國立臺北藝術大學音樂廳",
                                            "event_time":  "2026/05/29 19:30:00",
                                            "category":  1,
                                            "on_sales":  false,
                                            "source_trace":  "cloud.culture.tw",
                                            "data_mode":  "real"
                                        }
                     },
                     {
                         "type":  "Feature",
                         "geometry":  {
                                          "type":  "Point",
                                          "coordinates":  [
                                                              120.8859459,
                                                              24.6907345
                                                          ]
                                      },
                         "properties":  {
                                            "title":  "爵諾歌手《A Cappella聽什麼》2026苗北小劇場",
                                            "location_name":  "苗北藝文中心實驗劇場",
                                            "event_time":  "2026/05/29 19:30:00",
                                            "category":  1,
                                            "on_sales":  false,
                                            "source_trace":  "cloud.culture.tw",
                                            "data_mode":  "real"
                                        }
                     },
                     {
                         "type":  "Feature",
                         "geometry":  {
                                          "type":  "Point",
                                          "coordinates":  [
                                                              121.519047,
                                                              25.0367564
                                                          ]
                                      },
                         "properties":  {
                                            "title":  "福爾摩沙合唱團2026系列音樂會之二",
                                            "location_name":  "國家音樂廳",
                                            "event_time":  "2026/05/29 19:30:00",
                                            "category":  1,
                                            "on_sales":  false,
                                            "source_trace":  "cloud.culture.tw",
                                            "data_mode":  "real"
                                        }
                     },
                     {
                         "type":  "Feature",
                         "geometry":  {
                                          "type":  "Point",
                                          "coordinates":  [
                                                              120.342434118507,
                                                              22.6230179238508
                                                          ]
                                      },
                         "properties":  {
                                            "title":  "臺灣國樂團\u0026高雄市國樂團《一代宗師—彭修文紀念音樂會》",
                                            "location_name":  "衛武營國家藝術文化中心音樂廳",
                                            "event_time":  "2026/05/29 19:30:00",
                                            "category":  1,
                                            "on_sales":  false,
                                            "source_trace":  "cloud.culture.tw",
                                            "data_mode":  "real"
                                        }
                     },
                     {
                         "type":  "Feature",
                         "geometry":  {
                                          "type":  "Point",
                                          "coordinates":  [
                                                              121.1042522,
                                                              24.8680076
                                                          ]
                                      },
                         "properties":  {
                                            "title":  "2026首席之聲《我的人生電影》| The One南園午後莊園音樂會",
                                            "location_name":  "The One南園人文客棧",
                                            "event_time":  "2026/05/30 13:30:00",
                                            "category":  1,
                                            "on_sales":  false,
                                            "source_trace":  "cloud.culture.tw",
                                            "data_mode":  "real"
                                        }
                     },
                     {
                         "type":  "Feature",
                         "geometry":  {
                                          "type":  "Point",
                                          "coordinates":  [
                                                              120.2982709,
                                                              22.7832758
                                                          ]
                                      },
                         "properties":  {
                                            "title":  "我把世界來周遊",
                                            "location_name":  "高雄市政府文化局﹝岡山文化中心﹞",
                                            "event_time":  "2026/05/30 14:00:00",
                                            "category":  1,
                                            "on_sales":  false,
                                            "source_trace":  "cloud.culture.tw",
                                            "data_mode":  "real"
                                        }
                     },
                     {
                         "type":  "Feature",
                         "geometry":  {
                                          "type":  "Point",
                                          "coordinates":  [
                                                              120.6403028,
                                                              24.1626492
                                                          ]
                                      },
                         "properties":  {
                                            "title":  "2026 NTT Arts NOVA《Piano piano》",
                                            "location_name":  "臺中國家歌劇院中劇院",
                                            "event_time":  "2026/05/30 14:30:00",
                                            "category":  1,
                                            "on_sales":  false,
                                            "source_trace":  "cloud.culture.tw",
                                            "data_mode":  "real"
                                        }
                     },
                     {
                         "type":  "Feature",
                         "geometry":  {
                                          "type":  "Point",
                                          "coordinates":  [
                                                              121.09533692001996,
                                                              24.7373272034524
                                                          ]
                                      },
                         "properties":  {
                                            "title":  "CA．MA鋼琴音樂節-琴鍵上的雙重奏",
                                            "location_name":  "竹東音樂巷親愛音樂廳",
                                            "event_time":  "2026/05/30 14:30:00",
                                            "category":  1,
                                            "on_sales":  false,
                                            "source_trace":  "cloud.culture.tw",
                                            "data_mode":  "real"
                                        }
                     },
                     {
                         "type":  "Feature",
                         "geometry":  {
                                          "type":  "Point",
                                          "coordinates":  [
                                                              121.519047,
                                                              25.0367564
                                                          ]
                                      },
                         "properties":  {
                                            "title":  "NSO《春之聲》",
                                            "location_name":  "國家音樂廳",
                                            "event_time":  "2026/05/30 14:30:00",
                                            "category":  1,
                                            "on_sales":  false,
                                            "source_trace":  "cloud.culture.tw",
                                            "data_mode":  "real"
                                        }
                     },
                     {
                         "type":  "Feature",
                         "geometry":  {
                                          "type":  "Point",
                                          "coordinates":  [
                                                              120.4320497,
                                                              23.5441881
                                                          ]
                                      },
                         "properties":  {
                                            "title":  "《動聲・映舞》——四季花語．在曲線裡尋找光",
                                            "location_name":  "嘉義縣表演藝術中心實驗劇場",
                                            "event_time":  "2026/05/30 14:30:00",
                                            "category":  1,
                                            "on_sales":  false,
                                            "source_trace":  "cloud.culture.tw",
                                            "data_mode":  "real"
                                        }
                     },
                     {
                         "type":  "Feature",
                         "geometry":  {
                                          "type":  "Point",
                                          "coordinates":  [
                                                              120.4320497,
                                                              23.5441881
                                                          ]
                                      },
                         "properties":  {
                                            "title":  "《媽媽唱給我聽的歌》親子音樂會",
                                            "location_name":  "嘉義縣表演藝術中心演藝廳",
                                            "event_time":  "2026/05/30 14:30:00",
                                            "category":  1,
                                            "on_sales":  false,
                                            "source_trace":  "cloud.culture.tw",
                                            "data_mode":  "real"
                                        }
                     },
                     {
                         "type":  "Feature",
                         "geometry":  {
                                          "type":  "Point",
                                          "coordinates":  [
                                                              121.519047,
                                                              25.0367564
                                                          ]
                                      },
                         "properties":  {
                                            "title":  "《破碎與沉思：美國大提琴之聲》2026權雋文大提琴獨奏會",
                                            "location_name":  "國家兩廳院演奏廳",
                                            "event_time":  "2026/05/30 14:30:00",
                                            "category":  1,
                                            "on_sales":  false,
                                            "source_trace":  "cloud.culture.tw",
                                            "data_mode":  "real"
                                        }
                     },
                     {
                         "type":  "Feature",
                         "geometry":  {
                                          "type":  "Point",
                                          "coordinates":  [
                                                              121.54711817237563,
                                                              25.094490285992613
                                                          ]
                                      },
                         "properties":  {
                                            "title":  "極簡．純粹",
                                            "location_name":  "東吳大學松怡廳",
                                            "event_time":  "2026/05/30 14:30:00",
                                            "category":  1,
                                            "on_sales":  false,
                                            "source_trace":  "cloud.culture.tw",
                                            "data_mode":  "real"
                                        }
                     },
                     {
                         "type":  "Feature",
                         "geometry":  {
                                          "type":  "Point",
                                          "coordinates":  [
                                                              121.7441073,
                                                              25.1312801
                                                          ]
                                      },
                         "properties":  {
                                            "title":  "潮響擊樂團兒童音樂會-《音樂互動實驗室》節奏小夥伴大集合",
                                            "location_name":  "基隆表演藝術中心演藝廳",
                                            "event_time":  "2026/05/30 14:30:00",
                                            "category":  1,
                                            "on_sales":  false,
                                            "source_trace":  "cloud.culture.tw",
                                            "data_mode":  "real"
                                        }
                     },
                     {
                         "type":  "Feature",
                         "geometry":  {
                                          "type":  "Point",
                                          "coordinates":  [
                                                              120.342434118507,
                                                              22.6230179238508
                                                          ]
                                      },
                         "properties":  {
                                            "title":  "狂美親子音樂劇場《龍宮特務》",
                                            "location_name":  "衛武營國家藝術文化中心戲劇院",
                                            "event_time":  "2026/05/30 14:30:00",
                                            "category":  1,
                                            "on_sales":  false,
                                            "source_trace":  "cloud.culture.tw",
                                            "data_mode":  "real"
                                        }
                     },
                     {
                         "type":  "Feature",
                         "geometry":  {
                                          "type":  "Point",
                                          "coordinates":  [
                                                              120.2868631,
                                                              22.6276246
                                                          ]
                                      },
                         "properties":  {
                                            "title":  "舞動吧，我們的自由樂章",
                                            "location_name":  "高雄市音樂館演奏廳",
                                            "event_time":  "2026/05/30 14:30:00",
                                            "category":  1,
                                            "on_sales":  false,
                                            "source_trace":  "cloud.culture.tw",
                                            "data_mode":  "real"
                                        }
                     },
                     {
                         "type":  "Feature",
                         "geometry":  {
                                          "type":  "Point",
                                          "coordinates":  [
                                                              120.2868631,
                                                              22.6276246
                                                          ]
                                      },
                         "properties":  {
                                            "title":  "﹝博正兒童發展中心﹞-舞動吧，我們的自由樂章",
                                            "location_name":  "高雄市政府文化局﹝高雄市音樂館﹞",
                                            "event_time":  "2026/05/30 14:30:00",
                                            "category":  1,
                                            "on_sales":  false,
                                            "source_trace":  "cloud.culture.tw",
                                            "data_mode":  "real"
                                        }
                     },
                     {
                         "type":  "Feature",
                         "geometry":  {
                                          "type":  "Point",
                                          "coordinates":  [
                                                              120.6403028,
                                                              24.1626492
                                                          ]
                                      },
                         "properties":  {
                                            "title":  "2026 NTT Arts NOVA《Piano piano》",
                                            "location_name":  "臺中國家歌劇院中劇院",
                                            "event_time":  "2026/05/30 19:30:00",
                                            "category":  1,
                                            "on_sales":  false,
                                            "source_trace":  "cloud.culture.tw",
                                            "data_mode":  "real"
                                        }
                     },
                     {
                         "type":  "Feature",
                         "geometry":  {
                                          "type":  "Point",
                                          "coordinates":  [
                                                              120.342434118507,
                                                              22.6230179238508
                                                          ]
                                      },
                         "properties":  {
                                            "title":  "2026第十二屆臺灣國際打擊樂節-朱宗慶打擊樂團",
                                            "location_name":  "衛武營國家藝術文化中心音樂廳",
                                            "event_time":  "2026/05/30 19:30:00",
                                            "category":  1,
                                            "on_sales":  false,
                                            "source_trace":  "cloud.culture.tw",
                                            "data_mode":  "real"
                                        }
                     },
                     {
                         "type":  "Feature",
                         "geometry":  {
                                          "type":  "Point",
                                          "coordinates":  [
                                                              120.4524155,
                                                              23.4879957
                                                          ]
                                      },
                         "properties":  {
                                            "title":  "LEVEL UP！交響電玩時代",
                                            "location_name":  "嘉義市政府文化局音樂廳",
                                            "event_time":  "2026/05/30 19:30:00",
                                            "category":  1,
                                            "on_sales":  false,
                                            "source_trace":  "cloud.culture.tw",
                                            "data_mode":  "real"
                                        }
                     },
                     {
                         "type":  "Feature",
                         "geometry":  {
                                          "type":  "Point",
                                          "coordinates":  [
                                                              121.3076493,
                                                              24.9960696
                                                          ]
                                      },
                         "properties":  {
                                            "title":  "《霧森漫步：斜陽記憶》 方舟藝術交響樂團 2026 樂季音樂會",
                                            "location_name":  "米倉劇場",
                                            "event_time":  "2026/05/30 19:30:00",
                                            "category":  1,
                                            "on_sales":  false,
                                            "source_trace":  "cloud.culture.tw",
                                            "data_mode":  "real"
                                        }
                     },
                     {
                         "type":  "Feature",
                         "geometry":  {
                                          "type":  "Point",
                                          "coordinates":  [
                                                              121.56143652677528,
                                                              25.044755179618331
                                                          ]
                                      },
                         "properties":  {
                                            "title":  "【2026誠品室內樂節】《歐洲天團席捲—Arod弦樂四重奏》",
                                            "location_name":  "誠品表演廳",
                                            "event_time":  "2026/05/30 19:30:00",
                                            "category":  1,
                                            "on_sales":  false,
                                            "source_trace":  "cloud.culture.tw",
                                            "data_mode":  "real"
                                        }
                     },
                     {
                         "type":  "Feature",
                         "geometry":  {
                                          "type":  "Point",
                                          "coordinates":  [
                                                              120.3171311,
                                                              22.6259044
                                                          ]
                                      },
                         "properties":  {
                                            "title":  "【我的青春 我的歌】—高雄室內金色時光合唱團音樂會",
                                            "location_name":  "高雄市文化中心至善廳",
                                            "event_time":  "2026/05/30 19:30:00",
                                            "category":  1,
                                            "on_sales":  false,
                                            "source_trace":  "cloud.culture.tw",
                                            "data_mode":  "real"
                                        }
                     },
                     {
                         "type":  "Feature",
                         "geometry":  {
                                          "type":  "Point",
                                          "coordinates":  [
                                                              121.519047,
                                                              25.0367564
                                                          ]
                                      },
                         "properties":  {
                                            "title":  "周曉彤與埃里克·格拉茲二重奏音樂會",
                                            "location_name":  "國家兩廳院演奏廳",
                                            "event_time":  "2026/05/30 19:30:00",
                                            "category":  1,
                                            "on_sales":  false,
                                            "source_trace":  "cloud.culture.tw",
                                            "data_mode":  "real"
                                        }
                     },
                     {
                         "type":  "Feature",
                         "geometry":  {
                                          "type":  "Point",
                                          "coordinates":  [
                                                              121.51010459577952,
                                                              25.04313285497436
                                                          ]
                                      },
                         "properties":  {
                                            "title":  "天地否—擊樂專場音樂會",
                                            "location_name":  "臺北市中山堂光復廳",
                                            "event_time":  "2026/05/30 19:30:00",
                                            "category":  1,
                                            "on_sales":  false,
                                            "source_trace":  "cloud.culture.tw",
                                            "data_mode":  "real"
                                        }
                     },
                     {
                         "type":  "Feature",
                         "geometry":  {
                                          "type":  "Point",
                                          "coordinates":  [
                                                              120.342434118507,
                                                              22.6230179238508
                                                          ]
                                      },
                         "properties":  {
                                            "title":  "張正傑大提琴獨奏會-從基隆到維也納",
                                            "location_name":  "衛武營國家藝術文化中心表演廳",
                                            "event_time":  "2026/05/30 19:30:00",
                                            "category":  1,
                                            "on_sales":  false,
                                            "source_trace":  "cloud.culture.tw",
                                            "data_mode":  "real"
                                        }
                     },
                     {
                         "type":  "Feature",
                         "geometry":  {
                                          "type":  "Point",
                                          "coordinates":  [
                                                              121.6103092,
                                                              25.052286
                                                          ]
                                      },
                         "properties":  {
                                            "title":  "海上絲路的新世界：來自拉丁美洲的古樂",
                                            "location_name":  "台北生技園區多功能廳",
                                            "event_time":  "2026/05/30 19:30:00",
                                            "category":  1,
                                            "on_sales":  false,
                                            "source_trace":  "cloud.culture.tw",
                                            "data_mode":  "real"
                                        }
                     },
                     {
                         "type":  "Feature",
                         "geometry":  {
                                          "type":  "Point",
                                          "coordinates":  [
                                                              120.221556,
                                                              22.974833
                                                          ]
                                      },
                         "properties":  {
                                            "title":  "高雄市管樂團《動畫楽ノ祭》－日本動漫交響音樂會3",
                                            "location_name":  "臺南文化中心演藝廳",
                                            "event_time":  "2026/05/30 19:30:00",
                                            "category":  1,
                                            "on_sales":  false,
                                            "source_trace":  "cloud.culture.tw",
                                            "data_mode":  "real"
                                        }
                     },
                     {
                         "type":  "Feature",
                         "geometry":  {
                                          "type":  "Point",
                                          "coordinates":  [
                                                              120.5062157,
                                                              22.6636099
                                                          ]
                                      },
                         "properties":  {
                                            "title":  "屏東演藝廳《沙龍音樂會》",
                                            "location_name":  "屏東演藝廳音樂廳 大廳",
                                            "event_time":  "2026/05/31 11:00:00",
                                            "category":  1,
                                            "on_sales":  false,
                                            "source_trace":  "cloud.culture.tw",
                                            "data_mode":  "real"
                                        }
                     },
                     {
                         "type":  "Feature",
                         "geometry":  {
                                          "type":  "Point",
                                          "coordinates":  [
                                                              121.1042522,
                                                              24.8680076
                                                          ]
                                      },
                         "properties":  {
                                            "title":  "2026首席之聲《我的人生電影》| The One南園午後莊園音樂會",
                                            "location_name":  "The One南園人文客棧",
                                            "event_time":  "2026/05/31 13:30:00",
                                            "category":  1,
                                            "on_sales":  false,
                                            "source_trace":  "cloud.culture.tw",
                                            "data_mode":  "real"
                                        }
                     },
                     {
                         "type":  "Feature",
                         "geometry":  {
                                          "type":  "Point",
                                          "coordinates":  [
                                                              120.6403028,
                                                              24.1626492
                                                          ]
                                      },
                         "properties":  {
                                            "title":  "2026 NTT Arts NOVA《Piano piano》",
                                            "location_name":  "臺中國家歌劇院中劇院",
                                            "event_time":  "2026/05/31 14:30:00",
                                            "category":  1,
                                            "on_sales":  false,
                                            "source_trace":  "cloud.culture.tw",
                                            "data_mode":  "real"
                                        }
                     },
                     {
                         "type":  "Feature",
                         "geometry":  {
                                          "type":  "Point",
                                          "coordinates":  [
                                                              120.9680989,
                                                              24.8116887
                                                          ]
                                      },
                         "properties":  {
                                            "title":  "2026台積心築藝術季—NSO《春之聲》",
                                            "location_name":  "新竹市文化局演藝廳音樂廳",
                                            "event_time":  "2026/05/31 14:30:00",
                                            "category":  1,
                                            "on_sales":  false,
                                            "source_trace":  "cloud.culture.tw",
                                            "data_mode":  "real"
                                        }
                     },
                     {
                         "type":  "Feature",
                         "geometry":  {
                                          "type":  "Point",
                                          "coordinates":  [
                                                              121.09533692001996,
                                                              24.7373272034524
                                                          ]
                                      },
                         "properties":  {
                                            "title":  "CA．MA鋼琴音樂節-指尖下的幻境",
                                            "location_name":  "竹東音樂巷親愛音樂廳",
                                            "event_time":  "2026/05/31 14:30:00",
                                            "category":  1,
                                            "on_sales":  false,
                                            "source_trace":  "cloud.culture.tw",
                                            "data_mode":  "real"
                                        }
                     },
                     {
                         "type":  "Feature",
                         "geometry":  {
                                          "type":  "Point",
                                          "coordinates":  [
                                                              120.8886966,
                                                              24.6905875
                                                          ]
                                      },
                         "properties":  {
                                            "title":  "《弦歌未央 笙聲不息》2026頭份國小國樂團年度音樂會",
                                            "location_name":  "苗栗縣苗北藝文中心",
                                            "event_time":  "2026/05/31 14:30:00",
                                            "category":  1,
                                            "on_sales":  false,
                                            "source_trace":  "cloud.culture.tw",
                                            "data_mode":  "real"
                                        }
                     },
                     {
                         "type":  "Feature",
                         "geometry":  {
                                          "type":  "Point",
                                          "coordinates":  [
                                                              120.342434118507,
                                                              22.6230179238508
                                                          ]
                                      },
                         "properties":  {
                                            "title":  "「啟航」－周尚德薩克斯風獨奏",
                                            "location_name":  "衛武營國家藝術文化中心表演廳",
                                            "event_time":  "2026/05/31 14:30:00",
                                            "category":  1,
                                            "on_sales":  false,
                                            "source_trace":  "cloud.culture.tw",
                                            "data_mode":  "real"
                                        }
                     },
                     {
                         "type":  "Feature",
                         "geometry":  {
                                          "type":  "Point",
                                          "coordinates":  [
                                                              121.7441073,
                                                              25.1312801
                                                          ]
                                      },
                         "properties":  {
                                            "title":  "基隆交響管樂團主題系列音樂會《奇幻史詩電影交響》",
                                            "location_name":  "基隆表演藝術中心演藝廳",
                                            "event_time":  "2026/05/31 14:30:00",
                                            "category":  1,
                                            "on_sales":  false,
                                            "source_trace":  "cloud.culture.tw",
                                            "data_mode":  "real"
                                        }
                     },
                     {
                         "type":  "Feature",
                         "geometry":  {
                                          "type":  "Point",
                                          "coordinates":  [
                                                              121.519047,
                                                              25.0367564
                                                          ]
                                      },
                         "properties":  {
                                            "title":  "赫里斯托夫與胡志龍",
                                            "location_name":  "國家兩廳院演奏廳",
                                            "event_time":  "2026/05/31 14:30:00",
                                            "category":  1,
                                            "on_sales":  false,
                                            "source_trace":  "cloud.culture.tw",
                                            "data_mode":  "real"
                                        }
                     },
                     {
                         "type":  "Feature",
                         "geometry":  {
                                          "type":  "Point",
                                          "coordinates":  [
                                                              120.3634355,
                                                              22.6247642
                                                          ]
                                      },
                         "properties":  {
                                            "title":  "鳳鳴樂響 和樂融融-鳳甲國中管樂團成果發表會暨聯合音樂會",
                                            "location_name":  "大東文化藝術中心演藝廳",
                                            "event_time":  "2026/05/31 14:30:00",
                                            "category":  1,
                                            "on_sales":  false,
                                            "source_trace":  "cloud.culture.tw",
                                            "data_mode":  "real"
                                        }
                     },
                     {
                         "type":  "Feature",
                         "geometry":  {
                                          "type":  "Point",
                                          "coordinates":  [
                                                              121.5103541,
                                                              25.0425041
                                                          ]
                                      },
                         "properties":  {
                                            "title":  "【2026 TSO 首席指揮】里柏瑞契、哈察特楊與TSO",
                                            "location_name":  "臺北市中山堂中正廳",
                                            "event_time":  "2026/05/31 19:30:00",
                                            "category":  1,
                                            "on_sales":  false,
                                            "source_trace":  "cloud.culture.tw",
                                            "data_mode":  "real"
                                        }
                     },
                     {
                         "type":  "Feature",
                         "geometry":  {
                                          "type":  "Point",
                                          "coordinates":  [
                                                              120.31814,
                                                              22.6257981
                                                          ]
                                      },
                         "properties":  {
                                            "title":  "輕鬆聽爵士—管絃樂社團成果發表會",
                                            "location_name":  "高雄市文化中心至德堂",
                                            "event_time":  "2026/05/31 19:30:00",
                                            "category":  1,
                                            "on_sales":  false,
                                            "source_trace":  "cloud.culture.tw",
                                            "data_mode":  "real"
                                        }
                     },
                     {
                         "type":  "Feature",
                         "geometry":  {
                                          "type":  "Point",
                                          "coordinates":  [
                                                              121.519047,
                                                              25.0367564
                                                          ]
                                      },
                         "properties":  {
                                            "title":  "鋼琴合作藝術聲樂篇系列音樂會（二）／德文藝術歌曲",
                                            "location_name":  "國家兩廳院演奏廳",
                                            "event_time":  "2026/05/31 19:30:00",
                                            "category":  1,
                                            "on_sales":  false,
                                            "source_trace":  "cloud.culture.tw",
                                            "data_mode":  "real"
                                        }
                     },
                     {
                         "type":  "Feature",
                         "geometry":  {
                                          "type":  "Point",
                                          "coordinates":  [
                                                              121.519047,
                                                              25.0367564
                                                          ]
                                      },
                         "properties":  {
                                            "title":  "2026新藝術樂季 II：『輝煌斯拉夫 』- 從德弗札克到拉赫曼尼諾夫",
                                            "location_name":  "國家音樂廳",
                                            "event_time":  "2026/06/01 19:30:00",
                                            "category":  1,
                                            "on_sales":  false,
                                            "source_trace":  "cloud.culture.tw",
                                            "data_mode":  "real"
                                        }
                     },
                     {
                         "type":  "Feature",
                         "geometry":  {
                                          "type":  "Point",
                                          "coordinates":  [
                                                              121.519047,
                                                              25.0367564
                                                          ]
                                      },
                         "properties":  {
                                            "title":  "2026小澤瑠衣獨奏會",
                                            "location_name":  "國家兩廳院演奏廳",
                                            "event_time":  "2026/06/02 19:30:00",
                                            "category":  1,
                                            "on_sales":  false,
                                            "source_trace":  "cloud.culture.tw",
                                            "data_mode":  "real"
                                        }
                     },
                     {
                         "type":  "Feature",
                         "geometry":  {
                                          "type":  "Point",
                                          "coordinates":  [
                                                              121.519047,
                                                              25.0367564
                                                          ]
                                      },
                         "properties":  {
                                            "title":  "【取消演出】絢麗系列 — 李奕 x 李孝雙鋼琴音樂會",
                                            "location_name":  "國家音樂廳",
                                            "event_time":  "2026/06/03 19:30:00",
                                            "category":  1,
                                            "on_sales":  false,
                                            "source_trace":  "cloud.culture.tw",
                                            "data_mode":  "real"
                                        }
                     },
                     {
                         "type":  "Feature",
                         "geometry":  {
                                          "type":  "Point",
                                          "coordinates":  [
                                                              121.519047,
                                                              25.0367564
                                                          ]
                                      },
                         "properties":  {
                                            "title":  "八十初心，見山是山－白建宇2026鋼琴獨奏會",
                                            "location_name":  "國家音樂廳",
                                            "event_time":  "2026/06/03 19:30:00",
                                            "category":  1,
                                            "on_sales":  false,
                                            "source_trace":  "cloud.culture.tw",
                                            "data_mode":  "real"
                                        }
                     },
                     {
                         "type":  "Feature",
                         "geometry":  {
                                          "type":  "Point",
                                          "coordinates":  [
                                                              120.342434118507,
                                                              22.6230179238508
                                                          ]
                                      },
                         "properties":  {
                                            "title":  "樂音遠征~ 2026楠梓國中管樂班年度音樂會",
                                            "location_name":  "衛武營國家藝術文化中心音樂廳",
                                            "event_time":  "2026/06/03 19:30:00",
                                            "category":  1,
                                            "on_sales":  false,
                                            "source_trace":  "cloud.culture.tw",
                                            "data_mode":  "real"
                                        }
                     },
                     {
                         "type":  "Feature",
                         "geometry":  {
                                          "type":  "Point",
                                          "coordinates":  [
                                                              121.519047,
                                                              25.0367564
                                                          ]
                                      },
                         "properties":  {
                                            "title":  "音緣際會　Sam Armstrong x Huang Shao Wei 長號音樂會",
                                            "location_name":  "國家兩廳院演奏廳",
                                            "event_time":  "2026/06/03 19:30:00",
                                            "category":  1,
                                            "on_sales":  false,
                                            "source_trace":  "cloud.culture.tw",
                                            "data_mode":  "real"
                                        }
                     },
                     {
                         "type":  "Feature",
                         "geometry":  {
                                          "type":  "Point",
                                          "coordinates":  [
                                                              120.342434118507,
                                                              22.6230179238508
                                                          ]
                                      },
                         "properties":  {
                                            "title":  "2026管弦樂團音樂會《序曲之後：愛與命運的交響",
                                            "location_name":  "衛武營國家藝術文化中心音樂廳",
                                            "event_time":  "2026/06/04 19:30:00",
                                            "category":  1,
                                            "on_sales":  false,
                                            "source_trace":  "cloud.culture.tw",
                                            "data_mode":  "real"
                                        }
                     },
                     {
                         "type":  "Feature",
                         "geometry":  {
                                          "type":  "Point",
                                          "coordinates":  [
                                                              121.56143652677528,
                                                              25.044755179618331
                                                          ]
                                      },
                         "properties":  {
                                            "title":  "《符號、遊戲與訊息》—庫爾塔格100臺灣巡迴音樂會",
                                            "location_name":  "誠品表演廳",
                                            "event_time":  "2026/06/04 19:30:00",
                                            "category":  1,
                                            "on_sales":  false,
                                            "source_trace":  "cloud.culture.tw",
                                            "data_mode":  "real"
                                        }
                     },
                     {
                         "type":  "Feature",
                         "geometry":  {
                                          "type":  "Point",
                                          "coordinates":  [
                                                              121.7441073,
                                                              25.1312801
                                                          ]
                                      },
                         "properties":  {
                                            "title":  "台灣∞西班牙1626航海家四百年第一類接觸歌劇舞蹈音樂會",
                                            "location_name":  "基隆表演藝術中心演藝廳",
                                            "event_time":  "2026/06/04 19:30:00",
                                            "category":  1,
                                            "on_sales":  false,
                                            "source_trace":  "cloud.culture.tw",
                                            "data_mode":  "real"
                                        }
                     },
                     {
                         "type":  "Feature",
                         "geometry":  {
                                          "type":  "Point",
                                          "coordinates":  [
                                                              120.4318447,
                                                              23.5436194
                                                          ]
                                      },
                         "properties":  {
                                            "title":  "嘉北國小管樂班×嘉頌重奏團《彩虹鴉》",
                                            "location_name":  "嘉義縣表演藝術中心演藝廳",
                                            "event_time":  "2026/06/04 19:30:00",
                                            "category":  1,
                                            "on_sales":  false,
                                            "source_trace":  "cloud.culture.tw",
                                            "data_mode":  "real"
                                        }
                     },
                     {
                         "type":  "Feature",
                         "geometry":  {
                                          "type":  "Point",
                                          "coordinates":  [
                                                              121.519047,
                                                              25.0367564
                                                          ]
                                      },
                         "properties":  {
                                            "title":  "巴洛克獨奏家樂團《音畫．臺灣》戲劇暨講座音樂會",
                                            "location_name":  "國家兩廳院演奏廳",
                                            "event_time":  "2026/06/04 19:30:00",
                                            "category":  1,
                                            "on_sales":  false,
                                            "source_trace":  "cloud.culture.tw",
                                            "data_mode":  "real"
                                        }
                     },
                     {
                         "type":  "Feature",
                         "geometry":  {
                                          "type":  "Point",
                                          "coordinates":  [
                                                              120.8886966,
                                                              24.6905875
                                                          ]
                                      },
                         "properties":  {
                                            "title":  "【逐聲萬里 ‧ 音為有你】竹南國中音樂班112級畢業音樂會暨成果發表",
                                            "location_name":  "苗栗縣苗北藝文中心",
                                            "event_time":  "2026/06/05 19:00:00",
                                            "category":  1,
                                            "on_sales":  false,
                                            "source_trace":  "cloud.culture.tw",
                                            "data_mode":  "real"
                                        }
                     },
                     {
                         "type":  "Feature",
                         "geometry":  {
                                          "type":  "Point",
                                          "coordinates":  [
                                                              120.2079978,
                                                              22.9847814
                                                          ]
                                      },
                         "properties":  {
                                            "title":  "2026台積心築藝術季《巴佛傑的拉威爾之夜》",
                                            "location_name":  "國立臺南大學雅音樓音樂廳",
                                            "event_time":  "2026/06/05 19:30:00",
                                            "category":  1,
                                            "on_sales":  false,
                                            "source_trace":  "cloud.culture.tw",
                                            "data_mode":  "real"
                                        }
                     },
                     {
                         "type":  "Feature",
                         "geometry":  {
                                          "type":  "Point",
                                          "coordinates":  [
                                                              120.31814,
                                                              22.6257981
                                                          ]
                                      },
                         "properties":  {
                                            "title":  "2026四維管弦樂團~音樂魔法",
                                            "location_name":  "高雄市文化中心至德堂",
                                            "event_time":  "2026/06/05 19:30:00",
                                            "category":  1,
                                            "on_sales":  false,
                                            "source_trace":  "cloud.culture.tw",
                                            "data_mode":  "real"
                                        }
                     },
                     {
                         "type":  "Feature",
                         "geometry":  {
                                          "type":  "Point",
                                          "coordinates":  [
                                                              120.2868631,
                                                              22.6276246
                                                          ]
                                      },
                         "properties":  {
                                            "title":  "2026陳大衛鋼琴獨奏會",
                                            "location_name":  "高雄市音樂館演奏廳",
                                            "event_time":  "2026/06/05 19:30:00",
                                            "category":  1,
                                            "on_sales":  false,
                                            "source_trace":  "cloud.culture.tw",
                                            "data_mode":  "real"
                                        }
                     },
                     {
                         "type":  "Feature",
                         "geometry":  {
                                          "type":  "Point",
                                          "coordinates":  [
                                                              120.342434118507,
                                                              22.6230179238508
                                                          ]
                                      },
                         "properties":  {
                                            "title":  "NTSO陳美安，張凱閔與國臺交",
                                            "location_name":  "衛武營國家藝術文化中心音樂廳",
                                            "event_time":  "2026/06/05 19:30:00",
                                            "category":  1,
                                            "on_sales":  false,
                                            "source_trace":  "cloud.culture.tw",
                                            "data_mode":  "real"
                                        }
                     },
                     {
                         "type":  "Feature",
                         "geometry":  {
                                          "type":  "Point",
                                          "coordinates":  [
                                                              120.5985321,
                                                              24.1804426
                                                          ]
                                      },
                         "properties":  {
                                            "title":  "《符號、遊戲與訊息》—庫爾塔格100臺灣巡迴音樂會",
                                            "location_name":  "東海大學音樂系演奏廳",
                                            "event_time":  "2026/06/05 19:30:00",
                                            "category":  1,
                                            "on_sales":  false,
                                            "source_trace":  "cloud.culture.tw",
                                            "data_mode":  "real"
                                        }
                     },
                     {
                         "type":  "Feature",
                         "geometry":  {
                                          "type":  "Point",
                                          "coordinates":  [
                                                              121.519047,
                                                              25.0367564
                                                          ]
                                      },
                         "properties":  {
                                            "title":  "小巨人絲竹室內樂系列【 絲弦情 LXXV 】",
                                            "location_name":  "國家兩廳院演奏廳",
                                            "event_time":  "2026/06/05 19:30:00",
                                            "category":  1,
                                            "on_sales":  false,
                                            "source_trace":  "cloud.culture.tw",
                                            "data_mode":  "real"
                                        }
                     },
                     {
                         "type":  "Feature",
                         "geometry":  {
                                          "type":  "Point",
                                          "coordinates":  [
                                                              121.2275687,
                                                              24.9582226
                                                          ]
                                      },
                         "properties":  {
                                            "title":  "狂美《宮崎駿動畫配樂II》交響音樂會-2026暖心巡演",
                                            "location_name":  "中壢藝術館音樂廳",
                                            "event_time":  "2026/06/05 19:30:00",
                                            "category":  1,
                                            "on_sales":  false,
                                            "source_trace":  "cloud.culture.tw",
                                            "data_mode":  "real"
                                        }
                     },
                     {
                         "type":  "Feature",
                         "geometry":  {
                                          "type":  "Point",
                                          "coordinates":  [
                                                              121.4706582,
                                                              25.0813684
                                                          ]
                                      },
                         "properties":  {
                                            "title":  "藝聲家《山雲間的新世界》交響管弦音樂會-2026璀璨經典",
                                            "location_name":  "功學社音樂廳",
                                            "event_time":  "2026/06/05 19:30:00",
                                            "category":  1,
                                            "on_sales":  false,
                                            "source_trace":  "cloud.culture.tw",
                                            "data_mode":  "real"
                                        }
                     },
                     {
                         "type":  "Feature",
                         "geometry":  {
                                          "type":  "Point",
                                          "coordinates":  [
                                                              121.519047,
                                                              25.0367564
                                                          ]
                                      },
                         "properties":  {
                                            "title":  "靈魂．藍途—梵志登與ESO",
                                            "location_name":  "國家音樂廳",
                                            "event_time":  "2026/06/05 19:30:00",
                                            "category":  1,
                                            "on_sales":  false,
                                            "source_trace":  "cloud.culture.tw",
                                            "data_mode":  "real"
                                        }
                     },
                     {
                         "type":  "Feature",
                         "geometry":  {
                                          "type":  "Point",
                                          "coordinates":  [
                                                              121.524399267913,
                                                              25.0847069488325
                                                          ]
                                      },
                         "properties":  {
                                            "title":  "魔力瘋－阿根廷男神擊樂舞團",
                                            "location_name":  "臺北表演藝術中心 大劇院",
                                            "event_time":  "2026/06/05 19:30:00",
                                            "category":  1,
                                            "on_sales":  false,
                                            "source_trace":  "cloud.culture.tw",
                                            "data_mode":  "real"
                                        }
                     },
                     {
                         "type":  "Feature",
                         "geometry":  {
                                          "type":  "Point",
                                          "coordinates":  [
                                                              120.8886966,
                                                              24.6905875
                                                          ]
                                      },
                         "properties":  {
                                            "title":  "2026親親苗北：MUZIKids繪本音樂會《星期三的麵包店》（2場次）",
                                            "location_name":  "苗栗縣苗北藝文中心",
                                            "event_time":  "2026/06/06 11:00:00",
                                            "category":  1,
                                            "on_sales":  false,
                                            "source_trace":  "cloud.culture.tw",
                                            "data_mode":  "real"
                                        }
                     },
                     {
                         "type":  "Feature",
                         "geometry":  {
                                          "type":  "Point",
                                          "coordinates":  [
                                                              121.5103541,
                                                              25.0425041
                                                          ]
                                      },
                         "properties":  {
                                            "title":  "【2026 TSO 推廣系列】《作曲家夜總會》劇場音樂會",
                                            "location_name":  "臺北市中山堂中正廳",
                                            "event_time":  "2026/06/06 13:30:00",
                                            "category":  1,
                                            "on_sales":  false,
                                            "source_trace":  "cloud.culture.tw",
                                            "data_mode":  "real"
                                        }
                     },
                     {
                         "type":  "Feature",
                         "geometry":  {
                                          "type":  "Point",
                                          "coordinates":  [
                                                              120.3171311,
                                                              22.6259044
                                                          ]
                                      },
                         "properties":  {
                                            "title":  "2026臺南女中音樂班桔梗藝術季《仲夏遊藝》",
                                            "location_name":  "高雄市文化中心至德堂",
                                            "event_time":  "2026/06/06 14:00:00",
                                            "category":  1,
                                            "on_sales":  false,
                                            "source_trace":  "cloud.culture.tw",
                                            "data_mode":  "real"
                                        }
                     },
                     {
                         "type":  "Feature",
                         "geometry":  {
                                          "type":  "Point",
                                          "coordinates":  [
                                                              120.8886966,
                                                              24.6905875
                                                          ]
                                      },
                         "properties":  {
                                            "title":  "2026后庄國小管樂成果發表會：后庄愛樂-仲夏樂章",
                                            "location_name":  "苗栗縣苗北藝文中心",
                                            "event_time":  "2026/06/06 14:30:00",
                                            "category":  1,
                                            "on_sales":  false,
                                            "source_trace":  "cloud.culture.tw",
                                            "data_mode":  "real"
                                        }
                     },
                     {
                         "type":  "Feature",
                         "geometry":  {
                                          "type":  "Point",
                                          "coordinates":  [
                                                              121.09533692001996,
                                                              24.7373272034524
                                                          ]
                                      },
                         "properties":  {
                                            "title":  "CA．MA鋼琴音樂節-跟著音樂去旅行 系列一",
                                            "location_name":  "竹東音樂巷親愛音樂廳",
                                            "event_time":  "2026/06/06 14:30:00",
                                            "category":  1,
                                            "on_sales":  false,
                                            "source_trace":  "cloud.culture.tw",
                                            "data_mode":  "real"
                                        }
                     },
                     {
                         "type":  "Feature",
                         "geometry":  {
                                          "type":  "Point",
                                          "coordinates":  [
                                                              120.2310315,
                                                              22.9392326
                                                          ]
                                      },
                         "properties":  {
                                            "title":  "探索世界藝術寶庫-波斯音樂",
                                            "location_name":  "十鼓文創園區-小劇場",
                                            "event_time":  "2026/06/06 14:30:00",
                                            "category":  1,
                                            "on_sales":  false,
                                            "source_trace":  "cloud.culture.tw",
                                            "data_mode":  "real"
                                        }
                     },
                     {
                         "type":  "Feature",
                         "geometry":  {
                                          "type":  "Point",
                                          "coordinates":  [
                                                              120.9680989,
                                                              24.8116887
                                                          ]
                                      },
                         "properties":  {
                                            "title":  "狂歡慶典",
                                            "location_name":  "新竹市文化局演藝廳音樂廳",
                                            "event_time":  "2026/06/06 14:30:00",
                                            "category":  1,
                                            "on_sales":  false,
                                            "source_trace":  "cloud.culture.tw",
                                            "data_mode":  "real"
                                        }
                     },
                     {
                         "type":  "Feature",
                         "geometry":  {
                                          "type":  "Point",
                                          "coordinates":  [
                                                              121.2275687,
                                                              24.9582226
                                                          ]
                                      },
                         "properties":  {
                                            "title":  "狂美《宮崎駿動畫配樂II》交響音樂會-2026暖心巡演",
                                            "location_name":  "中壢藝術館音樂廳",
                                            "event_time":  "2026/06/06 14:30:00",
                                            "category":  1,
                                            "on_sales":  false,
                                            "source_trace":  "cloud.culture.tw",
                                            "data_mode":  "real"
                                        }
                     },
                     {
                         "type":  "Feature",
                         "geometry":  {
                                          "type":  "Point",
                                          "coordinates":  [
                                                              121.5243992779115,
                                                              25.084774880260841
                                                          ]
                                      },
                         "properties":  {
                                            "title":  "臺北爵士大樂隊 -老派趴踢Night",
                                            "location_name":  "臺北表演藝術中心 藍盒子",
                                            "event_time":  "2026/06/06 14:30:00",
                                            "category":  1,
                                            "on_sales":  false,
                                            "source_trace":  "cloud.culture.tw",
                                            "data_mode":  "real"
                                        }
                     },
                     {
                         "type":  "Feature",
                         "geometry":  {
                                          "type":  "Point",
                                          "coordinates":  [
                                                              120.8203986,
                                                              24.565963
                                                          ]
                                      },
                         "properties":  {
                                            "title":  "鄉音飄揚－客家情音樂演奏會",
                                            "location_name":  "苗栗縣政府文化觀光局",
                                            "event_time":  "2026/06/06 14:30:00",
                                            "category":  1,
                                            "on_sales":  false,
                                            "source_trace":  "cloud.culture.tw",
                                            "data_mode":  "real"
                                        }
                     },
                     {
                         "type":  "Feature",
                         "geometry":  {
                                          "type":  "Point",
                                          "coordinates":  [
                                                              120.342434118507,
                                                              22.6230179238508
                                                          ]
                                      },
                         "properties":  {
                                            "title":  "顏華容2026鋼琴獨奏會Ｉ－微光",
                                            "location_name":  "衛武營國家藝術文化中心表演廳",
                                            "event_time":  "2026/06/06 14:30:00",
                                            "category":  1,
                                            "on_sales":  false,
                                            "source_trace":  "cloud.culture.tw",
                                            "data_mode":  "real"
                                        }
                     },
                     {
                         "type":  "Feature",
                         "geometry":  {
                                          "type":  "Point",
                                          "coordinates":  [
                                                              121.524399267913,
                                                              25.0847069488325
                                                          ]
                                      },
                         "properties":  {
                                            "title":  "魔力瘋－阿根廷男神擊樂舞團",
                                            "location_name":  "臺北表演藝術中心 大劇院",
                                            "event_time":  "2026/06/06 14:30:00",
                                            "category":  1,
                                            "on_sales":  false,
                                            "source_trace":  "cloud.culture.tw",
                                            "data_mode":  "real"
                                        }
                     },
                     {
                         "type":  "Feature",
                         "geometry":  {
                                          "type":  "Point",
                                          "coordinates":  [
                                                              120.2868631,
                                                              22.6276246
                                                          ]
                                      },
                         "properties":  {
                                            "title":  "鹽續-不散的協奏樂章",
                                            "location_name":  "高雄市音樂館演奏廳",
                                            "event_time":  "2026/06/06 14:30:00",
                                            "category":  1,
                                            "on_sales":  false,
                                            "source_trace":  "cloud.culture.tw",
                                            "data_mode":  "real"
                                        }
                     },
                     {
                         "type":  "Feature",
                         "geometry":  {
                                          "type":  "Point",
                                          "coordinates":  [
                                                              121.5103541,
                                                              25.0425041
                                                          ]
                                      },
                         "properties":  {
                                            "title":  "【2026 TSO 推廣系列】《作曲家夜總會》劇場音樂會",
                                            "location_name":  "臺北市中山堂中正廳",
                                            "event_time":  "2026/06/06 16:00:00",
                                            "category":  1,
                                            "on_sales":  false,
                                            "source_trace":  "cloud.culture.tw",
                                            "data_mode":  "real"
                                        }
                     },
                     {
                         "type":  "Feature",
                         "geometry":  {
                                          "type":  "Point",
                                          "coordinates":  [
                                                              121.519047,
                                                              25.0367564
                                                          ]
                                      },
                         "properties":  {
                                            "title":  "NSO《號響蒼穹》",
                                            "location_name":  "國家音樂廳",
                                            "event_time":  "2026/06/06 19:30:00",
                                            "category":  1,
                                            "on_sales":  false,
                                            "source_trace":  "cloud.culture.tw",
                                            "data_mode":  "real"
                                        }
                     },
                     {
                         "type":  "Feature",
                         "geometry":  {
                                          "type":  "Point",
                                          "coordinates":  [
                                                              120.682756,
                                                              24.155298
                                                          ]
                                      },
                         "properties":  {
                                            "title":  "NTSO陳美安，張凱閔與國臺交",
                                            "location_name":  "臺中市中山堂",
                                            "event_time":  "2026/06/06 19:30:00",
                                            "category":  1,
                                            "on_sales":  false,
                                            "source_trace":  "cloud.culture.tw",
                                            "data_mode":  "real"
                                        }
                     },
                     {
                         "type":  "Feature",
                         "geometry":  {
                                          "type":  "Point",
                                          "coordinates":  [
                                                              120.2885658,
                                                              22.6181635
                                                          ]
                                      },
                         "properties":  {
                                            "title":  "《但願人長久》鄧麗君經典回聲音樂會",
                                            "location_name":  "高雄流行音樂中心 海音館",
                                            "event_time":  "2026/06/06 19:30:00",
                                            "category":  1,
                                            "on_sales":  false,
                                            "source_trace":  "cloud.culture.tw",
                                            "data_mode":  "real"
                                        }
                     },
                     {
                         "type":  "Feature",
                         "geometry":  {
                                          "type":  "Point",
                                          "coordinates":  [
                                                              120.4525938,
                                                              23.4872749
                                                          ]
                                      },
                         "properties":  {
                                            "title":  "《大手小手齊吹奏》",
                                            "location_name":  "嘉義市政府文化局音樂廳",
                                            "event_time":  "2026/06/06 19:30:00",
                                            "category":  1,
                                            "on_sales":  false,
                                            "source_trace":  "cloud.culture.tw",
                                            "data_mode":  "real"
                                        }
                     },
                     {
                         "type":  "Feature",
                         "geometry":  {
                                          "type":  "Point",
                                          "coordinates":  [
                                                              121.519047,
                                                              25.0367564
                                                          ]
                                      },
                         "properties":  {
                                            "title":  "張正傑大提琴獨奏會-從基隆到維也納",
                                            "location_name":  "國家兩廳院演奏廳",
                                            "event_time":  "2026/06/06 19:30:00",
                                            "category":  1,
                                            "on_sales":  false,
                                            "source_trace":  "cloud.culture.tw",
                                            "data_mode":  "real"
                                        }
                     },
                     {
                         "type":  "Feature",
                         "geometry":  {
                                          "type":  "Point",
                                          "coordinates":  [
                                                              121.5243992779115,
                                                              25.084774880260841
                                                          ]
                                      },
                         "properties":  {
                                            "title":  "臺北爵士大樂隊 -老派趴踢Night",
                                            "location_name":  "臺北表演藝術中心 藍盒子",
                                            "event_time":  "2026/06/06 19:30:00",
                                            "category":  1,
                                            "on_sales":  false,
                                            "source_trace":  "cloud.culture.tw",
                                            "data_mode":  "real"
                                        }
                     },
                     {
                         "type":  "Feature",
                         "geometry":  {
                                          "type":  "Point",
                                          "coordinates":  [
                                                              120.342434118507,
                                                              22.6230179238508
                                                          ]
                                      },
                         "properties":  {
                                            "title":  "靈魂．藍途—梵志登與ESO",
                                            "location_name":  "衛武營國家藝術文化中心音樂廳",
                                            "event_time":  "2026/06/06 19:30:00",
                                            "category":  1,
                                            "on_sales":  false,
                                            "source_trace":  "cloud.culture.tw",
                                            "data_mode":  "real"
                                        }
                     },
                     {
                         "type":  "Feature",
                         "geometry":  {
                                          "type":  "Point",
                                          "coordinates":  [
                                                              121.5218125,
                                                              25.0671799
                                                          ]
                                      },
                         "properties":  {
                                            "title":  "「她們」夜鶯ｘNSO 華格納《女武神》解說音樂會",
                                            "location_name":  "大同大學穹頂音樂廳",
                                            "event_time":  "2026/06/07 14:00:00",
                                            "category":  1,
                                            "on_sales":  false,
                                            "source_trace":  "cloud.culture.tw",
                                            "data_mode":  "real"
                                        }
                     },
                     {
                         "type":  "Feature",
                         "geometry":  {
                                          "type":  "Point",
                                          "coordinates":  [
                                                              121.3076493,
                                                              24.9960696
                                                          ]
                                      },
                         "properties":  {
                                            "title":  "台瘋金曲派對",
                                            "location_name":  "米倉劇場",
                                            "event_time":  "2026/06/07 14:00:00",
                                            "category":  1,
                                            "on_sales":  false,
                                            "source_trace":  "cloud.culture.tw",
                                            "data_mode":  "real"
                                        }
                     },
                     {
                         "type":  "Feature",
                         "geometry":  {
                                          "type":  "Point",
                                          "coordinates":  [
                                                              120.73504380606541,
                                                              24.156848835504007
                                                          ]
                                      },
                         "properties":  {
                                            "title":  "2026鑼鼓齊鳴慶豐收音樂會",
                                            "location_name":  "臺中市屯區藝文中心演藝廳",
                                            "event_time":  "2026/06/07 14:30:00",
                                            "category":  1,
                                            "on_sales":  false,
                                            "source_trace":  "cloud.culture.tw",
                                            "data_mode":  "real"
                                        }
                     },
                     {
                         "type":  "Feature",
                         "geometry":  {
                                          "type":  "Point",
                                          "coordinates":  [
                                                              121.09533692001996,
                                                              24.7373272034524
                                                          ]
                                      },
                         "properties":  {
                                            "title":  "CA．MA鋼琴音樂節-跟著音樂去旅行 系列二",
                                            "location_name":  "竹東音樂巷親愛音樂廳",
                                            "event_time":  "2026/06/07 14:30:00",
                                            "category":  1,
                                            "on_sales":  false,
                                            "source_trace":  "cloud.culture.tw",
                                            "data_mode":  "real"
                                        }
                     },
                     {
                         "type":  "Feature",
                         "geometry":  {
                                          "type":  "Point",
                                          "coordinates":  [
                                                              121.519047,
                                                              25.0367564
                                                          ]
                                      },
                         "properties":  {
                                            "title":  "NSO X 麗寶彩雲室內樂系列 II《流轉》",
                                            "location_name":  "國家兩廳院演奏廳",
                                            "event_time":  "2026/06/07 14:30:00",
                                            "category":  1,
                                            "on_sales":  false,
                                            "source_trace":  "cloud.culture.tw",
                                            "data_mode":  "real"
                                        }
                     },
                     {
                         "type":  "Feature",
                         "geometry":  {
                                          "type":  "Point",
                                          "coordinates":  [
                                                              120.7304148,
                                                              24.2529902
                                                          ]
                                      },
                         "properties":  {
                                            "title":  "《歐啦啦！翹鬍子的麵包大冒險》",
                                            "location_name":  "臺中市葫蘆墩文化中心演奏廳",
                                            "event_time":  "2026/06/07 14:30:00",
                                            "category":  1,
                                            "on_sales":  false,
                                            "source_trace":  "cloud.culture.tw",
                                            "data_mode":  "real"
                                        }
                     },
                     {
                         "type":  "Feature",
                         "geometry":  {
                                          "type":  "Point",
                                          "coordinates":  [
                                                              120.342434118507,
                                                              22.6230179238508
                                                          ]
                                      },
                         "properties":  {
                                            "title":  "《翎揚配—遊》李翎喬揚琴獨奏會",
                                            "location_name":  "衛武營國家藝術文化中心表演廳",
                                            "event_time":  "2026/06/07 14:30:00",
                                            "category":  1,
                                            "on_sales":  false,
                                            "source_trace":  "cloud.culture.tw",
                                            "data_mode":  "real"
                                        }
                     },
                     {
                         "type":  "Feature",
                         "geometry":  {
                                          "type":  "Point",
                                          "coordinates":  [
                                                              121.519047,
                                                              25.0367564
                                                          ]
                                      },
                         "properties":  {
                                            "title":  "【2026 TSO 名家系列】國際當代之聲─庫西斯托、慕禮與TSO",
                                            "location_name":  "國家音樂廳",
                                            "event_time":  "2026/06/07 14:30:00",
                                            "category":  1,
                                            "on_sales":  false,
                                            "source_trace":  "cloud.culture.tw",
                                            "data_mode":  "real"
                                        }
                     },
                     {
                         "type":  "Feature",
                         "geometry":  {
                                          "type":  "Point",
                                          "coordinates":  [
                                                              121.56143652677528,
                                                              25.044755179618331
                                                          ]
                                      },
                         "properties":  {
                                            "title":  "【2026誠品室內樂節】《仰望經典．迎向新聲》—晨邊高地弦樂四重奏",
                                            "location_name":  "誠品表演廳",
                                            "event_time":  "2026/06/07 14:30:00",
                                            "category":  1,
                                            "on_sales":  false,
                                            "source_trace":  "cloud.culture.tw",
                                            "data_mode":  "real"
                                        }
                     },
                     {
                         "type":  "Feature",
                         "geometry":  {
                                          "type":  "Point",
                                          "coordinates":  [
                                                              120.8859459,
                                                              24.6907345
                                                          ]
                                      },
                         "properties":  {
                                            "title":  "卡通大冒險-親子音樂會",
                                            "location_name":  "苗北藝文中心演藝廳",
                                            "event_time":  "2026/06/07 14:30:00",
                                            "category":  1,
                                            "on_sales":  false,
                                            "source_trace":  "cloud.culture.tw",
                                            "data_mode":  "real"
                                        }
                     },
                     {
                         "type":  "Feature",
                         "geometry":  {
                                          "type":  "Point",
                                          "coordinates":  [
                                                              121.234544,
                                                              24.8454699
                                                          ]
                                      },
                         "properties":  {
                                            "title":  "桃花開茶山情~絲竹與山歌的客家風華",
                                            "location_name":  "桃園市客家文化館演藝廳",
                                            "event_time":  "2026/06/07 14:30:00",
                                            "category":  1,
                                            "on_sales":  false,
                                            "source_trace":  "cloud.culture.tw",
                                            "data_mode":  "real"
                                        }
                     },
                     {
                         "type":  "Feature",
                         "geometry":  {
                                          "type":  "Point",
                                          "coordinates":  [
                                                              120.682756,
                                                              24.155298
                                                          ]
                                      },
                         "properties":  {
                                            "title":  "管樂泰斗《福爾摩沙爵士俱樂部》音樂會",
                                            "location_name":  "臺中市中山堂",
                                            "event_time":  "2026/06/07 14:30:00",
                                            "category":  1,
                                            "on_sales":  false,
                                            "source_trace":  "cloud.culture.tw",
                                            "data_mode":  "real"
                                        }
                     },
                     {
                         "type":  "Feature",
                         "geometry":  {
                                          "type":  "Point",
                                          "coordinates":  [
                                                              120.8886966,
                                                              24.6905875
                                                          ]
                                      },
                         "properties":  {
                                            "title":  "金喇叭銅管樂團《卡通大冒險》親子音樂會",
                                            "location_name":  "苗栗縣苗北藝文中心",
                                            "event_time":  "2026/06/07 14:30:00",
                                            "category":  1,
                                            "on_sales":  false,
                                            "source_trace":  "cloud.culture.tw",
                                            "data_mode":  "real"
                                        }
                     },
                     {
                         "type":  "Feature",
                         "geometry":  {
                                          "type":  "Point",
                                          "coordinates":  [
                                                              121.5256749,
                                                              25.0196669
                                                          ]
                                      },
                         "properties":  {
                                            "title":  "銅管好萊塢：經典電影之夜",
                                            "location_name":  "臺北市客家音樂戲劇中心二樓劇場",
                                            "event_time":  "2026/06/07 14:30:00",
                                            "category":  1,
                                            "on_sales":  false,
                                            "source_trace":  "cloud.culture.tw",
                                            "data_mode":  "real"
                                        }
                     },
                     {
                         "type":  "Feature",
                         "geometry":  {
                                          "type":  "Point",
                                          "coordinates":  [
                                                              121.524399267913,
                                                              25.0847069488325
                                                          ]
                                      },
                         "properties":  {
                                            "title":  "魔力瘋－阿根廷男神擊樂舞團",
                                            "location_name":  "臺北表演藝術中心 大劇院",
                                            "event_time":  "2026/06/07 14:30:00",
                                            "category":  1,
                                            "on_sales":  false,
                                            "source_trace":  "cloud.culture.tw",
                                            "data_mode":  "real"
                                        }
                     },
                     {
                         "type":  "Feature",
                         "geometry":  {
                                          "type":  "Point",
                                          "coordinates":  [
                                                              120.31578,
                                                              23.3089691
                                                          ]
                                      },
                         "properties":  {
                                            "title":  "2026新營藝術季-阿尼瑪大進擊！",
                                            "location_name":  "臺南新營文化中心演藝廳",
                                            "event_time":  "2026/06/07 15:00:00",
                                            "category":  1,
                                            "on_sales":  false,
                                            "source_trace":  "cloud.culture.tw",
                                            "data_mode":  "real"
                                        }
                     },
                     {
                         "type":  "Feature",
                         "geometry":  {
                                          "type":  "Point",
                                          "coordinates":  [
                                                              121.519047,
                                                              25.0367564
                                                          ]
                                      },
                         "properties":  {
                                            "title":  "2026拉縴人少年兒童合唱團《環遊世界》",
                                            "location_name":  "國家兩廳院演奏廳",
                                            "event_time":  "2026/06/08 19:30:00",
                                            "category":  1,
                                            "on_sales":  false,
                                            "source_trace":  "cloud.culture.tw",
                                            "data_mode":  "real"
                                        }
                     },
                     {
                         "type":  "Feature",
                         "geometry":  {
                                          "type":  "Point",
                                          "coordinates":  [
                                                              121.519047,
                                                              25.0367564
                                                          ]
                                      },
                         "properties":  {
                                            "title":  "陳介涵鋼琴獨奏會  拉赫曼尼諾夫：改編與變奏的藝術",
                                            "location_name":  "國家音樂廳",
                                            "event_time":  "2026/06/08 19:30:00",
                                            "category":  1,
                                            "on_sales":  false,
                                            "source_trace":  "cloud.culture.tw",
                                            "data_mode":  "real"
                                        }
                     },
                     {
                         "type":  "Feature",
                         "geometry":  {
                                          "type":  "Point",
                                          "coordinates":  [
                                                              120.5061328,
                                                              22.6633696
                                                          ]
                                      },
                         "properties":  {
                                            "title":  "「里之旋律．港之和聲」音樂會",
                                            "location_name":  "屏東演藝廳音樂廳",
                                            "event_time":  "2026/06/09 19:00:00",
                                            "category":  1,
                                            "on_sales":  false,
                                            "source_trace":  "cloud.culture.tw",
                                            "data_mode":  "real"
                                        }
                     },
                     {
                         "type":  "Feature",
                         "geometry":  {
                                          "type":  "Point",
                                          "coordinates":  [
                                                              120.342434118507,
                                                              22.6230179238508
                                                          ]
                                      },
                         "properties":  {
                                            "title":  "「弦歌繞樑」2026聖采琪聯合弦樂團巡迴音樂會",
                                            "location_name":  "衛武營國家藝術文化中心音樂廳",
                                            "event_time":  "2026/06/09 19:30:00",
                                            "category":  1,
                                            "on_sales":  false,
                                            "source_trace":  "cloud.culture.tw",
                                            "data_mode":  "real"
                                        }
                     },
                     {
                         "type":  "Feature",
                         "geometry":  {
                                          "type":  "Point",
                                          "coordinates":  [
                                                              121.5103541,
                                                              25.0425041
                                                          ]
                                      },
                         "properties":  {
                                            "title":  "人聲壯遊VI《世界樹》台北愛樂青年合唱團音樂會",
                                            "location_name":  "臺北市中山堂中正廳",
                                            "event_time":  "2026/06/09 19:30:00",
                                            "category":  1,
                                            "on_sales":  false,
                                            "source_trace":  "cloud.culture.tw",
                                            "data_mode":  "real"
                                        }
                     },
                     {
                         "type":  "Feature",
                         "geometry":  {
                                          "type":  "Point",
                                          "coordinates":  [
                                                              121.519047,
                                                              25.0367564
                                                          ]
                                      },
                         "properties":  {
                                            "title":  "完美主義－巴佛傑，全本拉威爾鋼琴獨奏作品之夜",
                                            "location_name":  "國家音樂廳",
                                            "event_time":  "2026/06/09 19:30:00",
                                            "category":  1,
                                            "on_sales":  false,
                                            "source_trace":  "cloud.culture.tw",
                                            "data_mode":  "real"
                                        }
                     },
                     {
                         "type":  "Feature",
                         "geometry":  {
                                          "type":  "Point",
                                          "coordinates":  [
                                                              121.519047,
                                                              25.0367564
                                                          ]
                                      },
                         "properties":  {
                                            "title":  "幕聲合唱團二十週年系列音樂會(二)",
                                            "location_name":  "國家兩廳院演奏廳",
                                            "event_time":  "2026/06/09 19:30:00",
                                            "category":  1,
                                            "on_sales":  false,
                                            "source_trace":  "cloud.culture.tw",
                                            "data_mode":  "real"
                                        }
                     },
                     {
                         "type":  "Feature",
                         "geometry":  {
                                          "type":  "Point",
                                          "coordinates":  [
                                                              120.5061328,
                                                              22.6633696
                                                          ]
                                      },
                         "properties":  {
                                            "title":  "2026屏東演藝廳『消失的密室』管風琴室導覽",
                                            "location_name":  "屏東演藝廳音樂廳",
                                            "event_time":  "2026/06/10 14:30:00",
                                            "category":  1,
                                            "on_sales":  false,
                                            "source_trace":  "cloud.culture.tw",
                                            "data_mode":  "real"
                                        }
                     },
                     {
                         "type":  "Feature",
                         "geometry":  {
                                          "type":  "Point",
                                          "coordinates":  [
                                                              121.519047,
                                                              25.0367564
                                                          ]
                                      },
                         "properties":  {
                                            "title":  "火光四射 普三柴四",
                                            "location_name":  "國家音樂廳",
                                            "event_time":  "2026/06/10 19:30:00",
                                            "category":  1,
                                            "on_sales":  false,
                                            "source_trace":  "cloud.culture.tw",
                                            "data_mode":  "real"
                                        }
                     },
                     {
                         "type":  "Feature",
                         "geometry":  {
                                          "type":  "Point",
                                          "coordinates":  [
                                                              120.6403028,
                                                              24.1626492
                                                          ]
                                      },
                         "properties":  {
                                            "title":  "琴歌絃語",
                                            "location_name":  "臺中國家歌劇院小劇場",
                                            "event_time":  "2026/06/10 19:30:00",
                                            "category":  1,
                                            "on_sales":  false,
                                            "source_trace":  "cloud.culture.tw",
                                            "data_mode":  "real"
                                        }
                     },
                     {
                         "type":  "Feature",
                         "geometry":  {
                                          "type":  "Point",
                                          "coordinates":  [
                                                              121.5103541,
                                                              25.0425041
                                                          ]
                                      },
                         "properties":  {
                                            "title":  "韓德爾神劇「參孫」",
                                            "location_name":  "臺北市中山堂中正廳",
                                            "event_time":  "2026/06/10 19:30:00",
                                            "category":  1,
                                            "on_sales":  false,
                                            "source_trace":  "cloud.culture.tw",
                                            "data_mode":  "real"
                                        }
                     },
                     {
                         "type":  "Feature",
                         "geometry":  {
                                          "type":  "Point",
                                          "coordinates":  [
                                                              120.342434118507,
                                                              22.6230179238508
                                                          ]
                                      },
                         "properties":  {
                                            "title":  "【2026衛武營小時光】山狗大南方樂團《來自土地的聲音》",
                                            "location_name":  "衛武營國家藝術文化中心表演廳",
                                            "event_time":  "2026/06/10 20:00:00",
                                            "category":  1,
                                            "on_sales":  false,
                                            "source_trace":  "cloud.culture.tw",
                                            "data_mode":  "real"
                                        }
                     },
                     {
                         "type":  "Feature",
                         "geometry":  {
                                          "type":  "Point",
                                          "coordinates":  [
                                                              120.6403028,
                                                              24.1626492
                                                          ]
                                      },
                         "properties":  {
                                            "title":  "2026台積心築藝術季《日出．映像》",
                                            "location_name":  "臺中國家歌劇院小劇場",
                                            "event_time":  "2026/06/11 19:30:00",
                                            "category":  1,
                                            "on_sales":  false,
                                            "source_trace":  "cloud.culture.tw",
                                            "data_mode":  "real"
                                        }
                     },
                     {
                         "type":  "Feature",
                         "geometry":  {
                                          "type":  "Point",
                                          "coordinates":  [
                                                              121.519047,
                                                              25.0367564
                                                          ]
                                      },
                         "properties":  {
                                            "title":  "2026陳昱翰大提琴獨奏會",
                                            "location_name":  "國家兩廳院演奏廳",
                                            "event_time":  "2026/06/11 19:30:00",
                                            "category":  1,
                                            "on_sales":  false,
                                            "source_trace":  "cloud.culture.tw",
                                            "data_mode":  "real"
                                        }
                     },
                     {
                         "type":  "Feature",
                         "geometry":  {
                                          "type":  "Point",
                                          "coordinates":  [
                                                              120.342434118507,
                                                              22.6230179238508
                                                          ]
                                      },
                         "properties":  {
                                            "title":  "國防部示範樂隊115年度銅管重奏團音樂會",
                                            "location_name":  "衛武營國家藝術文化中心表演廳",
                                            "event_time":  "2026/06/11 19:30:00",
                                            "category":  1,
                                            "on_sales":  false,
                                            "source_trace":  "cloud.culture.tw",
                                            "data_mode":  "real"
                                        }
                     },
                     {
                         "type":  "Feature",
                         "geometry":  {
                                          "type":  "Point",
                                          "coordinates":  [
                                                              120.3422105,
                                                              22.624172
                                                          ]
                                      },
                         "properties":  {
                                            "title":  "弦琴藝綺音樂會",
                                            "location_name":  "衛武營國家藝術文化中心音樂廳",
                                            "event_time":  "2026/06/11 19:30:00",
                                            "category":  1,
                                            "on_sales":  false,
                                            "source_trace":  "cloud.culture.tw",
                                            "data_mode":  "real"
                                        }
                     },
                     {
                         "type":  "Feature",
                         "geometry":  {
                                          "type":  "Point",
                                          "coordinates":  [
                                                              121.519047,
                                                              25.0367564
                                                          ]
                                      },
                         "properties":  {
                                            "title":  "浪漫的起點：葛努仙涅獨奏",
                                            "location_name":  "國家音樂廳",
                                            "event_time":  "2026/06/11 19:30:00",
                                            "category":  1,
                                            "on_sales":  false,
                                            "source_trace":  "cloud.culture.tw",
                                            "data_mode":  "real"
                                        }
                     },
                     {
                         "type":  "Feature",
                         "geometry":  {
                                          "type":  "Point",
                                          "coordinates":  [
                                                              121.56143652677528,
                                                              25.044755179618331
                                                          ]
                                      },
                         "properties":  {
                                            "title":  "2026擊樂新秀音樂會《5IVE : RE/BEAT》",
                                            "location_name":  "誠品表演廳",
                                            "event_time":  "2026/06/12 19:30:00",
                                            "category":  1,
                                            "on_sales":  false,
                                            "source_trace":  "cloud.culture.tw",
                                            "data_mode":  "real"
                                        }
                     },
                     {
                         "type":  "Feature",
                         "geometry":  {
                                          "type":  "Point",
                                          "coordinates":  [
                                                              121.51862076759792,
                                                              25.03510962532496
                                                          ]
                                      },
                         "properties":  {
                                            "title":  "2026新點子實驗場 陳士惠《Sisila ila ila 別離之歌》",
                                            "location_name":  "國家兩廳院實驗劇場",
                                            "event_time":  "2026/06/12 19:30:00",
                                            "category":  1,
                                            "on_sales":  false,
                                            "source_trace":  "cloud.culture.tw",
                                            "data_mode":  "real"
                                        }
                     },
                     {
                         "type":  "Feature",
                         "geometry":  {
                                          "type":  "Point",
                                          "coordinates":  [
                                                              121.519047,
                                                              25.0367564
                                                          ]
                                      },
                         "properties":  {
                                            "title":  "NTSO莊東杰，陳廷威與國臺交",
                                            "location_name":  "國家音樂廳",
                                            "event_time":  "2026/06/12 19:30:00",
                                            "category":  1,
                                            "on_sales":  false,
                                            "source_trace":  "cloud.culture.tw",
                                            "data_mode":  "real"
                                        }
                     },
                     {
                         "type":  "Feature",
                         "geometry":  {
                                          "type":  "Point",
                                          "coordinates":  [
                                                              120.2868631,
                                                              22.6276246
                                                          ]
                                      },
                         "properties":  {
                                            "title":  "《不朽的琴韻》音樂會",
                                            "location_name":  "高雄市音樂館",
                                            "event_time":  "2026/06/12 19:30:00",
                                            "category":  1,
                                            "on_sales":  false,
                                            "source_trace":  "cloud.culture.tw",
                                            "data_mode":  "real"
                                        }
                     },
                     {
                         "type":  "Feature",
                         "geometry":  {
                                          "type":  "Point",
                                          "coordinates":  [
                                                              121.51010459577952,
                                                              25.04313285497436
                                                          ]
                                      },
                         "properties":  {
                                            "title":  "「波」「絲」傳奇─兩大古文明的對話",
                                            "location_name":  "臺北市中山堂光復廳",
                                            "event_time":  "2026/06/12 19:30:00",
                                            "category":  1,
                                            "on_sales":  false,
                                            "source_trace":  "cloud.culture.tw",
                                            "data_mode":  "real"
                                        }
                     },
                     {
                         "type":  "Feature",
                         "geometry":  {
                                          "type":  "Point",
                                          "coordinates":  [
                                                              120.342434118507,
                                                              22.6230179238508
                                                          ]
                                      },
                         "properties":  {
                                            "title":  "【映象荷蘭】拉哈夫．沙尼＆鹿特丹愛樂管絃樂團",
                                            "location_name":  "衛武營國家藝術文化中心音樂廳",
                                            "event_time":  "2026/06/12 19:30:00",
                                            "category":  1,
                                            "on_sales":  false,
                                            "source_trace":  "cloud.culture.tw",
                                            "data_mode":  "real"
                                        }
                     },
                     {
                         "type":  "Feature",
                         "geometry":  {
                                          "type":  "Point",
                                          "coordinates":  [
                                                              121.519047,
                                                              25.0367564
                                                          ]
                                      },
                         "properties":  {
                                            "title":  "布拉姆斯：獨一無二 - 兩首五重奏",
                                            "location_name":  "國家兩廳院演奏廳",
                                            "event_time":  "2026/06/12 19:30:00",
                                            "category":  1,
                                            "on_sales":  false,
                                            "source_trace":  "cloud.culture.tw",
                                            "data_mode":  "real"
                                        }
                     },
                     {
                         "type":  "Feature",
                         "geometry":  {
                                          "type":  "Point",
                                          "coordinates":  [
                                                              121.0121201,
                                                              24.8301478
                                                          ]
                                      },
                         "properties":  {
                                            "title":  "清聲飛揚～竹科媽媽．從心出發～",
                                            "location_name":  "新竹縣政府文化局演藝廳",
                                            "event_time":  "2026/06/13 14:00:00",
                                            "category":  1,
                                            "on_sales":  false,
                                            "source_trace":  "cloud.culture.tw",
                                            "data_mode":  "real"
                                        }
                     },
                     {
                         "type":  "Feature",
                         "geometry":  {
                                          "type":  "Point",
                                          "coordinates":  [
                                                              121.0121201,
                                                              24.8301478
                                                          ]
                                      },
                         "properties":  {
                                            "title":  "2026台積心築藝術季《日出．映像》",
                                            "location_name":  "新竹縣政府文化局演奏廳",
                                            "event_time":  "2026/06/13 14:30:00",
                                            "category":  1,
                                            "on_sales":  false,
                                            "source_trace":  "cloud.culture.tw",
                                            "data_mode":  "real"
                                        }
                     },
                     {
                         "type":  "Feature",
                         "geometry":  {
                                          "type":  "Point",
                                          "coordinates":  [
                                                              120.8886966,
                                                              24.6905875
                                                          ]
                                      },
                         "properties":  {
                                            "title":  "2026風動室內樂團《無限》宮崎駿動畫音樂精選",
                                            "location_name":  "苗栗縣苗北藝文中心",
                                            "event_time":  "2026/06/13 14:30:00",
                                            "category":  1,
                                            "on_sales":  false,
                                            "source_trace":  "cloud.culture.tw",
                                            "data_mode":  "real"
                                        }
                     },
                     {
                         "type":  "Feature",
                         "geometry":  {
                                          "type":  "Point",
                                          "coordinates":  [
                                                              120.8859459,
                                                              24.6907345
                                                          ]
                                      },
                         "properties":  {
                                            "title":  "2026風動室內樂團《無限》宮崎駿動畫音樂精選",
                                            "location_name":  "苗北藝文中心演藝廳",
                                            "event_time":  "2026/06/13 14:30:00",
                                            "category":  1,
                                            "on_sales":  false,
                                            "source_trace":  "cloud.culture.tw",
                                            "data_mode":  "real"
                                        }
                     },
                     {
                         "type":  "Feature",
                         "geometry":  {
                                          "type":  "Point",
                                          "coordinates":  [
                                                              121.7527402,
                                                              24.7533504
                                                          ]
                                      },
                         "properties":  {
                                            "title":  "《柴柴去𨑨迌》——親子音樂會",
                                            "location_name":  "宜蘭演藝廳",
                                            "event_time":  "2026/06/13 14:30:00",
                                            "category":  1,
                                            "on_sales":  false,
                                            "source_trace":  "cloud.culture.tw",
                                            "data_mode":  "real"
                                        }
                     },
                     {
                         "type":  "Feature",
                         "geometry":  {
                                          "type":  "Point",
                                          "coordinates":  [
                                                              121.53867852510383,
                                                              25.013768052329571
                                                          ]
                                      },
                         "properties":  {
                                            "title":  "《短笛和朋友們》2026王玉芬短笛音樂會",
                                            "location_name":  "臺灣大學藝文中心雅頌坊",
                                            "event_time":  "2026/06/13 14:30:00",
                                            "category":  1,
                                            "on_sales":  false,
                                            "source_trace":  "cloud.culture.tw",
                                            "data_mode":  "real"
                                        }
                     },
                     {
                         "type":  "Feature",
                         "geometry":  {
                                          "type":  "Point",
                                          "coordinates":  [
                                                              121.519047,
                                                              25.0367564
                                                          ]
                                      },
                         "properties":  {
                                            "title":  "小巨人絲竹樂團-青年演奏家系列【 綻放 XVIII 】",
                                            "location_name":  "國家兩廳院演奏廳",
                                            "event_time":  "2026/06/13 14:30:00",
                                            "category":  1,
                                            "on_sales":  false,
                                            "source_trace":  "cloud.culture.tw",
                                            "data_mode":  "real"
                                        }
                     },
                     {
                         "type":  "Feature",
                         "geometry":  {
                                          "type":  "Point",
                                          "coordinates":  [
                                                              121.469965395222,
                                                              25.1331246145541
                                                          ]
                                      },
                         "properties":  {
                                            "title":  "麥蕎安碩士班琵琶畢業音樂會",
                                            "location_name":  "國立臺北藝術大學音樂廳",
                                            "event_time":  "2026/06/13 14:30:00",
                                            "category":  1,
                                            "on_sales":  false,
                                            "source_trace":  "cloud.culture.tw",
                                            "data_mode":  "real"
                                        }
                     },
                     {
                         "type":  "Feature",
                         "geometry":  {
                                          "type":  "Point",
                                          "coordinates":  [
                                                              120.6403028,
                                                              24.1626492
                                                          ]
                                      },
                         "properties":  {
                                            "title":  "去 有光的地方-2026黃崇恩鋼琴獨奏會",
                                            "location_name":  "臺中國家歌劇院小劇場",
                                            "event_time":  "2026/06/13 15:00:00",
                                            "category":  1,
                                            "on_sales":  false,
                                            "source_trace":  "cloud.culture.tw",
                                            "data_mode":  "real"
                                        }
                     },
                     {
                         "type":  "Feature",
                         "geometry":  {
                                          "type":  "Point",
                                          "coordinates":  [
                                                              120.342434118507,
                                                              22.6230179238508
                                                          ]
                                      },
                         "properties":  {
                                            "title":  "Step Out 柯懿芳與Con Brio吉麗樂團",
                                            "location_name":  "衛武營國家藝術文化中心表演廳",
                                            "event_time":  "2026/06/13 19:00:00",
                                            "category":  1,
                                            "on_sales":  false,
                                            "source_trace":  "cloud.culture.tw",
                                            "data_mode":  "real"
                                        }
                     },
                     {
                         "type":  "Feature",
                         "geometry":  {
                                          "type":  "Point",
                                          "coordinates":  [
                                                              120.2868631,
                                                              22.6276246
                                                          ]
                                      },
                         "properties":  {
                                            "title":  "弦韻永恆系列-樂韻繚繞音樂會",
                                            "location_name":  "高雄市音樂館演奏廳",
                                            "event_time":  "2026/06/13 19:00:00",
                                            "category":  1,
                                            "on_sales":  false,
                                            "source_trace":  "cloud.culture.tw",
                                            "data_mode":  "real"
                                        }
                     },
                     {
                         "type":  "Feature",
                         "geometry":  {
                                          "type":  "Point",
                                          "coordinates":  [
                                                              121.51862076759792,
                                                              25.03510962532496
                                                          ]
                                      },
                         "properties":  {
                                            "title":  "2026新點子實驗場 陳士惠《Sisila ila ila 別離之歌》",
                                            "location_name":  "國家兩廳院實驗劇場",
                                            "event_time":  "2026/06/13 19:30:00",
                                            "category":  1,
                                            "on_sales":  false,
                                            "source_trace":  "cloud.culture.tw",
                                            "data_mode":  "real"
                                        }
                     },
                     {
                         "type":  "Feature",
                         "geometry":  {
                                          "type":  "Point",
                                          "coordinates":  [
                                                              120.8886966,
                                                              24.6905875
                                                          ]
                                      },
                         "properties":  {
                                            "title":  "2026風動室內樂團《無限》ACG電玩動漫音樂會",
                                            "location_name":  "苗栗縣苗北藝文中心",
                                            "event_time":  "2026/06/13 19:30:00",
                                            "category":  1,
                                            "on_sales":  false,
                                            "source_trace":  "cloud.culture.tw",
                                            "data_mode":  "real"
                                        }
                     },
                     {
                         "type":  "Feature",
                         "geometry":  {
                                          "type":  "Point",
                                          "coordinates":  [
                                                              120.8859459,
                                                              24.6907345
                                                          ]
                                      },
                         "properties":  {
                                            "title":  "2026風動室內樂團《無限》ACG電玩動漫音樂會",
                                            "location_name":  "苗北藝文中心演藝廳",
                                            "event_time":  "2026/06/13 19:30:00",
                                            "category":  1,
                                            "on_sales":  false,
                                            "source_trace":  "cloud.culture.tw",
                                            "data_mode":  "real"
                                        }
                     },
                     {
                         "type":  "Feature",
                         "geometry":  {
                                          "type":  "Point",
                                          "coordinates":  [
                                                              120.6987078,
                                                              24.0586672
                                                          ]
                                      },
                         "properties":  {
                                            "title":  "NTSO莊東杰，陳廷威與國臺交",
                                            "location_name":  "國立臺灣交響樂團演奏廳",
                                            "event_time":  "2026/06/13 19:30:00",
                                            "category":  1,
                                            "on_sales":  false,
                                            "source_trace":  "cloud.culture.tw",
                                            "data_mode":  "real"
                                        }
                     },
                     {
                         "type":  "Feature",
                         "geometry":  {
                                          "type":  "Point",
                                          "coordinates":  [
                                                              121.519047,
                                                              25.0367564
                                                          ]
                                      },
                         "properties":  {
                                            "title":  "《伊萱與朋友們》系列音樂會——〈手來！一起跳舞〉",
                                            "location_name":  "國家兩廳院演奏廳",
                                            "event_time":  "2026/06/13 19:30:00",
                                            "category":  1,
                                            "on_sales":  false,
                                            "source_trace":  "cloud.culture.tw",
                                            "data_mode":  "real"
                                        }
                     },
                     {
                         "type":  "Feature",
                         "geometry":  {
                                          "type":  "Point",
                                          "coordinates":  [
                                                              121.127921,
                                                              22.767586
                                                          ]
                                      },
                         "properties":  {
                                            "title":  "《奧地利之聲》解說式音樂會",
                                            "location_name":  "Le Ark 藝術展演中心",
                                            "event_time":  "2026/06/13 19:30:00",
                                            "category":  1,
                                            "on_sales":  false,
                                            "source_trace":  "cloud.culture.tw",
                                            "data_mode":  "real"
                                        }
                     },
                     {
                         "type":  "Feature",
                         "geometry":  {
                                          "type":  "Point",
                                          "coordinates":  [
                                                              121.56143652677528,
                                                              25.044755179618331
                                                          ]
                                      },
                         "properties":  {
                                            "title":  "【2026誠品室內樂節】《韓國天團再臨—Novus弦樂四重奏》",
                                            "location_name":  "誠品表演廳",
                                            "event_time":  "2026/06/13 19:30:00",
                                            "category":  1,
                                            "on_sales":  false,
                                            "source_trace":  "cloud.culture.tw",
                                            "data_mode":  "real"
                                        }
                     },
                     {
                         "type":  "Feature",
                         "geometry":  {
                                          "type":  "Point",
                                          "coordinates":  [
                                                              120.342434118507,
                                                              22.6230179238508
                                                          ]
                                      },
                         "properties":  {
                                            "title":  "【映象荷蘭】拉哈夫．沙尼＆鹿特丹愛樂管絃樂團",
                                            "location_name":  "衛武營國家藝術文化中心音樂廳",
                                            "event_time":  "2026/06/13 19:30:00",
                                            "category":  1,
                                            "on_sales":  false,
                                            "source_trace":  "cloud.culture.tw",
                                            "data_mode":  "real"
                                        }
                     },
                     {
                         "type":  "Feature",
                         "geometry":  {
                                          "type":  "Point",
                                          "coordinates":  [
                                                              120.221556,
                                                              22.974833
                                                          ]
                                      },
                         "properties":  {
                                            "title":  "【樂湧大江流】—雙城交響",
                                            "location_name":  "臺南文化中心演藝廳",
                                            "event_time":  "2026/06/13 19:30:00",
                                            "category":  1,
                                            "on_sales":  false,
                                            "source_trace":  "cloud.culture.tw",
                                            "data_mode":  "real"
                                        }
                     },
                     {
                         "type":  "Feature",
                         "geometry":  {
                                          "type":  "Point",
                                          "coordinates":  [
                                                              121.519047,
                                                              25.0367564
                                                          ]
                                      },
                         "properties":  {
                                            "title":  "勇源璀璨之夜 — 陳鋭小提琴獨奏會",
                                            "location_name":  "國家音樂廳",
                                            "event_time":  "2026/06/13 19:30:00",
                                            "category":  1,
                                            "on_sales":  false,
                                            "source_trace":  "cloud.culture.tw",
                                            "data_mode":  "real"
                                        }
                     },
                     {
                         "type":  "Feature",
                         "geometry":  {
                                          "type":  "Point",
                                          "coordinates":  [
                                                              120.5062157,
                                                              22.6636099
                                                          ]
                                      },
                         "properties":  {
                                            "title":  "屏東演藝廳《沙龍音樂會》",
                                            "location_name":  "屏東演藝廳音樂廳 大廳",
                                            "event_time":  "2026/06/14 11:00:00",
                                            "category":  1,
                                            "on_sales":  false,
                                            "source_trace":  "cloud.culture.tw",
                                            "data_mode":  "real"
                                        }
                     },
                     {
                         "type":  "Feature",
                         "geometry":  {
                                          "type":  "Point",
                                          "coordinates":  [
                                                              121.4439827,
                                                              25.0472567
                                                          ]
                                      },
                         "properties":  {
                                            "title":  "欣響室內管樂團『日本風情畫』管樂接力輪番秀",
                                            "location_name":  "新莊文化藝術中心演藝廳",
                                            "event_time":  "2026/06/14 13:30:00",
                                            "category":  1,
                                            "on_sales":  false,
                                            "source_trace":  "cloud.culture.tw",
                                            "data_mode":  "real"
                                        }
                     },
                     {
                         "type":  "Feature",
                         "geometry":  {
                                          "type":  "Point",
                                          "coordinates":  [
                                                              120.342434118507,
                                                              22.6230179238508
                                                          ]
                                      },
                         "properties":  {
                                            "title":  "【映象荷蘭】拉哈夫．沙尼＆鹿特丹愛樂管絃樂團",
                                            "location_name":  "衛武營國家藝術文化中心音樂廳",
                                            "event_time":  "2026/06/14 14:00:00",
                                            "category":  1,
                                            "on_sales":  false,
                                            "source_trace":  "cloud.culture.tw",
                                            "data_mode":  "real"
                                        }
                     },
                     {
                         "type":  "Feature",
                         "geometry":  {
                                          "type":  "Point",
                                          "coordinates":  [
                                                              121.51862076759792,
                                                              25.03510962532496
                                                          ]
                                      },
                         "properties":  {
                                            "title":  "2026新點子實驗場 陳士惠《Sisila ila ila 別離之歌》",
                                            "location_name":  "國家兩廳院實驗劇場",
                                            "event_time":  "2026/06/14 14:30:00",
                                            "category":  1,
                                            "on_sales":  false,
                                            "source_trace":  "cloud.culture.tw",
                                            "data_mode":  "real"
                                        }
                     },
                     {
                         "type":  "Feature",
                         "geometry":  {
                                          "type":  "Point",
                                          "coordinates":  [
                                                              121.4723509,
                                                              25.0261237
                                                          ]
                                      },
                         "properties":  {
                                            "title":  "2026温睿翎古箏音樂會",
                                            "location_name":  "新北市藝文中心演奏廳",
                                            "event_time":  "2026/06/14 14:30:00",
                                            "category":  1,
                                            "on_sales":  false,
                                            "source_trace":  "cloud.culture.tw",
                                            "data_mode":  "real"
                                        }
                     },
                     {
                         "type":  "Feature",
                         "geometry":  {
                                          "type":  "Point",
                                          "coordinates":  [
                                                              121.4706582,
                                                              25.0813684
                                                          ]
                                      },
                         "properties":  {
                                            "title":  "《向光而行》國防醫學大學綠橘子管樂社2026年度公演",
                                            "location_name":  "功學社音樂廳",
                                            "event_time":  "2026/06/14 14:30:00",
                                            "category":  1,
                                            "on_sales":  false,
                                            "source_trace":  "cloud.culture.tw",
                                            "data_mode":  "real"
                                        }
                     },
                     {
                         "type":  "Feature",
                         "geometry":  {
                                          "type":  "Point",
                                          "coordinates":  [
                                                              120.579127,
                                                              23.9491713
                                                          ]
                                      },
                         "properties":  {
                                            "title":  "卡通大冒險-親子音樂會",
                                            "location_name":  "彰化縣文化局員林演藝廳表演廳",
                                            "event_time":  "2026/06/14 14:30:00",
                                            "category":  1,
                                            "on_sales":  false,
                                            "source_trace":  "cloud.culture.tw",
                                            "data_mode":  "real"
                                        }
                     },
                     {
                         "type":  "Feature",
                         "geometry":  {
                                          "type":  "Point",
                                          "coordinates":  [
                                                              120.8886966,
                                                              24.6905875
                                                          ]
                                      },
                         "properties":  {
                                            "title":  "第十六屆「絲竹南風2026」音樂會暨畢業成果發表會",
                                            "location_name":  "苗栗縣苗北藝文中心",
                                            "event_time":  "2026/06/14 14:30:00",
                                            "category":  1,
                                            "on_sales":  false,
                                            "source_trace":  "cloud.culture.tw",
                                            "data_mode":  "real"
                                        }
                     },
                     {
                         "type":  "Feature",
                         "geometry":  {
                                          "type":  "Point",
                                          "coordinates":  [
                                                              121.519047,
                                                              25.0367564
                                                          ]
                                      },
                         "properties":  {
                                            "title":  "臺灣鄉音集–瞿春泉與桃園市國樂團",
                                            "location_name":  "國家音樂廳",
                                            "event_time":  "2026/06/14 14:30:00",
                                            "category":  1,
                                            "on_sales":  false,
                                            "source_trace":  "cloud.culture.tw",
                                            "data_mode":  "real"
                                        }
                     },
                     {
                         "type":  "Feature",
                         "geometry":  {
                                          "type":  "Point",
                                          "coordinates":  [
                                                              121.4723509,
                                                              25.0261237
                                                          ]
                                      },
                         "properties":  {
                                            "title":  "躍聲交響管樂團2026年度公演《山間舞韻》",
                                            "location_name":  "新北市藝文中心演藝廳",
                                            "event_time":  "2026/06/14 14:30:00",
                                            "category":  1,
                                            "on_sales":  false,
                                            "source_trace":  "cloud.culture.tw",
                                            "data_mode":  "real"
                                        }
                     },
                     {
                         "type":  "Feature",
                         "geometry":  {
                                          "type":  "Point",
                                          "coordinates":  [
                                                              121.5148226,
                                                              25.0689926
                                                          ]
                                      },
                         "properties":  {
                                            "title":  "飛舞的手指、飛翔的節奏-波斯節奏與擊樂",
                                            "location_name":  "十方樂集音樂劇場",
                                            "event_time":  "2026/06/14 14:30:00",
                                            "category":  1,
                                            "on_sales":  false,
                                            "source_trace":  "cloud.culture.tw",
                                            "data_mode":  "real"
                                        }
                     },
                     {
                         "type":  "Feature",
                         "geometry":  {
                                          "type":  "Point",
                                          "coordinates":  [
                                                              121.519047,
                                                              25.0367564
                                                          ]
                                      },
                         "properties":  {
                                            "title":  "黃盈媛大提琴獨奏會~浪漫餘韻",
                                            "location_name":  "國家兩廳院演奏廳",
                                            "event_time":  "2026/06/14 14:30:00",
                                            "category":  1,
                                            "on_sales":  false,
                                            "source_trace":  "cloud.culture.tw",
                                            "data_mode":  "real"
                                        }
                     },
                     {
                         "type":  "Feature",
                         "geometry":  {
                                          "type":  "Point",
                                          "coordinates":  [
                                                              121.4439827,
                                                              25.0472567
                                                          ]
                                      },
                         "properties":  {
                                            "title":  "欣響室內管樂團『日本風情畫』管樂接力輪番秀",
                                            "location_name":  "新莊文化藝術中心演藝廳",
                                            "event_time":  "2026/06/14 19:00:00",
                                            "category":  1,
                                            "on_sales":  false,
                                            "source_trace":  "cloud.culture.tw",
                                            "data_mode":  "real"
                                        }
                     },
                     {
                         "type":  "Feature",
                         "geometry":  {
                                          "type":  "Point",
                                          "coordinates":  [
                                                              121.519047,
                                                              25.0367564
                                                          ]
                                      },
                         "properties":  {
                                            "title":  "2026吳子安低音提琴獨奏會-CONCOURS",
                                            "location_name":  "國家兩廳院演奏廳",
                                            "event_time":  "2026/06/14 19:30:00",
                                            "category":  1,
                                            "on_sales":  false,
                                            "source_trace":  "cloud.culture.tw",
                                            "data_mode":  "real"
                                        }
                     },
                     {
                         "type":  "Feature",
                         "geometry":  {
                                          "type":  "Point",
                                          "coordinates":  [
                                                              121.4723509,
                                                              25.0261237
                                                          ]
                                      },
                         "properties":  {
                                            "title":  "2026温睿翎古箏音樂會",
                                            "location_name":  "新北市藝文中心演奏廳",
                                            "event_time":  "2026/06/14 19:30:00",
                                            "category":  1,
                                            "on_sales":  false,
                                            "source_trace":  "cloud.culture.tw",
                                            "data_mode":  "real"
                                        }
                     },
                     {
                         "type":  "Feature",
                         "geometry":  {
                                          "type":  "Point",
                                          "coordinates":  [
                                                              120.6403028,
                                                              24.1626492
                                                          ]
                                      },
                         "properties":  {
                                            "title":  "TCC 沙龍音樂會系列《很久很久以前》晚安故事音樂會",
                                            "location_name":  "臺中國家歌劇院小劇場",
                                            "event_time":  "2026/06/14 19:30:00",
                                            "category":  1,
                                            "on_sales":  false,
                                            "source_trace":  "cloud.culture.tw",
                                            "data_mode":  "real"
                                        }
                     },
                     {
                         "type":  "Feature",
                         "geometry":  {
                                          "type":  "Point",
                                          "coordinates":  [
                                                              121.4706582,
                                                              25.0813684
                                                          ]
                                      },
                         "properties":  {
                                            "title":  "【洛杉磯愛樂首席長笛與豎琴二重奏】丹尼斯與艾曼紐",
                                            "location_name":  "功學社音樂廳",
                                            "event_time":  "2026/06/14 19:30:00",
                                            "category":  1,
                                            "on_sales":  false,
                                            "source_trace":  "cloud.culture.tw",
                                            "data_mode":  "real"
                                        }
                     },
                     {
                         "type":  "Feature",
                         "geometry":  {
                                          "type":  "Point",
                                          "coordinates":  [
                                                              120.342434118507,
                                                              22.6230179238508
                                                          ]
                                      },
                         "properties":  {
                                            "title":  "璀璨系列 — 陳鋭小提琴獨奏會",
                                            "location_name":  "衛武營國家藝術文化中心音樂廳",
                                            "event_time":  "2026/06/14 19:30:00",
                                            "category":  1,
                                            "on_sales":  false,
                                            "source_trace":  "cloud.culture.tw",
                                            "data_mode":  "real"
                                        }
                     },
                     {
                         "type":  "Feature",
                         "geometry":  {
                                          "type":  "Point",
                                          "coordinates":  [
                                                              121.519047,
                                                              25.0367564
                                                          ]
                                      },
                         "properties":  {
                                            "title":  "NSO扶輪美樂之夜《從心而歌・新世界》",
                                            "location_name":  "國家音樂廳",
                                            "event_time":  "2026/06/15 19:30:00",
                                            "category":  1,
                                            "on_sales":  false,
                                            "source_trace":  "cloud.culture.tw",
                                            "data_mode":  "real"
                                        }
                     },
                     {
                         "type":  "Feature",
                         "geometry":  {
                                          "type":  "Point",
                                          "coordinates":  [
                                                              121.519047,
                                                              25.0367564
                                                          ]
                                      },
                         "properties":  {
                                            "title":  "羅倫：《未見之物的證據》聲樂室內樂音樂會",
                                            "location_name":  "國家兩廳院演奏廳",
                                            "event_time":  "2026/06/15 19:30:00",
                                            "category":  1,
                                            "on_sales":  false,
                                            "source_trace":  "cloud.culture.tw",
                                            "data_mode":  "real"
                                        }
                     },
                     {
                         "type":  "Feature",
                         "geometry":  {
                                          "type":  "Point",
                                          "coordinates":  [
                                                              121.519047,
                                                              25.0367564
                                                          ]
                                      },
                         "properties":  {
                                            "title":  "2026板橋樂展～西域印象",
                                            "location_name":  "國家音樂廳",
                                            "event_time":  "2026/06/16 19:30:00",
                                            "category":  1,
                                            "on_sales":  false,
                                            "source_trace":  "cloud.culture.tw",
                                            "data_mode":  "real"
                                        }
                     },
                     {
                         "type":  "Feature",
                         "geometry":  {
                                          "type":  "Point",
                                          "coordinates":  [
                                                              121.519047,
                                                              25.0367564
                                                          ]
                                      },
                         "properties":  {
                                            "title":  "【演出取消】羽音雙語：Hurel × Olech 的樂章",
                                            "location_name":  "國家兩廳院演奏廳",
                                            "event_time":  "2026/06/16 19:30:00",
                                            "category":  1,
                                            "on_sales":  false,
                                            "source_trace":  "cloud.culture.tw",
                                            "data_mode":  "real"
                                        }
                     },
                     {
                         "type":  "Feature",
                         "geometry":  {
                                          "type":  "Point",
                                          "coordinates":  [
                                                              120.342434118507,
                                                              22.6230179238508
                                                          ]
                                      },
                         "properties":  {
                                            "title":  "聽見一整個宇宙音樂會",
                                            "location_name":  "衛武營國家藝術文化中心音樂廳",
                                            "event_time":  "2026/06/17 19:00:00",
                                            "category":  1,
                                            "on_sales":  false,
                                            "source_trace":  "cloud.culture.tw",
                                            "data_mode":  "real"
                                        }
                     },
                     {
                         "type":  "Feature",
                         "geometry":  {
                                          "type":  "Point",
                                          "coordinates":  [
                                                              120.6403028,
                                                              24.1626492
                                                          ]
                                      },
                         "properties":  {
                                            "title":  "《吾聲的記憶》鋼琴五重奏音樂會",
                                            "location_name":  "臺中國家歌劇院小劇場",
                                            "event_time":  "2026/06/17 19:30:00",
                                            "category":  1,
                                            "on_sales":  false,
                                            "source_trace":  "cloud.culture.tw",
                                            "data_mode":  "real"
                                        }
                     },
                     {
                         "type":  "Feature",
                         "geometry":  {
                                          "type":  "Point",
                                          "coordinates":  [
                                                              120.342434118507,
                                                              22.6230179238508
                                                          ]
                                      },
                         "properties":  {
                                            "title":  "《說說音樂—關於愛》SEMPRE Piano Trio鋼琴三重奏音樂會",
                                            "location_name":  "衛武營國家藝術文化中心表演廳",
                                            "event_time":  "2026/06/17 19:30:00",
                                            "category":  1,
                                            "on_sales":  false,
                                            "source_trace":  "cloud.culture.tw",
                                            "data_mode":  "real"
                                        }
                     },
                     {
                         "type":  "Feature",
                         "geometry":  {
                                          "type":  "Point",
                                          "coordinates":  [
                                                              121.519047,
                                                              25.0367564
                                                          ]
                                      },
                         "properties":  {
                                            "title":  "弦‧影 陳柏廷胡琴獨奏會",
                                            "location_name":  "國家兩廳院演奏廳",
                                            "event_time":  "2026/06/17 19:30:00",
                                            "category":  1,
                                            "on_sales":  false,
                                            "source_trace":  "cloud.culture.tw",
                                            "data_mode":  "real"
                                        }
                     },
                     {
                         "type":  "Feature",
                         "geometry":  {
                                          "type":  "Point",
                                          "coordinates":  [
                                                              121.519047,
                                                              25.0367564
                                                          ]
                                      },
                         "properties":  {
                                            "title":  "絢麗系列 — BOMSORI x 布雷查茲重奏音樂會",
                                            "location_name":  "國家音樂廳",
                                            "event_time":  "2026/06/17 19:30:00",
                                            "category":  1,
                                            "on_sales":  false,
                                            "source_trace":  "cloud.culture.tw",
                                            "data_mode":  "real"
                                        }
                     },
                     {
                         "type":  "Feature",
                         "geometry":  {
                                          "type":  "Point",
                                          "coordinates":  [
                                                              121.519047,
                                                              25.0367564
                                                          ]
                                      },
                         "properties":  {
                                            "title":  "五洲七十 邁向百年—柴可夫斯基之夜",
                                            "location_name":  "國家音樂廳",
                                            "event_time":  "2026/06/18 19:30:00",
                                            "category":  1,
                                            "on_sales":  false,
                                            "source_trace":  "cloud.culture.tw",
                                            "data_mode":  "real"
                                        }
                     },
                     {
                         "type":  "Feature",
                         "geometry":  {
                                          "type":  "Point",
                                          "coordinates":  [
                                                              120.342434118507,
                                                              22.6230179238508
                                                          ]
                                      },
                         "properties":  {
                                            "title":  "你·還記得嗎？",
                                            "location_name":  "衛武營國家藝術文化中心表演廳",
                                            "event_time":  "2026/06/18 19:30:00",
                                            "category":  1,
                                            "on_sales":  false,
                                            "source_trace":  "cloud.culture.tw",
                                            "data_mode":  "real"
                                        }
                     },
                     {
                         "type":  "Feature",
                         "geometry":  {
                                          "type":  "Point",
                                          "coordinates":  [
                                                              120.6403028,
                                                              24.1626492
                                                          ]
                                      },
                         "properties":  {
                                            "title":  "多重時空的絮語：古典與現代的琴弦對話",
                                            "location_name":  "臺中國家歌劇院小劇場",
                                            "event_time":  "2026/06/18 19:30:00",
                                            "category":  1,
                                            "on_sales":  false,
                                            "source_trace":  "cloud.culture.tw",
                                            "data_mode":  "real"
                                        }
                     },
                     {
                         "type":  "Feature",
                         "geometry":  {
                                          "type":  "Point",
                                          "coordinates":  [
                                                              121.519047,
                                                              25.0367564
                                                          ]
                                      },
                         "properties":  {
                                            "title":  "弦情琴深VIII丁莉齡大提琴獨奏會 情牽波希米亞II",
                                            "location_name":  "國家兩廳院演奏廳",
                                            "event_time":  "2026/06/18 19:30:00",
                                            "category":  1,
                                            "on_sales":  false,
                                            "source_trace":  "cloud.culture.tw",
                                            "data_mode":  "real"
                                        }
                     },
                     {
                         "type":  "Feature",
                         "geometry":  {
                                          "type":  "Point",
                                          "coordinates":  [
                                                              120.342434118507,
                                                              22.6230179238508
                                                          ]
                                      },
                         "properties":  {
                                            "title":  "港明高中管弦樂團年度音樂會《未 None》",
                                            "location_name":  "衛武營國家藝術文化中心音樂廳",
                                            "event_time":  "2026/06/18 19:30:00",
                                            "category":  1,
                                            "on_sales":  false,
                                            "source_trace":  "cloud.culture.tw",
                                            "data_mode":  "real"
                                        }
                     },
                     {
                         "type":  "Feature",
                         "geometry":  {
                                          "type":  "Point",
                                          "coordinates":  [
                                                              120.6403028,
                                                              24.1626492
                                                          ]
                                      },
                         "properties":  {
                                            "title":  "2026瑞光樂集《追憶多瑙河畔》",
                                            "location_name":  "臺中國家歌劇院小劇場",
                                            "event_time":  "2026/06/19 14:30:00",
                                            "category":  1,
                                            "on_sales":  false,
                                            "source_trace":  "cloud.culture.tw",
                                            "data_mode":  "real"
                                        }
                     },
                     {
                         "type":  "Feature",
                         "geometry":  {
                                          "type":  "Point",
                                          "coordinates":  [
                                                              120.342434118507,
                                                              22.6230179238508
                                                          ]
                                      },
                         "properties":  {
                                            "title":  "狂美《宮崎駿動畫配樂II》交響音樂會-2026暖心巡演",
                                            "location_name":  "衛武營國家藝術文化中心音樂廳",
                                            "event_time":  "2026/06/19 14:30:00",
                                            "category":  1,
                                            "on_sales":  false,
                                            "source_trace":  "cloud.culture.tw",
                                            "data_mode":  "real"
                                        }
                     },
                     {
                         "type":  "Feature",
                         "geometry":  {
                                          "type":  "Point",
                                          "coordinates":  [
                                                              121.519047,
                                                              25.0367564
                                                          ]
                                      },
                         "properties":  {
                                            "title":  "1626．惡魔岬的餘燼",
                                            "location_name":  "國家音樂廳",
                                            "event_time":  "2026/06/19 19:30:00",
                                            "category":  1,
                                            "on_sales":  false,
                                            "source_trace":  "cloud.culture.tw",
                                            "data_mode":  "real"
                                        }
                     },
                     {
                         "type":  "Feature",
                         "geometry":  {
                                          "type":  "Point",
                                          "coordinates":  [
                                                              120.342434118507,
                                                              22.6230179238508
                                                          ]
                                      },
                         "properties":  {
                                            "title":  "《易・境》董彥彬箏樂獨奏會",
                                            "location_name":  "衛武營國家藝術文化中心表演廳",
                                            "event_time":  "2026/06/19 19:30:00",
                                            "category":  1,
                                            "on_sales":  false,
                                            "source_trace":  "cloud.culture.tw",
                                            "data_mode":  "real"
                                        }
                     },
                     {
                         "type":  "Feature",
                         "geometry":  {
                                          "type":  "Point",
                                          "coordinates":  [
                                                              121.519047,
                                                              25.0367564
                                                          ]
                                      },
                         "properties":  {
                                            "title":  "《辛傳・室內樂慶典》辛明峰 ╳ 臺灣迴聲室內樂",
                                            "location_name":  "國家兩廳院演奏廳",
                                            "event_time":  "2026/06/19 19:30:00",
                                            "category":  1,
                                            "on_sales":  false,
                                            "source_trace":  "cloud.culture.tw",
                                            "data_mode":  "real"
                                        }
                     },
                     {
                         "type":  "Feature",
                         "geometry":  {
                                          "type":  "Point",
                                          "coordinates":  [
                                                              121.55146145758658,
                                                              25.048614534253989
                                                          ]
                                      },
                         "properties":  {
                                            "title":  "2026風動室內樂團《無限》宮崎駿動畫音樂精選",
                                            "location_name":  "臺北市藝文推廣處城市舞台",
                                            "event_time":  "2026/06/20 14:30:00",
                                            "category":  1,
                                            "on_sales":  false,
                                            "source_trace":  "cloud.culture.tw",
                                            "data_mode":  "real"
                                        }
                     },
                     {
                         "type":  "Feature",
                         "geometry":  {
                                          "type":  "Point",
                                          "coordinates":  [
                                                              120.3171311,
                                                              22.6259044
                                                          ]
                                      },
                         "properties":  {
                                            "title":  "《夢》黃子宜指揮音樂會",
                                            "location_name":  "高雄市文化中心至德堂",
                                            "event_time":  "2026/06/20 14:30:00",
                                            "category":  1,
                                            "on_sales":  false,
                                            "source_trace":  "cloud.culture.tw",
                                            "data_mode":  "real"
                                        }
                     },
                     {
                         "type":  "Feature",
                         "geometry":  {
                                          "type":  "Point",
                                          "coordinates":  [
                                                              120.74813,
                                                              22.00657
                                                          ]
                                      },
                         "properties":  {
                                            "title":  "《幸福三姐妹》音樂劇",
                                            "location_name":  "恆春文化中心劇場館表演廳",
                                            "event_time":  "2026/06/20 14:30:00",
                                            "category":  1,
                                            "on_sales":  false,
                                            "source_trace":  "cloud.culture.tw",
                                            "data_mode":  "real"
                                        }
                     },
                     {
                         "type":  "Feature",
                         "geometry":  {
                                          "type":  "Point",
                                          "coordinates":  [
                                                              120.6670826,
                                                              24.1438564
                                                          ]
                                      },
                         "properties":  {
                                            "title":  "德法經典對話",
                                            "location_name":  "國立臺中教育大學寶成演藝廳",
                                            "event_time":  "2026/06/20 14:30:00",
                                            "category":  1,
                                            "on_sales":  false,
                                            "source_trace":  "cloud.culture.tw",
                                            "data_mode":  "real"
                                        }
                     },
                     {
                         "type":  "Feature",
                         "geometry":  {
                                          "type":  "Point",
                                          "coordinates":  [
                                                              120.342434118507,
                                                              22.6230179238508
                                                          ]
                                      },
                         "properties":  {
                                            "title":  "狂美《宮崎駿動畫配樂II》交響音樂會-2026暖心巡演",
                                            "location_name":  "衛武營國家藝術文化中心音樂廳",
                                            "event_time":  "2026/06/20 14:30:00",
                                            "category":  1,
                                            "on_sales":  false,
                                            "source_trace":  "cloud.culture.tw",
                                            "data_mode":  "real"
                                        }
                     },
                     {
                         "type":  "Feature",
                         "geometry":  {
                                          "type":  "Point",
                                          "coordinates":  [
                                                              121.4723509,
                                                              25.0261237
                                                          ]
                                      },
                         "properties":  {
                                            "title":  "花彩與浪漫-女高音劉亦恩演唱會2026",
                                            "location_name":  "新北市藝文中心演奏廳",
                                            "event_time":  "2026/06/20 14:30:00",
                                            "category":  1,
                                            "on_sales":  false,
                                            "source_trace":  "cloud.culture.tw",
                                            "data_mode":  "real"
                                        }
                     },
                     {
                         "type":  "Feature",
                         "geometry":  {
                                          "type":  "Point",
                                          "coordinates":  [
                                                              121.519047,
                                                              25.0367564
                                                          ]
                                      },
                         "properties":  {
                                            "title":  "虛時～劉潔鋼琴獨奏會",
                                            "location_name":  "國家兩廳院演奏廳",
                                            "event_time":  "2026/06/20 14:30:00",
                                            "category":  1,
                                            "on_sales":  false,
                                            "source_trace":  "cloud.culture.tw",
                                            "data_mode":  "real"
                                        }
                     },
                     {
                         "type":  "Feature",
                         "geometry":  {
                                          "type":  "Point",
                                          "coordinates":  [
                                                              120.342434118507,
                                                              22.6230179238508
                                                          ]
                                      },
                         "properties":  {
                                            "title":  "2026【我們的音樂探險】",
                                            "location_name":  "衛武營國家藝術文化中心繪景工廠",
                                            "event_time":  "2026/06/20 15:00:00",
                                            "category":  1,
                                            "on_sales":  false,
                                            "source_trace":  "cloud.culture.tw",
                                            "data_mode":  "real"
                                        }
                     },
                     {
                         "type":  "Feature",
                         "geometry":  {
                                          "type":  "Point",
                                          "coordinates":  [
                                                              121.55146145758658,
                                                              25.048614534253989
                                                          ]
                                      },
                         "properties":  {
                                            "title":  "2026風動室內樂團《無限》ACG電玩動漫音樂會",
                                            "location_name":  "臺北市藝文推廣處城市舞台",
                                            "event_time":  "2026/06/20 19:30:00",
                                            "category":  1,
                                            "on_sales":  false,
                                            "source_trace":  "cloud.culture.tw",
                                            "data_mode":  "real"
                                        }
                     },
                     {
                         "type":  "Feature",
                         "geometry":  {
                                          "type":  "Point",
                                          "coordinates":  [
                                                              120.6403028,
                                                              24.1626492
                                                          ]
                                      },
                         "properties":  {
                                            "title":  "《伊萱與朋友們》系列音樂會——〈手來！一起跳舞〉",
                                            "location_name":  "臺中國家歌劇院小劇場",
                                            "event_time":  "2026/06/20 19:30:00",
                                            "category":  1,
                                            "on_sales":  false,
                                            "source_trace":  "cloud.culture.tw",
                                            "data_mode":  "real"
                                        }
                     },
                     {
                         "type":  "Feature",
                         "geometry":  {
                                          "type":  "Point",
                                          "coordinates":  [
                                                              121.519047,
                                                              25.0367564
                                                          ]
                                      },
                         "properties":  {
                                            "title":  "你·還記得嗎？",
                                            "location_name":  "國家兩廳院演奏廳",
                                            "event_time":  "2026/06/20 19:30:00",
                                            "category":  1,
                                            "on_sales":  false,
                                            "source_trace":  "cloud.culture.tw",
                                            "data_mode":  "real"
                                        }
                     },
                     {
                         "type":  "Feature",
                         "geometry":  {
                                          "type":  "Point",
                                          "coordinates":  [
                                                              121.519047,
                                                              25.0367564
                                                          ]
                                      },
                         "properties":  {
                                            "title":  "絢麗系列 — 超凡李斯特：陳禹同鋼琴獨奏會",
                                            "location_name":  "國家音樂廳",
                                            "event_time":  "2026/06/20 19:30:00",
                                            "category":  1,
                                            "on_sales":  false,
                                            "source_trace":  "cloud.culture.tw",
                                            "data_mode":  "real"
                                        }
                     },
                     {
                         "type":  "Feature",
                         "geometry":  {
                                          "type":  "Point",
                                          "coordinates":  [
                                                              120.3422105,
                                                              22.624172
                                                          ]
                                      },
                         "properties":  {
                                            "title":  "繁花映樂",
                                            "location_name":  "衛武營國家藝術文化中心表演廳",
                                            "event_time":  "2026/06/20 19:30:00",
                                            "category":  1,
                                            "on_sales":  false,
                                            "source_trace":  "cloud.culture.tw",
                                            "data_mode":  "real"
                                        }
                     },
                     {
                         "type":  "Feature",
                         "geometry":  {
                                          "type":  "Point",
                                          "coordinates":  [
                                                              120.342434118507,
                                                              22.6230179238508
                                                          ]
                                      },
                         "properties":  {
                                            "title":  "2026【我們的音樂探險】",
                                            "location_name":  "衛武營國家藝術文化中心繪景工廠",
                                            "event_time":  "2026/06/21 11:00:00",
                                            "category":  1,
                                            "on_sales":  false,
                                            "source_trace":  "cloud.culture.tw",
                                            "data_mode":  "real"
                                        }
                     },
                     {
                         "type":  "Feature",
                         "geometry":  {
                                          "type":  "Point",
                                          "coordinates":  [
                                                              121.55146145758658,
                                                              25.048614534253989
                                                          ]
                                      },
                         "properties":  {
                                            "title":  "2026風動室內樂團《無限》電影配樂音樂會",
                                            "location_name":  "臺北市藝文推廣處城市舞台",
                                            "event_time":  "2026/06/21 14:30:00",
                                            "category":  1,
                                            "on_sales":  false,
                                            "source_trace":  "cloud.culture.tw",
                                            "data_mode":  "real"
                                        }
                     },
                     {
                         "type":  "Feature",
                         "geometry":  {
                                          "type":  "Point",
                                          "coordinates":  [
                                                              120.342434118507,
                                                              22.6230179238508
                                                          ]
                                      },
                         "properties":  {
                                            "title":  "KSAF《漁火．松風．春》高雄市國樂團音樂會",
                                            "location_name":  "衛武營國家藝術文化中心音樂廳",
                                            "event_time":  "2026/06/21 14:30:00",
                                            "category":  1,
                                            "on_sales":  false,
                                            "source_trace":  "cloud.culture.tw",
                                            "data_mode":  "real"
                                        }
                     },
                     {
                         "type":  "Feature",
                         "geometry":  {
                                          "type":  "Point",
                                          "coordinates":  [
                                                              120.221556,
                                                              22.974833
                                                          ]
                                      },
                         "properties":  {
                                            "title":  "狂美《宮崎駿動畫配樂II》交響音樂會-2026暖心巡演",
                                            "location_name":  "臺南文化中心演藝廳",
                                            "event_time":  "2026/06/21 14:30:00",
                                            "category":  1,
                                            "on_sales":  false,
                                            "source_trace":  "cloud.culture.tw",
                                            "data_mode":  "real"
                                        }
                     },
                     {
                         "type":  "Feature",
                         "geometry":  {
                                          "type":  "Point",
                                          "coordinates":  [
                                                              120.342434118507,
                                                              22.6230179238508
                                                          ]
                                      },
                         "properties":  {
                                            "title":  "《昇華之夜》對位精緻室內樂系列",
                                            "location_name":  "衛武營國家藝術文化中心表演廳",
                                            "event_time":  "2026/06/21 15:00:00",
                                            "category":  1,
                                            "on_sales":  false,
                                            "source_trace":  "cloud.culture.tw",
                                            "data_mode":  "real"
                                        }
                     },
                     {
                         "type":  "Feature",
                         "geometry":  {
                                          "type":  "Point",
                                          "coordinates":  [
                                                              121.519047,
                                                              25.0367564
                                                          ]
                                      },
                         "properties":  {
                                            "title":  "《昨日法蘭西》藍色麵包三重奏2026音樂會",
                                            "location_name":  "國家兩廳院演奏廳",
                                            "event_time":  "2026/06/21 19:30:00",
                                            "category":  1,
                                            "on_sales":  false,
                                            "source_trace":  "cloud.culture.tw",
                                            "data_mode":  "real"
                                        }
                     },
                     {
                         "type":  "Feature",
                         "geometry":  {
                                          "type":  "Point",
                                          "coordinates":  [
                                                              121.519047,
                                                              25.0367564
                                                          ]
                                      },
                         "properties":  {
                                            "title":  "拉縴人男聲合唱團2026年度製作《旅行》",
                                            "location_name":  "國家音樂廳",
                                            "event_time":  "2026/06/21 19:30:00",
                                            "category":  1,
                                            "on_sales":  false,
                                            "source_trace":  "cloud.culture.tw",
                                            "data_mode":  "real"
                                        }
                     },
                     {
                         "type":  "Feature",
                         "geometry":  {
                                          "type":  "Point",
                                          "coordinates":  [
                                                              121.519047,
                                                              25.0367564
                                                          ]
                                      },
                         "properties":  {
                                            "title":  "《恰逢其時》2026邱蕙竹笛獨奏會",
                                            "location_name":  "國家兩廳院演奏廳",
                                            "event_time":  "2026/06/22 19:30:00",
                                            "category":  1,
                                            "on_sales":  false,
                                            "source_trace":  "cloud.culture.tw",
                                            "data_mode":  "real"
                                        }
                     },
                     {
                         "type":  "Feature",
                         "geometry":  {
                                          "type":  "Point",
                                          "coordinates":  [
                                                              120.342434118507,
                                                              22.6230179238508
                                                          ]
                                      },
                         "properties":  {
                                            "title":  "臺北市教師合唱團《純聲 Authentic Voices》",
                                            "location_name":  "衛武營國家藝術文化中心音樂廳",
                                            "event_time":  "2026/06/22 19:30:00",
                                            "category":  1,
                                            "on_sales":  false,
                                            "source_trace":  "cloud.culture.tw",
                                            "data_mode":  "real"
                                        }
                     },
                     {
                         "type":  "Feature",
                         "geometry":  {
                                          "type":  "Point",
                                          "coordinates":  [
                                                              121.519047,
                                                              25.0367564
                                                          ]
                                      },
                         "properties":  {
                                            "title":  "2026瑞光樂集《追憶多瑙河畔》",
                                            "location_name":  "國家兩廳院演奏廳",
                                            "event_time":  "2026/06/23 19:30:00",
                                            "category":  1,
                                            "on_sales":  false,
                                            "source_trace":  "cloud.culture.tw",
                                            "data_mode":  "real"
                                        }
                     },
                     {
                         "type":  "Feature",
                         "geometry":  {
                                          "type":  "Point",
                                          "coordinates":  [
                                                              120.342434118507,
                                                              22.6230179238508
                                                          ]
                                      },
                         "properties":  {
                                            "title":  "2026探索管風琴音樂《音符故事書》-自由移動體驗場",
                                            "location_name":  "衛武營國家藝術文化中心音樂廳",
                                            "event_time":  "2026/06/24 14:30:00",
                                            "category":  1,
                                            "on_sales":  false,
                                            "source_trace":  "cloud.culture.tw",
                                            "data_mode":  "real"
                                        }
                     },
                     {
                         "type":  "Feature",
                         "geometry":  {
                                          "type":  "Point",
                                          "coordinates":  [
                                                              121.519047,
                                                              25.0367564
                                                          ]
                                      },
                         "properties":  {
                                            "title":  "蔡宜佳古箏音樂會-箏琴映像Ⅱ",
                                            "location_name":  "國家兩廳院演奏廳",
                                            "event_time":  "2026/06/24 19:30:00",
                                            "category":  1,
                                            "on_sales":  false,
                                            "source_trace":  "cloud.culture.tw",
                                            "data_mode":  "real"
                                        }
                     },
                     {
                         "type":  "Feature",
                         "geometry":  {
                                          "type":  "Point",
                                          "coordinates":  [
                                                              121.519047,
                                                              25.0367564
                                                          ]
                                      },
                         "properties":  {
                                            "title":  "2026新逸交響樂團年度公演Ⅱ 觀音線公益音樂會",
                                            "location_name":  "國家音樂廳",
                                            "event_time":  "2026/06/25 19:30:00",
                                            "category":  1,
                                            "on_sales":  false,
                                            "source_trace":  "cloud.culture.tw",
                                            "data_mode":  "real"
                                        }
                     },
                     {
                         "type":  "Feature",
                         "geometry":  {
                                          "type":  "Point",
                                          "coordinates":  [
                                                              121.519047,
                                                              25.0367564
                                                          ]
                                      },
                         "properties":  {
                                            "title":  "鏡像的悖論-巴洛克倒影《2026張景婷小提琴獨奏會》",
                                            "location_name":  "國家兩廳院演奏廳",
                                            "event_time":  "2026/06/25 19:30:00",
                                            "category":  1,
                                            "on_sales":  false,
                                            "source_trace":  "cloud.culture.tw",
                                            "data_mode":  "real"
                                        }
                     },
                     {
                         "type":  "Feature",
                         "geometry":  {
                                          "type":  "Point",
                                          "coordinates":  [
                                                              121.519047,
                                                              25.0367564
                                                          ]
                                      },
                         "properties":  {
                                            "title":  "2026台北青管名家系列~《際遇》林志謙單簧管獨奏會",
                                            "location_name":  "國家兩廳院演奏廳",
                                            "event_time":  "2026/06/26 19:30:00",
                                            "category":  1,
                                            "on_sales":  false,
                                            "source_trace":  "cloud.culture.tw",
                                            "data_mode":  "real"
                                        }
                     },
                     {
                         "type":  "Feature",
                         "geometry":  {
                                          "type":  "Point",
                                          "coordinates":  [
                                                              120.342434118507,
                                                              22.6230179238508
                                                          ]
                                      },
                         "properties":  {
                                            "title":  "KSAF歌劇《波希米亞人》",
                                            "location_name":  "衛武營國家藝術文化中心歌劇院",
                                            "event_time":  "2026/06/26 19:30:00",
                                            "category":  1,
                                            "on_sales":  false,
                                            "source_trace":  "cloud.culture.tw",
                                            "data_mode":  "real"
                                        }
                     },
                     {
                         "type":  "Feature",
                         "geometry":  {
                                          "type":  "Point",
                                          "coordinates":  [
                                                              121.56143652677528,
                                                              25.044755179618331
                                                          ]
                                      },
                         "properties":  {
                                            "title":  "政大振聲合唱團 | 七八個星天外",
                                            "location_name":  "誠品表演廳",
                                            "event_time":  "2026/06/26 19:30:00",
                                            "category":  1,
                                            "on_sales":  false,
                                            "source_trace":  "cloud.culture.tw",
                                            "data_mode":  "real"
                                        }
                     },
                     {
                         "type":  "Feature",
                         "geometry":  {
                                          "type":  "Point",
                                          "coordinates":  [
                                                              120.9680989,
                                                              24.8116887
                                                          ]
                                      },
                         "properties":  {
                                            "title":  "狂美《宮崎駿動畫配樂II》交響音樂會-2026暖心巡演",
                                            "location_name":  "新竹市文化局演藝廳音樂廳",
                                            "event_time":  "2026/06/26 19:30:00",
                                            "category":  1,
                                            "on_sales":  false,
                                            "source_trace":  "cloud.culture.tw",
                                            "data_mode":  "real"
                                        }
                     },
                     {
                         "type":  "Feature",
                         "geometry":  {
                                          "type":  "Point",
                                          "coordinates":  [
                                                              121.519047,
                                                              25.0367564
                                                          ]
                                      },
                         "properties":  {
                                            "title":  "新聲．新境  女高音周雅萍獨唱會",
                                            "location_name":  "國家兩廳院演奏廳",
                                            "event_time":  "2026/06/27 14:30:00",
                                            "category":  1,
                                            "on_sales":  false,
                                            "source_trace":  "cloud.culture.tw",
                                            "data_mode":  "real"
                                        }
                     },
                     {
                         "type":  "Feature",
                         "geometry":  {
                                          "type":  "Point",
                                          "coordinates":  [
                                                              120.9680989,
                                                              24.8116887
                                                          ]
                                      },
                         "properties":  {
                                            "title":  "狂美《宮崎駿動畫配樂II》交響音樂會-2026暖心巡演",
                                            "location_name":  "新竹市文化局演藝廳音樂廳",
                                            "event_time":  "2026/06/27 14:30:00",
                                            "category":  1,
                                            "on_sales":  false,
                                            "source_trace":  "cloud.culture.tw",
                                            "data_mode":  "real"
                                        }
                     },
                     {
                         "type":  "Feature",
                         "geometry":  {
                                          "type":  "Point",
                                          "coordinates":  [
                                                              121.5197787,
                                                              25.1022766
                                                          ]
                                      },
                         "properties":  {
                                            "title":  "臺灣國樂團《回眸》",
                                            "location_name":  "臺灣戲曲中心大表演廳",
                                            "event_time":  "2026/06/27 14:30:00",
                                            "category":  1,
                                            "on_sales":  false,
                                            "source_trace":  "cloud.culture.tw",
                                            "data_mode":  "real"
                                        }
                     },
                     {
                         "type":  "Feature",
                         "geometry":  {
                                          "type":  "Point",
                                          "coordinates":  [
                                                              120.1890952,
                                                              22.9902883
                                                          ]
                                      },
                         "properties":  {
                                            "title":  "陳宜君x張可欣x王亞文 三重奏音樂會",
                                            "location_name":  "涴莎藝術展演中心-藝術館A",
                                            "event_time":  "2026/06/27 14:30:00",
                                            "category":  1,
                                            "on_sales":  false,
                                            "source_trace":  "cloud.culture.tw",
                                            "data_mode":  "real"
                                        }
                     },
                     {
                         "type":  "Feature",
                         "geometry":  {
                                          "type":  "Point",
                                          "coordinates":  [
                                                              121.7441073,
                                                              25.1312801
                                                          ]
                                      },
                         "properties":  {
                                            "title":  "TCO《叮叮！時光音樂盒》",
                                            "location_name":  "基隆表演藝術中心演藝廳",
                                            "event_time":  "2026/06/27 15:00:00",
                                            "category":  1,
                                            "on_sales":  false,
                                            "source_trace":  "cloud.culture.tw",
                                            "data_mode":  "real"
                                        }
                     },
                     {
                         "type":  "Feature",
                         "geometry":  {
                                          "type":  "Point",
                                          "coordinates":  [
                                                              120.5061328,
                                                              22.6633696
                                                          ]
                                      },
                         "properties":  {
                                            "title":  "2026 First Love《黑膠時代曲-流行金曲的風華20》",
                                            "location_name":  "屏東演藝廳音樂廳",
                                            "event_time":  "2026/06/27 15:30:00",
                                            "category":  1,
                                            "on_sales":  false,
                                            "source_trace":  "cloud.culture.tw",
                                            "data_mode":  "real"
                                        }
                     },
                     {
                         "type":  "Feature",
                         "geometry":  {
                                          "type":  "Point",
                                          "coordinates":  [
                                                              121.7441073,
                                                              25.1312801
                                                          ]
                                      },
                         "properties":  {
                                            "title":  "TCO《叮叮！時光音樂盒》",
                                            "location_name":  "基隆表演藝術中心演藝廳",
                                            "event_time":  "2026/06/27 19:00:00",
                                            "category":  1,
                                            "on_sales":  false,
                                            "source_trace":  "cloud.culture.tw",
                                            "data_mode":  "real"
                                        }
                     },
                     {
                         "type":  "Feature",
                         "geometry":  {
                                          "type":  "Point",
                                          "coordinates":  [
                                                              120.342434118507,
                                                              22.6230179238508
                                                          ]
                                      },
                         "properties":  {
                                            "title":  "KSAF《八部曲:一場絲竹的敘事》高市國絲竹音樂會",
                                            "location_name":  "衛武營國家藝術文化中心表演廳",
                                            "event_time":  "2026/06/27 19:30:00",
                                            "category":  1,
                                            "on_sales":  false,
                                            "source_trace":  "cloud.culture.tw",
                                            "data_mode":  "real"
                                        }
                     },
                     {
                         "type":  "Feature",
                         "geometry":  {
                                          "type":  "Point",
                                          "coordinates":  [
                                                              121.519047,
                                                              25.0367564
                                                          ]
                                      },
                         "properties":  {
                                            "title":  "《交響琴詩》準．馬寇爾、英格麗．芙莉特與NSO",
                                            "location_name":  "國家音樂廳",
                                            "event_time":  "2026/06/27 19:30:00",
                                            "category":  1,
                                            "on_sales":  false,
                                            "source_trace":  "cloud.culture.tw",
                                            "data_mode":  "real"
                                        }
                     },
                     {
                         "type":  "Feature",
                         "geometry":  {
                                          "type":  "Point",
                                          "coordinates":  [
                                                              121.519047,
                                                              25.0367564
                                                          ]
                                      },
                         "properties":  {
                                            "title":  "布拉姆斯：兩首大提琴與鋼琴奏鳴曲",
                                            "location_name":  "國家兩廳院演奏廳",
                                            "event_time":  "2026/06/27 19:30:00",
                                            "category":  1,
                                            "on_sales":  false,
                                            "source_trace":  "cloud.culture.tw",
                                            "data_mode":  "real"
                                        }
                     },
                     {
                         "type":  "Feature",
                         "geometry":  {
                                          "type":  "Point",
                                          "coordinates":  [
                                                              121.4706582,
                                                              25.0813684
                                                          ]
                                      },
                         "properties":  {
                                            "title":  "陽光夏日嬉遊季-駿馬奔騰",
                                            "location_name":  "功學社音樂廳",
                                            "event_time":  "2026/06/27 19:30:00",
                                            "category":  1,
                                            "on_sales":  false,
                                            "source_trace":  "cloud.culture.tw",
                                            "data_mode":  "real"
                                        }
                     },
                     {
                         "type":  "Feature",
                         "geometry":  {
                                          "type":  "Point",
                                          "coordinates":  [
                                                              120.342434118507,
                                                              22.6230179238508
                                                          ]
                                      },
                         "properties":  {
                                            "title":  "KSAF歌劇《波希米亞人》",
                                            "location_name":  "衛武營國家藝術文化中心歌劇院",
                                            "event_time":  "2026/06/28 14:30:00",
                                            "category":  1,
                                            "on_sales":  false,
                                            "source_trace":  "cloud.culture.tw",
                                            "data_mode":  "real"
                                        }
                     },
                     {
                         "type":  "Feature",
                         "geometry":  {
                                          "type":  "Point",
                                          "coordinates":  [
                                                              121.519047,
                                                              25.0367564
                                                          ]
                                      },
                         "properties":  {
                                            "title":  "NSO室內樂《無盡的絮語》",
                                            "location_name":  "國家兩廳院演奏廳",
                                            "event_time":  "2026/06/28 14:30:00",
                                            "category":  1,
                                            "on_sales":  false,
                                            "source_trace":  "cloud.culture.tw",
                                            "data_mode":  "real"
                                        }
                     },
                     {
                         "type":  "Feature",
                         "geometry":  {
                                          "type":  "Point",
                                          "coordinates":  [
                                                              121.6103092,
                                                              25.052286
                                                          ]
                                      },
                         "properties":  {
                                            "title":  "《幻想、夢境與永恆》——張凱閔鋼琴獨奏會",
                                            "location_name":  "台北生技園區多功能廳",
                                            "event_time":  "2026/06/28 14:30:00",
                                            "category":  1,
                                            "on_sales":  false,
                                            "source_trace":  "cloud.culture.tw",
                                            "data_mode":  "real"
                                        }
                     },
                     {
                         "type":  "Feature",
                         "geometry":  {
                                          "type":  "Point",
                                          "coordinates":  [
                                                              120.8859459,
                                                              24.6907345
                                                          ]
                                      },
                         "properties":  {
                                            "title":  "《極緻之旅》竹中愛樂管樂團竹南鎮立管樂團聯合公演",
                                            "location_name":  "苗北藝文中心演藝廳",
                                            "event_time":  "2026/06/28 14:30:00",
                                            "category":  1,
                                            "on_sales":  false,
                                            "source_trace":  "cloud.culture.tw",
                                            "data_mode":  "real"
                                        }
                     },
                     {
                         "type":  "Feature",
                         "geometry":  {
                                          "type":  "Point",
                                          "coordinates":  [
                                                              120.4320497,
                                                              23.5441881
                                                          ]
                                      },
                         "properties":  {
                                            "title":  "卡通大冒險-親子音樂會",
                                            "location_name":  "嘉義縣表演藝術中心演藝廳",
                                            "event_time":  "2026/06/28 14:30:00",
                                            "category":  1,
                                            "on_sales":  false,
                                            "source_trace":  "cloud.culture.tw",
                                            "data_mode":  "real"
                                        }
                     },
                     {
                         "type":  "Feature",
                         "geometry":  {
                                          "type":  "Point",
                                          "coordinates":  [
                                                              120.342434118507,
                                                              22.6230179238508
                                                          ]
                                      },
                         "properties":  {
                                            "title":  "德法經典對話",
                                            "location_name":  "衛武營國家藝術文化中心表演廳",
                                            "event_time":  "2026/06/28 14:30:00",
                                            "category":  1,
                                            "on_sales":  false,
                                            "source_trace":  "cloud.culture.tw",
                                            "data_mode":  "real"
                                        }
                     },
                     {
                         "type":  "Feature",
                         "geometry":  {
                                          "type":  "Point",
                                          "coordinates":  [
                                                              121.2275687,
                                                              24.9582226
                                                          ]
                                      },
                         "properties":  {
                                            "title":  "桃園市國樂團—民歌風采",
                                            "location_name":  "中壢藝術館音樂廳",
                                            "event_time":  "2026/06/28 14:30:00",
                                            "category":  1,
                                            "on_sales":  false,
                                            "source_trace":  "cloud.culture.tw",
                                            "data_mode":  "real"
                                        }
                     },
                     {
                         "type":  "Feature",
                         "geometry":  {
                                          "type":  "Point",
                                          "coordinates":  [
                                                              120.579127,
                                                              23.9491713
                                                          ]
                                      },
                         "properties":  {
                                            "title":  "狂美《宮崎駿動畫配樂II》交響音樂會-2026暖心巡演",
                                            "location_name":  "彰化縣文化局員林演藝廳表演廳",
                                            "event_time":  "2026/06/28 14:30:00",
                                            "category":  1,
                                            "on_sales":  false,
                                            "source_trace":  "cloud.culture.tw",
                                            "data_mode":  "real"
                                        }
                     },
                     {
                         "type":  "Feature",
                         "geometry":  {
                                          "type":  "Point",
                                          "coordinates":  [
                                                              120.8203986,
                                                              24.565963
                                                          ]
                                      },
                         "properties":  {
                                            "title":  "音閱室內樂2026古典音樂會系列《過境》",
                                            "location_name":  "苗栗縣政府文化觀光局",
                                            "event_time":  "2026/06/28 14:30:00",
                                            "category":  1,
                                            "on_sales":  false,
                                            "source_trace":  "cloud.culture.tw",
                                            "data_mode":  "real"
                                        }
                     },
                     {
                         "type":  "Feature",
                         "geometry":  {
                                          "type":  "Point",
                                          "coordinates":  [
                                                              120.5061328,
                                                              22.6633696
                                                          ]
                                      },
                         "properties":  {
                                            "title":  "2026 First Love《黑膠時代曲-流行金曲的風華20》",
                                            "location_name":  "屏東演藝廳音樂廳",
                                            "event_time":  "2026/06/28 18:00:00",
                                            "category":  1,
                                            "on_sales":  false,
                                            "source_trace":  "cloud.culture.tw",
                                            "data_mode":  "real"
                                        }
                     },
                     {
                         "type":  "Feature",
                         "geometry":  {
                                          "type":  "Point",
                                          "coordinates":  [
                                                              120.342434118507,
                                                              22.6230179238508
                                                          ]
                                      },
                         "properties":  {
                                            "title":  "TCC 沙龍音樂會系列《很久很久以前》晚安故事音樂會",
                                            "location_name":  "衛武營國家藝術文化中心戲劇院",
                                            "event_time":  "2026/06/28 19:30:00",
                                            "category":  1,
                                            "on_sales":  false,
                                            "source_trace":  "cloud.culture.tw",
                                            "data_mode":  "real"
                                        }
                     },
                     {
                         "type":  "Feature",
                         "geometry":  {
                                          "type":  "Point",
                                          "coordinates":  [
                                                              120.6403028,
                                                              24.1626492
                                                          ]
                                      },
                         "properties":  {
                                            "title":  "《聲宴》室內樂音樂會",
                                            "location_name":  "臺中國家歌劇院小劇場",
                                            "event_time":  "2026/06/28 19:30:00",
                                            "category":  1,
                                            "on_sales":  false,
                                            "source_trace":  "cloud.culture.tw",
                                            "data_mode":  "real"
                                        }
                     },
                     {
                         "type":  "Feature",
                         "geometry":  {
                                          "type":  "Point",
                                          "coordinates":  [
                                                              121.5148226,
                                                              25.0689926
                                                          ]
                                      },
                         "properties":  {
                                            "title":  "沃爾夫《西班牙歌曲集》藝術歌曲之夜",
                                            "location_name":  "十方樂集音樂劇場",
                                            "event_time":  "2026/06/28 19:30:00",
                                            "category":  1,
                                            "on_sales":  false,
                                            "source_trace":  "cloud.culture.tw",
                                            "data_mode":  "real"
                                        }
                     },
                     {
                         "type":  "Feature",
                         "geometry":  {
                                          "type":  "Point",
                                          "coordinates":  [
                                                              121.519047,
                                                              25.0367564
                                                          ]
                                      },
                         "properties":  {
                                            "title":  "凝視法蘭西～鍾璟棛 x 張道文 x 陳韻安三重奏音樂會",
                                            "location_name":  "國家兩廳院演奏廳",
                                            "event_time":  "2026/06/29 19:30:00",
                                            "category":  1,
                                            "on_sales":  false,
                                            "source_trace":  "cloud.culture.tw",
                                            "data_mode":  "real"
                                        }
                     },
                     {
                         "type":  "Feature",
                         "geometry":  {
                                          "type":  "Point",
                                          "coordinates":  [
                                                              120.3171311,
                                                              22.6259044
                                                          ]
                                      },
                         "properties":  {
                                            "title":  "大手牽小手~跨藝術音樂劇場〈我的好朋友-雄雄〉",
                                            "location_name":  "高雄市文化中心至德堂",
                                            "event_time":  "2026/06/29 19:30:00",
                                            "category":  1,
                                            "on_sales":  false,
                                            "source_trace":  "cloud.culture.tw",
                                            "data_mode":  "real"
                                        }
                     },
                     {
                         "type":  "Feature",
                         "geometry":  {
                                          "type":  "Point",
                                          "coordinates":  [
                                                              121.519047,
                                                              25.0367564
                                                          ]
                                      },
                         "properties":  {
                                            "title":  "狂美《宮崎駿動畫配樂II》交響音樂會-2026暖心巡演",
                                            "location_name":  "國家音樂廳",
                                            "event_time":  "2026/06/29 19:30:00",
                                            "category":  1,
                                            "on_sales":  false,
                                            "source_trace":  "cloud.culture.tw",
                                            "data_mode":  "real"
                                        }
                     },
                     {
                         "type":  "Feature",
                         "geometry":  {
                                          "type":  "Point",
                                          "coordinates":  [
                                                              121.519047,
                                                              25.0367564
                                                          ]
                                      },
                         "properties":  {
                                            "title":  "2026台北青管定期音樂會系列II《音續流光・青春永在》",
                                            "location_name":  "國家音樂廳",
                                            "event_time":  "2026/06/30 19:30:00",
                                            "category":  1,
                                            "on_sales":  false,
                                            "source_trace":  "cloud.culture.tw",
                                            "data_mode":  "real"
                                        }
                     },
                     {
                         "type":  "Feature",
                         "geometry":  {
                                          "type":  "Point",
                                          "coordinates":  [
                                                              120.5061328,
                                                              22.6633696
                                                          ]
                                      },
                         "properties":  {
                                            "title":  "2026屏東演藝廳『消失的密室』管風琴室導覽",
                                            "location_name":  "屏東演藝廳音樂廳",
                                            "event_time":  "2026/07/01 14:30:00",
                                            "category":  1,
                                            "on_sales":  false,
                                            "source_trace":  "cloud.culture.tw",
                                            "data_mode":  "real"
                                        }
                     },
                     {
                         "type":  "Feature",
                         "geometry":  {
                                          "type":  "Point",
                                          "coordinates":  [
                                                              121.519047,
                                                              25.0367564
                                                          ]
                                      },
                         "properties":  {
                                            "title":  "音之凝鍊－牛田智大與布拉姆斯晚期鋼琴小品",
                                            "location_name":  "國家音樂廳",
                                            "event_time":  "2026/07/01 19:30:00",
                                            "category":  1,
                                            "on_sales":  false,
                                            "source_trace":  "cloud.culture.tw",
                                            "data_mode":  "real"
                                        }
                     },
                     {
                         "type":  "Feature",
                         "geometry":  {
                                          "type":  "Point",
                                          "coordinates":  [
                                                              120.342434118507,
                                                              22.6230179238508
                                                          ]
                                      },
                         "properties":  {
                                            "title":  "馨鄉頌：2026高雄YMCA音樂會(為永安兒童早療慈善義演）",
                                            "location_name":  "衛武營國家藝術文化中心表演廳",
                                            "event_time":  "2026/07/01 19:30:00",
                                            "category":  1,
                                            "on_sales":  false,
                                            "source_trace":  "cloud.culture.tw",
                                            "data_mode":  "real"
                                        }
                     },
                     {
                         "type":  "Feature",
                         "geometry":  {
                                          "type":  "Point",
                                          "coordinates":  [
                                                              121.519047,
                                                              25.0367564
                                                          ]
                                      },
                         "properties":  {
                                            "title":  "林欣儀柳阮獨奏會",
                                            "location_name":  "國家兩廳院演奏廳",
                                            "event_time":  "2026/07/02 19:30:00",
                                            "category":  1,
                                            "on_sales":  false,
                                            "source_trace":  "cloud.culture.tw",
                                            "data_mode":  "real"
                                        }
                     },
                     {
                         "type":  "Feature",
                         "geometry":  {
                                          "type":  "Point",
                                          "coordinates":  [
                                                              120.342434118507,
                                                              22.6230179238508
                                                          ]
                                      },
                         "properties":  {
                                            "title":  "樂在海山 響徹永平",
                                            "location_name":  "衛武營國家藝術文化中心音樂廳",
                                            "event_time":  "2026/07/02 19:30:00",
                                            "category":  1,
                                            "on_sales":  false,
                                            "source_trace":  "cloud.culture.tw",
                                            "data_mode":  "real"
                                        }
                     },
                     {
                         "type":  "Feature",
                         "geometry":  {
                                          "type":  "Point",
                                          "coordinates":  [
                                                              121.519047,
                                                              25.0367564
                                                          ]
                                      },
                         "properties":  {
                                            "title":  "狂美《璀璨經典百老匯》交響音樂會-2026震撼再現",
                                            "location_name":  "國家音樂廳",
                                            "event_time":  "2026/07/02 19:30:00",
                                            "category":  1,
                                            "on_sales":  false,
                                            "source_trace":  "cloud.culture.tw",
                                            "data_mode":  "real"
                                        }
                     },
                     {
                         "type":  "Feature",
                         "geometry":  {
                                          "type":  "Point",
                                          "coordinates":  [
                                                              120.342434118507,
                                                              22.6230179238508
                                                          ]
                                      },
                         "properties":  {
                                            "title":  "台灣白袍管樂團《颯紅之下，白袍之聲》",
                                            "location_name":  "衛武營國家藝術文化中心音樂廳",
                                            "event_time":  "2026/07/03 19:00:00",
                                            "category":  1,
                                            "on_sales":  false,
                                            "source_trace":  "cloud.culture.tw",
                                            "data_mode":  "real"
                                        }
                     },
                     {
                         "type":  "Feature",
                         "geometry":  {
                                          "type":  "Point",
                                          "coordinates":  [
                                                              120.342434118507,
                                                              22.6230179238508
                                                          ]
                                      },
                         "properties":  {
                                            "title":  "拾光 • 漫旅",
                                            "location_name":  "衛武營國家藝術文化中心表演廳",
                                            "event_time":  "2026/07/03 19:30:00",
                                            "category":  1,
                                            "on_sales":  false,
                                            "source_trace":  "cloud.culture.tw",
                                            "data_mode":  "real"
                                        }
                     },
                     {
                         "type":  "Feature",
                         "geometry":  {
                                          "type":  "Point",
                                          "coordinates":  [
                                                              121.519047,
                                                              25.0367564
                                                          ]
                                      },
                         "properties":  {
                                            "title":  "胡瀞云2026鋼琴獨奏會─哥雅畫冊",
                                            "location_name":  "國家音樂廳",
                                            "event_time":  "2026/07/03 19:30:00",
                                            "category":  1,
                                            "on_sales":  false,
                                            "source_trace":  "cloud.culture.tw",
                                            "data_mode":  "real"
                                        }
                     },
                     {
                         "type":  "Feature",
                         "geometry":  {
                                          "type":  "Point",
                                          "coordinates":  [
                                                              120.4567583,
                                                              23.7986074
                                                          ]
                                      },
                         "properties":  {
                                            "title":  "幻想三重奏之 《拉丁綺旅》",
                                            "location_name":  "聲泊廳",
                                            "event_time":  "2026/07/04 14:30:00",
                                            "category":  1,
                                            "on_sales":  false,
                                            "source_trace":  "cloud.culture.tw",
                                            "data_mode":  "real"
                                        }
                     },
                     {
                         "type":  "Feature",
                         "geometry":  {
                                          "type":  "Point",
                                          "coordinates":  [
                                                              121.4283305,
                                                              24.9958085
                                                          ]
                                      },
                         "properties":  {
                                            "title":  "《桃花泣血記》 用台灣首部無聲電影讓大家愛上台語歌謠",
                                            "location_name":  "樹林藝文中心演藝廳",
                                            "event_time":  "2026/07/04 19:30:00",
                                            "category":  1,
                                            "on_sales":  false,
                                            "source_trace":  "cloud.culture.tw",
                                            "data_mode":  "real"
                                        }
                     },
                     {
                         "type":  "Feature",
                         "geometry":  {
                                          "type":  "Point",
                                          "coordinates":  [
                                                              120.221556,
                                                              22.974833
                                                          ]
                                      },
                         "properties":  {
                                            "title":  "台南愛樂管絃樂團2026年度公演《人海中遇見你》跨界音樂會",
                                            "location_name":  "臺南文化中心演藝廳",
                                            "event_time":  "2026/07/04 19:30:00",
                                            "category":  1,
                                            "on_sales":  false,
                                            "source_trace":  "cloud.culture.tw",
                                            "data_mode":  "real"
                                        }
                     },
                     {
                         "type":  "Feature",
                         "geometry":  {
                                          "type":  "Point",
                                          "coordinates":  [
                                                              120.5062157,
                                                              22.6636099
                                                          ]
                                      },
                         "properties":  {
                                            "title":  "屏東演藝廳《沙龍音樂會》",
                                            "location_name":  "屏東演藝廳音樂廳 大廳",
                                            "event_time":  "2026/07/05 11:00:00",
                                            "category":  1,
                                            "on_sales":  false,
                                            "source_trace":  "cloud.culture.tw",
                                            "data_mode":  "real"
                                        }
                     },
                     {
                         "type":  "Feature",
                         "geometry":  {
                                          "type":  "Point",
                                          "coordinates":  [
                                                              121.519047,
                                                              25.0367564
                                                          ]
                                      },
                         "properties":  {
                                            "title":  "青一女聲2026年度Unisona製作《Seek》",
                                            "location_name":  "國家兩廳院演奏廳",
                                            "event_time":  "2026/07/05 19:30:00",
                                            "category":  1,
                                            "on_sales":  false,
                                            "source_trace":  "cloud.culture.tw",
                                            "data_mode":  "real"
                                        }
                     },
                     {
                         "type":  "Feature",
                         "geometry":  {
                                          "type":  "Point",
                                          "coordinates":  [
                                                              121.519047,
                                                              25.0367564
                                                          ]
                                      },
                         "properties":  {
                                            "title":  "〈戰慄·孤寂〉2026沈琦騰鋼琴獨奏會",
                                            "location_name":  "國家兩廳院演奏廳",
                                            "event_time":  "2026/07/07 19:30:00",
                                            "category":  1,
                                            "on_sales":  false,
                                            "source_trace":  "cloud.culture.tw",
                                            "data_mode":  "real"
                                        }
                     },
                     {
                         "type":  "Feature",
                         "geometry":  {
                                          "type":  "Point",
                                          "coordinates":  [
                                                              121.519047,
                                                              25.0367564
                                                          ]
                                      },
                         "properties":  {
                                            "title":  "《吾聲的記憶》鋼琴五重奏音樂會",
                                            "location_name":  "國家兩廳院演奏廳",
                                            "event_time":  "2026/07/08 19:30:00",
                                            "category":  1,
                                            "on_sales":  false,
                                            "source_trace":  "cloud.culture.tw",
                                            "data_mode":  "real"
                                        }
                     },
                     {
                         "type":  "Feature",
                         "geometry":  {
                                          "type":  "Point",
                                          "coordinates":  [
                                                              121.6103092,
                                                              25.052286
                                                          ]
                                      },
                         "properties":  {
                                            "title":  "樹仔聲  Whispers",
                                            "location_name":  "台北生技園區多功能廳",
                                            "event_time":  "2026/07/08 19:30:00",
                                            "category":  1,
                                            "on_sales":  false,
                                            "source_trace":  "cloud.culture.tw",
                                            "data_mode":  "real"
                                        }
                     },
                     {
                         "type":  "Feature",
                         "geometry":  {
                                          "type":  "Point",
                                          "coordinates":  [
                                                              120.342434118507,
                                                              22.6230179238508
                                                          ]
                                      },
                         "properties":  {
                                            "title":  "《愛樂成真》音樂會",
                                            "location_name":  "衛武營國家藝術文化中心表演廳",
                                            "event_time":  "2026/07/09 19:30:00",
                                            "category":  1,
                                            "on_sales":  false,
                                            "source_trace":  "cloud.culture.tw",
                                            "data_mode":  "real"
                                        }
                     },
                     {
                         "type":  "Feature",
                         "geometry":  {
                                          "type":  "Point",
                                          "coordinates":  [
                                                              121.519047,
                                                              25.0367564
                                                          ]
                                      },
                         "properties":  {
                                            "title":  "台新新光經典饗宴–NSO歌劇音樂會《女武神》",
                                            "location_name":  "國家音樂廳",
                                            "event_time":  "2026/07/10 17:00:00",
                                            "category":  1,
                                            "on_sales":  false,
                                            "source_trace":  "cloud.culture.tw",
                                            "data_mode":  "real"
                                        }
                     },
                     {
                         "type":  "Feature",
                         "geometry":  {
                                          "type":  "Point",
                                          "coordinates":  [
                                                              120.342434118507,
                                                              22.6230179238508
                                                          ]
                                      },
                         "properties":  {
                                            "title":  "「縈繞指尖」 • 2026 謝若縈鋼琴獨奏會",
                                            "location_name":  "衛武營國家藝術文化中心表演廳",
                                            "event_time":  "2026/07/10 19:30:00",
                                            "category":  1,
                                            "on_sales":  false,
                                            "source_trace":  "cloud.culture.tw",
                                            "data_mode":  "real"
                                        }
                     },
                     {
                         "type":  "Feature",
                         "geometry":  {
                                          "type":  "Point",
                                          "coordinates":  [
                                                              121.524399267913,
                                                              25.0847069488325
                                                          ]
                                      },
                         "properties":  {
                                            "title":  "狂美《宮崎駿動畫配樂II》交響音樂會-2026暖心巡演",
                                            "location_name":  "臺北表演藝術中心 大劇院",
                                            "event_time":  "2026/07/11 14:30:00",
                                            "category":  1,
                                            "on_sales":  false,
                                            "source_trace":  "cloud.culture.tw",
                                            "data_mode":  "real"
                                        }
                     },
                     {
                         "type":  "Feature",
                         "geometry":  {
                                          "type":  "Point",
                                          "coordinates":  [
                                                              121.519047,
                                                              25.0367564
                                                          ]
                                      },
                         "properties":  {
                                            "title":  "跨樂鋼琴三重奏 她的樂語",
                                            "location_name":  "國家兩廳院演奏廳",
                                            "event_time":  "2026/07/11 14:30:00",
                                            "category":  1,
                                            "on_sales":  false,
                                            "source_trace":  "cloud.culture.tw",
                                            "data_mode":  "real"
                                        }
                     },
                     {
                         "type":  "Feature",
                         "geometry":  {
                                          "type":  "Point",
                                          "coordinates":  [
                                                              120.73504380606541,
                                                              24.156848835504007
                                                          ]
                                      },
                         "properties":  {
                                            "title":  "台灣白袍管樂團《颯紅之下，白袍之聲》",
                                            "location_name":  "臺中市屯區藝文中心演藝廳",
                                            "event_time":  "2026/07/11 19:00:00",
                                            "category":  1,
                                            "on_sales":  false,
                                            "source_trace":  "cloud.culture.tw",
                                            "data_mode":  "real"
                                        }
                     },
                     {
                         "type":  "Feature",
                         "geometry":  {
                                          "type":  "Point",
                                          "coordinates":  [
                                                              120.342434118507,
                                                              22.6230179238508
                                                          ]
                                      },
                         "properties":  {
                                            "title":  "2026 衛武營音樂營\u0026歐洲銅管之聲 教師音樂會《自由揮灑》",
                                            "location_name":  "衛武營國家藝術文化中心音樂廳",
                                            "event_time":  "2026/07/11 19:30:00",
                                            "category":  1,
                                            "on_sales":  false,
                                            "source_trace":  "cloud.culture.tw",
                                            "data_mode":  "real"
                                        }
                     },
                     {
                         "type":  "Feature",
                         "geometry":  {
                                          "type":  "Point",
                                          "coordinates":  [
                                                              120.342434118507,
                                                              22.6230179238508
                                                          ]
                                      },
                         "properties":  {
                                            "title":  "2026《舞動琴弦．回聲的祈禱》大提琴重奏音樂會",
                                            "location_name":  "衛武營國家藝術文化中心表演廳",
                                            "event_time":  "2026/07/11 19:30:00",
                                            "category":  1,
                                            "on_sales":  false,
                                            "source_trace":  "cloud.culture.tw",
                                            "data_mode":  "real"
                                        }
                     },
                     {
                         "type":  "Feature",
                         "geometry":  {
                                          "type":  "Point",
                                          "coordinates":  [
                                                              121.519047,
                                                              25.0367564
                                                          ]
                                      },
                         "properties":  {
                                            "title":  "貝爾塔・蘿哈斯 \u0026 福田進一",
                                            "location_name":  "國家兩廳院演奏廳",
                                            "event_time":  "2026/07/11 19:30:00",
                                            "category":  1,
                                            "on_sales":  false,
                                            "source_trace":  "cloud.culture.tw",
                                            "data_mode":  "real"
                                        }
                     },
                     {
                         "type":  "Feature",
                         "geometry":  {
                                          "type":  "Point",
                                          "coordinates":  [
                                                              121.519047,
                                                              25.0367564
                                                          ]
                                      },
                         "properties":  {
                                            "title":  "台新新光經典饗宴–NSO歌劇音樂會《女武神》",
                                            "location_name":  "國家音樂廳",
                                            "event_time":  "2026/07/12 13:30:00",
                                            "category":  1,
                                            "on_sales":  false,
                                            "source_trace":  "cloud.culture.tw",
                                            "data_mode":  "real"
                                        }
                     },
                     {
                         "type":  "Feature",
                         "geometry":  {
                                          "type":  "Point",
                                          "coordinates":  [
                                                              121.2275687,
                                                              24.9582226
                                                          ]
                                      },
                         "properties":  {
                                            "title":  "《記憶．傷痕．希望》開森室內樂團2026故事音樂會",
                                            "location_name":  "中壢藝術館音樂廳",
                                            "event_time":  "2026/07/12 14:00:00",
                                            "category":  1,
                                            "on_sales":  false,
                                            "source_trace":  "cloud.culture.tw",
                                            "data_mode":  "real"
                                        }
                     },
                     {
                         "type":  "Feature",
                         "geometry":  {
                                          "type":  "Point",
                                          "coordinates":  [
                                                              120.342434118507,
                                                              22.6230179238508
                                                          ]
                                      },
                         "properties":  {
                                            "title":  "2026 衛武營音樂營 \u0026 歐洲銅管之聲《極致盛典》",
                                            "location_name":  "衛武營國家藝術文化中心音樂廳",
                                            "event_time":  "2026/07/12 14:30:00",
                                            "category":  1,
                                            "on_sales":  false,
                                            "source_trace":  "cloud.culture.tw",
                                            "data_mode":  "real"
                                        }
                     },
                     {
                         "type":  "Feature",
                         "geometry":  {
                                          "type":  "Point",
                                          "coordinates":  [
                                                              121.519047,
                                                              25.0367564
                                                          ]
                                      },
                         "properties":  {
                                            "title":  "《The Dreamwalker》2026周必文鋼琴獨奏會",
                                            "location_name":  "國家兩廳院演奏廳",
                                            "event_time":  "2026/07/12 14:30:00",
                                            "category":  1,
                                            "on_sales":  false,
                                            "source_trace":  "cloud.culture.tw",
                                            "data_mode":  "real"
                                        }
                     },
                     {
                         "type":  "Feature",
                         "geometry":  {
                                          "type":  "Point",
                                          "coordinates":  [
                                                              120.342434118507,
                                                              22.6230179238508
                                                          ]
                                      },
                         "properties":  {
                                            "title":  "幻想三重奏之 《拉丁綺旅》",
                                            "location_name":  "衛武營國家藝術文化中心表演廳",
                                            "event_time":  "2026/07/12 14:30:00",
                                            "category":  1,
                                            "on_sales":  false,
                                            "source_trace":  "cloud.culture.tw",
                                            "data_mode":  "real"
                                        }
                     },
                     {
                         "type":  "Feature",
                         "geometry":  {
                                          "type":  "Point",
                                          "coordinates":  [
                                                              121.524399267913,
                                                              25.0847069488325
                                                          ]
                                      },
                         "properties":  {
                                            "title":  "狂美《宮崎駿動畫配樂II》交響音樂會-2026暖心巡演",
                                            "location_name":  "臺北表演藝術中心 大劇院",
                                            "event_time":  "2026/07/12 14:30:00",
                                            "category":  1,
                                            "on_sales":  false,
                                            "source_trace":  "cloud.culture.tw",
                                            "data_mode":  "real"
                                        }
                     },
                     {
                         "type":  "Feature",
                         "geometry":  {
                                          "type":  "Point",
                                          "coordinates":  [
                                                              121.519047,
                                                              25.0367564
                                                          ]
                                      },
                         "properties":  {
                                            "title":  "加布里耶・畢安可、林家瑋\u0026蔡宗言(小提琴)二重奏",
                                            "location_name":  "國家兩廳院演奏廳",
                                            "event_time":  "2026/07/12 19:30:00",
                                            "category":  1,
                                            "on_sales":  false,
                                            "source_trace":  "cloud.culture.tw",
                                            "data_mode":  "real"
                                        }
                     },
                     {
                         "type":  "Feature",
                         "geometry":  {
                                          "type":  "Point",
                                          "coordinates":  [
                                                              120.6403028,
                                                              24.1626492
                                                          ]
                                      },
                         "properties":  {
                                            "title":  "聽見靈魂：Jake Heggie的記憶與希望之歌",
                                            "location_name":  "臺中國家歌劇院小劇場",
                                            "event_time":  "2026/07/13 19:30:00",
                                            "category":  1,
                                            "on_sales":  false,
                                            "source_trace":  "cloud.culture.tw",
                                            "data_mode":  "real"
                                        }
                     },
                     {
                         "type":  "Feature",
                         "geometry":  {
                                          "type":  "Point",
                                          "coordinates":  [
                                                              120.6403028,
                                                              24.1626492
                                                          ]
                                      },
                         "properties":  {
                                            "title":  "陳冠偉 2026 鋼琴獨奏會：斷裂時代的聲音",
                                            "location_name":  "臺中國家歌劇院小劇場",
                                            "event_time":  "2026/07/14 19:30:00",
                                            "category":  1,
                                            "on_sales":  false,
                                            "source_trace":  "cloud.culture.tw",
                                            "data_mode":  "real"
                                        }
                     },
                     {
                         "type":  "Feature",
                         "geometry":  {
                                          "type":  "Point",
                                          "coordinates":  [
                                                              120.5061328,
                                                              22.6633696
                                                          ]
                                      },
                         "properties":  {
                                            "title":  "2026屏東演藝廳『消失的密室』管風琴室導覽",
                                            "location_name":  "屏東演藝廳音樂廳",
                                            "event_time":  "2026/07/15 14:30:00",
                                            "category":  1,
                                            "on_sales":  false,
                                            "source_trace":  "cloud.culture.tw",
                                            "data_mode":  "real"
                                        }
                     },
                     {
                         "type":  "Feature",
                         "geometry":  {
                                          "type":  "Point",
                                          "coordinates":  [
                                                              120.342434118507,
                                                              22.6230179238508
                                                          ]
                                      },
                         "properties":  {
                                            "title":  "2026探索管風琴音樂《花露露的童話奇緣》",
                                            "location_name":  "衛武營國家藝術文化中心音樂廳",
                                            "event_time":  "2026/07/15 14:30:00",
                                            "category":  1,
                                            "on_sales":  false,
                                            "source_trace":  "cloud.culture.tw",
                                            "data_mode":  "real"
                                        }
                     },
                     {
                         "type":  "Feature",
                         "geometry":  {
                                          "type":  "Point",
                                          "coordinates":  [
                                                              120.6403028,
                                                              24.1626492
                                                          ]
                                      },
                         "properties":  {
                                            "title":  "2026熊書宜小提琴獨奏會 『樂動拉丁』",
                                            "location_name":  "臺中國家歌劇院小劇場",
                                            "event_time":  "2026/07/15 19:30:00",
                                            "category":  1,
                                            "on_sales":  false,
                                            "source_trace":  "cloud.culture.tw",
                                            "data_mode":  "real"
                                        }
                     },
                     {
                         "type":  "Feature",
                         "geometry":  {
                                          "type":  "Point",
                                          "coordinates":  [
                                                              121.519047,
                                                              25.0367564
                                                          ]
                                      },
                         "properties":  {
                                            "title":  "第九屆臺灣國際吉他大賽—青少年組、公開組《決賽》",
                                            "location_name":  "國家兩廳院演奏廳",
                                            "event_time":  "2026/07/16 09:30:00",
                                            "category":  1,
                                            "on_sales":  false,
                                            "source_trace":  "cloud.culture.tw",
                                            "data_mode":  "real"
                                        }
                     },
                     {
                         "type":  "Feature",
                         "geometry":  {
                                          "type":  "Point",
                                          "coordinates":  [
                                                              120.342434118507,
                                                              22.6230179238508
                                                          ]
                                      },
                         "properties":  {
                                            "title":  "2026七賢國中管弦樂團年度成果音樂會",
                                            "location_name":  "衛武營國家藝術文化中心音樂廳",
                                            "event_time":  "2026/07/16 19:30:00",
                                            "category":  1,
                                            "on_sales":  false,
                                            "source_trace":  "cloud.culture.tw",
                                            "data_mode":  "real"
                                        }
                     },
                     {
                         "type":  "Feature",
                         "geometry":  {
                                          "type":  "Point",
                                          "coordinates":  [
                                                              120.6403028,
                                                              24.1626492
                                                          ]
                                      },
                         "properties":  {
                                            "title":  "《重。時》武修平 X 半線室內樂 作曲家肖像音樂會",
                                            "location_name":  "臺中國家歌劇院小劇場",
                                            "event_time":  "2026/07/16 19:30:00",
                                            "category":  1,
                                            "on_sales":  false,
                                            "source_trace":  "cloud.culture.tw",
                                            "data_mode":  "real"
                                        }
                     },
                     {
                         "type":  "Feature",
                         "geometry":  {
                                          "type":  "Point",
                                          "coordinates":  [
                                                              121.519047,
                                                              25.0367564
                                                          ]
                                      },
                         "properties":  {
                                            "title":  "劉士堉 \u0026 安德烈亞．維提斯",
                                            "location_name":  "國家兩廳院演奏廳",
                                            "event_time":  "2026/07/16 19:30:00",
                                            "category":  1,
                                            "on_sales":  false,
                                            "source_trace":  "cloud.culture.tw",
                                            "data_mode":  "real"
                                        }
                     },
                     {
                         "type":  "Feature",
                         "geometry":  {
                                          "type":  "Point",
                                          "coordinates":  [
                                                              121.519047,
                                                              25.0367564
                                                          ]
                                      },
                         "properties":  {
                                            "title":  "《聲光幾何》許瀞心與台北室內合唱團",
                                            "location_name":  "國家音樂廳",
                                            "event_time":  "2026/07/17 19:30:00",
                                            "category":  1,
                                            "on_sales":  false,
                                            "source_trace":  "cloud.culture.tw",
                                            "data_mode":  "real"
                                        }
                     },
                     {
                         "type":  "Feature",
                         "geometry":  {
                                          "type":  "Point",
                                          "coordinates":  [
                                                              121.519047,
                                                              25.0367564
                                                          ]
                                      },
                         "properties":  {
                                            "title":  "【絲弦情LXXIV】歐文・安德希爾與小巨人絲竹樂團",
                                            "location_name":  "國家兩廳院演奏廳",
                                            "event_time":  "2026/07/17 19:30:00",
                                            "category":  1,
                                            "on_sales":  false,
                                            "source_trace":  "cloud.culture.tw",
                                            "data_mode":  "real"
                                        }
                     },
                     {
                         "type":  "Feature",
                         "geometry":  {
                                          "type":  "Point",
                                          "coordinates":  [
                                                              121.5243992779115,
                                                              25.084774880260841
                                                          ]
                                      },
                         "properties":  {
                                            "title":  "2026擊思藍盒子《房間裡的大象》",
                                            "location_name":  "臺北表演藝術中心 藍盒子",
                                            "event_time":  "2026/07/18 14:30:00",
                                            "category":  1,
                                            "on_sales":  false,
                                            "source_trace":  "cloud.culture.tw",
                                            "data_mode":  "real"
                                        }
                     },
                     {
                         "type":  "Feature",
                         "geometry":  {
                                          "type":  "Point",
                                          "coordinates":  [
                                                              120.682756,
                                                              24.155298
                                                          ]
                                      },
                         "properties":  {
                                            "title":  "NTSO張弦，王崢嶸與國臺交",
                                            "location_name":  "臺中市中山堂",
                                            "event_time":  "2026/07/18 14:30:00",
                                            "category":  1,
                                            "on_sales":  false,
                                            "source_trace":  "cloud.culture.tw",
                                            "data_mode":  "real"
                                        }
                     },
                     {
                         "type":  "Feature",
                         "geometry":  {
                                          "type":  "Point",
                                          "coordinates":  [
                                                              120.2868631,
                                                              22.6276246
                                                          ]
                                      },
                         "properties":  {
                                            "title":  "木與銅的對話-林子葇與黃芝庭聯合音樂會",
                                            "location_name":  "高雄市音樂館演奏廳",
                                            "event_time":  "2026/07/18 19:30:00",
                                            "category":  1,
                                            "on_sales":  false,
                                            "source_trace":  "cloud.culture.tw",
                                            "data_mode":  "real"
                                        }
                     },
                     {
                         "type":  "Feature",
                         "geometry":  {
                                          "type":  "Point",
                                          "coordinates":  [
                                                              121.519047,
                                                              25.0367564
                                                          ]
                                      },
                         "properties":  {
                                            "title":  "福爾摩沙愛樂年度音樂會 -《吟嘯且徐行》",
                                            "location_name":  "國家音樂廳",
                                            "event_time":  "2026/07/18 19:30:00",
                                            "category":  1,
                                            "on_sales":  false,
                                            "source_trace":  "cloud.culture.tw",
                                            "data_mode":  "real"
                                        }
                     },
                     {
                         "type":  "Feature",
                         "geometry":  {
                                          "type":  "Point",
                                          "coordinates":  [
                                                              120.52510397140288,
                                                              23.695950398884172
                                                          ]
                                      },
                         "properties":  {
                                            "title":  "蒔代擊響",
                                            "location_name":  "雲林表演廳",
                                            "event_time":  "2026/07/18 19:30:00",
                                            "category":  1,
                                            "on_sales":  false,
                                            "source_trace":  "cloud.culture.tw",
                                            "data_mode":  "real"
                                        }
                     },
                     {
                         "type":  "Feature",
                         "geometry":  {
                                          "type":  "Point",
                                          "coordinates":  [
                                                              120.31578,
                                                              23.3089691
                                                          ]
                                      },
                         "properties":  {
                                            "title":  "2026夏至藝術節《一千零5678夜》雲門家庭音樂劇場",
                                            "location_name":  "臺南新營文化中心演藝廳",
                                            "event_time":  "2026/07/19 11:00:00",
                                            "category":  1,
                                            "on_sales":  false,
                                            "source_trace":  "cloud.culture.tw",
                                            "data_mode":  "real"
                                        }
                     },
                     {
                         "type":  "Feature",
                         "geometry":  {
                                          "type":  "Point",
                                          "coordinates":  [
                                                              120.5062157,
                                                              22.6636099
                                                          ]
                                      },
                         "properties":  {
                                            "title":  "屏東演藝廳《沙龍音樂會》",
                                            "location_name":  "屏東演藝廳音樂廳 大廳",
                                            "event_time":  "2026/07/19 11:00:00",
                                            "category":  1,
                                            "on_sales":  false,
                                            "source_trace":  "cloud.culture.tw",
                                            "data_mode":  "real"
                                        }
                     },
                     {
                         "type":  "Feature",
                         "geometry":  {
                                          "type":  "Point",
                                          "coordinates":  [
                                                              120.342434118507,
                                                              22.6230179238508
                                                          ]
                                      },
                         "properties":  {
                                            "title":  "2026《新北市青少年v.s教師管弦樂團》",
                                            "location_name":  "衛武營國家藝術文化中心音樂廳",
                                            "event_time":  "2026/07/19 14:00:00",
                                            "category":  1,
                                            "on_sales":  false,
                                            "source_trace":  "cloud.culture.tw",
                                            "data_mode":  "real"
                                        }
                     },
                     {
                         "type":  "Feature",
                         "geometry":  {
                                          "type":  "Point",
                                          "coordinates":  [
                                                              121.3003009,
                                                              24.9939555
                                                          ]
                                      },
                         "properties":  {
                                            "title":  "2026女高音楊子瑄獨唱會",
                                            "location_name":  "桃園市政府文化局演藝廳",
                                            "event_time":  "2026/07/19 14:30:00",
                                            "category":  1,
                                            "on_sales":  false,
                                            "source_trace":  "cloud.culture.tw",
                                            "data_mode":  "real"
                                        }
                     },
                     {
                         "type":  "Feature",
                         "geometry":  {
                                          "type":  "Point",
                                          "coordinates":  [
                                                              121.5243992779115,
                                                              25.084774880260841
                                                          ]
                                      },
                         "properties":  {
                                            "title":  "2026擊思藍盒子《房間裡的大象》",
                                            "location_name":  "臺北表演藝術中心 藍盒子",
                                            "event_time":  "2026/07/19 14:30:00",
                                            "category":  1,
                                            "on_sales":  false,
                                            "source_trace":  "cloud.culture.tw",
                                            "data_mode":  "real"
                                        }
                     },
                     {
                         "type":  "Feature",
                         "geometry":  {
                                          "type":  "Point",
                                          "coordinates":  [
                                                              120.221556,
                                                              22.974833
                                                          ]
                                      },
                         "properties":  {
                                            "title":  "NTSO張弦，王崢嶸與國臺交",
                                            "location_name":  "臺南文化中心演藝廳",
                                            "event_time":  "2026/07/19 14:30:00",
                                            "category":  1,
                                            "on_sales":  false,
                                            "source_trace":  "cloud.culture.tw",
                                            "data_mode":  "real"
                                        }
                     },
                     {
                         "type":  "Feature",
                         "geometry":  {
                                          "type":  "Point",
                                          "coordinates":  [
                                                              121.519047,
                                                              25.0367564
                                                          ]
                                      },
                         "properties":  {
                                            "title":  "聲影之景",
                                            "location_name":  "國家兩廳院演奏廳",
                                            "event_time":  "2026/07/19 14:30:00",
                                            "category":  1,
                                            "on_sales":  false,
                                            "source_trace":  "cloud.culture.tw",
                                            "data_mode":  "real"
                                        }
                     },
                     {
                         "type":  "Feature",
                         "geometry":  {
                                          "type":  "Point",
                                          "coordinates":  [
                                                              120.31578,
                                                              23.3089691
                                                          ]
                                      },
                         "properties":  {
                                            "title":  "2026夏至藝術節《一千零5678夜》雲門家庭音樂劇場",
                                            "location_name":  "臺南新營文化中心演藝廳",
                                            "event_time":  "2026/07/19 15:30:00",
                                            "category":  1,
                                            "on_sales":  false,
                                            "source_trace":  "cloud.culture.tw",
                                            "data_mode":  "real"
                                        }
                     },
                     {
                         "type":  "Feature",
                         "geometry":  {
                                          "type":  "Point",
                                          "coordinates":  [
                                                              121.56143652677528,
                                                              25.044755179618331
                                                          ]
                                      },
                         "properties":  {
                                            "title":  "2026 王亭驊大提琴獨奏會",
                                            "location_name":  "誠品表演廳",
                                            "event_time":  "2026/07/19 19:30:00",
                                            "category":  1,
                                            "on_sales":  false,
                                            "source_trace":  "cloud.culture.tw",
                                            "data_mode":  "real"
                                        }
                     },
                     {
                         "type":  "Feature",
                         "geometry":  {
                                          "type":  "Point",
                                          "coordinates":  [
                                                              121.519047,
                                                              25.0367564
                                                          ]
                                      },
                         "properties":  {
                                            "title":  "台大合唱團 2026 夏季音樂會《不孤單》",
                                            "location_name":  "國家音樂廳",
                                            "event_time":  "2026/07/19 19:30:00",
                                            "category":  1,
                                            "on_sales":  false,
                                            "source_trace":  "cloud.culture.tw",
                                            "data_mode":  "real"
                                        }
                     },
                     {
                         "type":  "Feature",
                         "geometry":  {
                                          "type":  "Point",
                                          "coordinates":  [
                                                              121.519047,
                                                              25.0367564
                                                          ]
                                      },
                         "properties":  {
                                            "title":  "量子脈動Casey Cangelosi 打擊樂獨奏會",
                                            "location_name":  "國家兩廳院演奏廳",
                                            "event_time":  "2026/07/20 19:30:00",
                                            "category":  1,
                                            "on_sales":  false,
                                            "source_trace":  "cloud.culture.tw",
                                            "data_mode":  "real"
                                        }
                     },
                     {
                         "type":  "Feature",
                         "geometry":  {
                                          "type":  "Point",
                                          "coordinates":  [
                                                              121.519047,
                                                              25.0367564
                                                          ]
                                      },
                         "properties":  {
                                            "title":  "薇莎拉茲鋼琴獨奏會",
                                            "location_name":  "國家音樂廳",
                                            "event_time":  "2026/07/23 19:30:00",
                                            "category":  1,
                                            "on_sales":  false,
                                            "source_trace":  "cloud.culture.tw",
                                            "data_mode":  "real"
                                        }
                     },
                     {
                         "type":  "Feature",
                         "geometry":  {
                                          "type":  "Point",
                                          "coordinates":  [
                                                              121.44829425338143,
                                                              25.00689
                                                          ]
                                      },
                         "properties":  {
                                            "title":  "狂美《宮崎駿動畫配樂II》交響音樂會-2026暖心巡演",
                                            "location_name":  "臺藝表演廳",
                                            "event_time":  "2026/07/24 19:30:00",
                                            "category":  1,
                                            "on_sales":  false,
                                            "source_trace":  "cloud.culture.tw",
                                            "data_mode":  "real"
                                        }
                     },
                     {
                         "type":  "Feature",
                         "geometry":  {
                                          "type":  "Point",
                                          "coordinates":  [
                                                              120.342434118507,
                                                              22.6230179238508
                                                          ]
                                      },
                         "properties":  {
                                            "title":  "聲影之景",
                                            "location_name":  "衛武營國家藝術文化中心表演廳",
                                            "event_time":  "2026/07/24 19:30:00",
                                            "category":  1,
                                            "on_sales":  false,
                                            "source_trace":  "cloud.culture.tw",
                                            "data_mode":  "real"
                                        }
                     },
                     {
                         "type":  "Feature",
                         "geometry":  {
                                          "type":  "Point",
                                          "coordinates":  [
                                                              121.51010459577952,
                                                              25.04313285497436
                                                          ]
                                      },
                         "properties":  {
                                            "title":  "聽見靈魂：Jake Heggie的記憶與希望之歌",
                                            "location_name":  "臺北市中山堂光復廳",
                                            "event_time":  "2026/07/24 19:30:00",
                                            "category":  1,
                                            "on_sales":  false,
                                            "source_trace":  "cloud.culture.tw",
                                            "data_mode":  "real"
                                        }
                     },
                     {
                         "type":  "Feature",
                         "geometry":  {
                                          "type":  "Point",
                                          "coordinates":  [
                                                              121.5243992779115,
                                                              25.084774880260841
                                                          ]
                                      },
                         "properties":  {
                                            "title":  "2026擊思藍盒子《模擬遊戲》",
                                            "location_name":  "臺北表演藝術中心 藍盒子",
                                            "event_time":  "2026/07/25 14:30:00",
                                            "category":  1,
                                            "on_sales":  false,
                                            "source_trace":  "cloud.culture.tw",
                                            "data_mode":  "real"
                                        }
                     },
                     {
                         "type":  "Feature",
                         "geometry":  {
                                          "type":  "Point",
                                          "coordinates":  [
                                                              121.5148226,
                                                              25.0689926
                                                          ]
                                      },
                         "properties":  {
                                            "title":  "十方樂集30週年特別企劃：系列音樂會\u0026講座",
                                            "location_name":  "十方樂集音樂劇場",
                                            "event_time":  "2026/07/25 14:30:00",
                                            "category":  1,
                                            "on_sales":  false,
                                            "source_trace":  "cloud.culture.tw",
                                            "data_mode":  "real"
                                        }
                     },
                     {
                         "type":  "Feature",
                         "geometry":  {
                                          "type":  "Point",
                                          "coordinates":  [
                                                              121.44829425338143,
                                                              25.00689
                                                          ]
                                      },
                         "properties":  {
                                            "title":  "狂美《宮崎駿動畫配樂II》交響音樂會-2026暖心巡演",
                                            "location_name":  "臺藝表演廳",
                                            "event_time":  "2026/07/25 14:30:00",
                                            "category":  1,
                                            "on_sales":  false,
                                            "source_trace":  "cloud.culture.tw",
                                            "data_mode":  "real"
                                        }
                     },
                     {
                         "type":  "Feature",
                         "geometry":  {
                                          "type":  "Point",
                                          "coordinates":  [
                                                              121.6103092,
                                                              25.052286
                                                          ]
                                      },
                         "properties":  {
                                            "title":  "2026夏至愛樂 — 莫札特與台灣的相遇",
                                            "location_name":  "台北生技園區多功能廳",
                                            "event_time":  "2026/07/26 14:30:00",
                                            "category":  1,
                                            "on_sales":  false,
                                            "source_trace":  "cloud.culture.tw",
                                            "data_mode":  "real"
                                        }
                     },
                     {
                         "type":  "Feature",
                         "geometry":  {
                                          "type":  "Point",
                                          "coordinates":  [
                                                              121.5243992779115,
                                                              25.084774880260841
                                                          ]
                                      },
                         "properties":  {
                                            "title":  "2026擊思藍盒子《模擬遊戲》",
                                            "location_name":  "臺北表演藝術中心 藍盒子",
                                            "event_time":  "2026/07/26 14:30:00",
                                            "category":  1,
                                            "on_sales":  false,
                                            "source_trace":  "cloud.culture.tw",
                                            "data_mode":  "real"
                                        }
                     },
                     {
                         "type":  "Feature",
                         "geometry":  {
                                          "type":  "Point",
                                          "coordinates":  [
                                                              120.342434118507,
                                                              22.6230179238508
                                                          ]
                                      },
                         "properties":  {
                                            "title":  "2026新逸星秀回歸系列音樂會《聲界之間：東與西的交響視角》",
                                            "location_name":  "衛武營國家藝術文化中心表演廳",
                                            "event_time":  "2026/07/26 14:30:00",
                                            "category":  1,
                                            "on_sales":  false,
                                            "source_trace":  "cloud.culture.tw",
                                            "data_mode":  "real"
                                        }
                     },
                     {
                         "type":  "Feature",
                         "geometry":  {
                                          "type":  "Point",
                                          "coordinates":  [
                                                              121.519047,
                                                              25.0367564
                                                          ]
                                      },
                         "properties":  {
                                            "title":  "陳冠偉 2026 鋼琴獨奏會：斷裂時代的聲音",
                                            "location_name":  "國家兩廳院演奏廳",
                                            "event_time":  "2026/07/26 14:30:00",
                                            "category":  1,
                                            "on_sales":  false,
                                            "source_trace":  "cloud.culture.tw",
                                            "data_mode":  "real"
                                        }
                     },
                     {
                         "type":  "Feature",
                         "geometry":  {
                                          "type":  "Point",
                                          "coordinates":  [
                                                              121.519047,
                                                              25.0367564
                                                          ]
                                      },
                         "properties":  {
                                            "title":  "樂遊琴境-梁竹君\u0026劉伃芯雙鋼琴音樂會",
                                            "location_name":  "國家兩廳院演奏廳",
                                            "event_time":  "2026/07/26 19:30:00",
                                            "category":  1,
                                            "on_sales":  false,
                                            "source_trace":  "cloud.culture.tw",
                                            "data_mode":  "real"
                                        }
                     },
                     {
                         "type":  "Feature",
                         "geometry":  {
                                          "type":  "Point",
                                          "coordinates":  [
                                                              120.342434118507,
                                                              22.6230179238508
                                                          ]
                                      },
                         "properties":  {
                                            "title":  "詹蔓淇 2026 單簧管獨奏會 -《於未竟之境》",
                                            "location_name":  "衛武營國家藝術文化中心表演廳",
                                            "event_time":  "2026/07/27 19:30:00",
                                            "category":  1,
                                            "on_sales":  false,
                                            "source_trace":  "cloud.culture.tw",
                                            "data_mode":  "real"
                                        }
                     },
                     {
                         "type":  "Feature",
                         "geometry":  {
                                          "type":  "Point",
                                          "coordinates":  [
                                                              120.6403028,
                                                              24.1626492
                                                          ]
                                      },
                         "properties":  {
                                            "title":  "2026夏至愛樂 — 莫札特與台灣的相遇",
                                            "location_name":  "臺中國家歌劇院中劇院",
                                            "event_time":  "2026/07/28 19:30:00",
                                            "category":  1,
                                            "on_sales":  false,
                                            "source_trace":  "cloud.culture.tw",
                                            "data_mode":  "real"
                                        }
                     },
                     {
                         "type":  "Feature",
                         "geometry":  {
                                          "type":  "Point",
                                          "coordinates":  [
                                                              120.5061328,
                                                              22.6633696
                                                          ]
                                      },
                         "properties":  {
                                            "title":  "2026屏東演藝廳『消失的密室』管風琴室導覽",
                                            "location_name":  "屏東演藝廳音樂廳",
                                            "event_time":  "2026/07/29 14:30:00",
                                            "category":  1,
                                            "on_sales":  false,
                                            "source_trace":  "cloud.culture.tw",
                                            "data_mode":  "real"
                                        }
                     },
                     {
                         "type":  "Feature",
                         "geometry":  {
                                          "type":  "Point",
                                          "coordinates":  [
                                                              121.5644327,
                                                              25.0375417
                                                          ]
                                      },
                         "properties":  {
                                            "title":  "Alexandr Misko 世界巡演台灣站",
                                            "location_name":  "臺北市政大樓親子劇場",
                                            "event_time":  "2026/07/29 19:30:00",
                                            "category":  1,
                                            "on_sales":  false,
                                            "source_trace":  "cloud.culture.tw",
                                            "data_mode":  "real"
                                        }
                     },
                     {
                         "type":  "Feature",
                         "geometry":  {
                                          "type":  "Point",
                                          "coordinates":  [
                                                              120.264737,
                                                              22.628388
                                                          ]
                                      },
                         "properties":  {
                                            "title":  "2026小野麗莎珍愛音樂之旅巡迴演唱會－高雄站",
                                            "location_name":  "國立中山大學逸仙館",
                                            "event_time":  "2026/07/30 19:30:00",
                                            "category":  1,
                                            "on_sales":  false,
                                            "source_trace":  "cloud.culture.tw",
                                            "data_mode":  "real"
                                        }
                     },
                     {
                         "type":  "Feature",
                         "geometry":  {
                                          "type":  "Point",
                                          "coordinates":  [
                                                              120.342434118507,
                                                              22.6230179238508
                                                          ]
                                      },
                         "properties":  {
                                            "title":  "《歐洲琴語 》賀柏勳⼩提琴獨奏會",
                                            "location_name":  "衛武營國家藝術文化中心表演廳",
                                            "event_time":  "2026/07/30 19:30:00",
                                            "category":  1,
                                            "on_sales":  false,
                                            "source_trace":  "cloud.culture.tw",
                                            "data_mode":  "real"
                                        }
                     },
                     {
                         "type":  "Feature",
                         "geometry":  {
                                          "type":  "Point",
                                          "coordinates":  [
                                                              121.519047,
                                                              25.0367564
                                                          ]
                                      },
                         "properties":  {
                                            "title":  "詹蔓淇 2026 單簧管獨奏會 -《於未竟之境》",
                                            "location_name":  "國家兩廳院演奏廳",
                                            "event_time":  "2026/07/30 19:30:00",
                                            "category":  1,
                                            "on_sales":  false,
                                            "source_trace":  "cloud.culture.tw",
                                            "data_mode":  "real"
                                        }
                     },
                     {
                         "type":  "Feature",
                         "geometry":  {
                                          "type":  "Point",
                                          "coordinates":  [
                                                              120.6403028,
                                                              24.1626492
                                                          ]
                                      },
                         "properties":  {
                                            "title":  "星聲代合唱團《阿公的跟屁蟲》合唱劇場音樂會",
                                            "location_name":  "臺中國家歌劇院中劇院",
                                            "event_time":  "2026/07/31 19:30:00",
                                            "category":  1,
                                            "on_sales":  false,
                                            "source_trace":  "cloud.culture.tw",
                                            "data_mode":  "real"
                                        }
                     },
                     {
                         "type":  "Feature",
                         "geometry":  {
                                          "type":  "Point",
                                          "coordinates":  [
                                                              121.519047,
                                                              25.0367564
                                                          ]
                                      },
                         "properties":  {
                                            "title":  "2026 TMAF星秀室內樂音樂會",
                                            "location_name":  "國家兩廳院演奏廳",
                                            "event_time":  "2026/08/01 14:30:00",
                                            "category":  1,
                                            "on_sales":  false,
                                            "source_trace":  "cloud.culture.tw",
                                            "data_mode":  "real"
                                        }
                     },
                     {
                         "type":  "Feature",
                         "geometry":  {
                                          "type":  "Point",
                                          "coordinates":  [
                                                              120.2079978,
                                                              22.9847814
                                                          ]
                                      },
                         "properties":  {
                                            "title":  "《青春白日夢》國立台南女中校友管樂團第22屆音樂會",
                                            "location_name":  "國立臺南大學雅音樓音樂廳",
                                            "event_time":  "2026/08/01 14:30:00",
                                            "category":  1,
                                            "on_sales":  false,
                                            "source_trace":  "cloud.culture.tw",
                                            "data_mode":  "real"
                                        }
                     },
                     {
                         "type":  "Feature",
                         "geometry":  {
                                          "type":  "Point",
                                          "coordinates":  [
                                                              120.342434118507,
                                                              22.6230179238508
                                                          ]
                                      },
                         "properties":  {
                                            "title":  "高雄市管樂團《動畫楽ノ祭》－日本動漫交響音樂會3",
                                            "location_name":  "衛武營國家藝術文化中心音樂廳",
                                            "event_time":  "2026/08/01 14:30:00",
                                            "category":  1,
                                            "on_sales":  false,
                                            "source_trace":  "cloud.culture.tw",
                                            "data_mode":  "real"
                                        }
                     },
                     {
                         "type":  "Feature",
                         "geometry":  {
                                          "type":  "Point",
                                          "coordinates":  [
                                                              121.519047,
                                                              25.0367564
                                                          ]
                                      },
                         "properties":  {
                                            "title":  "2026 TMAF星秀室內樂音樂會",
                                            "location_name":  "國家兩廳院演奏廳",
                                            "event_time":  "2026/08/01 19:30:00",
                                            "category":  1,
                                            "on_sales":  false,
                                            "source_trace":  "cloud.culture.tw",
                                            "data_mode":  "real"
                                        }
                     },
                     {
                         "type":  "Feature",
                         "geometry":  {
                                          "type":  "Point",
                                          "coordinates":  [
                                                              120.5062157,
                                                              22.6636099
                                                          ]
                                      },
                         "properties":  {
                                            "title":  "屏東演藝廳《沙龍音樂會》",
                                            "location_name":  "屏東演藝廳音樂廳 大廳",
                                            "event_time":  "2026/08/02 11:00:00",
                                            "category":  1,
                                            "on_sales":  false,
                                            "source_trace":  "cloud.culture.tw",
                                            "data_mode":  "real"
                                        }
                     },
                     {
                         "type":  "Feature",
                         "geometry":  {
                                          "type":  "Point",
                                          "coordinates":  [
                                                              120.342434118507,
                                                              22.6230179238508
                                                          ]
                                      },
                         "properties":  {
                                            "title":  "夢與緋光",
                                            "location_name":  "衛武營國家藝術文化中心音樂廳",
                                            "event_time":  "2026/08/02 14:30:00",
                                            "category":  1,
                                            "on_sales":  false,
                                            "source_trace":  "cloud.culture.tw",
                                            "data_mode":  "real"
                                        }
                     },
                     {
                         "type":  "Feature",
                         "geometry":  {
                                          "type":  "Point",
                                          "coordinates":  [
                                                              120.3422105,
                                                              22.624172
                                                          ]
                                      },
                         "properties":  {
                                            "title":  "李斯特．救贖之旅",
                                            "location_name":  "衛武營國家藝術文化中心表演廳",
                                            "event_time":  "2026/08/02 14:30:00",
                                            "category":  1,
                                            "on_sales":  false,
                                            "source_trace":  "cloud.culture.tw",
                                            "data_mode":  "real"
                                        }
                     },
                     {
                         "type":  "Feature",
                         "geometry":  {
                                          "type":  "Point",
                                          "coordinates":  [
                                                              120.3592855,
                                                              22.5652774
                                                          ]
                                      },
                         "properties":  {
                                            "title":  "2026小野麗莎珍愛音樂之旅巡迴演唱會－高雄站",
                                            "location_name":  "高雄市立社會教育館演藝廳",
                                            "event_time":  "2026/08/02 19:30:00",
                                            "category":  1,
                                            "on_sales":  false,
                                            "source_trace":  "cloud.culture.tw",
                                            "data_mode":  "real"
                                        }
                     },
                     {
                         "type":  "Feature",
                         "geometry":  {
                                          "type":  "Point",
                                          "coordinates":  [
                                                              120.342434118507,
                                                              22.6230179238508
                                                          ]
                                      },
                         "properties":  {
                                            "title":  "100把大提琴的美麗冒險《舞幻樂章》",
                                            "location_name":  "衛武營國家藝術文化中心音樂廳",
                                            "event_time":  "2026/08/03 19:30:00",
                                            "category":  1,
                                            "on_sales":  false,
                                            "source_trace":  "cloud.culture.tw",
                                            "data_mode":  "real"
                                        }
                     },
                     {
                         "type":  "Feature",
                         "geometry":  {
                                          "type":  "Point",
                                          "coordinates":  [
                                                              120.221556,
                                                              22.974833
                                                          ]
                                      },
                         "properties":  {
                                            "title":  "夢與緋光",
                                            "location_name":  "臺南文化中心演藝廳",
                                            "event_time":  "2026/08/04 19:30:00",
                                            "category":  1,
                                            "on_sales":  false,
                                            "source_trace":  "cloud.culture.tw",
                                            "data_mode":  "real"
                                        }
                     },
                     {
                         "type":  "Feature",
                         "geometry":  {
                                          "type":  "Point",
                                          "coordinates":  [
                                                              121.519047,
                                                              25.0367564
                                                          ]
                                      },
                         "properties":  {
                                            "title":  "2026 TMAF 大師巨星音樂會",
                                            "location_name":  "國家音樂廳",
                                            "event_time":  "2026/08/05 19:30:00",
                                            "category":  1,
                                            "on_sales":  false,
                                            "source_trace":  "cloud.culture.tw",
                                            "data_mode":  "real"
                                        }
                     },
                     {
                         "type":  "Feature",
                         "geometry":  {
                                          "type":  "Point",
                                          "coordinates":  [
                                                              120.6403028,
                                                              24.1626492
                                                          ]
                                      },
                         "properties":  {
                                            "title":  "狂美《宮崎駿動畫配樂II》交響音樂會-2026暖心巡演",
                                            "location_name":  "臺中國家歌劇院大劇院",
                                            "event_time":  "2026/08/06 19:30:00",
                                            "category":  1,
                                            "on_sales":  false,
                                            "source_trace":  "cloud.culture.tw",
                                            "data_mode":  "real"
                                        }
                     },
                     {
                         "type":  "Feature",
                         "geometry":  {
                                          "type":  "Point",
                                          "coordinates":  [
                                                              120.6403028,
                                                              24.1626492
                                                          ]
                                      },
                         "properties":  {
                                            "title":  "2026 大師星秀音樂節交響音樂會",
                                            "location_name":  "臺中國家歌劇院大劇院",
                                            "event_time":  "2026/08/07 19:30:00",
                                            "category":  1,
                                            "on_sales":  false,
                                            "source_trace":  "cloud.culture.tw",
                                            "data_mode":  "real"
                                        }
                     },
                     {
                         "type":  "Feature",
                         "geometry":  {
                                          "type":  "Point",
                                          "coordinates":  [
                                                              121.519047,
                                                              25.0367564
                                                          ]
                                      },
                         "properties":  {
                                            "title":  "高雄市管樂團《動畫楽ノ祭》－日本動漫交響音樂會3",
                                            "location_name":  "國家音樂廳",
                                            "event_time":  "2026/08/07 19:30:00",
                                            "category":  1,
                                            "on_sales":  false,
                                            "source_trace":  "cloud.culture.tw",
                                            "data_mode":  "real"
                                        }
                     },
                     {
                         "type":  "Feature",
                         "geometry":  {
                                          "type":  "Point",
                                          "coordinates":  [
                                                              120.8859459,
                                                              24.6907345
                                                          ]
                                      },
                         "properties":  {
                                            "title":  "狂美《宮崎駿動畫配樂II》交響音樂會-2026暖心巡演",
                                            "location_name":  "苗北藝文中心演藝廳",
                                            "event_time":  "2026/08/08 14:30:00",
                                            "category":  1,
                                            "on_sales":  false,
                                            "source_trace":  "cloud.culture.tw",
                                            "data_mode":  "real"
                                        }
                     },
                     {
                         "type":  "Feature",
                         "geometry":  {
                                          "type":  "Point",
                                          "coordinates":  [
                                                              121.519047,
                                                              25.0367564
                                                          ]
                                      },
                         "properties":  {
                                            "title":  "高雄市管樂團《動畫楽ノ祭》－日本動漫交響音樂會3",
                                            "location_name":  "國家音樂廳",
                                            "event_time":  "2026/08/08 14:30:00",
                                            "category":  1,
                                            "on_sales":  false,
                                            "source_trace":  "cloud.culture.tw",
                                            "data_mode":  "real"
                                        }
                     },
                     {
                         "type":  "Feature",
                         "geometry":  {
                                          "type":  "Point",
                                          "coordinates":  [
                                                              120.342434118507,
                                                              22.6230179238508
                                                          ]
                                      },
                         "properties":  {
                                            "title":  "2026 大師星秀音樂節交響音樂會",
                                            "location_name":  "衛武營國家藝術文化中心音樂廳",
                                            "event_time":  "2026/08/08 15:00:00",
                                            "category":  1,
                                            "on_sales":  false,
                                            "source_trace":  "cloud.culture.tw",
                                            "data_mode":  "real"
                                        }
                     },
                     {
                         "type":  "Feature",
                         "geometry":  {
                                          "type":  "Point",
                                          "coordinates":  [
                                                              121.4283305,
                                                              24.9958085
                                                          ]
                                      },
                         "properties":  {
                                            "title":  "臺北爵士大樂隊 -老派趴踢Night",
                                            "location_name":  "樹林藝文中心演藝廳",
                                            "event_time":  "2026/08/08 19:30:00",
                                            "category":  1,
                                            "on_sales":  false,
                                            "source_trace":  "cloud.culture.tw",
                                            "data_mode":  "real"
                                        }
                     },
                     {
                         "type":  "Feature",
                         "geometry":  {
                                          "type":  "Point",
                                          "coordinates":  [
                                                              121.519047,
                                                              25.0367564
                                                          ]
                                      },
                         "properties":  {
                                            "title":  "2026 大師星秀音樂節交響音樂會",
                                            "location_name":  "國家音樂廳",
                                            "event_time":  "2026/08/09 19:30:00",
                                            "category":  1,
                                            "on_sales":  false,
                                            "source_trace":  "cloud.culture.tw",
                                            "data_mode":  "real"
                                        }
                     },
                     {
                         "type":  "Feature",
                         "geometry":  {
                                          "type":  "Point",
                                          "coordinates":  [
                                                              120.5061328,
                                                              22.6633696
                                                          ]
                                      },
                         "properties":  {
                                            "title":  "2026屏東演藝廳『消失的密室』管風琴室導覽",
                                            "location_name":  "屏東演藝廳音樂廳",
                                            "event_time":  "2026/08/12 14:30:00",
                                            "category":  1,
                                            "on_sales":  false,
                                            "source_trace":  "cloud.culture.tw",
                                            "data_mode":  "real"
                                        }
                     },
                     {
                         "type":  "Feature",
                         "geometry":  {
                                          "type":  "Point",
                                          "coordinates":  [
                                                              121.519047,
                                                              25.0367564
                                                          ]
                                      },
                         "properties":  {
                                            "title":  "力晶2026藝文饗宴- 蕭邦計畫 : 從華沙到巴黎（1831–1837）",
                                            "location_name":  "國家兩廳院演奏廳",
                                            "event_time":  "2026/08/13 19:30:00",
                                            "category":  1,
                                            "on_sales":  false,
                                            "source_trace":  "cloud.culture.tw",
                                            "data_mode":  "real"
                                        }
                     },
                     {
                         "type":  "Feature",
                         "geometry":  {
                                          "type":  "Point",
                                          "coordinates":  [
                                                              121.519047,
                                                              25.0367564
                                                          ]
                                      },
                         "properties":  {
                                            "title":  "力晶2026藝文饗宴- 蕭邦計畫 : 巴黎–馬約卡–諾漢（1837–1839）",
                                            "location_name":  "國家兩廳院演奏廳",
                                            "event_time":  "2026/08/14 19:30:00",
                                            "category":  1,
                                            "on_sales":  false,
                                            "source_trace":  "cloud.culture.tw",
                                            "data_mode":  "real"
                                        }
                     },
                     {
                         "type":  "Feature",
                         "geometry":  {
                                          "type":  "Point",
                                          "coordinates":  [
                                                              121.519047,
                                                              25.0367564
                                                          ]
                                      },
                         "properties":  {
                                            "title":  "力晶2026藝文饗宴- 蕭邦計畫 : 巴黎到諾漢（1840–1849）",
                                            "location_name":  "國家兩廳院演奏廳",
                                            "event_time":  "2026/08/15 14:30:00",
                                            "category":  1,
                                            "on_sales":  false,
                                            "source_trace":  "cloud.culture.tw",
                                            "data_mode":  "real"
                                        }
                     },
                     {
                         "type":  "Feature",
                         "geometry":  {
                                          "type":  "Point",
                                          "coordinates":  [
                                                              120.681721,
                                                              23.9082732
                                                          ]
                                      },
                         "properties":  {
                                            "title":  "狂美《宮崎駿動畫配樂II》交響音樂會-2026暖心巡演",
                                            "location_name":  "南投縣政府文化局演藝廳",
                                            "event_time":  "2026/08/15 14:30:00",
                                            "category":  1,
                                            "on_sales":  false,
                                            "source_trace":  "cloud.culture.tw",
                                            "data_mode":  "real"
                                        }
                     },
                     {
                         "type":  "Feature",
                         "geometry":  {
                                          "type":  "Point",
                                          "coordinates":  [
                                                              120.6403028,
                                                              24.1626492
                                                          ]
                                      },
                         "properties":  {
                                            "title":  "濤韻男聲合唱團《旅行的日子》Songs for the Journey",
                                            "location_name":  "臺中國家歌劇院中劇院",
                                            "event_time":  "2026/08/15 19:00:00",
                                            "category":  1,
                                            "on_sales":  false,
                                            "source_trace":  "cloud.culture.tw",
                                            "data_mode":  "real"
                                        }
                     },
                     {
                         "type":  "Feature",
                         "geometry":  {
                                          "type":  "Point",
                                          "coordinates":  [
                                                              121.6103092,
                                                              25.052286
                                                          ]
                                      },
                         "properties":  {
                                            "title":  "富邦身心障礙才藝獎得主音樂會",
                                            "location_name":  "台北生技園區多功能廳",
                                            "event_time":  "2026/08/15 19:30:00",
                                            "category":  1,
                                            "on_sales":  false,
                                            "source_trace":  "cloud.culture.tw",
                                            "data_mode":  "real"
                                        }
                     },
                     {
                         "type":  "Feature",
                         "geometry":  {
                                          "type":  "Point",
                                          "coordinates":  [
                                                              120.31814,
                                                              22.6257981
                                                          ]
                                      },
                         "properties":  {
                                            "title":  "雄頌管弦樂團音樂會-愛與命運-柴可夫斯基之樂",
                                            "location_name":  "高雄市文化中心至德堂",
                                            "event_time":  "2026/08/16 14:30:00",
                                            "category":  1,
                                            "on_sales":  false,
                                            "source_trace":  "cloud.culture.tw",
                                            "data_mode":  "real"
                                        }
                     },
                     {
                         "type":  "Feature",
                         "geometry":  {
                                          "type":  "Point",
                                          "coordinates":  [
                                                              120.3171311,
                                                              22.6259044
                                                          ]
                                      },
                         "properties":  {
                                            "title":  "恆耀管樂團2026第二次公演 亞太樂曲巨擘系列II-八木澤教司",
                                            "location_name":  "高雄市文化中心至德堂",
                                            "event_time":  "2026/08/21 19:30:00",
                                            "category":  1,
                                            "on_sales":  false,
                                            "source_trace":  "cloud.culture.tw",
                                            "data_mode":  "real"
                                        }
                     },
                     {
                         "type":  "Feature",
                         "geometry":  {
                                          "type":  "Point",
                                          "coordinates":  [
                                                              120.52510397140288,
                                                              23.695950398884172
                                                          ]
                                      },
                         "properties":  {
                                            "title":  "狂美《宮崎駿動畫配樂II》交響音樂會-2026暖心巡演",
                                            "location_name":  "雲林表演廳",
                                            "event_time":  "2026/08/21 19:30:00",
                                            "category":  1,
                                            "on_sales":  false,
                                            "source_trace":  "cloud.culture.tw",
                                            "data_mode":  "real"
                                        }
                     },
                     {
                         "type":  "Feature",
                         "geometry":  {
                                          "type":  "Point",
                                          "coordinates":  [
                                                              121.519047,
                                                              25.0367564
                                                          ]
                                      },
                         "properties":  {
                                            "title":  "布拉姆斯：三首鋼琴三重奏",
                                            "location_name":  "國家兩廳院演奏廳",
                                            "event_time":  "2026/08/23 14:30:00",
                                            "category":  1,
                                            "on_sales":  false,
                                            "source_trace":  "cloud.culture.tw",
                                            "data_mode":  "real"
                                        }
                     },
                     {
                         "type":  "Feature",
                         "geometry":  {
                                          "type":  "Point",
                                          "coordinates":  [
                                                              121.519047,
                                                              25.0367564
                                                          ]
                                      },
                         "properties":  {
                                            "title":  "【2026 TSO 室內沙龍】宜琳姐姐的古典音樂繪本世界",
                                            "location_name":  "國家兩廳院演奏廳",
                                            "event_time":  "2026/08/23 19:30:00",
                                            "category":  1,
                                            "on_sales":  false,
                                            "source_trace":  "cloud.culture.tw",
                                            "data_mode":  "real"
                                        }
                     },
                     {
                         "type":  "Feature",
                         "geometry":  {
                                          "type":  "Point",
                                          "coordinates":  [
                                                              121.519047,
                                                              25.0367564
                                                          ]
                                      },
                         "properties":  {
                                            "title":  "力晶2026藝文饗宴- 蕭邦計畫 : 鋼琴與交響的青春燦爛",
                                            "location_name":  "國家音樂廳",
                                            "event_time":  "2026/08/24 19:30:00",
                                            "category":  1,
                                            "on_sales":  false,
                                            "source_trace":  "cloud.culture.tw",
                                            "data_mode":  "real"
                                        }
                     },
                     {
                         "type":  "Feature",
                         "geometry":  {
                                          "type":  "Point",
                                          "coordinates":  [
                                                              121.519047,
                                                              25.0367564
                                                          ]
                                      },
                         "properties":  {
                                            "title":  "力晶2026藝文饗宴- 蕭邦計畫 : 協奏曲與藝術的完成",
                                            "location_name":  "國家音樂廳",
                                            "event_time":  "2026/08/25 19:30:00",
                                            "category":  1,
                                            "on_sales":  false,
                                            "source_trace":  "cloud.culture.tw",
                                            "data_mode":  "real"
                                        }
                     },
                     {
                         "type":  "Feature",
                         "geometry":  {
                                          "type":  "Point",
                                          "coordinates":  [
                                                              120.5061328,
                                                              22.6633696
                                                          ]
                                      },
                         "properties":  {
                                            "title":  "2026屏東演藝廳『消失的密室』管風琴室導覽",
                                            "location_name":  "屏東演藝廳音樂廳",
                                            "event_time":  "2026/08/26 14:30:00",
                                            "category":  1,
                                            "on_sales":  false,
                                            "source_trace":  "cloud.culture.tw",
                                            "data_mode":  "real"
                                        }
                     },
                     {
                         "type":  "Feature",
                         "geometry":  {
                                          "type":  "Point",
                                          "coordinates":  [
                                                              121.519047,
                                                              25.0367564
                                                          ]
                                      },
                         "properties":  {
                                            "title":  "《浮光樂影》三重奏",
                                            "location_name":  "國家兩廳院演奏廳",
                                            "event_time":  "2026/08/29 14:30:00",
                                            "category":  1,
                                            "on_sales":  false,
                                            "source_trace":  "cloud.culture.tw",
                                            "data_mode":  "real"
                                        }
                     },
                     {
                         "type":  "Feature",
                         "geometry":  {
                                          "type":  "Point",
                                          "coordinates":  [
                                                              121.519047,
                                                              25.0367564
                                                          ]
                                      },
                         "properties":  {
                                            "title":  "布拉姆斯：兩首弦樂六重奏",
                                            "location_name":  "國家兩廳院演奏廳",
                                            "event_time":  "2026/08/29 19:30:00",
                                            "category":  1,
                                            "on_sales":  false,
                                            "source_trace":  "cloud.culture.tw",
                                            "data_mode":  "real"
                                        }
                     },
                     {
                         "type":  "Feature",
                         "geometry":  {
                                          "type":  "Point",
                                          "coordinates":  [
                                                              120.5062157,
                                                              22.6636099
                                                          ]
                                      },
                         "properties":  {
                                            "title":  "屏東演藝廳《沙龍音樂會》",
                                            "location_name":  "屏東演藝廳音樂廳 大廳",
                                            "event_time":  "2026/08/30 11:00:00",
                                            "category":  1,
                                            "on_sales":  false,
                                            "source_trace":  "cloud.culture.tw",
                                            "data_mode":  "real"
                                        }
                     },
                     {
                         "type":  "Feature",
                         "geometry":  {
                                          "type":  "Point",
                                          "coordinates":  [
                                                              120.3422105,
                                                              22.624172
                                                          ]
                                      },
                         "properties":  {
                                            "title":  "遊•藝•敘•惑鋼琴三重奏",
                                            "location_name":  "衛武營國家藝術文化中心表演廳",
                                            "event_time":  "2026/08/30 14:30:00",
                                            "category":  1,
                                            "on_sales":  false,
                                            "source_trace":  "cloud.culture.tw",
                                            "data_mode":  "real"
                                        }
                     },
                     {
                         "type":  "Feature",
                         "geometry":  {
                                          "type":  "Point",
                                          "coordinates":  [
                                                              120.9680989,
                                                              24.8116887
                                                          ]
                                      },
                         "properties":  {
                                            "title":  "臺北爵士大樂隊 -老派趴踢Night",
                                            "location_name":  "新竹市文化局演藝廳音樂廳",
                                            "event_time":  "2026/08/30 19:30:00",
                                            "category":  1,
                                            "on_sales":  false,
                                            "source_trace":  "cloud.culture.tw",
                                            "data_mode":  "real"
                                        }
                     },
                     {
                         "type":  "Feature",
                         "geometry":  {
                                          "type":  "Point",
                                          "coordinates":  [
                                                              120.3422105,
                                                              22.624172
                                                          ]
                                      },
                         "properties":  {
                                            "title":  "2026馬聿明小提琴獨奏會",
                                            "location_name":  "衛武營國家藝術文化中心表演廳",
                                            "event_time":  "2026/08/31 19:30:00",
                                            "category":  1,
                                            "on_sales":  false,
                                            "source_trace":  "cloud.culture.tw",
                                            "data_mode":  "real"
                                        }
                     },
                     {
                         "type":  "Feature",
                         "geometry":  {
                                          "type":  "Point",
                                          "coordinates":  [
                                                              121.5148226,
                                                              25.0689926
                                                          ]
                                      },
                         "properties":  {
                                            "title":  "十方樂集30週年特別企劃：系列音樂會\u0026講座",
                                            "location_name":  "十方樂集音樂劇場",
                                            "event_time":  "2026/09/05 14:30:00",
                                            "category":  1,
                                            "on_sales":  false,
                                            "source_trace":  "cloud.culture.tw",
                                            "data_mode":  "real"
                                        }
                     },
                     {
                         "type":  "Feature",
                         "geometry":  {
                                          "type":  "Point",
                                          "coordinates":  [
                                                              121.7527402,
                                                              24.7533504
                                                          ]
                                      },
                         "properties":  {
                                            "title":  "狂美《宮崎駿動畫配樂II》交響音樂會-2026暖心巡演",
                                            "location_name":  "宜蘭演藝廳",
                                            "event_time":  "2026/09/05 14:30:00",
                                            "category":  1,
                                            "on_sales":  false,
                                            "source_trace":  "cloud.culture.tw",
                                            "data_mode":  "real"
                                        }
                     },
                     {
                         "type":  "Feature",
                         "geometry":  {
                                          "type":  "Point",
                                          "coordinates":  [
                                                              121.5103541,
                                                              25.0425041
                                                          ]
                                      },
                         "properties":  {
                                            "title":  "2026 新竹市立交響樂團年度製作 向光而生",
                                            "location_name":  "臺北市中山堂中正廳",
                                            "event_time":  "2026/09/06 14:30:00",
                                            "category":  1,
                                            "on_sales":  false,
                                            "source_trace":  "cloud.culture.tw",
                                            "data_mode":  "real"
                                        }
                     },
                     {
                         "type":  "Feature",
                         "geometry":  {
                                          "type":  "Point",
                                          "coordinates":  [
                                                              120.5061328,
                                                              22.6633696
                                                          ]
                                      },
                         "properties":  {
                                            "title":  "2026屏東演藝廳『消失的密室』管風琴室導覽",
                                            "location_name":  "屏東演藝廳音樂廳",
                                            "event_time":  "2026/09/09 14:30:00",
                                            "category":  1,
                                            "on_sales":  false,
                                            "source_trace":  "cloud.culture.tw",
                                            "data_mode":  "real"
                                        }
                     },
                     {
                         "type":  "Feature",
                         "geometry":  {
                                          "type":  "Point",
                                          "coordinates":  [
                                                              120.682756,
                                                              24.155298
                                                          ]
                                      },
                         "properties":  {
                                            "title":  "狂美《宮崎駿動畫配樂II》交響音樂會-2026暖心巡演",
                                            "location_name":  "臺中市中山堂",
                                            "event_time":  "2026/09/12 14:30:00",
                                            "category":  1,
                                            "on_sales":  false,
                                            "source_trace":  "cloud.culture.tw",
                                            "data_mode":  "real"
                                        }
                     },
                     {
                         "type":  "Feature",
                         "geometry":  {
                                          "type":  "Point",
                                          "coordinates":  [
                                                              120.682756,
                                                              24.155298
                                                          ]
                                      },
                         "properties":  {
                                            "title":  "狂美《宮崎駿動畫配樂II》交響音樂會-2026暖心巡演",
                                            "location_name":  "臺中市中山堂",
                                            "event_time":  "2026/09/13 14:30:00",
                                            "category":  1,
                                            "on_sales":  false,
                                            "source_trace":  "cloud.culture.tw",
                                            "data_mode":  "real"
                                        }
                     },
                     {
                         "type":  "Feature",
                         "geometry":  {
                                          "type":  "Point",
                                          "coordinates":  [
                                                              120.4772552,
                                                              22.6770907
                                                          ]
                                      },
                         "properties":  {
                                            "title":  "《太空阿嬤》音樂劇",
                                            "location_name":  "屏東藝術館",
                                            "event_time":  "2026/09/19 14:30:00",
                                            "category":  1,
                                            "on_sales":  false,
                                            "source_trace":  "cloud.culture.tw",
                                            "data_mode":  "real"
                                        }
                     },
                     {
                         "type":  "Feature",
                         "geometry":  {
                                          "type":  "Point",
                                          "coordinates":  [
                                                              121.5148226,
                                                              25.0689926
                                                          ]
                                      },
                         "properties":  {
                                            "title":  "十方樂集30週年特別企劃：系列音樂會\u0026講座",
                                            "location_name":  "十方樂集音樂劇場",
                                            "event_time":  "2026/09/19 14:30:00",
                                            "category":  1,
                                            "on_sales":  false,
                                            "source_trace":  "cloud.culture.tw",
                                            "data_mode":  "real"
                                        }
                     },
                     {
                         "type":  "Feature",
                         "geometry":  {
                                          "type":  "Point",
                                          "coordinates":  [
                                                              121.0121201,
                                                              24.8301478
                                                          ]
                                      },
                         "properties":  {
                                            "title":  "狂美《宮崎駿動畫配樂II》交響音樂會-2026暖心巡演",
                                            "location_name":  "新竹縣政府文化局演藝廳",
                                            "event_time":  "2026/09/19 14:30:00",
                                            "category":  1,
                                            "on_sales":  false,
                                            "source_trace":  "cloud.culture.tw",
                                            "data_mode":  "real"
                                        }
                     },
                     {
                         "type":  "Feature",
                         "geometry":  {
                                          "type":  "Point",
                                          "coordinates":  [
                                                              120.5062157,
                                                              22.6636099
                                                          ]
                                      },
                         "properties":  {
                                            "title":  "屏東演藝廳《沙龍音樂會》",
                                            "location_name":  "屏東演藝廳音樂廳 大廳",
                                            "event_time":  "2026/09/20 11:00:00",
                                            "category":  1,
                                            "on_sales":  false,
                                            "source_trace":  "cloud.culture.tw",
                                            "data_mode":  "real"
                                        }
                     },
                     {
                         "type":  "Feature",
                         "geometry":  {
                                          "type":  "Point",
                                          "coordinates":  [
                                                              121.519047,
                                                              25.0367564
                                                          ]
                                      },
                         "properties":  {
                                            "title":  "【2026 TSO 室內沙龍】低音提琴的浪漫曲",
                                            "location_name":  "國家兩廳院演奏廳",
                                            "event_time":  "2026/09/20 19:30:00",
                                            "category":  1,
                                            "on_sales":  false,
                                            "source_trace":  "cloud.culture.tw",
                                            "data_mode":  "real"
                                        }
                     },
                     {
                         "type":  "Feature",
                         "geometry":  {
                                          "type":  "Point",
                                          "coordinates":  [
                                                              121.56143652677528,
                                                              25.044755179618331
                                                          ]
                                      },
                         "properties":  {
                                            "title":  "寶塚OG夢幻舞台《築夢之橋》",
                                            "location_name":  "誠品表演廳",
                                            "event_time":  "2026/09/25 14:30:00",
                                            "category":  1,
                                            "on_sales":  false,
                                            "source_trace":  "cloud.culture.tw",
                                            "data_mode":  "real"
                                        }
                     },
                     {
                         "type":  "Feature",
                         "geometry":  {
                                          "type":  "Point",
                                          "coordinates":  [
                                                              121.519047,
                                                              25.0367564
                                                          ]
                                      },
                         "properties":  {
                                            "title":  "【2026 TSO 室內沙龍】從陰影到光亮──蔡弦修中提琴獨奏會",
                                            "location_name":  "國家兩廳院演奏廳",
                                            "event_time":  "2026/09/26 14:30:00",
                                            "category":  1,
                                            "on_sales":  false,
                                            "source_trace":  "cloud.culture.tw",
                                            "data_mode":  "real"
                                        }
                     },
                     {
                         "type":  "Feature",
                         "geometry":  {
                                          "type":  "Point",
                                          "coordinates":  [
                                                              120.6674994,
                                                              24.1425972
                                                          ]
                                      },
                         "properties":  {
                                            "title":  "寶塚OG夢幻舞台《築夢之橋》",
                                            "location_name":  "丰二三晨露廳",
                                            "event_time":  "2026/09/26 14:30:00",
                                            "category":  1,
                                            "on_sales":  false,
                                            "source_trace":  "cloud.culture.tw",
                                            "data_mode":  "real"
                                        }
                     },
                     {
                         "type":  "Feature",
                         "geometry":  {
                                          "type":  "Point",
                                          "coordinates":  [
                                                              121.6103092,
                                                              25.052286
                                                          ]
                                      },
                         "properties":  {
                                            "title":  "流金歲月・曼陀林群星會",
                                            "location_name":  "台北生技園區多功能廳",
                                            "event_time":  "2026/09/27 15:00:00",
                                            "category":  1,
                                            "on_sales":  false,
                                            "source_trace":  "cloud.culture.tw",
                                            "data_mode":  "real"
                                        }
                     },
                     {
                         "type":  "Feature",
                         "geometry":  {
                                          "type":  "Point",
                                          "coordinates":  [
                                                              120.342434118507,
                                                              22.6230179238508
                                                          ]
                                      },
                         "properties":  {
                                            "title":  "狂美《璀璨經典百老匯》交響音樂會-2026震撼再現",
                                            "location_name":  "衛武營國家藝術文化中心音樂廳",
                                            "event_time":  "2026/09/28 14:30:00",
                                            "category":  1,
                                            "on_sales":  false,
                                            "source_trace":  "cloud.culture.tw",
                                            "data_mode":  "real"
                                        }
                     },
                     {
                         "type":  "Feature",
                         "geometry":  {
                                          "type":  "Point",
                                          "coordinates":  [
                                                              120.342434118507,
                                                              22.6230179238508
                                                          ]
                                      },
                         "properties":  {
                                            "title":  "狂美《璀璨經典百老匯》交響音樂會-2026震撼再現",
                                            "location_name":  "衛武營國家藝術文化中心音樂廳",
                                            "event_time":  "2026/09/29 19:00:00",
                                            "category":  1,
                                            "on_sales":  false,
                                            "source_trace":  "cloud.culture.tw",
                                            "data_mode":  "real"
                                        }
                     },
                     {
                         "type":  "Feature",
                         "geometry":  {
                                          "type":  "Point",
                                          "coordinates":  [
                                                              121.7527402,
                                                              24.7533504
                                                          ]
                                      },
                         "properties":  {
                                            "title":  "《失速在B612行星之後？》說書音樂會",
                                            "location_name":  "宜蘭演藝廳",
                                            "event_time":  "2026/10/02 19:30:00",
                                            "category":  1,
                                            "on_sales":  false,
                                            "source_trace":  "cloud.culture.tw",
                                            "data_mode":  "real"
                                        }
                     },
                     {
                         "type":  "Feature",
                         "geometry":  {
                                          "type":  "Point",
                                          "coordinates":  [
                                                              121.519047,
                                                              25.0367564
                                                          ]
                                      },
                         "properties":  {
                                            "title":  "【2026 TSO 首席指揮】里柏瑞契與TSO─抒情‧交響曲",
                                            "location_name":  "國家音樂廳",
                                            "event_time":  "2026/10/02 19:30:00",
                                            "category":  1,
                                            "on_sales":  false,
                                            "source_trace":  "cloud.culture.tw",
                                            "data_mode":  "real"
                                        }
                     },
                     {
                         "type":  "Feature",
                         "geometry":  {
                                          "type":  "Point",
                                          "coordinates":  [
                                                              120.5062157,
                                                              22.6636099
                                                          ]
                                      },
                         "properties":  {
                                            "title":  "屏東演藝廳《沙龍音樂會》",
                                            "location_name":  "屏東演藝廳音樂廳 大廳",
                                            "event_time":  "2026/10/04 11:00:00",
                                            "category":  1,
                                            "on_sales":  false,
                                            "source_trace":  "cloud.culture.tw",
                                            "data_mode":  "real"
                                        }
                     },
                     {
                         "type":  "Feature",
                         "geometry":  {
                                          "type":  "Point",
                                          "coordinates":  [
                                                              121.51862076759792,
                                                              25.03510962532496
                                                          ]
                                      },
                         "properties":  {
                                            "title":  "《失速在B612行星之後？》說書音樂會",
                                            "location_name":  "國家兩廳院實驗劇場",
                                            "event_time":  "2026/10/04 14:30:00",
                                            "category":  1,
                                            "on_sales":  false,
                                            "source_trace":  "cloud.culture.tw",
                                            "data_mode":  "real"
                                        }
                     },
                     {
                         "type":  "Feature",
                         "geometry":  {
                                          "type":  "Point",
                                          "coordinates":  [
                                                              120.5061328,
                                                              22.6633696
                                                          ]
                                      },
                         "properties":  {
                                            "title":  "2026屏東演藝廳『消失的密室』管風琴室導覽",
                                            "location_name":  "屏東演藝廳音樂廳",
                                            "event_time":  "2026/10/07 14:30:00",
                                            "category":  1,
                                            "on_sales":  false,
                                            "source_trace":  "cloud.culture.tw",
                                            "data_mode":  "real"
                                        }
                     },
                     {
                         "type":  "Feature",
                         "geometry":  {
                                          "type":  "Point",
                                          "coordinates":  [
                                                              120.342434118507,
                                                              22.6230179238508
                                                          ]
                                      },
                         "properties":  {
                                            "title":  "巴洛克獨奏家樂團《布蘭登堡全集：巴赫的和聲奇蹟》",
                                            "location_name":  "衛武營國家藝術文化中心音樂廳",
                                            "event_time":  "2026/10/08 19:30:00",
                                            "category":  1,
                                            "on_sales":  false,
                                            "source_trace":  "cloud.culture.tw",
                                            "data_mode":  "real"
                                        }
                     },
                     {
                         "type":  "Feature",
                         "geometry":  {
                                          "type":  "Point",
                                          "coordinates":  [
                                                              121.56143652677528,
                                                              25.044755179618331
                                                          ]
                                      },
                         "properties":  {
                                            "title":  "巴洛克獨奏家樂團《布蘭登堡全集：巴赫的和聲奇蹟》",
                                            "location_name":  "誠品表演廳",
                                            "event_time":  "2026/10/09 19:30:00",
                                            "category":  1,
                                            "on_sales":  false,
                                            "source_trace":  "cloud.culture.tw",
                                            "data_mode":  "real"
                                        }
                     },
                     {
                         "type":  "Feature",
                         "geometry":  {
                                          "type":  "Point",
                                          "coordinates":  [
                                                              120.6403028,
                                                              24.1626492
                                                          ]
                                      },
                         "properties":  {
                                            "title":  "巴洛克獨奏家樂團《布蘭登堡全集：巴赫的和聲奇蹟》",
                                            "location_name":  "臺中國家歌劇院中劇院",
                                            "event_time":  "2026/10/11 14:30:00",
                                            "category":  1,
                                            "on_sales":  false,
                                            "source_trace":  "cloud.culture.tw",
                                            "data_mode":  "real"
                                        }
                     },
                     {
                         "type":  "Feature",
                         "geometry":  {
                                          "type":  "Point",
                                          "coordinates":  [
                                                              121.56143652677528,
                                                              25.044755179618331
                                                          ]
                                      },
                         "properties":  {
                                            "title":  "故鄉台法名曲饗宴",
                                            "location_name":  "誠品表演廳",
                                            "event_time":  "2026/10/11 15:00:00",
                                            "category":  1,
                                            "on_sales":  false,
                                            "source_trace":  "cloud.culture.tw",
                                            "data_mode":  "real"
                                        }
                     },
                     {
                         "type":  "Feature",
                         "geometry":  {
                                          "type":  "Point",
                                          "coordinates":  [
                                                              121.5148226,
                                                              25.0689926
                                                          ]
                                      },
                         "properties":  {
                                            "title":  "十方樂集30週年特別企劃：系列音樂會\u0026講座",
                                            "location_name":  "十方樂集音樂劇場",
                                            "event_time":  "2026/10/17 14:30:00",
                                            "category":  1,
                                            "on_sales":  false,
                                            "source_trace":  "cloud.culture.tw",
                                            "data_mode":  "real"
                                        }
                     },
                     {
                         "type":  "Feature",
                         "geometry":  {
                                          "type":  "Point",
                                          "coordinates":  [
                                                              120.5062157,
                                                              22.6636099
                                                          ]
                                      },
                         "properties":  {
                                            "title":  "屏東演藝廳《沙龍音樂會》",
                                            "location_name":  "屏東演藝廳音樂廳 大廳",
                                            "event_time":  "2026/10/18 11:00:00",
                                            "category":  1,
                                            "on_sales":  false,
                                            "source_trace":  "cloud.culture.tw",
                                            "data_mode":  "real"
                                        }
                     },
                     {
                         "type":  "Feature",
                         "geometry":  {
                                          "type":  "Point",
                                          "coordinates":  [
                                                              121.5148226,
                                                              25.0689926
                                                          ]
                                      },
                         "properties":  {
                                            "title":  "十方樂集30週年特別企劃：系列音樂會\u0026講座",
                                            "location_name":  "十方樂集音樂劇場",
                                            "event_time":  "2026/10/18 14:30:00",
                                            "category":  1,
                                            "on_sales":  false,
                                            "source_trace":  "cloud.culture.tw",
                                            "data_mode":  "real"
                                        }
                     },
                     {
                         "type":  "Feature",
                         "geometry":  {
                                          "type":  "Point",
                                          "coordinates":  [
                                                              121.519047,
                                                              25.0367564
                                                          ]
                                      },
                         "properties":  {
                                            "title":  "【2026 TSO 室內沙龍】當青春遇見永恆：五把弦樂的跨時空對話",
                                            "location_name":  "國家兩廳院演奏廳",
                                            "event_time":  "2026/10/23 19:30:00",
                                            "category":  1,
                                            "on_sales":  false,
                                            "source_trace":  "cloud.culture.tw",
                                            "data_mode":  "real"
                                        }
                     },
                     {
                         "type":  "Feature",
                         "geometry":  {
                                          "type":  "Point",
                                          "coordinates":  [
                                                              121.519047,
                                                              25.0367564
                                                          ]
                                      },
                         "properties":  {
                                            "title":  "島影情深：余曉怡管風琴音樂會",
                                            "location_name":  "國家音樂廳",
                                            "event_time":  "2026/10/23 19:30:00",
                                            "category":  1,
                                            "on_sales":  false,
                                            "source_trace":  "cloud.culture.tw",
                                            "data_mode":  "real"
                                        }
                     },
                     {
                         "type":  "Feature",
                         "geometry":  {
                                          "type":  "Point",
                                          "coordinates":  [
                                                              121.519047,
                                                              25.0367564
                                                          ]
                                      },
                         "properties":  {
                                            "title":  "【2026 TSO 大師系列】殷巴爾、齊柏絲坦與TSO",
                                            "location_name":  "國家音樂廳",
                                            "event_time":  "2026/10/30 19:30:00",
                                            "category":  1,
                                            "on_sales":  false,
                                            "source_trace":  "cloud.culture.tw",
                                            "data_mode":  "real"
                                        }
                     },
                     {
                         "type":  "Feature",
                         "geometry":  {
                                          "type":  "Point",
                                          "coordinates":  [
                                                              121.2986658,
                                                              25.0175106
                                                          ]
                                      },
                         "properties":  {
                                            "title":  "2026風動室內樂團《無限》宮崎駿動畫音樂精選",
                                            "location_name":  "桃園展演中心展演廳",
                                            "event_time":  "2026/10/31 14:30:00",
                                            "category":  1,
                                            "on_sales":  false,
                                            "source_trace":  "cloud.culture.tw",
                                            "data_mode":  "real"
                                        }
                     },
                     {
                         "type":  "Feature",
                         "geometry":  {
                                          "type":  "Point",
                                          "coordinates":  [
                                                              121.2986658,
                                                              25.0175106
                                                          ]
                                      },
                         "properties":  {
                                            "title":  "2026風動室內樂團《無限》ACG電玩動漫音樂會",
                                            "location_name":  "桃園展演中心展演廳",
                                            "event_time":  "2026/10/31 19:30:00",
                                            "category":  1,
                                            "on_sales":  false,
                                            "source_trace":  "cloud.culture.tw",
                                            "data_mode":  "real"
                                        }
                     },
                     {
                         "type":  "Feature",
                         "geometry":  {
                                          "type":  "Point",
                                          "coordinates":  [
                                                              120.5062157,
                                                              22.6636099
                                                          ]
                                      },
                         "properties":  {
                                            "title":  "屏東演藝廳《沙龍音樂會》",
                                            "location_name":  "屏東演藝廳音樂廳 大廳",
                                            "event_time":  "2026/11/01 11:00:00",
                                            "category":  1,
                                            "on_sales":  false,
                                            "source_trace":  "cloud.culture.tw",
                                            "data_mode":  "real"
                                        }
                     },
                     {
                         "type":  "Feature",
                         "geometry":  {
                                          "type":  "Point",
                                          "coordinates":  [
                                                              121.519047,
                                                              25.0367564
                                                          ]
                                      },
                         "properties":  {
                                            "title":  "布拉姆斯：迷情單簧管",
                                            "location_name":  "國家兩廳院演奏廳",
                                            "event_time":  "2026/11/01 19:30:00",
                                            "category":  1,
                                            "on_sales":  false,
                                            "source_trace":  "cloud.culture.tw",
                                            "data_mode":  "real"
                                        }
                     },
                     {
                         "type":  "Feature",
                         "geometry":  {
                                          "type":  "Point",
                                          "coordinates":  [
                                                              121.519047,
                                                              25.0367564
                                                          ]
                                      },
                         "properties":  {
                                            "title":  "【2026 TSO 大師系列】殷巴爾與TSO之馬勒第九號",
                                            "location_name":  "國家音樂廳",
                                            "event_time":  "2026/11/06 19:30:00",
                                            "category":  1,
                                            "on_sales":  false,
                                            "source_trace":  "cloud.culture.tw",
                                            "data_mode":  "real"
                                        }
                     },
                     {
                         "type":  "Feature",
                         "geometry":  {
                                          "type":  "Point",
                                          "coordinates":  [
                                                              120.3634355,
                                                              22.6247642
                                                          ]
                                      },
                         "properties":  {
                                            "title":  "海之樂章!公主的奇幻旅程",
                                            "location_name":  "大東文化藝術中心",
                                            "event_time":  "2026/11/07 19:30:00",
                                            "category":  1,
                                            "on_sales":  false,
                                            "source_trace":  "cloud.culture.tw",
                                            "data_mode":  "real"
                                        }
                     },
                     {
                         "type":  "Feature",
                         "geometry":  {
                                          "type":  "Point",
                                          "coordinates":  [
                                                              120.5062157,
                                                              22.6636099
                                                          ]
                                      },
                         "properties":  {
                                            "title":  "屏東演藝廳《沙龍音樂會》",
                                            "location_name":  "屏東演藝廳音樂廳 大廳",
                                            "event_time":  "2026/11/08 11:00:00",
                                            "category":  1,
                                            "on_sales":  false,
                                            "source_trace":  "cloud.culture.tw",
                                            "data_mode":  "real"
                                        }
                     },
                     {
                         "type":  "Feature",
                         "geometry":  {
                                          "type":  "Point",
                                          "coordinates":  [
                                                              121.519047,
                                                              25.0367564
                                                          ]
                                      },
                         "properties":  {
                                            "title":  "【2026 TSO 室內沙龍】霍洛登科與TSO獨奏家",
                                            "location_name":  "國家兩廳院演奏廳",
                                            "event_time":  "2026/11/11 19:30:00",
                                            "category":  1,
                                            "on_sales":  false,
                                            "source_trace":  "cloud.culture.tw",
                                            "data_mode":  "real"
                                        }
                     },
                     {
                         "type":  "Feature",
                         "geometry":  {
                                          "type":  "Point",
                                          "coordinates":  [
                                                              121.519047,
                                                              25.0367564
                                                          ]
                                      },
                         "properties":  {
                                            "title":  "【2026 TSO 大師系列】殷巴爾、霍洛登科與TSO",
                                            "location_name":  "國家音樂廳",
                                            "event_time":  "2026/11/13 19:30:00",
                                            "category":  1,
                                            "on_sales":  false,
                                            "source_trace":  "cloud.culture.tw",
                                            "data_mode":  "real"
                                        }
                     },
                     {
                         "type":  "Feature",
                         "geometry":  {
                                          "type":  "Point",
                                          "coordinates":  [
                                                              121.524399267913,
                                                              25.0847069488325
                                                          ]
                                      },
                         "properties":  {
                                            "title":  "新古典室內樂團《音樂馬戲劇場-邦卡的七彩布裙》",
                                            "location_name":  "臺北表演藝術中心 大劇院",
                                            "event_time":  "2026/11/14 19:30:00",
                                            "category":  1,
                                            "on_sales":  false,
                                            "source_trace":  "cloud.culture.tw",
                                            "data_mode":  "real"
                                        }
                     },
                     {
                         "type":  "Feature",
                         "geometry":  {
                                          "type":  "Point",
                                          "coordinates":  [
                                                              121.5148226,
                                                              25.0689926
                                                          ]
                                      },
                         "properties":  {
                                            "title":  "十方樂集30週年特別企劃：系列音樂會\u0026講座",
                                            "location_name":  "十方樂集音樂劇場",
                                            "event_time":  "2026/11/15 14:30:00",
                                            "category":  1,
                                            "on_sales":  false,
                                            "source_trace":  "cloud.culture.tw",
                                            "data_mode":  "real"
                                        }
                     },
                     {
                         "type":  "Feature",
                         "geometry":  {
                                          "type":  "Point",
                                          "coordinates":  [
                                                              121.524399267913,
                                                              25.0847069488325
                                                          ]
                                      },
                         "properties":  {
                                            "title":  "新古典室內樂團《音樂馬戲劇場-邦卡的七彩布裙》",
                                            "location_name":  "臺北表演藝術中心 大劇院",
                                            "event_time":  "2026/11/15 14:30:00",
                                            "category":  1,
                                            "on_sales":  false,
                                            "source_trace":  "cloud.culture.tw",
                                            "data_mode":  "real"
                                        }
                     },
                     {
                         "type":  "Feature",
                         "geometry":  {
                                          "type":  "Point",
                                          "coordinates":  [
                                                              120.5061328,
                                                              22.6633696
                                                          ]
                                      },
                         "properties":  {
                                            "title":  "2026屏東演藝廳『消失的密室』管風琴室導覽",
                                            "location_name":  "屏東演藝廳音樂廳",
                                            "event_time":  "2026/11/18 14:30:00",
                                            "category":  1,
                                            "on_sales":  false,
                                            "source_trace":  "cloud.culture.tw",
                                            "data_mode":  "real"
                                        }
                     },
                     {
                         "type":  "Feature",
                         "geometry":  {
                                          "type":  "Point",
                                          "coordinates":  [
                                                              121.5148226,
                                                              25.0689926
                                                          ]
                                      },
                         "properties":  {
                                            "title":  "十方樂集30週年特別企劃：系列音樂會\u0026講座",
                                            "location_name":  "十方樂集音樂劇場",
                                            "event_time":  "2026/11/21 14:30:00",
                                            "category":  1,
                                            "on_sales":  false,
                                            "source_trace":  "cloud.culture.tw",
                                            "data_mode":  "real"
                                        }
                     },
                     {
                         "type":  "Feature",
                         "geometry":  {
                                          "type":  "Point",
                                          "coordinates":  [
                                                              120.681721,
                                                              23.9082732
                                                          ]
                                      },
                         "properties":  {
                                            "title":  "卡通大冒險-親子音樂會",
                                            "location_name":  "南投縣政府文化局演藝廳",
                                            "event_time":  "2026/11/21 14:30:00",
                                            "category":  1,
                                            "on_sales":  false,
                                            "source_trace":  "cloud.culture.tw",
                                            "data_mode":  "real"
                                        }
                     },
                     {
                         "type":  "Feature",
                         "geometry":  {
                                          "type":  "Point",
                                          "coordinates":  [
                                                              121.519047,
                                                              25.0367564
                                                          ]
                                      },
                         "properties":  {
                                            "title":  "【2026 TSO 室內沙龍】對映之聲 ——他與她的音樂對話",
                                            "location_name":  "國家兩廳院演奏廳",
                                            "event_time":  "2026/11/22 19:30:00",
                                            "category":  1,
                                            "on_sales":  false,
                                            "source_trace":  "cloud.culture.tw",
                                            "data_mode":  "real"
                                        }
                     },
                     {
                         "type":  "Feature",
                         "geometry":  {
                                          "type":  "Point",
                                          "coordinates":  [
                                                              120.6403028,
                                                              24.1626492
                                                          ]
                                      },
                         "properties":  {
                                            "title":  "聽聽 彈談XX～至尊巴赫「舞韻」",
                                            "location_name":  "臺中國家歌劇院小劇場",
                                            "event_time":  "2026/11/29 15:00:00",
                                            "category":  1,
                                            "on_sales":  false,
                                            "source_trace":  "cloud.culture.tw",
                                            "data_mode":  "real"
                                        }
                     },
                     {
                         "type":  "Feature",
                         "geometry":  {
                                          "type":  "Point",
                                          "coordinates":  [
                                                              121.5103541,
                                                              25.0425041
                                                          ]
                                      },
                         "properties":  {
                                            "title":  "【2026 TSO 首席指揮】里柏瑞契、喬瑟芙維琪與TSO",
                                            "location_name":  "臺北市中山堂中正廳",
                                            "event_time":  "2026/12/02 19:30:00",
                                            "category":  1,
                                            "on_sales":  false,
                                            "source_trace":  "cloud.culture.tw",
                                            "data_mode":  "real"
                                        }
                     },
                     {
                         "type":  "Feature",
                         "geometry":  {
                                          "type":  "Point",
                                          "coordinates":  [
                                                              120.6403028,
                                                              24.1626492
                                                          ]
                                      },
                         "properties":  {
                                            "title":  "巴洛克獨奏家樂團《倫敦巴赫》",
                                            "location_name":  "臺中國家歌劇院小劇場",
                                            "event_time":  "2026/12/04 19:30:00",
                                            "category":  1,
                                            "on_sales":  false,
                                            "source_trace":  "cloud.culture.tw",
                                            "data_mode":  "real"
                                        }
                     },
                     {
                         "type":  "Feature",
                         "geometry":  {
                                          "type":  "Point",
                                          "coordinates":  [
                                                              120.342434118507,
                                                              22.6230179238508
                                                          ]
                                      },
                         "properties":  {
                                            "title":  "聽聽 彈談XX～至尊巴赫「舞韻」",
                                            "location_name":  "衛武營國家藝術文化中心表演廳",
                                            "event_time":  "2026/12/04 19:30:00",
                                            "category":  1,
                                            "on_sales":  false,
                                            "source_trace":  "cloud.culture.tw",
                                            "data_mode":  "real"
                                        }
                     },
                     {
                         "type":  "Feature",
                         "geometry":  {
                                          "type":  "Point",
                                          "coordinates":  [
                                                              121.5148226,
                                                              25.0689926
                                                          ]
                                      },
                         "properties":  {
                                            "title":  "十方樂集30週年特別企劃：系列音樂會\u0026講座",
                                            "location_name":  "十方樂集音樂劇場",
                                            "event_time":  "2026/12/05 14:30:00",
                                            "category":  1,
                                            "on_sales":  false,
                                            "source_trace":  "cloud.culture.tw",
                                            "data_mode":  "real"
                                        }
                     },
                     {
                         "type":  "Feature",
                         "geometry":  {
                                          "type":  "Point",
                                          "coordinates":  [
                                                              120.342434118507,
                                                              22.6230179238508
                                                          ]
                                      },
                         "properties":  {
                                            "title":  "巴洛克獨奏家樂團《倫敦巴赫》",
                                            "location_name":  "衛武營國家藝術文化中心表演廳",
                                            "event_time":  "2026/12/06 14:30:00",
                                            "category":  1,
                                            "on_sales":  false,
                                            "source_trace":  "cloud.culture.tw",
                                            "data_mode":  "real"
                                        }
                     },
                     {
                         "type":  "Feature",
                         "geometry":  {
                                          "type":  "Point",
                                          "coordinates":  [
                                                              121.519047,
                                                              25.0367564
                                                          ]
                                      },
                         "properties":  {
                                            "title":  "【2026 TSO 首席指揮】里柏瑞契、安德佐夫斯基與TSO",
                                            "location_name":  "國家音樂廳",
                                            "event_time":  "2026/12/11 19:30:00",
                                            "category":  1,
                                            "on_sales":  false,
                                            "source_trace":  "cloud.culture.tw",
                                            "data_mode":  "real"
                                        }
                     },
                     {
                         "type":  "Feature",
                         "geometry":  {
                                          "type":  "Point",
                                          "coordinates":  [
                                                              121.5148226,
                                                              25.0689926
                                                          ]
                                      },
                         "properties":  {
                                            "title":  "十方樂集30週年特別企劃：系列音樂會\u0026講座",
                                            "location_name":  "十方樂集音樂劇場",
                                            "event_time":  "2026/12/12 14:30:00",
                                            "category":  1,
                                            "on_sales":  false,
                                            "source_trace":  "cloud.culture.tw",
                                            "data_mode":  "real"
                                        }
                     },
                     {
                         "type":  "Feature",
                         "geometry":  {
                                          "type":  "Point",
                                          "coordinates":  [
                                                              120.5062157,
                                                              22.6636099
                                                          ]
                                      },
                         "properties":  {
                                            "title":  "屏東演藝廳《沙龍音樂會》",
                                            "location_name":  "屏東演藝廳音樂廳 大廳",
                                            "event_time":  "2026/12/13 11:00:00",
                                            "category":  1,
                                            "on_sales":  false,
                                            "source_trace":  "cloud.culture.tw",
                                            "data_mode":  "real"
                                        }
                     },
                     {
                         "type":  "Feature",
                         "geometry":  {
                                          "type":  "Point",
                                          "coordinates":  [
                                                              121.524399267913,
                                                              25.0847069488325
                                                          ]
                                      },
                         "properties":  {
                                            "title":  "2026風動室內樂團《無限》宮崎駿動畫音樂精選",
                                            "location_name":  "臺北表演藝術中心 大劇院",
                                            "event_time":  "2026/12/13 14:30:00",
                                            "category":  1,
                                            "on_sales":  false,
                                            "source_trace":  "cloud.culture.tw",
                                            "data_mode":  "real"
                                        }
                     },
                     {
                         "type":  "Feature",
                         "geometry":  {
                                          "type":  "Point",
                                          "coordinates":  [
                                                              121.56143652677528,
                                                              25.044755179618331
                                                          ]
                                      },
                         "properties":  {
                                            "title":  "巴洛克獨奏家樂團《倫敦巴赫》",
                                            "location_name":  "誠品表演廳",
                                            "event_time":  "2026/12/13 14:30:00",
                                            "category":  1,
                                            "on_sales":  false,
                                            "source_trace":  "cloud.culture.tw",
                                            "data_mode":  "real"
                                        }
                     },
                     {
                         "type":  "Feature",
                         "geometry":  {
                                          "type":  "Point",
                                          "coordinates":  [
                                                              121.524399267913,
                                                              25.0847069488325
                                                          ]
                                      },
                         "properties":  {
                                            "title":  "2026風動室內樂團《無限》ACG電玩動漫音樂會",
                                            "location_name":  "臺北表演藝術中心 大劇院",
                                            "event_time":  "2026/12/13 19:30:00",
                                            "category":  1,
                                            "on_sales":  false,
                                            "source_trace":  "cloud.culture.tw",
                                            "data_mode":  "real"
                                        }
                     },
                     {
                         "type":  "Feature",
                         "geometry":  {
                                          "type":  "Point",
                                          "coordinates":  [
                                                              120.5061328,
                                                              22.6633696
                                                          ]
                                      },
                         "properties":  {
                                            "title":  "2026屏東演藝廳『消失的密室』管風琴室導覽",
                                            "location_name":  "屏東演藝廳音樂廳",
                                            "event_time":  "2026/12/16 14:30:00",
                                            "category":  1,
                                            "on_sales":  false,
                                            "source_trace":  "cloud.culture.tw",
                                            "data_mode":  "real"
                                        }
                     },
                     {
                         "type":  "Feature",
                         "geometry":  {
                                          "type":  "Point",
                                          "coordinates":  [
                                                              121.519047,
                                                              25.0367564
                                                          ]
                                      },
                         "properties":  {
                                            "title":  "聽聽 彈談XX～至尊巴赫「舞韻」",
                                            "location_name":  "國家兩廳院演奏廳",
                                            "event_time":  "2026/12/19 14:30:00",
                                            "category":  1,
                                            "on_sales":  false,
                                            "source_trace":  "cloud.culture.tw",
                                            "data_mode":  "real"
                                        }
                     },
                     {
                         "type":  "Feature",
                         "geometry":  {
                                          "type":  "Point",
                                          "coordinates":  [
                                                              120.5062157,
                                                              22.6636099
                                                          ]
                                      },
                         "properties":  {
                                            "title":  "屏東演藝廳《沙龍音樂會》",
                                            "location_name":  "屏東演藝廳音樂廳 大廳",
                                            "event_time":  "2026/12/20 11:00:00",
                                            "category":  1,
                                            "on_sales":  false,
                                            "source_trace":  "cloud.culture.tw",
                                            "data_mode":  "real"
                                        }
                     },
                     {
                         "type":  "Feature",
                         "geometry":  {
                                          "type":  "Point",
                                          "coordinates":  [
                                                              121.519047,
                                                              25.0367564
                                                          ]
                                      },
                         "properties":  {
                                            "title":  "【2026 TSO 室內沙龍】中聲紀事",
                                            "location_name":  "國家兩廳院演奏廳",
                                            "event_time":  "2026/12/25 19:30:00",
                                            "category":  1,
                                            "on_sales":  false,
                                            "source_trace":  "cloud.culture.tw",
                                            "data_mode":  "real"
                                        }
                     },
                     {
                         "type":  "Feature",
                         "geometry":  {
                                          "type":  "Point",
                                          "coordinates":  [
                                                              121.5148226,
                                                              25.0689926
                                                          ]
                                      },
                         "properties":  {
                                            "title":  "十方樂集30週年特別企劃：系列音樂會\u0026講座",
                                            "location_name":  "十方樂集音樂劇場",
                                            "event_time":  "2026/12/27 14:30:00",
                                            "category":  1,
                                            "on_sales":  false,
                                            "source_trace":  "cloud.culture.tw",
                                            "data_mode":  "real"
                                        }
                     },
                     {
                         "type":  "Feature",
                         "geometry":  {
                                          "type":  "Point",
                                          "coordinates":  [
                                                              121.519047,
                                                              25.0367564
                                                          ]
                                      },
                         "properties":  {
                                            "title":  "【2026 TSO 室內沙龍】交織的語言：歐洲室內樂的對話",
                                            "location_name":  "國家兩廳院演奏廳",
                                            "event_time":  "2026/12/28 19:30:00",
                                            "category":  1,
                                            "on_sales":  false,
                                            "source_trace":  "cloud.culture.tw",
                                            "data_mode":  "real"
                                        }
                     },
                     {
                         "type":  "Feature",
                         "geometry":  {
                                          "type":  "Point",
                                          "coordinates":  [
                                                              120.5062157,
                                                              22.6636099
                                                          ]
                                      },
                         "properties":  {
                                            "title":  "屏東演藝廳《沙龍音樂會》",
                                            "location_name":  "屏東演藝廳音樂廳 大廳",
                                            "event_time":  "2027/01/10 11:00:00",
                                            "category":  1,
                                            "on_sales":  false,
                                            "source_trace":  "cloud.culture.tw",
                                            "data_mode":  "real"
                                        }
                     },
                     {
                         "type":  "Feature",
                         "geometry":  {
                                          "type":  "Point",
                                          "coordinates":  [
                                                              120.5062157,
                                                              22.6636099
                                                          ]
                                      },
                         "properties":  {
                                            "title":  "屏東演藝廳《沙龍音樂會》",
                                            "location_name":  "屏東演藝廳音樂廳 大廳",
                                            "event_time":  "2027/01/17 11:00:00",
                                            "category":  1,
                                            "on_sales":  false,
                                            "source_trace":  "cloud.culture.tw",
                                            "data_mode":  "real"
                                        }
                     },
                     {
                         "type":  "Feature",
                         "geometry":  {
                                          "type":  "Point",
                                          "coordinates":  [
                                                              120.5062157,
                                                              22.6636099
                                                          ]
                                      },
                         "properties":  {
                                            "title":  "屏東演藝廳《沙龍音樂會》",
                                            "location_name":  "屏東演藝廳音樂廳 大廳",
                                            "event_time":  "2027/02/21 11:00:00",
                                            "category":  1,
                                            "on_sales":  false,
                                            "source_trace":  "cloud.culture.tw",
                                            "data_mode":  "real"
                                        }
                     }
                 ]
}
