{"type" : "FeatureCollection", "name" : "Component3_pharmacy_map_ready", "features" : [{"type" : "Feature", "geometry" : {"type" : "Point", "coordinates" : [121.3686163, 24.93607108]}, "properties" : {"id" : 927, "name" : "三峽文化藥局", "address" : "新北市三峽區文化路212-2號", "telephone" : "0226710825", "city" : "新北市", "district" : "三峽區", "nhi" : true, "data_time" : "2026-05-03 03:11:08", "pharmacy_per_10k" : 3.32}}, {"type" : "Feature", "geometry" : {"type" : "Point", "coordinates" : [121.3963507, 24.93584307]}, "properties" : {"id" : 1005, "name" : "一大藥局", "address" : "新北市三峽區橫溪路23號", "telephone" : "0286767777", "city" : "新北市", "district" : "三峽區", "nhi" : true, "data_time" : "2026-05-03 03:11:08", "pharmacy_per_10k" : 3.32}}, {"type" : "Feature", "geometry" : {"type" : "Point", "coordinates" : [121.3769446, 24.92861298]}, "properties" : {"id" : 1006, "name" : "欣美大藥局", "address" : "新北市三峽區大同路52號", "telephone" : "0286712269", "city" : "新北市", "district" : "三峽區", "nhi" : true, "data_time" : "2026-05-03 03:11:08", "pharmacy_per_10k" : 3.32}}, {"type" : "Feature", "geometry" : {"type" : "Point", "coordinates" : [121.3758705, 24.94452425]}, "properties" : {"id" : 1168, "name" : "大家好藥粧藥局", "address" : "新北市三峽區大德路127號1樓", "telephone" : "0226747022", "city" : "新北市", "district" : "三峽區", "nhi" : true, "data_time" : "2026-05-03 03:11:08", "pharmacy_per_10k" : 3.32}}, {"type" : "Feature", "geometry" : {"type" : "Point", "coordinates" : [121.3733799, 24.93084025]}, "properties" : {"id" : 1169, "name" : "誠祐藥局", "address" : "新北市三峽區光明路22號1樓", "telephone" : "0226746211", "city" : "新北市", "district" : "三峽區", "nhi" : true, "data_time" : "2026-05-03 03:11:08", "pharmacy_per_10k" : 3.32}}, {"type" : "Feature", "geometry" : {"type" : "Point", "coordinates" : [121.3787919, 24.9437239]}, "properties" : {"id" : 1170, "name" : "北大藥局", "address" : "新北市三峽區大義路9號1、2樓", "telephone" : "0226738535", "city" : "新北市", "district" : "三峽區", "nhi" : true, "data_time" : "2026-05-03 03:11:08", "pharmacy_per_10k" : 3.32}}, {"type" : "Feature", "geometry" : {"type" : "Point", "coordinates" : [121.3699252, 24.93598448]}, "properties" : {"id" : 1171, "name" : "祥祐藥局", "address" : "新北市三峽區文化路125號1樓", "telephone" : "0226738080", "city" : "新北市", "district" : "三峽區", "nhi" : true, "data_time" : "2026-05-03 03:11:08", "pharmacy_per_10k" : 3.32}}, {"type" : "Feature", "geometry" : {"type" : "Point", "coordinates" : [121.3661271, 24.93585663]}, "properties" : {"id" : 1172, "name" : "如音藥局", "address" : "新北市三峽區文化路266-1號1樓", "telephone" : "0226732119", "city" : "新北市", "district" : "三峽區", "nhi" : true, "data_time" : "2026-05-03 03:11:08", "pharmacy_per_10k" : 3.32}}, {"type" : "Feature", "geometry" : {"type" : "Point", "coordinates" : [121.3741805, 24.93265275]}, "properties" : {"id" : 1173, "name" : "兆康藥局", "address" : "新北市三峽區中華路22號1樓", "telephone" : "0226717977", "city" : "新北市", "district" : "三峽區", "nhi" : true, "data_time" : "2026-05-03 03:11:08", "pharmacy_per_10k" : 3.32}}, {"type" : "Feature", "geometry" : {"type" : "Point", "coordinates" : [121.3721617, 24.93491321]}, "properties" : {"id" : 1288, "name" : "大和藥局", "address" : "新北市三峽區民生街150號", "telephone" : "0226711010", "city" : "新北市", "district" : "三峽區", "nhi" : true, "data_time" : "2026-05-03 03:11:08", "pharmacy_per_10k" : 3.32}}, {"type" : "Feature", "geometry" : {"type" : "Point", "coordinates" : [121.3711404, 24.93606554]}, "properties" : {"id" : 1489, "name" : "全球藥師藥局", "address" : "新北市三峽區文化路95號", "telephone" : "0226748128", "city" : "新北市", "district" : "三峽區", "nhi" : true, "data_time" : "2026-05-03 03:11:08", "pharmacy_per_10k" : 3.32}}, {"type" : "Feature", "geometry" : {"type" : "Point", "coordinates" : [121.3749025, 24.93585477]}, "properties" : {"id" : 1490, "name" : "康美藥局", "address" : "新北市三峽區民生街79號2樓", "telephone" : "0226745526", "city" : "新北市", "district" : "三峽區", "nhi" : true, "data_time" : "2026-05-03 03:11:08", "pharmacy_per_10k" : 3.32}}, {"type" : "Feature", "geometry" : {"type" : "Point", "coordinates" : [121.3731918, 24.93153597]}, "properties" : {"id" : 1491, "name" : "致安藥師藥局", "address" : "新北市三峽區中華路17號1樓", "telephone" : "0226743418", "city" : "新北市", "district" : "三峽區", "nhi" : true, "data_time" : "2026-05-03 03:11:08", "pharmacy_per_10k" : 3.32}}, {"type" : "Feature", "geometry" : {"type" : "Point", "coordinates" : [121.3661271, 24.93585663]}, "properties" : {"id" : 1492, "name" : "人來安藥局", "address" : "新北市三峽區文化路266-5號", "telephone" : "0226721199", "city" : "新北市", "district" : "三峽區", "nhi" : true, "data_time" : "2026-05-03 03:11:08", "pharmacy_per_10k" : 3.32}}, {"type" : "Feature", "geometry" : {"type" : "Point", "coordinates" : [121.3726659, 24.93780274]}, "properties" : {"id" : 1493, "name" : "誠美藥局", "address" : "新北市三峽區復興路106號1樓", "telephone" : "0226718131", "city" : "新北市", "district" : "三峽區", "nhi" : true, "data_time" : "2026-05-03 03:11:08", "pharmacy_per_10k" : 3.32}}, {"type" : "Feature", "geometry" : {"type" : "Point", "coordinates" : [121.3624558, 24.93840995]}, "properties" : {"id" : 1741, "name" : "三恩藥局", "address" : "新北市三峽區復興路451號1樓", "telephone" : "0228670737", "city" : "新北市", "district" : "三峽區", "nhi" : true, "data_time" : "2026-05-03 03:11:08", "pharmacy_per_10k" : 3.32}}, {"type" : "Feature", "geometry" : {"type" : "Point", "coordinates" : [121.3755173, 24.93620175]}, "properties" : {"id" : 1766, "name" : "盛加藥局", "address" : "新北市三峽區民生街49號1樓", "telephone" : "0226739797", "city" : "新北市", "district" : "三峽區", "nhi" : true, "data_time" : "2026-05-03 03:11:08", "pharmacy_per_10k" : 3.32}}, {"type" : "Feature", "geometry" : {"type" : "Point", "coordinates" : [121.3734365, 24.93724236]}, "properties" : {"id" : 1767, "name" : "惠慈藥局", "address" : "新北市三峽區復興路66號", "telephone" : "0226738688", "city" : "新北市", "district" : "三峽區", "nhi" : true, "data_time" : "2026-05-03 03:11:08", "pharmacy_per_10k" : 3.32}}, {"type" : "Feature", "geometry" : {"type" : "Point", "coordinates" : [121.3769969, 24.92839958]}, "properties" : {"id" : 1768, "name" : "勝全藥局", "address" : "新北市三峽區大同路27-1號1樓", "telephone" : "0226736186", "city" : "新北市", "district" : "三峽區", "nhi" : true, "data_time" : "2026-05-03 03:11:08", "pharmacy_per_10k" : 3.32}}, {"type" : "Feature", "geometry" : {"type" : "Point", "coordinates" : [121.3625536, 24.93719158]}, "properties" : {"id" : 1769, "name" : "盛禾藥局", "address" : "新北市三峽區中山路243號1樓", "telephone" : "0226735999", "city" : "新北市", "district" : "三峽區", "nhi" : true, "data_time" : "2026-05-03 03:11:08", "pharmacy_per_10k" : 3.32}}, {"type" : "Feature", "geometry" : {"type" : "Point", "coordinates" : [121.3730707, 24.93585404]}, "properties" : {"id" : 1770, "name" : "升威藥局", "address" : "新北市三峽區文化路23號1樓", "telephone" : "0226731120", "city" : "新北市", "district" : "三峽區", "nhi" : true, "data_time" : "2026-05-03 03:11:08", "pharmacy_per_10k" : 3.32}}, {"type" : "Feature", "geometry" : {"type" : "Point", "coordinates" : [121.3708077, 24.93553718]}, "properties" : {"id" : 1771, "name" : "恆豐藥局", "address" : "新北市三峽區信義街24號", "telephone" : "0226711325", "city" : "新北市", "district" : "三峽區", "nhi" : true, "data_time" : "2026-05-03 03:11:08", "pharmacy_per_10k" : 3.32}}, {"type" : "Feature", "geometry" : {"type" : "Point", "coordinates" : [121.3712627, 24.93493008]}, "properties" : {"id" : 1772, "name" : "進安大藥局", "address" : "新北市三峽區民生街174號", "telephone" : "0226711125", "city" : "新北市", "district" : "三峽區", "nhi" : true, "data_time" : "2026-05-03 03:11:08", "pharmacy_per_10k" : 3.32}}, {"type" : "Feature", "geometry" : {"type" : "Point", "coordinates" : [121.3758925, 24.94170726]}, "properties" : {"id" : 1993, "name" : "大家好學成藥局", "address" : "新北市三峽區大學路87號1樓", "telephone" : "0226747022", "city" : "新北市", "district" : "三峽區", "nhi" : true, "data_time" : "2026-05-03 03:11:08", "pharmacy_per_10k" : 3.32}}, {"type" : "Feature", "geometry" : {"type" : "Point", "coordinates" : [121.3773983, 24.94638519]}, "properties" : {"id" : 1994, "name" : "大新藥局", "address" : "新北市三峽區大義路259號1樓", "telephone" : "9.22E+08", "city" : "新北市", "district" : "三峽區", "nhi" : true, "data_time" : "2026-05-03 03:11:08", "pharmacy_per_10k" : 3.32}}, {"type" : "Feature", "geometry" : {"type" : "Point", "coordinates" : [121.3749568, 24.94380295]}, "properties" : {"id" : 1995, "name" : "盛台藥局", "address" : "新北市三峽區大學路108號1、2樓", "telephone" : "0226722730", "city" : "新北市", "district" : "三峽區", "nhi" : true, "data_time" : "2026-05-03 03:11:08", "pharmacy_per_10k" : 3.32}}, {"type" : "Feature", "geometry" : {"type" : "Point", "coordinates" : [121.3770399, 24.94491922]}, "properties" : {"id" : 1996, "name" : "悅兒藥局", "address" : "新北市三峽區學成路329號1樓", "telephone" : "0286741633", "city" : "新北市", "district" : "三峽區", "nhi" : true, "data_time" : "2026-05-03 03:11:08", "pharmacy_per_10k" : 3.32}}, {"type" : "Feature", "geometry" : {"type" : "Point", "coordinates" : [121.3741564, 24.94539925]}, "properties" : {"id" : 1997, "name" : "有新藥局", "address" : "新北市三峽區學勤路18號1樓", "telephone" : "0226710769", "city" : "新北市", "district" : "三峽區", "nhi" : true, "data_time" : "2026-05-03 03:11:08", "pharmacy_per_10k" : 3.32}}, {"type" : "Feature", "geometry" : {"type" : "Point", "coordinates" : [121.375674, 24.93321504]}, "properties" : {"id" : 1998, "name" : "三峽藥局", "address" : "新北市三峽區介壽路1段27號1樓", "telephone" : "0226738868", "city" : "新北市", "district" : "三峽區", "nhi" : true, "data_time" : "2026-05-03 03:11:08", "pharmacy_per_10k" : 3.32}}, {"type" : "Feature", "geometry" : {"type" : "Point", "coordinates" : [121.3753233, 24.94573157]}, "properties" : {"id" : 1999, "name" : "益銘藥師藥局", "address" : "新北市三峽區大德路181號1樓", "telephone" : "0226723662", "city" : "新北市", "district" : "三峽區", "nhi" : true, "data_time" : "2026-05-03 03:11:08", "pharmacy_per_10k" : 3.32}}, {"type" : "Feature", "geometry" : {"type" : "Point", "coordinates" : [121.3671974, 24.92753179]}, "properties" : {"id" : 2000, "name" : "中園藥局", "address" : "新北市三峽區弘園街37號1樓", "telephone" : "0226733237", "city" : "新北市", "district" : "三峽區", "nhi" : true, "data_time" : "2026-05-03 03:11:08", "pharmacy_per_10k" : 3.32}}, {"type" : "Feature", "geometry" : {"type" : "Point", "coordinates" : [121.3751941, 24.93637547]}, "properties" : {"id" : 2001, "name" : "三峽大昌藥局", "address" : "新北市三峽區民生街56號", "telephone" : "0226711560", "city" : "新北市", "district" : "三峽區", "nhi" : true, "data_time" : "2026-05-03 03:11:08", "pharmacy_per_10k" : 3.32}}, {"type" : "Feature", "geometry" : {"type" : "Point", "coordinates" : [121.374, 24.937157]}, "properties" : {"id" : 2098, "name" : "豐安藥局", "address" : "新北市三峽區復興路42巷9號1樓", "telephone" : "0226745431", "city" : "新北市", "district" : "三峽區", "nhi" : false, "data_time" : "2026-05-03 03:11:08", "pharmacy_per_10k" : 3.32}}, {"type" : "Feature", "geometry" : {"type" : "Point", "coordinates" : [121.3708, 24.935673]}, "properties" : {"id" : 2099, "name" : "守義藥局", "address" : "新北市三峽區信義街１８號", "telephone" : "0226711209", "city" : "新北市", "district" : "三峽區", "nhi" : false, "data_time" : "2026-05-03 03:11:08", "pharmacy_per_10k" : 3.32}}, {"type" : "Feature", "geometry" : {"type" : "Point", "coordinates" : [121.5043269, 25.2572061]}, "properties" : {"id" : 1178, "name" : "富康輝藥局", "address" : "新北市三芝區中正路1段86.88號1樓", "telephone" : "0226363836", "city" : "新北市", "district" : "三芝區", "nhi" : true, "data_time" : "2026-05-03 03:11:08", "pharmacy_per_10k" : 2.6}}, {"type" : "Feature", "geometry" : {"type" : "Point", "coordinates" : [121.5028803, 25.25544971]}, "properties" : {"id" : 1498, "name" : "玉盛藥局", "address" : "新北市三芝區中山路2段30號", "telephone" : "0226360697", "city" : "新北市", "district" : "三芝區", "nhi" : true, "data_time" : "2026-05-03 03:11:08", "pharmacy_per_10k" : 2.6}}, {"type" : "Feature", "geometry" : {"type" : "Point", "coordinates" : [121.5031753, 25.25815976]}, "properties" : {"id" : 1601, "name" : "三芝藥師藥局", "address" : "新北市三芝區中正路1段43號1樓", "telephone" : "0286353982", "city" : "新北市", "district" : "三芝區", "nhi" : true, "data_time" : "2026-05-03 03:11:08", "pharmacy_per_10k" : 2.6}}, {"type" : "Feature", "geometry" : {"type" : "Point", "coordinates" : [121.5024483, 25.25587576]}, "properties" : {"id" : 1792, "name" : "日昇藥局", "address" : "新北市三芝區中山路1段54", "telephone" : "0226362131", "city" : "新北市", "district" : "三芝區", "nhi" : true, "data_time" : "2026-05-03 03:11:08", "pharmacy_per_10k" : 2.6}}, {"type" : "Feature", "geometry" : {"type" : "Point", "coordinates" : [121.5029, 25.255449]}, "properties" : {"id" : 2112, "name" : "玉盛藥局", "address" : "新北市三芝區中山路二段３０號", "telephone" : "0226360697", "city" : "新北市", "district" : "三芝區", "nhi" : false, "data_time" : "2026-05-03 03:11:08", "pharmacy_per_10k" : 2.6}}, {"type" : "Feature", "geometry" : {"type" : "Point", "coordinates" : [121.5017, 25.25686]}, "properties" : {"id" : 2113, "name" : "日昇藥局", "address" : "新北市三芝區中山路一段５４號", "telephone" : "0226362131", "city" : "新北市", "district" : "三芝區", "nhi" : false, "data_time" : "2026-05-03 03:11:08", "pharmacy_per_10k" : 2.6}}, {"type" : "Feature", "geometry" : {"type" : "Point", "coordinates" : [121.4863362, 25.08731299]}, "properties" : {"id" : 915, "name" : "捷元健保藥局", "address" : "新北市三重區三賢街185號1樓", "telephone" : "0282877107", "city" : "新北市", "district" : "三重區", "nhi" : true, "data_time" : "2026-05-03 03:11:08", "pharmacy_per_10k" : 3.72}}, {"type" : "Feature", "geometry" : {"type" : "Point", "coordinates" : [121.4943714, 25.07083034]}, "properties" : {"id" : 917, "name" : "幸福藥妝藥局", "address" : "新北市三重區正義北路342號1樓", "telephone" : "0229896858", "city" : "新北市", "district" : "三重區", "nhi" : true, "data_time" : "2026-05-03 03:11:08", "pharmacy_per_10k" : 3.72}}, {"type" : "Feature", "geometry" : {"type" : "Point", "coordinates" : [121.4835773, 25.06225308]}, "properties" : {"id" : 918, "name" : "兒安藥局", "address" : "新北市三重區中華路59號", "telephone" : "0229895851", "city" : "新北市", "district" : "三重區", "nhi" : true, "data_time" : "2026-05-03 03:11:08", "pharmacy_per_10k" : 3.72}}, {"type" : "Feature", "geometry" : {"type" : "Point", "coordinates" : [121.4967132, 25.06571273]}, "properties" : {"id" : 919, "name" : "聖美膚藥局", "address" : "新北市三重區正義北路130號", "telephone" : "0229863456", "city" : "新北市", "district" : "三重區", "nhi" : true, "data_time" : "2026-05-03 03:11:08", "pharmacy_per_10k" : 3.72}}, {"type" : "Feature", "geometry" : {"type" : "Point", "coordinates" : [121.4953937, 25.06207243]}, "properties" : {"id" : 920, "name" : "天佑藥局", "address" : "新北市三重區大同北路8號1樓、10號1樓", "telephone" : "0229857456", "city" : "新北市", "district" : "三重區", "nhi" : true, "data_time" : "2026-05-03 03:11:08", "pharmacy_per_10k" : 3.72}}, {"type" : "Feature", "geometry" : {"type" : "Point", "coordinates" : [121.4906324, 25.06893506]}, "properties" : {"id" : 921, "name" : "欽勝藥局", "address" : "新北市三重區重陽路4段6號2樓", "telephone" : "0229857389", "city" : "新北市", "district" : "三重區", "nhi" : true, "data_time" : "2026-05-03 03:11:08", "pharmacy_per_10k" : 3.72}}, {"type" : "Feature", "geometry" : {"type" : "Point", "coordinates" : [121.4839391, 25.07837729]}, "properties" : {"id" : 936, "name" : "銘泰藥局", "address" : "新北市三重區三和路4段153號2樓", "telephone" : "0222876452", "city" : "新北市", "district" : "三重區", "nhi" : true, "data_time" : "2026-05-03 03:11:08", "pharmacy_per_10k" : 3.72}}, {"type" : "Feature", "geometry" : {"type" : "Point", "coordinates" : [121.4772195, 25.0772241]}, "properties" : {"id" : 938, "name" : "永福藥局", "address" : "新北市三重區永福街135巷40號1樓", "telephone" : "0222807023", "city" : "新北市", "district" : "三重區", "nhi" : true, "data_time" : "2026-05-03 03:11:08", "pharmacy_per_10k" : 3.72}}, {"type" : "Feature", "geometry" : {"type" : "Point", "coordinates" : [121.4920909, 25.0794404]}, "properties" : {"id" : 940, "name" : "寶貝藥局", "address" : "新北市三重區仁愛街302-1號", "telephone" : "9.36E+08", "city" : "新北市", "district" : "三重區", "nhi" : true, "data_time" : "2026-05-03 03:11:08", "pharmacy_per_10k" : 3.72}}, {"type" : "Feature", "geometry" : {"type" : "Point", "coordinates" : [121.4923419, 25.05674461]}, "properties" : {"id" : 950, "name" : "慶昇藥局", "address" : "新北市三重區光明路88號", "telephone" : "0229854256", "city" : "新北市", "district" : "三重區", "nhi" : true, "data_time" : "2026-05-03 03:11:08", "pharmacy_per_10k" : 3.72}}, {"type" : "Feature", "geometry" : {"type" : "Point", "coordinates" : [121.4927757, 25.06774538]}, "properties" : {"id" : 952, "name" : "杜廣德藥師藥局", "address" : "新北市三重區大智街53號", "telephone" : "0229843152", "city" : "新北市", "district" : "三重區", "nhi" : true, "data_time" : "2026-05-03 03:11:08", "pharmacy_per_10k" : 3.72}}, {"type" : "Feature", "geometry" : {"type" : "Point", "coordinates" : [121.4939425, 25.06661072]}, "properties" : {"id" : 953, "name" : "裕福藥局", "address" : "新北市三重區長壽西街144號", "telephone" : "0229831769", "city" : "新北市", "district" : "三重區", "nhi" : true, "data_time" : "2026-05-03 03:11:08", "pharmacy_per_10k" : 3.72}}, {"type" : "Feature", "geometry" : {"type" : "Point", "coordinates" : [121.4904005, 25.05321276]}, "properties" : {"id" : 954, "name" : "建芳藥局", "address" : "新北市三重區集美街174號", "telephone" : "0229763351", "city" : "新北市", "district" : "三重區", "nhi" : true, "data_time" : "2026-05-03 03:11:08", "pharmacy_per_10k" : 3.72}}, {"type" : "Feature", "geometry" : {"type" : "Point", "coordinates" : [121.4978088, 25.06949549]}, "properties" : {"id" : 955, "name" : "志雄藥局", "address" : "新北市三重區三和路2段220號", "telephone" : "0229751803", "city" : "新北市", "district" : "三重區", "nhi" : true, "data_time" : "2026-05-03 03:11:08", "pharmacy_per_10k" : 3.72}}, {"type" : "Feature", "geometry" : {"type" : "Point", "coordinates" : [121.4963485, 25.06183174]}, "properties" : {"id" : 972, "name" : "閎安藥局", "address" : "新北市三重區重新路2段79號1樓", "telephone" : "0289942121", "city" : "新北市", "district" : "三重區", "nhi" : true, "data_time" : "2026-05-03 03:11:08", "pharmacy_per_10k" : 3.72}}, {"type" : "Feature", "geometry" : {"type" : "Point", "coordinates" : [121.4979673, 25.06794402]}, "properties" : {"id" : 973, "name" : "予康藥局", "address" : "新北市三重區文化北路198號1樓", "telephone" : "0289858789", "city" : "新北市", "district" : "三重區", "nhi" : true, "data_time" : "2026-05-03 03:11:08", "pharmacy_per_10k" : 3.72}}, {"type" : "Feature", "geometry" : {"type" : "Point", "coordinates" : [121.4888525, 25.08036495]}, "properties" : {"id" : 974, "name" : "慈愛藥局", "address" : "新北市三重區溪尾街173號1樓", "telephone" : "0289851330", "city" : "新北市", "district" : "三重區", "nhi" : true, "data_time" : "2026-05-03 03:11:08", "pharmacy_per_10k" : 3.72}}, {"type" : "Feature", "geometry" : {"type" : "Point", "coordinates" : [121.4853664, 25.07055573]}, "properties" : {"id" : 975, "name" : "康慈藥局", "address" : "新北市三重區忠孝路2段40號1樓", "telephone" : "0289813529", "city" : "新北市", "district" : "三重區", "nhi" : true, "data_time" : "2026-05-03 03:11:08", "pharmacy_per_10k" : 3.72}}, {"type" : "Feature", "geometry" : {"type" : "Point", "coordinates" : [121.4878911, 25.05583266]}, "properties" : {"id" : 976, "name" : "景康藥局", "address" : "新北市三重區集美街29號1樓", "telephone" : "0289731717", "city" : "新北市", "district" : "三重區", "nhi" : true, "data_time" : "2026-05-03 03:11:08", "pharmacy_per_10k" : 3.72}}, {"type" : "Feature", "geometry" : {"type" : "Point", "coordinates" : [121.4998663, 25.06820413]}, "properties" : {"id" : 977, "name" : "康希藥局", "address" : "新北市三重區三和路2段83號1樓", "telephone" : "0289728298", "city" : "新北市", "district" : "三重區", "nhi" : true, "data_time" : "2026-05-03 03:11:08", "pharmacy_per_10k" : 3.72}}, {"type" : "Feature", "geometry" : {"type" : "Point", "coordinates" : [121.4885112, 25.08059733]}, "properties" : {"id" : 1010, "name" : "萊康健保藥局", "address" : "新北市三重區溪尾街176號1樓", "telephone" : "0282871076", "city" : "新北市", "district" : "三重區", "nhi" : true, "data_time" : "2026-05-03 03:11:08", "pharmacy_per_10k" : 3.72}}, {"type" : "Feature", "geometry" : {"type" : "Point", "coordinates" : [121.4941779, 25.0713095]}, "properties" : {"id" : 1033, "name" : "安立藥局", "address" : "新北市三重區正義北路317號1樓", "telephone" : "0266252626", "city" : "新北市", "district" : "三重區", "nhi" : true, "data_time" : "2026-05-03 03:11:08", "pharmacy_per_10k" : 3.72}}, {"type" : "Feature", "geometry" : {"type" : "Point", "coordinates" : [121.4966942, 25.06674059]}, "properties" : {"id" : 1041, "name" : "天賜藥局", "address" : "新北市三重區正義北路141號1樓", "telephone" : "0229856852", "city" : "新北市", "district" : "三重區", "nhi" : true, "data_time" : "2026-05-03 03:11:08", "pharmacy_per_10k" : 3.72}}, {"type" : "Feature", "geometry" : {"type" : "Point", "coordinates" : [121.4952988, 25.069425]}, "properties" : {"id" : 1042, "name" : "健康藥局", "address" : "新北市三重區安樂街58號1樓", "telephone" : "0229841882", "city" : "新北市", "district" : "三重區", "nhi" : true, "data_time" : "2026-05-03 03:11:08", "pharmacy_per_10k" : 3.72}}, {"type" : "Feature", "geometry" : {"type" : "Point", "coordinates" : [121.4855448, 25.06874449]}, "properties" : {"id" : 1043, "name" : "穗元大藥局", "address" : "新北市三重區力行路1段149號1樓、151號1樓", "telephone" : "0229827688", "city" : "新北市", "district" : "三重區", "nhi" : true, "data_time" : "2026-05-03 03:11:08", "pharmacy_per_10k" : 3.72}}, {"type" : "Feature", "geometry" : {"type" : "Point", "coordinates" : [121.4896807, 25.06324576]}, "properties" : {"id" : 1044, "name" : "樂活處方箋藥局", "address" : "新北市三重區中正北路99號1樓", "telephone" : "0229805182", "city" : "新北市", "district" : "三重區", "nhi" : true, "data_time" : "2026-05-03 03:11:08", "pharmacy_per_10k" : 3.72}}, {"type" : "Feature", "geometry" : {"type" : "Point", "coordinates" : [121.5020384, 25.06615449]}, "properties" : {"id" : 1045, "name" : "陽光藥師藥局", "address" : "新北市三重區三和路1段182號1樓", "telephone" : "0229788120", "city" : "新北市", "district" : "三重區", "nhi" : true, "data_time" : "2026-05-03 03:11:08", "pharmacy_per_10k" : 3.72}}, {"type" : "Feature", "geometry" : {"type" : "Point", "coordinates" : [121.5025767, 25.06967763]}, "properties" : {"id" : 1046, "name" : "飛龍大藥局", "address" : "新北市三重區龍濱路163號1樓", "telephone" : "0229773733", "city" : "新北市", "district" : "三重區", "nhi" : true, "data_time" : "2026-05-03 03:11:08", "pharmacy_per_10k" : 3.72}}, {"type" : "Feature", "geometry" : {"type" : "Point", "coordinates" : [121.4886452, 25.05130572]}, "properties" : {"id" : 1047, "name" : "榮康藥局", "address" : "新北市三重區成功路81號1樓", "telephone" : "0229772723", "city" : "新北市", "district" : "三重區", "nhi" : true, "data_time" : "2026-05-03 03:11:08", "pharmacy_per_10k" : 3.72}}, {"type" : "Feature", "geometry" : {"type" : "Point", "coordinates" : [121.4836144, 25.06301734]}, "properties" : {"id" : 1048, "name" : "德榮藥局", "address" : "新北市三重區中華路91號１樓", "telephone" : "0229717291", "city" : "新北市", "district" : "三重區", "nhi" : true, "data_time" : "2026-05-03 03:11:08", "pharmacy_per_10k" : 3.72}}, {"type" : "Feature", "geometry" : {"type" : "Point", "coordinates" : [121.4897726, 25.07264619]}, "properties" : {"id" : 1049, "name" : "厚德藥局", "address" : "新北市三重區大智街175號1樓、177號1樓", "telephone" : "0229717277", "city" : "新北市", "district" : "三重區", "nhi" : true, "data_time" : "2026-05-03 03:11:08", "pharmacy_per_10k" : 3.72}}, {"type" : "Feature", "geometry" : {"type" : "Point", "coordinates" : [121.4971824, 25.06415198]}, "properties" : {"id" : 1050, "name" : "大樹三重藥局", "address" : "新北市三重區正義北路66號", "telephone" : "0229713188", "city" : "新北市", "district" : "三重區", "nhi" : true, "data_time" : "2026-05-03 03:11:08", "pharmacy_per_10k" : 3.72}}, {"type" : "Feature", "geometry" : {"type" : "Point", "coordinates" : [121.4802522, 25.06711714]}, "properties" : {"id" : 1051, "name" : "博愛藥局", "address" : "新北市三重區三民街220號1樓", "telephone" : "0229711606", "city" : "新北市", "district" : "三重區", "nhi" : true, "data_time" : "2026-05-03 03:11:08", "pharmacy_per_10k" : 3.72}}, {"type" : "Feature", "geometry" : {"type" : "Point", "coordinates" : [121.4992359, 25.06852577]}, "properties" : {"id" : 1052, "name" : "建祥三和藥局", "address" : "新北市三重區三和路2段160號1樓", "telephone" : "0229703379", "city" : "新北市", "district" : "三重區", "nhi" : true, "data_time" : "2026-05-03 03:11:08", "pharmacy_per_10k" : 3.72}}, {"type" : "Feature", "geometry" : {"type" : "Point", "coordinates" : [121.4812299, 25.08034446]}, "properties" : {"id" : 1130, "name" : "徐匯藥局", "address" : "新北市三重區仁愛街755號1樓", "telephone" : "0228572234", "city" : "新北市", "district" : "三重區", "nhi" : true, "data_time" : "2026-05-03 03:11:08", "pharmacy_per_10k" : 3.72}}, {"type" : "Feature", "geometry" : {"type" : "Point", "coordinates" : [121.4838027, 25.07641592]}, "properties" : {"id" : 1202, "name" : "忠民藥局", "address" : "新北市三重區車路頭街162號1樓", "telephone" : "0222868489", "city" : "新北市", "district" : "三重區", "nhi" : true, "data_time" : "2026-05-03 03:11:08", "pharmacy_per_10k" : 3.72}}, {"type" : "Feature", "geometry" : {"type" : "Point", "coordinates" : [121.4830339, 25.07698813]}, "properties" : {"id" : 1203, "name" : "力行德榮藥局", "address" : "新北市三重區力行路2段170號1樓", "telephone" : "0222867170", "city" : "新北市", "district" : "三重區", "nhi" : true, "data_time" : "2026-05-03 03:11:08", "pharmacy_per_10k" : 3.72}}, {"type" : "Feature", "geometry" : {"type" : "Point", "coordinates" : [121.4870841, 25.08201135]}, "properties" : {"id" : 1209, "name" : "慈惠藥局", "address" : "新北市三重區仁愛街516號1樓及2樓", "telephone" : "0222809009", "city" : "新北市", "district" : "三重區", "nhi" : true, "data_time" : "2026-05-03 03:11:08", "pharmacy_per_10k" : 3.72}}, {"type" : "Feature", "geometry" : {"type" : "Point", "coordinates" : [121.4914358, 25.08405495]}, "properties" : {"id" : 1291, "name" : "晨星藥局", "address" : "新北市三重區五華街123號1樓", "telephone" : "0289856533", "city" : "新北市", "district" : "三重區", "nhi" : true, "data_time" : "2026-05-03 03:11:08", "pharmacy_per_10k" : 3.72}}, {"type" : "Feature", "geometry" : {"type" : "Point", "coordinates" : [121.4965058, 25.06629865]}, "properties" : {"id" : 1292, "name" : "益成藥局", "address" : "新北市三重區正義北路154號3樓-1", "telephone" : "0289827261", "city" : "新北市", "district" : "三重區", "nhi" : true, "data_time" : "2026-05-03 03:11:08", "pharmacy_per_10k" : 3.72}}, {"type" : "Feature", "geometry" : {"type" : "Point", "coordinates" : [121.4791289, 25.06821221]}, "properties" : {"id" : 1293, "name" : "吉康健保藥局", "address" : "新北市三重區三民街279號1樓", "telephone" : "0289810122", "city" : "新北市", "district" : "三重區", "nhi" : true, "data_time" : "2026-05-03 03:11:08", "pharmacy_per_10k" : 3.72}}, {"type" : "Feature", "geometry" : {"type" : "Point", "coordinates" : [121.498354, 25.06060677]}, "properties" : {"id" : 1294, "name" : "光興藥局", "address" : "新北市三重區正義南路60-4號1樓", "telephone" : "0289725780", "city" : "新北市", "district" : "三重區", "nhi" : true, "data_time" : "2026-05-03 03:11:08", "pharmacy_per_10k" : 3.72}}, {"type" : "Feature", "geometry" : {"type" : "Point", "coordinates" : [121.5008126, 25.06739265]}, "properties" : {"id" : 1295, "name" : "元力藥局", "address" : "新北市三重區三和路2段37-1號1樓", "telephone" : "0289723551", "city" : "新北市", "district" : "三重區", "nhi" : true, "data_time" : "2026-05-03 03:11:08", "pharmacy_per_10k" : 3.72}}, {"type" : "Feature", "geometry" : {"type" : "Point", "coordinates" : [121.4813099, 25.07985828]}, "properties" : {"id" : 1304, "name" : "黎明藥師藥局", "address" : "新北市三重區三和路4段227號1樓", "telephone" : "0282870958", "city" : "新北市", "district" : "三重區", "nhi" : true, "data_time" : "2026-05-03 03:11:08", "pharmacy_per_10k" : 3.72}}, {"type" : "Feature", "geometry" : {"type" : "Point", "coordinates" : [121.4852008, 25.06355382]}, "properties" : {"id" : 1321, "name" : "建興藥局", "address" : "新北市三重區三民街105號", "telephone" : "0229888757", "city" : "新北市", "district" : "三重區", "nhi" : true, "data_time" : "2026-05-03 03:11:08", "pharmacy_per_10k" : 3.72}}, {"type" : "Feature", "geometry" : {"type" : "Point", "coordinates" : [121.4855176, 25.05892548]}, "properties" : {"id" : 1322, "name" : "新迪化中西藥局", "address" : "新北市三重區三陽路27號1樓", "telephone" : "0229884755", "city" : "新北市", "district" : "三重區", "nhi" : true, "data_time" : "2026-05-03 03:11:08", "pharmacy_per_10k" : 3.72}}, {"type" : "Feature", "geometry" : {"type" : "Point", "coordinates" : [121.4924841, 25.0829117]}, "properties" : {"id" : 1323, "name" : "五華春天生活藥局", "address" : "新北市三重區五華街73號1、2樓", "telephone" : "0229876838", "city" : "新北市", "district" : "三重區", "nhi" : true, "data_time" : "2026-05-03 03:11:08", "pharmacy_per_10k" : 3.72}}, {"type" : "Feature", "geometry" : {"type" : "Point", "coordinates" : [121.4771996, 25.06732441]}, "properties" : {"id" : 1324, "name" : "宗安藥師藥局", "address" : "新北市三重區頂崁街208號1樓", "telephone" : "0229874243", "city" : "新北市", "district" : "三重區", "nhi" : true, "data_time" : "2026-05-03 03:11:08", "pharmacy_per_10k" : 3.72}}, {"type" : "Feature", "geometry" : {"type" : "Point", "coordinates" : [121.4775839, 25.06959207]}, "properties" : {"id" : 1325, "name" : "宏原藥局", "address" : "新北市三重區中正北路183號1樓", "telephone" : "0229871515", "city" : "新北市", "district" : "三重區", "nhi" : true, "data_time" : "2026-05-03 03:11:08", "pharmacy_per_10k" : 3.72}}, {"type" : "Feature", "geometry" : {"type" : "Point", "coordinates" : [121.4963859, 25.06782501]}, "properties" : {"id" : 1326, "name" : "康新藥局", "address" : "新北市三重區正義北路185號2樓", "telephone" : "0229866582", "city" : "新北市", "district" : "三重區", "nhi" : true, "data_time" : "2026-05-03 03:11:08", "pharmacy_per_10k" : 3.72}}, {"type" : "Feature", "geometry" : {"type" : "Point", "coordinates" : [121.4980425, 25.06459265]}, "properties" : {"id" : 1327, "name" : "信承藥局", "address" : "新北市三重區信義西街44號1樓", "telephone" : "0229866476", "city" : "新北市", "district" : "三重區", "nhi" : true, "data_time" : "2026-05-03 03:11:08", "pharmacy_per_10k" : 3.72}}, {"type" : "Feature", "geometry" : {"type" : "Point", "coordinates" : [121.4930577, 25.06743869]}, "properties" : {"id" : 1328, "name" : "利民藥局", "address" : "新北市三重區自強路1段171號、173號1樓及2樓", "telephone" : "0229852826", "city" : "新北市", "district" : "三重區", "nhi" : true, "data_time" : "2026-05-03 03:11:08", "pharmacy_per_10k" : 3.72}}, {"type" : "Feature", "geometry" : {"type" : "Point", "coordinates" : [121.4858251, 25.06292714]}, "properties" : {"id" : 1329, "name" : "陳藥局", "address" : "新北市三重區三民街77號", "telephone" : "0229848601", "city" : "新北市", "district" : "三重區", "nhi" : true, "data_time" : "2026-05-03 03:11:08", "pharmacy_per_10k" : 3.72}}, {"type" : "Feature", "geometry" : {"type" : "Point", "coordinates" : [121.496192, 25.06845875]}, "properties" : {"id" : 1330, "name" : "佑全三重正義藥局", "address" : "新北市三重區正義北路207號1、2樓、209號1、2樓", "telephone" : "0229815341", "city" : "新北市", "district" : "三重區", "nhi" : true, "data_time" : "2026-05-03 03:11:08", "pharmacy_per_10k" : 3.72}}, {"type" : "Feature", "geometry" : {"type" : "Point", "coordinates" : [121.483617, 25.06310053]}, "properties" : {"id" : 1331, "name" : "中華健保藥局", "address" : "新北市三重區中華路95號", "telephone" : "0229813155", "city" : "新北市", "district" : "三重區", "nhi" : true, "data_time" : "2026-05-03 03:11:08", "pharmacy_per_10k" : 3.72}}, {"type" : "Feature", "geometry" : {"type" : "Point", "coordinates" : [121.4915137, 25.06847669]}, "properties" : {"id" : 1332, "name" : "享生藥局", "address" : "新北市三重區自強路1段207號1樓", "telephone" : "0229807539", "city" : "新北市", "district" : "三重區", "nhi" : true, "data_time" : "2026-05-03 03:11:08", "pharmacy_per_10k" : 3.72}}, {"type" : "Feature", "geometry" : {"type" : "Point", "coordinates" : [121.4924841, 25.0829117]}, "properties" : {"id" : 1333, "name" : "仁華藥局", "address" : "新北市三重區五華街73-1號1樓", "telephone" : "0229806161", "city" : "新北市", "district" : "三重區", "nhi" : true, "data_time" : "2026-05-03 03:11:08", "pharmacy_per_10k" : 3.72}}, {"type" : "Feature", "geometry" : {"type" : "Point", "coordinates" : [121.4752556, 25.06803338]}, "properties" : {"id" : 1334, "name" : "吉盛健保藥局", "address" : "新北市三重區頂崁街210巷46號1樓", "telephone" : "0229801666", "city" : "新北市", "district" : "三重區", "nhi" : true, "data_time" : "2026-05-03 03:11:08", "pharmacy_per_10k" : 3.72}}, {"type" : "Feature", "geometry" : {"type" : "Point", "coordinates" : [121.5001401, 25.06316687]}, "properties" : {"id" : 1335, "name" : "臻曜藥局", "address" : "新北市三重區重新路1段129號1樓", "telephone" : "0229786003", "city" : "新北市", "district" : "三重區", "nhi" : true, "data_time" : "2026-05-03 03:11:08", "pharmacy_per_10k" : 3.72}}, {"type" : "Feature", "geometry" : {"type" : "Point", "coordinates" : [121.5008545, 25.0634339]}, "properties" : {"id" : 1336, "name" : "鴻泰健保藥局", "address" : "新北市三重區重新路1段95號1樓", "telephone" : "0229769055", "city" : "新北市", "district" : "三重區", "nhi" : true, "data_time" : "2026-05-03 03:11:08", "pharmacy_per_10k" : 3.72}}, {"type" : "Feature", "geometry" : {"type" : "Point", "coordinates" : [121.4953442, 25.07199266]}, "properties" : {"id" : 1337, "name" : "祐銘藥局", "address" : "新北市三重區龍門路22號1樓", "telephone" : "0229769001", "city" : "新北市", "district" : "三重區", "nhi" : true, "data_time" : "2026-05-03 03:11:08", "pharmacy_per_10k" : 3.72}}, {"type" : "Feature", "geometry" : {"type" : "Point", "coordinates" : [121.498704, 25.06617705]}, "properties" : {"id" : 1338, "name" : "小林健保藥局", "address" : "新北市三重區文化北路61-1號1樓", "telephone" : "0229763895", "city" : "新北市", "district" : "三重區", "nhi" : true, "data_time" : "2026-05-03 03:11:08", "pharmacy_per_10k" : 3.72}}, {"type" : "Feature", "geometry" : {"type" : "Point", "coordinates" : [121.4897052, 25.05310517]}, "properties" : {"id" : 1339, "name" : "臻燿藥局", "address" : "新北市三重區集美街150號1樓", "telephone" : "0229724765", "city" : "新北市", "district" : "三重區", "nhi" : true, "data_time" : "2026-05-03 03:11:08", "pharmacy_per_10k" : 3.72}}, {"type" : "Feature", "geometry" : {"type" : "Point", "coordinates" : [121.4962037, 25.06752697]}, "properties" : {"id" : 1340, "name" : "欣悅藥局", "address" : "新北市三重區正義北路210號1樓", "telephone" : "0229711733", "city" : "新北市", "district" : "三重區", "nhi" : true, "data_time" : "2026-05-03 03:11:08", "pharmacy_per_10k" : 3.72}}, {"type" : "Feature", "geometry" : {"type" : "Point", "coordinates" : [121.483581, 25.07858277]}, "properties" : {"id" : 1356, "name" : "昌誠藥局", "address" : "新北市三重區三和路4段161號1樓", "telephone" : "0222876338", "city" : "新北市", "district" : "三重區", "nhi" : true, "data_time" : "2026-05-03 03:11:08", "pharmacy_per_10k" : 3.72}}, {"type" : "Feature", "geometry" : {"type" : "Point", "coordinates" : [121.4838982, 25.07877881]}, "properties" : {"id" : 1357, "name" : "陽明藥師藥局", "address" : "新北市三重區三和路4段163巷15號", "telephone" : "0222867848", "city" : "新北市", "district" : "三重區", "nhi" : true, "data_time" : "2026-05-03 03:11:08", "pharmacy_per_10k" : 3.72}}, {"type" : "Feature", "geometry" : {"type" : "Point", "coordinates" : [121.4837472, 25.07763912]}, "properties" : {"id" : 1359, "name" : "仁愛健保藥局", "address" : "新北市三重區力行路2段153號", "telephone" : "0222805160", "city" : "新北市", "district" : "三重區", "nhi" : true, "data_time" : "2026-05-03 03:11:08", "pharmacy_per_10k" : 3.72}}, {"type" : "Feature", "geometry" : {"type" : "Point", "coordinates" : [121.4916327, 25.08047074]}, "properties" : {"id" : 1425, "name" : "忠誠藥局", "address" : "新北市三重區仁愛街377巷4號", "telephone" : "0229888321", "city" : "新北市", "district" : "三重區", "nhi" : true, "data_time" : "2026-05-03 03:11:08", "pharmacy_per_10k" : 3.72}}, {"type" : "Feature", "geometry" : {"type" : "Point", "coordinates" : [121.4826817, 25.06833397]}, "properties" : {"id" : 1426, "name" : "上益藥局", "address" : "新北市三重區忠孝路2段136號1樓", "telephone" : "0229879460", "city" : "新北市", "district" : "三重區", "nhi" : true, "data_time" : "2026-05-03 03:11:08", "pharmacy_per_10k" : 3.72}}, {"type" : "Feature", "geometry" : {"type" : "Point", "coordinates" : [121.4916491, 25.08357568]}, "properties" : {"id" : 1427, "name" : "唯安藥局", "address" : "新北市三重區五華街130號", "telephone" : "0229875750", "city" : "新北市", "district" : "三重區", "nhi" : true, "data_time" : "2026-05-03 03:11:08", "pharmacy_per_10k" : 3.72}}, {"type" : "Feature", "geometry" : {"type" : "Point", "coordinates" : [121.4935155, 25.08175929]}, "properties" : {"id" : 1428, "name" : "華泰藥師藥局", "address" : "新北市三重區五華街66號1樓", "telephone" : "0229866009", "city" : "新北市", "district" : "三重區", "nhi" : true, "data_time" : "2026-05-03 03:11:08", "pharmacy_per_10k" : 3.72}}, {"type" : "Feature", "geometry" : {"type" : "Point", "coordinates" : [121.482171, 25.06757196]}, "properties" : {"id" : 1429, "name" : "上豪藥局", "address" : "新北市三重區中正北路220號1樓", "telephone" : "0229864336", "city" : "新北市", "district" : "三重區", "nhi" : true, "data_time" : "2026-05-03 03:11:08", "pharmacy_per_10k" : 3.72}}, {"type" : "Feature", "geometry" : {"type" : "Point", "coordinates" : [121.489775, 25.0786746]}, "properties" : {"id" : 1430, "name" : "國星藥局", "address" : "新北市三重區溪尾街109號", "telephone" : "0229859203", "city" : "新北市", "district" : "三重區", "nhi" : true, "data_time" : "2026-05-03 03:11:08", "pharmacy_per_10k" : 3.72}}, {"type" : "Feature", "geometry" : {"type" : "Point", "coordinates" : [121.4958903, 25.0692973]}, "properties" : {"id" : 1431, "name" : "容安藥局", "address" : "新北市三重區正義北路237號2樓", "telephone" : "0229843399", "city" : "新北市", "district" : "三重區", "nhi" : true, "data_time" : "2026-05-03 03:11:08", "pharmacy_per_10k" : 3.72}}, {"type" : "Feature", "geometry" : {"type" : "Point", "coordinates" : [121.4968665, 25.06795724]}, "properties" : {"id" : 1432, "name" : "新英藥師藥局", "address" : "新北市三重區雙園街37號", "telephone" : "0229824840", "city" : "新北市", "district" : "三重區", "nhi" : true, "data_time" : "2026-05-03 03:11:08", "pharmacy_per_10k" : 3.72}}, {"type" : "Feature", "geometry" : {"type" : "Point", "coordinates" : [121.4923038, 25.08266821]}, "properties" : {"id" : 1433, "name" : "五華藥局", "address" : "新北市三重區仁愛街425巷91號2樓", "telephone" : "0229819948", "city" : "新北市", "district" : "三重區", "nhi" : true, "data_time" : "2026-05-03 03:11:08", "pharmacy_per_10k" : 3.72}}, {"type" : "Feature", "geometry" : {"type" : "Point", "coordinates" : [121.4959605, 25.06914897]}, "properties" : {"id" : 1434, "name" : "欣欣藥局", "address" : "新北市三重區正義北路233號1樓", "telephone" : "0229816955", "city" : "新北市", "district" : "三重區", "nhi" : true, "data_time" : "2026-05-03 03:11:08", "pharmacy_per_10k" : 3.72}}, {"type" : "Feature", "geometry" : {"type" : "Point", "coordinates" : [121.4898387, 25.05305944]}, "properties" : {"id" : 1435, "name" : "宏安藥局", "address" : "新北市三重區集美街158號1樓", "telephone" : "0229785866", "city" : "新北市", "district" : "三重區", "nhi" : true, "data_time" : "2026-05-03 03:11:08", "pharmacy_per_10k" : 3.72}}, {"type" : "Feature", "geometry" : {"type" : "Point", "coordinates" : [121.4875835, 25.05326188]}, "properties" : {"id" : 1436, "name" : "周武仁藥局", "address" : "新北市三重區成功路145巷34號", "telephone" : "0229774110", "city" : "新北市", "district" : "三重區", "nhi" : true, "data_time" : "2026-05-03 03:11:08", "pharmacy_per_10k" : 3.72}}, {"type" : "Feature", "geometry" : {"type" : "Point", "coordinates" : [121.4944227, 25.05884393]}, "properties" : {"id" : 1437, "name" : "三山大藥局", "address" : "新北市三重區中正南路84號", "telephone" : "0229772409", "city" : "新北市", "district" : "三重區", "nhi" : true, "data_time" : "2026-05-03 03:11:08", "pharmacy_per_10k" : 3.72}}, {"type" : "Feature", "geometry" : {"type" : "Point", "coordinates" : [121.4994323, 25.07344008]}, "properties" : {"id" : 1438, "name" : "龍門藥局", "address" : "新北市三重區龍門路186號", "telephone" : "0229756141", "city" : "新北市", "district" : "三重區", "nhi" : true, "data_time" : "2026-05-03 03:11:08", "pharmacy_per_10k" : 3.72}}, {"type" : "Feature", "geometry" : {"type" : "Point", "coordinates" : [121.4959812, 25.06827298]}, "properties" : {"id" : 1439, "name" : "重德藥局", "address" : "新北市三重區正義北路246號2樓", "telephone" : "0229719060", "city" : "新北市", "district" : "三重區", "nhi" : true, "data_time" : "2026-05-03 03:11:08", "pharmacy_per_10k" : 3.72}}, {"type" : "Feature", "geometry" : {"type" : "Point", "coordinates" : [121.4835578, 25.08136523]}, "properties" : {"id" : 1476, "name" : "國榮藥局", "address" : "新北市三重區碧華街50號", "telephone" : "0228578497", "city" : "新北市", "district" : "三重區", "nhi" : true, "data_time" : "2026-05-03 03:11:08", "pharmacy_per_10k" : 3.72}}, {"type" : "Feature", "geometry" : {"type" : "Point", "coordinates" : [121.4818, 25.08058029]}, "properties" : {"id" : 1477, "name" : "立雄藥局", "address" : "新北市三重區仁愛街733號1樓", "telephone" : "0228573677", "city" : "新北市", "district" : "三重區", "nhi" : true, "data_time" : "2026-05-03 03:11:08", "pharmacy_per_10k" : 3.72}}, {"type" : "Feature", "geometry" : {"type" : "Point", "coordinates" : [121.4792905, 25.07518759]}, "properties" : {"id" : 1522, "name" : "玉美藥局", "address" : "新北市三重區力行路2段136巷49弄2號", "telephone" : "0222879836", "city" : "新北市", "district" : "三重區", "nhi" : true, "data_time" : "2026-05-03 03:11:08", "pharmacy_per_10k" : 3.72}}, {"type" : "Feature", "geometry" : {"type" : "Point", "coordinates" : [121.4878508, 25.0815211]}, "properties" : {"id" : 1523, "name" : "仁安堂藥局", "address" : "新北市三重區溪尾街220號", "telephone" : "0222870278", "city" : "新北市", "district" : "三重區", "nhi" : true, "data_time" : "2026-05-03 03:11:08", "pharmacy_per_10k" : 3.72}}, {"type" : "Feature", "geometry" : {"type" : "Point", "coordinates" : [121.4951282, 25.07000038]}, "properties" : {"id" : 1571, "name" : "成立藥局", "address" : "新北市三重區正義北路310-1號2樓", "telephone" : "0289852355", "city" : "新北市", "district" : "三重區", "nhi" : true, "data_time" : "2026-05-03 03:11:08", "pharmacy_per_10k" : 3.72}}, {"type" : "Feature", "geometry" : {"type" : "Point", "coordinates" : [121.4954291, 25.07004649]}, "properties" : {"id" : 1572, "name" : "聯鑫藥師藥局", "address" : "新北市三重區正義北路269號", "telephone" : "0289829880", "city" : "新北市", "district" : "三重區", "nhi" : true, "data_time" : "2026-05-03 03:11:08", "pharmacy_per_10k" : 3.72}}, {"type" : "Feature", "geometry" : {"type" : "Point", "coordinates" : [121.4833531, 25.06060366]}, "properties" : {"id" : 1573, "name" : "美滿藥局", "address" : "新北市三重區中華路16號", "telephone" : "0289824272", "city" : "新北市", "district" : "三重區", "nhi" : true, "data_time" : "2026-05-03 03:11:08", "pharmacy_per_10k" : 3.72}}, {"type" : "Feature", "geometry" : {"type" : "Point", "coordinates" : [121.4945434, 25.08105838]}, "properties" : {"id" : 1574, "name" : "正大藥局", "address" : "新北市三重區五華街39號", "telephone" : "0289815931", "city" : "新北市", "district" : "三重區", "nhi" : true, "data_time" : "2026-05-03 03:11:08", "pharmacy_per_10k" : 3.72}}, {"type" : "Feature", "geometry" : {"type" : "Point", "coordinates" : [121.4916125, 25.08360208]}, "properties" : {"id" : 1575, "name" : "烈委藥局", "address" : "新北市三重區五華街132號", "telephone" : "0289812846", "city" : "新北市", "district" : "三重區", "nhi" : true, "data_time" : "2026-05-03 03:11:08", "pharmacy_per_10k" : 3.72}}, {"type" : "Feature", "geometry" : {"type" : "Point", "coordinates" : [121.4926601, 25.06045466]}, "properties" : {"id" : 1576, "name" : "誠泰藥師藥局", "address" : "新北市三重區重新路3段102號", "telephone" : "0289721125", "city" : "新北市", "district" : "三重區", "nhi" : true, "data_time" : "2026-05-03 03:11:08", "pharmacy_per_10k" : 3.72}}, {"type" : "Feature", "geometry" : {"type" : "Point", "coordinates" : [121.4837622, 25.07811203]}, "properties" : {"id" : 1604, "name" : "德心藥局", "address" : "新北市三重區三和路4段324號", "telephone" : "0282878086", "city" : "新北市", "district" : "三重區", "nhi" : true, "data_time" : "2026-05-03 03:11:08", "pharmacy_per_10k" : 3.72}}, {"type" : "Feature", "geometry" : {"type" : "Point", "coordinates" : [121.4694126, 25.0453916]}, "properties" : {"id" : 1629, "name" : "大重仁藥局", "address" : "新北市三重區重新路5段592號1樓", "telephone" : "0229958283", "city" : "新北市", "district" : "三重區", "nhi" : true, "data_time" : "2026-05-03 03:11:08", "pharmacy_per_10k" : 3.72}}, {"type" : "Feature", "geometry" : {"type" : "Point", "coordinates" : [121.4889562, 25.06956243]}, "properties" : {"id" : 1643, "name" : "聖安藥局", "address" : "新北市三重區自強路2段48號", "telephone" : "0229899576", "city" : "新北市", "district" : "三重區", "nhi" : true, "data_time" : "2026-05-03 03:11:08", "pharmacy_per_10k" : 3.72}}, {"type" : "Feature", "geometry" : {"type" : "Point", "coordinates" : [121.4965142, 25.08228316]}, "properties" : {"id" : 1644, "name" : "聖泰藥局", "address" : "新北市三重區仁義街229號", "telephone" : "0229899187", "city" : "新北市", "district" : "三重區", "nhi" : true, "data_time" : "2026-05-03 03:11:08", "pharmacy_per_10k" : 3.72}}, {"type" : "Feature", "geometry" : {"type" : "Point", "coordinates" : [121.4953091, 25.07020216]}, "properties" : {"id" : 1645, "name" : "興安藥局", "address" : "新北市三重區正義北路275-1號", "telephone" : "0229898140", "city" : "新北市", "district" : "三重區", "nhi" : true, "data_time" : "2026-05-03 03:11:08", "pharmacy_per_10k" : 3.72}}, {"type" : "Feature", "geometry" : {"type" : "Point", "coordinates" : [121.4972461, 25.06597294]}, "properties" : {"id" : 1646, "name" : "合眾藥局", "address" : "新北市三重區文化北路102巷39號", "telephone" : "0229897379", "city" : "新北市", "district" : "三重區", "nhi" : true, "data_time" : "2026-05-03 03:11:08", "pharmacy_per_10k" : 3.72}}, {"type" : "Feature", "geometry" : {"type" : "Point", "coordinates" : [121.4901302, 25.07852945]}, "properties" : {"id" : 1647, "name" : "禮隆藥局", "address" : "新北市三重區自強路4段6４號", "telephone" : "0229894735", "city" : "新北市", "district" : "三重區", "nhi" : true, "data_time" : "2026-05-03 03:11:08", "pharmacy_per_10k" : 3.72}}, {"type" : "Feature", "geometry" : {"type" : "Point", "coordinates" : [121.4963181, 25.06806868]}, "properties" : {"id" : 1648, "name" : "向上藥局", "address" : "新北市三重區正義北路191號2樓", "telephone" : "0229883398", "city" : "新北市", "district" : "三重區", "nhi" : true, "data_time" : "2026-05-03 03:11:08", "pharmacy_per_10k" : 3.72}}, {"type" : "Feature", "geometry" : {"type" : "Point", "coordinates" : [121.4948622, 25.07038823]}, "properties" : {"id" : 1649, "name" : "開元藥局", "address" : "新北市三重區正義北路324號2樓", "telephone" : "0229873976", "city" : "新北市", "district" : "三重區", "nhi" : true, "data_time" : "2026-05-03 03:11:08", "pharmacy_per_10k" : 3.72}}, {"type" : "Feature", "geometry" : {"type" : "Point", "coordinates" : [121.4921718, 25.08043711]}, "properties" : {"id" : 1650, "name" : "禾華藥局", "address" : "新北市三重區自強路5段8號1樓", "telephone" : "0229871888", "city" : "新北市", "district" : "三重區", "nhi" : true, "data_time" : "2026-05-03 03:11:08", "pharmacy_per_10k" : 3.72}}, {"type" : "Feature", "geometry" : {"type" : "Point", "coordinates" : [121.4909963, 25.06852867]}, "properties" : {"id" : 1651, "name" : "德河藥局", "address" : "新北市三重區自強路1段320號", "telephone" : "0229869850", "city" : "新北市", "district" : "三重區", "nhi" : true, "data_time" : "2026-05-03 03:11:08", "pharmacy_per_10k" : 3.72}}, {"type" : "Feature", "geometry" : {"type" : "Point", "coordinates" : [121.4990816, 25.06363297]}, "properties" : {"id" : 1652, "name" : "匯豐藥局", "address" : "新北市三重區大榮街50號", "telephone" : "0229862127", "city" : "新北市", "district" : "三重區", "nhi" : true, "data_time" : "2026-05-03 03:11:08", "pharmacy_per_10k" : 3.72}}, {"type" : "Feature", "geometry" : {"type" : "Point", "coordinates" : [121.4951545, 25.06356637]}, "properties" : {"id" : 1653, "name" : "松泰藥師藥局", "address" : "新北市三重區大同北路65號", "telephone" : "0229859593", "city" : "新北市", "district" : "三重區", "nhi" : true, "data_time" : "2026-05-03 03:11:08", "pharmacy_per_10k" : 3.72}}, {"type" : "Feature", "geometry" : {"type" : "Point", "coordinates" : [121.4931899, 25.06667477]}, "properties" : {"id" : 1654, "name" : "優達藥局", "address" : "新北市三重區大智街108號1樓", "telephone" : "0229859159", "city" : "新北市", "district" : "三重區", "nhi" : true, "data_time" : "2026-05-03 03:11:08", "pharmacy_per_10k" : 3.72}}, {"type" : "Feature", "geometry" : {"type" : "Point", "coordinates" : [121.4867746, 25.07266396]}, "properties" : {"id" : 1655, "name" : "力健藥局", "address" : "新北市三重區自強路3段38號", "telephone" : "0229856255", "city" : "新北市", "district" : "三重區", "nhi" : true, "data_time" : "2026-05-03 03:11:08", "pharmacy_per_10k" : 3.72}}, {"type" : "Feature", "geometry" : {"type" : "Point", "coordinates" : [121.4819506, 25.07160116]}, "properties" : {"id" : 1656, "name" : "名成藥局", "address" : "新北市三重區力行路1段182號", "telephone" : "0229847828", "city" : "新北市", "district" : "三重區", "nhi" : true, "data_time" : "2026-05-03 03:11:08", "pharmacy_per_10k" : 3.72}}, {"type" : "Feature", "geometry" : {"type" : "Point", "coordinates" : [121.4705142, 25.07205255]}, "properties" : {"id" : 1657, "name" : "德林藥局", "address" : "新北市三重區中正北路572號", "telephone" : "0229832019", "city" : "新北市", "district" : "三重區", "nhi" : true, "data_time" : "2026-05-03 03:11:08", "pharmacy_per_10k" : 3.72}}, {"type" : "Feature", "geometry" : {"type" : "Point", "coordinates" : [121.482829, 25.065031]}, "properties" : {"id" : 1658, "name" : "三民藥師藥局", "address" : "新北市三重區三民街134號", "telephone" : "0229829328", "city" : "新北市", "district" : "三重區", "nhi" : true, "data_time" : "2026-05-03 03:11:08", "pharmacy_per_10k" : 3.72}}, {"type" : "Feature", "geometry" : {"type" : "Point", "coordinates" : [121.4772853, 25.06778276]}, "properties" : {"id" : 1659, "name" : "佑民藥局", "address" : "新北市三重區頂崁街211號", "telephone" : "0229827022", "city" : "新北市", "district" : "三重區", "nhi" : true, "data_time" : "2026-05-03 03:11:08", "pharmacy_per_10k" : 3.72}}, {"type" : "Feature", "geometry" : {"type" : "Point", "coordinates" : [121.4952753, 25.06164763]}, "properties" : {"id" : 1660, "name" : "江村藥局", "address" : "新北市三重區重新路3段9號1樓", "telephone" : "0229821515", "city" : "新北市", "district" : "三重區", "nhi" : true, "data_time" : "2026-05-03 03:11:08", "pharmacy_per_10k" : 3.72}}, {"type" : "Feature", "geometry" : {"type" : "Point", "coordinates" : [121.488595, 25.08080569]}, "properties" : {"id" : 1661, "name" : "福昌大藥局", "address" : "新北市三重區溪尾街205號", "telephone" : "0229814337", "city" : "新北市", "district" : "三重區", "nhi" : true, "data_time" : "2026-05-03 03:11:08", "pharmacy_per_10k" : 3.72}}, {"type" : "Feature", "geometry" : {"type" : "Point", "coordinates" : [121.4819466, 25.06052845]}, "properties" : {"id" : 1662, "name" : "祥順藥局", "address" : "新北市三重區名源街20號1樓", "telephone" : "0229811571", "city" : "新北市", "district" : "三重區", "nhi" : true, "data_time" : "2026-05-03 03:11:08", "pharmacy_per_10k" : 3.72}}, {"type" : "Feature", "geometry" : {"type" : "Point", "coordinates" : [121.499886, 25.06595345]}, "properties" : {"id" : 1663, "name" : "久洲藥局", "address" : "新北市三重區長元街51-9號", "telephone" : "0229791679", "city" : "新北市", "district" : "三重區", "nhi" : true, "data_time" : "2026-05-03 03:11:08", "pharmacy_per_10k" : 3.72}}, {"type" : "Feature", "geometry" : {"type" : "Point", "coordinates" : [121.5014413, 25.06202142]}, "properties" : {"id" : 1664, "name" : "承都藥局", "address" : "新北市三重區中央南路44號1樓", "telephone" : "0229785989", "city" : "新北市", "district" : "三重區", "nhi" : true, "data_time" : "2026-05-03 03:11:08", "pharmacy_per_10k" : 3.72}}, {"type" : "Feature", "geometry" : {"type" : "Point", "coordinates" : [121.4947579, 25.05457487]}, "properties" : {"id" : 1665, "name" : "文慶藥局", "address" : "新北市三重區泉州街78號", "telephone" : "0229783154", "city" : "新北市", "district" : "三重區", "nhi" : true, "data_time" : "2026-05-03 03:11:08", "pharmacy_per_10k" : 3.72}}, {"type" : "Feature", "geometry" : {"type" : "Point", "coordinates" : [121.4870126, 25.05652177]}, "properties" : {"id" : 1666, "name" : "東裕藥局", "address" : "新北市三重區重新路4段122號", "telephone" : "0229773255", "city" : "新北市", "district" : "三重區", "nhi" : true, "data_time" : "2026-05-03 03:11:08", "pharmacy_per_10k" : 3.72}}, {"type" : "Feature", "geometry" : {"type" : "Point", "coordinates" : [121.4880311, 25.05542135]}, "properties" : {"id" : 1667, "name" : "甜心健康生活藥局", "address" : "新北市三重區福祉里集美街45號1樓", "telephone" : "0229762223", "city" : "新北市", "district" : "三重區", "nhi" : true, "data_time" : "2026-05-03 03:11:08", "pharmacy_per_10k" : 3.72}}, {"type" : "Feature", "geometry" : {"type" : "Point", "coordinates" : [121.4961672, 25.05931645]}, "properties" : {"id" : 1668, "name" : "佳仁藥局", "address" : "新北市三重區大同南路76號", "telephone" : "0229759141", "city" : "新北市", "district" : "三重區", "nhi" : true, "data_time" : "2026-05-03 03:11:08", "pharmacy_per_10k" : 3.72}}, {"type" : "Feature", "geometry" : {"type" : "Point", "coordinates" : [121.4963544, 25.07192612]}, "properties" : {"id" : 1669, "name" : "久泰藥局", "address" : "新北市三重區仁愛街36號", "telephone" : "0229751735", "city" : "新北市", "district" : "三重區", "nhi" : true, "data_time" : "2026-05-03 03:11:08", "pharmacy_per_10k" : 3.72}}, {"type" : "Feature", "geometry" : {"type" : "Point", "coordinates" : [121.4982257, 25.06116966]}, "properties" : {"id" : 1670, "name" : "博安藥局", "address" : "新北市三重區正義南路32號", "telephone" : "0229751590", "city" : "新北市", "district" : "三重區", "nhi" : true, "data_time" : "2026-05-03 03:11:08", "pharmacy_per_10k" : 3.72}}, {"type" : "Feature", "geometry" : {"type" : "Point", "coordinates" : [121.4984399, 25.06819523]}, "properties" : {"id" : 1671, "name" : "豐安藥局", "address" : "新北市三重區三和路2段154巷18號1樓", "telephone" : "0229746701", "city" : "新北市", "district" : "三重區", "nhi" : true, "data_time" : "2026-05-03 03:11:08", "pharmacy_per_10k" : 3.72}}, {"type" : "Feature", "geometry" : {"type" : "Point", "coordinates" : [121.4951251, 25.06137745]}, "properties" : {"id" : 1672, "name" : "德慈藥局", "address" : "新北市三重區重新路3段16號1樓", "telephone" : "0229736693", "city" : "新北市", "district" : "三重區", "nhi" : true, "data_time" : "2026-05-03 03:11:08", "pharmacy_per_10k" : 3.72}}, {"type" : "Feature", "geometry" : {"type" : "Point", "coordinates" : [121.496516, 25.07495808]}, "properties" : {"id" : 1673, "name" : "仁厚藥局", "address" : "新北市三重區仁賢街34號", "telephone" : "0229736625", "city" : "新北市", "district" : "三重區", "nhi" : true, "data_time" : "2026-05-03 03:11:08", "pharmacy_per_10k" : 3.72}}, {"type" : "Feature", "geometry" : {"type" : "Point", "coordinates" : [121.4965872, 25.05767156]}, "properties" : {"id" : 1674, "name" : "吉本藥局", "address" : "新北市三重區大同南路156號", "telephone" : "0229736043", "city" : "新北市", "district" : "三重區", "nhi" : true, "data_time" : "2026-05-03 03:11:08", "pharmacy_per_10k" : 3.72}}, {"type" : "Feature", "geometry" : {"type" : "Point", "coordinates" : [121.4990712, 25.07552358]}, "properties" : {"id" : 1675, "name" : "忠信藥局", "address" : "新北市三重區仁興街32號", "telephone" : "0229730020", "city" : "新北市", "district" : "三重區", "nhi" : true, "data_time" : "2026-05-03 03:11:08", "pharmacy_per_10k" : 3.72}}, {"type" : "Feature", "geometry" : {"type" : "Point", "coordinates" : [121.4995403, 25.06825423]}, "properties" : {"id" : 1676, "name" : "義榮藥局", "address" : "新北市三重區三和路2段142號1樓", "telephone" : "0229727598", "city" : "新北市", "district" : "三重區", "nhi" : true, "data_time" : "2026-05-03 03:11:08", "pharmacy_per_10k" : 3.72}}, {"type" : "Feature", "geometry" : {"type" : "Point", "coordinates" : [121.4942653, 25.05639902]}, "properties" : {"id" : 1677, "name" : "鴻成藥局", "address" : "新北市三重區同安街113號", "telephone" : "0229727025", "city" : "新北市", "district" : "三重區", "nhi" : true, "data_time" : "2026-05-03 03:11:08", "pharmacy_per_10k" : 3.72}}, {"type" : "Feature", "geometry" : {"type" : "Point", "coordinates" : [121.498021, 25.06765328]}, "properties" : {"id" : 1678, "name" : "吳廣隆藥局", "address" : "新北市三重區長壽西街5-1號", "telephone" : "0229715020", "city" : "新北市", "district" : "三重區", "nhi" : true, "data_time" : "2026-05-03 03:11:08", "pharmacy_per_10k" : 3.72}}, {"type" : "Feature", "geometry" : {"type" : "Point", "coordinates" : [121.4818989, 25.0606509]}, "properties" : {"id" : 1679, "name" : "建宏藥局", "address" : "新北市三重區名源街16號", "telephone" : "0229714533", "city" : "新北市", "district" : "三重區", "nhi" : true, "data_time" : "2026-05-03 03:11:08", "pharmacy_per_10k" : 3.72}}, {"type" : "Feature", "geometry" : {"type" : "Point", "coordinates" : [121.4817424, 25.08026398]}, "properties" : {"id" : 1833, "name" : "家福藥局", "address" : "新北市三重區仁愛街682號", "telephone" : "0222877692", "city" : "新北市", "district" : "三重區", "nhi" : true, "data_time" : "2026-05-03 03:11:08", "pharmacy_per_10k" : 3.72}}, {"type" : "Feature", "geometry" : {"type" : "Point", "coordinates" : [121.4813408, 25.07879822]}, "properties" : {"id" : 1834, "name" : "三興藥局", "address" : "新北市三重區三和路4段390巷24號", "telephone" : "0222874139", "city" : "新北市", "district" : "三重區", "nhi" : true, "data_time" : "2026-05-03 03:11:08", "pharmacy_per_10k" : 3.72}}, {"type" : "Feature", "geometry" : {"type" : "Point", "coordinates" : [121.494201, 25.06421011]}, "properties" : {"id" : 1835, "name" : "義中藥局", "address" : "新北市三重區大同北路107號", "telephone" : "0222874139", "city" : "新北市", "district" : "三重區", "nhi" : true, "data_time" : "2026-05-03 03:11:08", "pharmacy_per_10k" : 3.72}}, {"type" : "Feature", "geometry" : {"type" : "Point", "coordinates" : [121.4823746, 25.07889758]}, "properties" : {"id" : 1836, "name" : "合康健保藥局", "address" : "新北市三重區三和路4段384號1樓", "telephone" : "0222869999", "city" : "新北市", "district" : "三重區", "nhi" : true, "data_time" : "2026-05-03 03:11:08", "pharmacy_per_10k" : 3.72}}, {"type" : "Feature", "geometry" : {"type" : "Point", "coordinates" : [121.4842286, 25.0749549]}, "properties" : {"id" : 1837, "name" : "慈生藥局", "address" : "新北市三重區車路頭街110號", "telephone" : "0222860619", "city" : "新北市", "district" : "三重區", "nhi" : true, "data_time" : "2026-05-03 03:11:08", "pharmacy_per_10k" : 3.72}}, {"type" : "Feature", "geometry" : {"type" : "Point", "coordinates" : [121.4835808, 25.07935657]}, "properties" : {"id" : 1838, "name" : "周興隆藥局", "address" : "新北市三重區三和路4段181巷48號", "telephone" : "0222860084", "city" : "新北市", "district" : "三重區", "nhi" : true, "data_time" : "2026-05-03 03:11:08", "pharmacy_per_10k" : 3.72}}, {"type" : "Feature", "geometry" : {"type" : "Point", "coordinates" : [121.4826595, 25.07874479]}, "properties" : {"id" : 1847, "name" : "祥和藥局", "address" : "新北市三重區三和路4段374號2樓", "telephone" : "0222807522", "city" : "新北市", "district" : "三重區", "nhi" : true, "data_time" : "2026-05-03 03:11:08", "pharmacy_per_10k" : 3.72}}, {"type" : "Feature", "geometry" : {"type" : "Point", "coordinates" : [121.4953917, 25.06966747]}, "properties" : {"id" : 2008, "name" : "安泰藥局", "address" : "新北市三重區正義北路300-3號2樓", "telephone" : "0289815379", "city" : "新北市", "district" : "三重區", "nhi" : true, "data_time" : "2026-05-03 03:11:08", "pharmacy_per_10k" : 3.72}}, {"type" : "Feature", "geometry" : {"type" : "Point", "coordinates" : [121.4822269, 25.07557297]}, "properties" : {"id" : 2009, "name" : "上好藥局", "address" : "新北市三重區力行路2段134號", "telephone" : "0222865622", "city" : "新北市", "district" : "三重區", "nhi" : true, "data_time" : "2026-05-03 03:11:08", "pharmacy_per_10k" : 3.72}}, {"type" : "Feature", "geometry" : {"type" : "Point", "coordinates" : [121.4866167, 25.06110364]}, "properties" : {"id" : 2010, "name" : "惠理藥局", "address" : "新北市三重區重陽路1段152號", "telephone" : "0229856710", "city" : "新北市", "district" : "三重區", "nhi" : true, "data_time" : "2026-05-03 03:11:08", "pharmacy_per_10k" : 3.72}}, {"type" : "Feature", "geometry" : {"type" : "Point", "coordinates" : [121.4867891, 25.06837614]}, "properties" : {"id" : 2011, "name" : "馥佑藥局", "address" : "新北市三重區力行路1段89巷7號", "telephone" : "0289818716", "city" : "新北市", "district" : "三重區", "nhi" : true, "data_time" : "2026-05-03 03:11:08", "pharmacy_per_10k" : 3.72}}, {"type" : "Feature", "geometry" : {"type" : "Point", "coordinates" : [121.4836105, 25.06267099]}, "properties" : {"id" : 2012, "name" : "迪化藥局", "address" : "新北市三重區中華路77號", "telephone" : "0229834445", "city" : "新北市", "district" : "三重區", "nhi" : true, "data_time" : "2026-05-03 03:11:08", "pharmacy_per_10k" : 3.72}}, {"type" : "Feature", "geometry" : {"type" : "Point", "coordinates" : [121.4993752, 25.00494076]}, "properties" : {"id" : 916, "name" : "康荃優生保健藥局", "address" : "新北市中和區福祥路66號1樓", "telephone" : "0266348688", "city" : "新北市", "district" : "中和區", "nhi" : true, "data_time" : "2026-05-03 03:11:08", "pharmacy_per_10k" : 3.22}}, {"type" : "Feature", "geometry" : {"type" : "Point", "coordinates" : [121.4818705, 24.99548045]}, "properties" : {"id" : 942, "name" : "良安藥局", "address" : "新北市中和區文元里連城路366號", "telephone" : "9.12E+08", "city" : "新北市", "district" : "中和區", "nhi" : true, "data_time" : "2026-05-03 03:11:08", "pharmacy_per_10k" : 3.22}}, {"type" : "Feature", "geometry" : {"type" : "Point", "coordinates" : [121.4699064, 25.00052263]}, "properties" : {"id" : 961, "name" : "惠德藥局", "address" : "新北市中和區國光街111號", "telephone" : "0229573563", "city" : "新北市", "district" : "中和區", "nhi" : true, "data_time" : "2026-05-03 03:11:08", "pharmacy_per_10k" : 3.22}}, {"type" : "Feature", "geometry" : {"type" : "Point", "coordinates" : [121.5065622, 24.98510875]}, "properties" : {"id" : 965, "name" : "日發藥局", "address" : "新北市中和區興南路2段52-4號", "telephone" : "0229424926", "city" : "新北市", "district" : "中和區", "nhi" : true, "data_time" : "2026-05-03 03:11:08", "pharmacy_per_10k" : 3.22}}, {"type" : "Feature", "geometry" : {"type" : "Point", "coordinates" : [121.5115484, 24.991527]}, "properties" : {"id" : 966, "name" : "開發大藥局", "address" : "新北市中和區興南路1段六號", "telephone" : "0229412279", "city" : "新北市", "district" : "中和區", "nhi" : true, "data_time" : "2026-05-03 03:11:08", "pharmacy_per_10k" : 3.22}}, {"type" : "Feature", "geometry" : {"type" : "Point", "coordinates" : [121.511246, 24.98367542]}, "properties" : {"id" : 967, "name" : "博健藥局", "address" : "新北市中和區忠孝街37巷4號", "telephone" : "0229402107", "city" : "新北市", "district" : "中和區", "nhi" : true, "data_time" : "2026-05-03 03:11:08", "pharmacy_per_10k" : 3.22}}, {"type" : "Feature", "geometry" : {"type" : "Point", "coordinates" : [121.4813752, 25.00241329]}, "properties" : {"id" : 1024, "name" : "溫莎藥局", "address" : "新北市中和區員山路292號", "telephone" : "0282277275", "city" : "新北市", "district" : "中和區", "nhi" : true, "data_time" : "2026-05-03 03:11:08", "pharmacy_per_10k" : 3.22}}, {"type" : "Feature", "geometry" : {"type" : "Point", "coordinates" : [121.481168, 24.99950958]}, "properties" : {"id" : 1038, "name" : "里安藥局", "address" : "新北市中和區員山路271-1號2樓", "telephone" : "0232347111", "city" : "新北市", "district" : "中和區", "nhi" : true, "data_time" : "2026-05-03 03:11:08", "pharmacy_per_10k" : 3.22}}, {"type" : "Feature", "geometry" : {"type" : "Point", "coordinates" : [121.4678991, 25.00300152]}, "properties" : {"id" : 1072, "name" : "弘安藥局", "address" : "新北市中和區德光路121-1號1樓", "telephone" : "0229646489", "city" : "新北市", "district" : "中和區", "nhi" : true, "data_time" : "2026-05-03 03:11:08", "pharmacy_per_10k" : 3.22}}, {"type" : "Feature", "geometry" : {"type" : "Point", "coordinates" : [121.4724755, 25.00088253]}, "properties" : {"id" : 1073, "name" : "躍獅康銓藥局", "address" : "新北市中和區莒光路146號1樓", "telephone" : "0229646452", "city" : "新北市", "district" : "中和區", "nhi" : true, "data_time" : "2026-05-03 03:11:08", "pharmacy_per_10k" : 3.22}}, {"type" : "Feature", "geometry" : {"type" : "Point", "coordinates" : [121.5049582, 24.99307826]}, "properties" : {"id" : 1100, "name" : "美佳大藥局", "address" : "新北市中和區景安路185號", "telephone" : "0229496560", "city" : "新北市", "district" : "中和區", "nhi" : true, "data_time" : "2026-05-03 03:11:08", "pharmacy_per_10k" : 3.22}}, {"type" : "Feature", "geometry" : {"type" : "Point", "coordinates" : [121.5095149, 24.99024764]}, "properties" : {"id" : 1102, "name" : "躍獅天晴藥局", "address" : "新北市中和區和平街9號1樓", "telephone" : "0229491931", "city" : "新北市", "district" : "中和區", "nhi" : true, "data_time" : "2026-05-03 03:11:08", "pharmacy_per_10k" : 3.22}}, {"type" : "Feature", "geometry" : {"type" : "Point", "coordinates" : [121.5222143, 24.99526898]}, "properties" : {"id" : 1103, "name" : "聖康藥師藥局", "address" : "新北市中和區自立路39號1樓", "telephone" : "0229478002", "city" : "新北市", "district" : "中和區", "nhi" : true, "data_time" : "2026-05-03 03:11:08", "pharmacy_per_10k" : 3.22}}, {"type" : "Feature", "geometry" : {"type" : "Point", "coordinates" : [121.5116187, 24.99231263]}, "properties" : {"id" : 1105, "name" : "悠悅藥局", "address" : "新北市中和區安樂路25號2樓", "telephone" : "0229463755", "city" : "新北市", "district" : "中和區", "nhi" : true, "data_time" : "2026-05-03 03:11:08", "pharmacy_per_10k" : 3.22}}, {"type" : "Feature", "geometry" : {"type" : "Point", "coordinates" : [121.5235611, 24.99186468]}, "properties" : {"id" : 1106, "name" : "吉立藥局", "address" : "新北市中和區自立路183號1樓", "telephone" : "0229400461", "city" : "新北市", "district" : "中和區", "nhi" : true, "data_time" : "2026-05-03 03:11:08", "pharmacy_per_10k" : 3.22}}, {"type" : "Feature", "geometry" : {"type" : "Point", "coordinates" : [121.5135571, 25.00359367]}, "properties" : {"id" : 1109, "name" : "和欣泰藥局", "address" : "新北市中和區永貞路223號1樓", "telephone" : "0229290867", "city" : "新北市", "district" : "中和區", "nhi" : true, "data_time" : "2026-05-03 03:11:08", "pharmacy_per_10k" : 3.22}}, {"type" : "Feature", "geometry" : {"type" : "Point", "coordinates" : [121.5116784, 25.00313674]}, "properties" : {"id" : 1118, "name" : "太乙大藥局", "address" : "新北市中和區中和路418號1樓", "telephone" : "0229242169", "city" : "新北市", "district" : "中和區", "nhi" : true, "data_time" : "2026-05-03 03:11:08", "pharmacy_per_10k" : 3.22}}, {"type" : "Feature", "geometry" : {"type" : "Point", "coordinates" : [121.5021114, 24.99736473]}, "properties" : {"id" : 1192, "name" : "慈光藥局", "address" : "新北市中和區南山路117號", "telephone" : "0222493382", "city" : "新北市", "district" : "中和區", "nhi" : true, "data_time" : "2026-05-03 03:11:08", "pharmacy_per_10k" : 3.22}}, {"type" : "Feature", "geometry" : {"type" : "Point", "coordinates" : [121.4999545, 25.00623289]}, "properties" : {"id" : 1193, "name" : "宜生藥局", "address" : "新北市中和區莊敬路33巷3弄2號", "telephone" : "0222490159", "city" : "新北市", "district" : "中和區", "nhi" : true, "data_time" : "2026-05-03 03:11:08", "pharmacy_per_10k" : 3.22}}, {"type" : "Feature", "geometry" : {"type" : "Point", "coordinates" : [121.5028619, 25.00239613]}, "properties" : {"id" : 1194, "name" : "上仁藥局", "address" : "新北市中和區中山路2段131巷11-1號", "telephone" : "0222480074", "city" : "新北市", "district" : "中和區", "nhi" : true, "data_time" : "2026-05-03 03:11:08", "pharmacy_per_10k" : 3.22}}, {"type" : "Feature", "geometry" : {"type" : "Point", "coordinates" : [121.4965087, 25.00456509]}, "properties" : {"id" : 1195, "name" : "健星藥局", "address" : "新北市中和區景平路754號", "telephone" : "0222403437", "city" : "新北市", "district" : "中和區", "nhi" : true, "data_time" : "2026-05-03 03:11:08", "pharmacy_per_10k" : 3.22}}, {"type" : "Feature", "geometry" : {"type" : "Point", "coordinates" : [121.4997629, 25.00221499]}, "properties" : {"id" : 1250, "name" : "一安藥妝藥局", "address" : "新北市中和區中和路9號1、2樓", "telephone" : "0222483778", "city" : "新北市", "district" : "中和區", "nhi" : true, "data_time" : "2026-05-03 03:11:08", "pharmacy_per_10k" : 3.22}}, {"type" : "Feature", "geometry" : {"type" : "Point", "coordinates" : [121.5035319, 24.99037876]}, "properties" : {"id" : 1251, "name" : "威宏藥局", "address" : "新北市中和區復興路262號", "telephone" : "0222458558", "city" : "新北市", "district" : "中和區", "nhi" : true, "data_time" : "2026-05-03 03:11:08", "pharmacy_per_10k" : 3.22}}, {"type" : "Feature", "geometry" : {"type" : "Point", "coordinates" : [121.4962847, 24.9993023]}, "properties" : {"id" : 1252, "name" : "冠品藥師藥局", "address" : "新北市中和區連城路119號1樓", "telephone" : "0222452129", "city" : "新北市", "district" : "中和區", "nhi" : true, "data_time" : "2026-05-03 03:11:08", "pharmacy_per_10k" : 3.22}}, {"type" : "Feature", "geometry" : {"type" : "Point", "coordinates" : [121.5029751, 24.99576616]}, "properties" : {"id" : 1253, "name" : "九崧藥局", "address" : "新北市中和區南華路20號1樓", "telephone" : "0222451379", "city" : "新北市", "district" : "中和區", "nhi" : true, "data_time" : "2026-05-03 03:11:08", "pharmacy_per_10k" : 3.22}}, {"type" : "Feature", "geometry" : {"type" : "Point", "coordinates" : [121.4909479, 24.98959812]}, "properties" : {"id" : 1254, "name" : "安和藥師藥局", "address" : "新北市中和區錦和路410號1樓", "telephone" : "0222433708", "city" : "新北市", "district" : "中和區", "nhi" : true, "data_time" : "2026-05-03 03:11:08", "pharmacy_per_10k" : 3.22}}, {"type" : "Feature", "geometry" : {"type" : "Point", "coordinates" : [121.4938367, 24.99130428]}, "properties" : {"id" : 1255, "name" : "維康藥局雙和店", "address" : "新北市中和區圓通路252號1樓", "telephone" : "0222431962", "city" : "新北市", "district" : "中和區", "nhi" : true, "data_time" : "2026-05-03 03:11:08", "pharmacy_per_10k" : 3.22}}, {"type" : "Feature", "geometry" : {"type" : "Point", "coordinates" : [121.4798687, 25.0068294]}, "properties" : {"id" : 1263, "name" : "榮記大藥局", "address" : "新北市中和區員山路482號1樓", "telephone" : "0222239546", "city" : "新北市", "district" : "中和區", "nhi" : true, "data_time" : "2026-05-03 03:11:08", "pharmacy_per_10k" : 3.22}}, {"type" : "Feature", "geometry" : {"type" : "Point", "coordinates" : [121.4828903, 24.99552372]}, "properties" : {"id" : 1264, "name" : "健暉藥局", "address" : "新北市中和區連城路487號1樓", "telephone" : "0222231437", "city" : "新北市", "district" : "中和區", "nhi" : true, "data_time" : "2026-05-03 03:11:08", "pharmacy_per_10k" : 3.22}}, {"type" : "Feature", "geometry" : {"type" : "Point", "coordinates" : [121.4740986, 25.00297521]}, "properties" : {"id" : 1266, "name" : "旭豐藥局", "address" : "新北市中和區民享街４１號", "telephone" : "0222215393", "city" : "新北市", "district" : "中和區", "nhi" : true, "data_time" : "2026-05-03 03:11:08", "pharmacy_per_10k" : 3.22}}, {"type" : "Feature", "geometry" : {"type" : "Point", "coordinates" : [121.5135955, 24.98825194]}, "properties" : {"id" : 1296, "name" : "好意藥局", "address" : "新北市中和區景新街467巷3號1樓", "telephone" : "0289416598", "city" : "新北市", "district" : "中和區", "nhi" : true, "data_time" : "2026-05-03 03:11:08", "pharmacy_per_10k" : 3.22}}, {"type" : "Feature", "geometry" : {"type" : "Point", "coordinates" : [121.4744866, 25.00596486]}, "properties" : {"id" : 1390, "name" : "中和環球藥局", "address" : "新北市中和區中山路3段121號1樓", "telephone" : "9.37E+08", "city" : "新北市", "district" : "中和區", "nhi" : true, "data_time" : "2026-05-03 03:11:08", "pharmacy_per_10k" : 3.22}}, {"type" : "Feature", "geometry" : {"type" : "Point", "coordinates" : [121.4940818, 24.9937458]}, "properties" : {"id" : 1395, "name" : "雙合藥局", "address" : "新北市中和區中正路291號1樓", "telephone" : "9.21E+08", "city" : "新北市", "district" : "中和區", "nhi" : true, "data_time" : "2026-05-03 03:11:08", "pharmacy_per_10k" : 3.22}}, {"type" : "Feature", "geometry" : {"type" : "Point", "coordinates" : [121.4696244, 25.00398347]}, "properties" : {"id" : 1405, "name" : "宥元藥局", "address" : "新北市中和區德光路62號１樓", "telephone" : "0289535473", "city" : "新北市", "district" : "中和區", "nhi" : true, "data_time" : "2026-05-03 03:11:08", "pharmacy_per_10k" : 3.22}}, {"type" : "Feature", "geometry" : {"type" : "Point", "coordinates" : [121.507996, 24.98432375]}, "properties" : {"id" : 1406, "name" : "中和藥局", "address" : "新北市中和區華新街59號1樓", "telephone" : "0289432922", "city" : "新北市", "district" : "中和區", "nhi" : true, "data_time" : "2026-05-03 03:11:08", "pharmacy_per_10k" : 3.22}}, {"type" : "Feature", "geometry" : {"type" : "Point", "coordinates" : [121.5173706, 24.99344676]}, "properties" : {"id" : 1407, "name" : "吉佑藥局", "address" : "新北市中和區大勇街34號1樓", "telephone" : "0289416539", "city" : "新北市", "district" : "中和區", "nhi" : true, "data_time" : "2026-05-03 03:11:08", "pharmacy_per_10k" : 3.22}}, {"type" : "Feature", "geometry" : {"type" : "Point", "coordinates" : [121.5079119, 24.98584657]}, "properties" : {"id" : 1409, "name" : "廣元藥局", "address" : "新北市中和區興南路2段27號1樓", "telephone" : "0286681906", "city" : "新北市", "district" : "中和區", "nhi" : true, "data_time" : "2026-05-03 03:11:08", "pharmacy_per_10k" : 3.22}}, {"type" : "Feature", "geometry" : {"type" : "Point", "coordinates" : [121.5021624, 24.99882174]}, "properties" : {"id" : 1414, "name" : "安泰大藥局", "address" : "新北市中和區南山路35號1樓", "telephone" : "0282459423", "city" : "新北市", "district" : "中和區", "nhi" : true, "data_time" : "2026-05-03 03:11:08", "pharmacy_per_10k" : 3.22}}, {"type" : "Feature", "geometry" : {"type" : "Point", "coordinates" : [121.4837071, 24.99898132]}, "properties" : {"id" : 1415, "name" : "裕壬藥局", "address" : "新北市中和區新生街206、208號1樓", "telephone" : "0232349358", "city" : "新北市", "district" : "中和區", "nhi" : true, "data_time" : "2026-05-03 03:11:08", "pharmacy_per_10k" : 3.22}}, {"type" : "Feature", "geometry" : {"type" : "Point", "coordinates" : [121.5061789, 24.98368443]}, "properties" : {"id" : 1416, "name" : "朝安藥局", "address" : "新北市中和區華新街192巷40號1樓", "telephone" : "0231511269", "city" : "新北市", "district" : "中和區", "nhi" : true, "data_time" : "2026-05-03 03:11:08", "pharmacy_per_10k" : 3.22}}, {"type" : "Feature", "geometry" : {"type" : "Point", "coordinates" : [121.4650966, 24.99645937]}, "properties" : {"id" : 1442, "name" : "捷勝藥師藥局", "address" : "新北市中和區華順街122號1樓", "telephone" : "0229646225", "city" : "新北市", "district" : "中和區", "nhi" : true, "data_time" : "2026-05-03 03:11:08", "pharmacy_per_10k" : 3.22}}, {"type" : "Feature", "geometry" : {"type" : "Point", "coordinates" : [121.4645841, 24.99678644]}, "properties" : {"id" : 1443, "name" : "大竹藥局", "address" : "新北市中和區和平路244號", "telephone" : "0229590964", "city" : "新北市", "district" : "中和區", "nhi" : true, "data_time" : "2026-05-03 03:11:08", "pharmacy_per_10k" : 3.22}}, {"type" : "Feature", "geometry" : {"type" : "Point", "coordinates" : [121.5091748, 24.99040288]}, "properties" : {"id" : 1449, "name" : "榮菖藥局", "address" : "新北市中和區和平街15-1號1樓", "telephone" : "0229492620", "city" : "新北市", "district" : "中和區", "nhi" : true, "data_time" : "2026-05-03 03:11:08", "pharmacy_per_10k" : 3.22}}, {"type" : "Feature", "geometry" : {"type" : "Point", "coordinates" : [121.5092382, 24.99858237]}, "properties" : {"id" : 1450, "name" : "藥聯藥師藥局", "address" : "新北市中和區宜安路143號1樓", "telephone" : "0229481198", "city" : "新北市", "district" : "中和區", "nhi" : true, "data_time" : "2026-05-03 03:11:08", "pharmacy_per_10k" : 3.22}}, {"type" : "Feature", "geometry" : {"type" : "Point", "coordinates" : [121.5059134, 24.98412008]}, "properties" : {"id" : 1451, "name" : "良泰大藥局", "address" : "新北市中和區興南路2段117巷15號1樓", "telephone" : "0229477761", "city" : "新北市", "district" : "中和區", "nhi" : true, "data_time" : "2026-05-03 03:11:08", "pharmacy_per_10k" : 3.22}}, {"type" : "Feature", "geometry" : {"type" : "Point", "coordinates" : [121.5216036, 24.9939445]}, "properties" : {"id" : 1453, "name" : "千大藥局", "address" : "新北市中和區立人街13號1樓", "telephone" : "0229441567", "city" : "新北市", "district" : "中和區", "nhi" : true, "data_time" : "2026-05-03 03:11:08", "pharmacy_per_10k" : 3.22}}, {"type" : "Feature", "geometry" : {"type" : "Point", "coordinates" : [121.5078831, 24.99888022]}, "properties" : {"id" : 1454, "name" : "薇妮藥妝藥局景安店", "address" : "新北市中和區景安路27號1樓", "telephone" : "0229436001", "city" : "新北市", "district" : "中和區", "nhi" : true, "data_time" : "2026-05-03 03:11:08", "pharmacy_per_10k" : 3.22}}, {"type" : "Feature", "geometry" : {"type" : "Point", "coordinates" : [121.5113134, 24.98803243]}, "properties" : {"id" : 1455, "name" : "康富力藥局", "address" : "新北市中和區興南里仁愛街53號1樓", "telephone" : "0229429896", "city" : "新北市", "district" : "中和區", "nhi" : true, "data_time" : "2026-05-03 03:11:08", "pharmacy_per_10k" : 3.22}}, {"type" : "Feature", "geometry" : {"type" : "Point", "coordinates" : [121.5109173, 24.99732963]}, "properties" : {"id" : 1456, "name" : "奕采藥局", "address" : "新北市中和區宜安路77號1樓", "telephone" : "0229429770", "city" : "新北市", "district" : "中和區", "nhi" : true, "data_time" : "2026-05-03 03:11:08", "pharmacy_per_10k" : 3.22}}, {"type" : "Feature", "geometry" : {"type" : "Point", "coordinates" : [121.5130896, 24.98888191]}, "properties" : {"id" : 1457, "name" : "順心藥局", "address" : "新北市中和區景新街439號1樓", "telephone" : "0229429680", "city" : "新北市", "district" : "中和區", "nhi" : true, "data_time" : "2026-05-03 03:11:08", "pharmacy_per_10k" : 3.22}}, {"type" : "Feature", "geometry" : {"type" : "Point", "coordinates" : [121.5081359, 24.99078384]}, "properties" : {"id" : 1458, "name" : "信毅藥局", "address" : "新北市中和區捷運路56號1樓", "telephone" : "0229423663", "city" : "新北市", "district" : "中和區", "nhi" : true, "data_time" : "2026-05-03 03:11:08", "pharmacy_per_10k" : 3.22}}, {"type" : "Feature", "geometry" : {"type" : "Point", "coordinates" : [121.5075439, 24.98485741]}, "properties" : {"id" : 1459, "name" : "新源林藥局", "address" : "新北市中和區華新街24號", "telephone" : "0229421953", "city" : "新北市", "district" : "中和區", "nhi" : true, "data_time" : "2026-05-03 03:11:08", "pharmacy_per_10k" : 3.22}}, {"type" : "Feature", "geometry" : {"type" : "Point", "coordinates" : [121.5122009, 24.98581002]}, "properties" : {"id" : 1460, "name" : "幸福連鎖藥局", "address" : "新北市中和區忠孝街122號1樓", "telephone" : "0229410771", "city" : "新北市", "district" : "中和區", "nhi" : true, "data_time" : "2026-05-03 03:11:08", "pharmacy_per_10k" : 3.22}}, {"type" : "Feature", "geometry" : {"type" : "Point", "coordinates" : [121.5176492, 24.99221933]}, "properties" : {"id" : 1461, "name" : "永成藥局", "address" : "新北市中和區景平路156號1樓", "telephone" : "0229407619", "city" : "新北市", "district" : "中和區", "nhi" : true, "data_time" : "2026-05-03 03:11:08", "pharmacy_per_10k" : 3.22}}, {"type" : "Feature", "geometry" : {"type" : "Point", "coordinates" : [121.5090929, 24.99894595]}, "properties" : {"id" : 1463, "name" : "宜安健康人生藥局", "address" : "新北市中和區宜安路162號1樓", "telephone" : "0229224648", "city" : "新北市", "district" : "中和區", "nhi" : true, "data_time" : "2026-05-03 03:11:08", "pharmacy_per_10k" : 3.22}}, {"type" : "Feature", "geometry" : {"type" : "Point", "coordinates" : [121.5132626, 25.00400554]}, "properties" : {"id" : 1464, "name" : "貞心藥局", "address" : "新北市中和區永貞路280-1號1樓", "telephone" : "0229203865", "city" : "新北市", "district" : "中和區", "nhi" : true, "data_time" : "2026-05-03 03:11:08", "pharmacy_per_10k" : 3.22}}, {"type" : "Feature", "geometry" : {"type" : "Point", "coordinates" : [121.5013896, 24.99536946]}, "properties" : {"id" : 1540, "name" : "成合藥局", "address" : "新北市中和區景平路429-2號1樓", "telephone" : "0222483605", "city" : "新北市", "district" : "中和區", "nhi" : true, "data_time" : "2026-05-03 03:11:08", "pharmacy_per_10k" : 3.22}}, {"type" : "Feature", "geometry" : {"type" : "Point", "coordinates" : [121.5044142, 24.99207414]}, "properties" : {"id" : 1541, "name" : "三德和藥局", "address" : "新北市中和區吉興里南山路289號1樓", "telephone" : "0222471028", "city" : "新北市", "district" : "中和區", "nhi" : true, "data_time" : "2026-05-03 03:11:08", "pharmacy_per_10k" : 3.22}}, {"type" : "Feature", "geometry" : {"type" : "Point", "coordinates" : [121.4997161, 24.99385359]}, "properties" : {"id" : 1542, "name" : "三華藥局", "address" : "新北市中和區中正路124號1樓", "telephone" : "0222470928", "city" : "新北市", "district" : "中和區", "nhi" : true, "data_time" : "2026-05-03 03:11:08", "pharmacy_per_10k" : 3.22}}, {"type" : "Feature", "geometry" : {"type" : "Point", "coordinates" : [121.4964593, 25.00336851]}, "properties" : {"id" : 1543, "name" : "喬登藥局", "address" : "新北市中和區景平路697號1樓", "telephone" : "0222470273", "city" : "新北市", "district" : "中和區", "nhi" : true, "data_time" : "2026-05-03 03:11:08", "pharmacy_per_10k" : 3.22}}, {"type" : "Feature", "geometry" : {"type" : "Point", "coordinates" : [121.4981708, 25.00195519]}, "properties" : {"id" : 1544, "name" : "中和光田藥局", "address" : "新北市中和區連城路48號", "telephone" : "0222459602", "city" : "新北市", "district" : "中和區", "nhi" : true, "data_time" : "2026-05-03 03:11:08", "pharmacy_per_10k" : 3.22}}, {"type" : "Feature", "geometry" : {"type" : "Point", "coordinates" : [121.5035062, 24.99020228]}, "properties" : {"id" : 1545, "name" : "恩溢藥局", "address" : "新北市中和區復興路79號1、2樓", "telephone" : "0222452450", "city" : "新北市", "district" : "中和區", "nhi" : true, "data_time" : "2026-05-03 03:11:08", "pharmacy_per_10k" : 3.22}}, {"type" : "Feature", "geometry" : {"type" : "Point", "coordinates" : [121.4948154, 24.99267801]}, "properties" : {"id" : 1546, "name" : "祥田藥局", "address" : "新北市中和區圓通路236號", "telephone" : "0222452293", "city" : "新北市", "district" : "中和區", "nhi" : true, "data_time" : "2026-05-03 03:11:08", "pharmacy_per_10k" : 3.22}}, {"type" : "Feature", "geometry" : {"type" : "Point", "coordinates" : [121.5048418, 25.00388713]}, "properties" : {"id" : 1547, "name" : "真成大藥局", "address" : "新北市中和區光華街38號", "telephone" : "0222447008", "city" : "新北市", "district" : "中和區", "nhi" : true, "data_time" : "2026-05-03 03:11:08", "pharmacy_per_10k" : 3.22}}, {"type" : "Feature", "geometry" : {"type" : "Point", "coordinates" : [121.5037705, 24.99671179]}, "properties" : {"id" : 1548, "name" : "詠邑藥局", "address" : "新北市中和區南華路43號1樓", "telephone" : "0222445630", "city" : "新北市", "district" : "中和區", "nhi" : true, "data_time" : "2026-05-03 03:11:08", "pharmacy_per_10k" : 3.22}}, {"type" : "Feature", "geometry" : {"type" : "Point", "coordinates" : [121.4997843, 24.99185581]}, "properties" : {"id" : 1549, "name" : "以法蓮藥局", "address" : "新北市中和區中興街154號1樓", "telephone" : "0222438983", "city" : "新北市", "district" : "中和區", "nhi" : true, "data_time" : "2026-05-03 03:11:08", "pharmacy_per_10k" : 3.22}}, {"type" : "Feature", "geometry" : {"type" : "Point", "coordinates" : [121.5003486, 24.99323531]}, "properties" : {"id" : 1550, "name" : "群芳藥局", "address" : "新北市中和區和興里中興街73號1樓", "telephone" : "0222433729", "city" : "新北市", "district" : "中和區", "nhi" : true, "data_time" : "2026-05-03 03:11:08", "pharmacy_per_10k" : 3.22}}, {"type" : "Feature", "geometry" : {"type" : "Point", "coordinates" : [121.4776194, 25.00531458]}, "properties" : {"id" : 1551, "name" : "皇秦大藥局", "address" : "新北市中和區中山路3段39-1號1樓", "telephone" : "0222269636", "city" : "新北市", "district" : "中和區", "nhi" : true, "data_time" : "2026-05-03 03:11:08", "pharmacy_per_10k" : 3.22}}, {"type" : "Feature", "geometry" : {"type" : "Point", "coordinates" : [121.4774819, 25.00578725]}, "properties" : {"id" : 1552, "name" : "坤暉藥局", "address" : "新北市中和區中山路3段94號2樓", "telephone" : "0222269381", "city" : "新北市", "district" : "中和區", "nhi" : true, "data_time" : "2026-05-03 03:11:08", "pharmacy_per_10k" : 3.22}}, {"type" : "Feature", "geometry" : {"type" : "Point", "coordinates" : [121.4831671, 25.00323511]}, "properties" : {"id" : 1554, "name" : "心樂藥局", "address" : "新北市中和區新生街46號2樓", "telephone" : "0222260962", "city" : "新北市", "district" : "中和區", "nhi" : true, "data_time" : "2026-05-03 03:11:08", "pharmacy_per_10k" : 3.22}}, {"type" : "Feature", "geometry" : {"type" : "Point", "coordinates" : [121.4811525, 25.00059649]}, "properties" : {"id" : 1555, "name" : "銓家藥局", "address" : "新北市中和區員山路319號1-2樓", "telephone" : "0222257728", "city" : "新北市", "district" : "中和區", "nhi" : true, "data_time" : "2026-05-03 03:11:08", "pharmacy_per_10k" : 3.22}}, {"type" : "Feature", "geometry" : {"type" : "Point", "coordinates" : [121.4813846, 24.99994243]}, "properties" : {"id" : 1556, "name" : "杏元藥局", "address" : "新北市中和區員山路172號1樓", "telephone" : "0222236868", "city" : "新北市", "district" : "中和區", "nhi" : true, "data_time" : "2026-05-03 03:11:08", "pharmacy_per_10k" : 3.22}}, {"type" : "Feature", "geometry" : {"type" : "Point", "coordinates" : [121.4809959, 24.99632936]}, "properties" : {"id" : 1557, "name" : "詠安藥局", "address" : "新北市中和區員山路150-8號1樓", "telephone" : "0222231606", "city" : "新北市", "district" : "中和區", "nhi" : true, "data_time" : "2026-05-03 03:11:08", "pharmacy_per_10k" : 3.22}}, {"type" : "Feature", "geometry" : {"type" : "Point", "coordinates" : [121.4892405, 24.99607455]}, "properties" : {"id" : 1558, "name" : "立健藥局", "address" : "新北市中和區連城路317號1樓", "telephone" : "0222230614", "city" : "新北市", "district" : "中和區", "nhi" : true, "data_time" : "2026-05-03 03:11:08", "pharmacy_per_10k" : 3.22}}, {"type" : "Feature", "geometry" : {"type" : "Point", "coordinates" : [121.4816928, 25.00101994]}, "properties" : {"id" : 1559, "name" : "民樂健保藥局", "address" : "新北市中和區員山路226巷3弄5號1樓", "telephone" : "0222228999", "city" : "新北市", "district" : "中和區", "nhi" : true, "data_time" : "2026-05-03 03:11:08", "pharmacy_per_10k" : 3.22}}, {"type" : "Feature", "geometry" : {"type" : "Point", "coordinates" : [121.4685372, 25.00329333]}, "properties" : {"id" : 1578, "name" : "泰泰健保藥局", "address" : "新北市中和區德光路97號", "telephone" : "0289642049", "city" : "新北市", "district" : "中和區", "nhi" : true, "data_time" : "2026-05-03 03:11:08", "pharmacy_per_10k" : 3.22}}, {"type" : "Feature", "geometry" : {"type" : "Point", "coordinates" : [121.4689958, 25.00162669]}, "properties" : {"id" : 1581, "name" : "民德藥局", "address" : "新北市中和區民德路61-1號1樓", "telephone" : "0289514746", "city" : "新北市", "district" : "中和區", "nhi" : true, "data_time" : "2026-05-03 03:11:08", "pharmacy_per_10k" : 3.22}}, {"type" : "Feature", "geometry" : {"type" : "Point", "coordinates" : [121.505427, 24.99474838]}, "properties" : {"id" : 1583, "name" : "億華藥局", "address" : "新北市中和區景安路157號", "telephone" : "0289421993", "city" : "新北市", "district" : "中和區", "nhi" : true, "data_time" : "2026-05-03 03:11:08", "pharmacy_per_10k" : 3.22}}, {"type" : "Feature", "geometry" : {"type" : "Point", "coordinates" : [121.5172524, 24.99277117]}, "properties" : {"id" : 1594, "name" : "康廷安藥局", "address" : "新北市中和區大勇街16號1樓", "telephone" : "0286683599", "city" : "新北市", "district" : "中和區", "nhi" : true, "data_time" : "2026-05-03 03:11:08", "pharmacy_per_10k" : 3.22}}, {"type" : "Feature", "geometry" : {"type" : "Point", "coordinates" : [121.4821749, 24.99556546]}, "properties" : {"id" : 1615, "name" : "正陽藥師藥局", "address" : "新北市中和區連城路354號1樓", "telephone" : "0282287336", "city" : "新北市", "district" : "中和區", "nhi" : true, "data_time" : "2026-05-03 03:11:08", "pharmacy_per_10k" : 3.22}}, {"type" : "Feature", "geometry" : {"type" : "Point", "coordinates" : [121.4898316, 24.99585262]}, "properties" : {"id" : 1616, "name" : "錦和藥局", "address" : "新北市中和區錦和路164號1樓", "telephone" : "0282282296", "city" : "新北市", "district" : "中和區", "nhi" : true, "data_time" : "2026-05-03 03:11:08", "pharmacy_per_10k" : 3.22}}, {"type" : "Feature", "geometry" : {"type" : "Point", "coordinates" : [121.4811427, 25.00237065]}, "properties" : {"id" : 1617, "name" : "家嘉藥局", "address" : "新北市中和區員山路377號", "telephone" : "0282281368", "city" : "新北市", "district" : "中和區", "nhi" : true, "data_time" : "2026-05-03 03:11:08", "pharmacy_per_10k" : 3.22}}, {"type" : "Feature", "geometry" : {"type" : "Point", "coordinates" : [121.4686894, 25.00167662]}, "properties" : {"id" : 1688, "name" : "欣祥藥局", "address" : "新北市中和區民德路74-1號", "telephone" : "0229646442", "city" : "新北市", "district" : "中和區", "nhi" : true, "data_time" : "2026-05-03 03:11:08", "pharmacy_per_10k" : 3.22}}, {"type" : "Feature", "geometry" : {"type" : "Point", "coordinates" : [121.4689823, 25.00219047]}, "properties" : {"id" : 1692, "name" : "家家藥局", "address" : "新北市中和區民德路43號", "telephone" : "0229590964", "city" : "新北市", "district" : "中和區", "nhi" : true, "data_time" : "2026-05-03 03:11:08", "pharmacy_per_10k" : 3.22}}, {"type" : "Feature", "geometry" : {"type" : "Point", "coordinates" : [121.4723804, 25.00173322]}, "properties" : {"id" : 1694, "name" : "天立藥局", "address" : "新北市中和區莒光路122號", "telephone" : "0229578831", "city" : "新北市", "district" : "中和區", "nhi" : true, "data_time" : "2026-05-03 03:11:08", "pharmacy_per_10k" : 3.22}}, {"type" : "Feature", "geometry" : {"type" : "Point", "coordinates" : [121.5007369, 24.99852093]}, "properties" : {"id" : 1697, "name" : "盛宏藥局", "address" : "新北市中和區華褔街54號", "telephone" : "0229513273", "city" : "新北市", "district" : "中和區", "nhi" : true, "data_time" : "2026-05-03 03:11:08", "pharmacy_per_10k" : 3.22}}, {"type" : "Feature", "geometry" : {"type" : "Point", "coordinates" : [121.498293, 24.99583143]}, "properties" : {"id" : 1698, "name" : "顧藥局", "address" : "新北市中和區圓通路140號", "telephone" : "0229498215", "city" : "新北市", "district" : "中和區", "nhi" : true, "data_time" : "2026-05-03 03:11:08", "pharmacy_per_10k" : 3.22}}, {"type" : "Feature", "geometry" : {"type" : "Point", "coordinates" : [121.4969182, 25.00472376]}, "properties" : {"id" : 1699, "name" : "仙正藥局", "address" : "新北市中和區福美路309號", "telephone" : "0229498215", "city" : "新北市", "district" : "中和區", "nhi" : true, "data_time" : "2026-05-03 03:11:08", "pharmacy_per_10k" : 3.22}}, {"type" : "Feature", "geometry" : {"type" : "Point", "coordinates" : [121.4917928, 24.99075568]}, "properties" : {"id" : 1700, "name" : "梓芳大藥局", "address" : "新北市中和區圓通路278號", "telephone" : "0229498215", "city" : "新北市", "district" : "中和區", "nhi" : true, "data_time" : "2026-05-03 03:11:08", "pharmacy_per_10k" : 3.22}}, {"type" : "Feature", "geometry" : {"type" : "Point", "coordinates" : [121.5057241, 24.98205688]}, "properties" : {"id" : 1701, "name" : "建昌大藥局", "address" : "新北市中和區華新街232巷17號", "telephone" : "0229471537", "city" : "新北市", "district" : "中和區", "nhi" : true, "data_time" : "2026-05-03 03:11:08", "pharmacy_per_10k" : 3.22}}, {"type" : "Feature", "geometry" : {"type" : "Point", "coordinates" : [121.5135983, 24.99555023]}, "properties" : {"id" : 1702, "name" : "亮安藥局", "address" : "新北市中和區宜安路2號", "telephone" : "0229469898", "city" : "新北市", "district" : "中和區", "nhi" : true, "data_time" : "2026-05-03 03:11:08", "pharmacy_per_10k" : 3.22}}, {"type" : "Feature", "geometry" : {"type" : "Point", "coordinates" : [121.5082434, 24.98391922]}, "properties" : {"id" : 1703, "name" : "華新藥局", "address" : "新北市中和區華新街73號", "telephone" : "0229448345", "city" : "新北市", "district" : "中和區", "nhi" : true, "data_time" : "2026-05-03 03:11:08", "pharmacy_per_10k" : 3.22}}, {"type" : "Feature", "geometry" : {"type" : "Point", "coordinates" : [121.5122009, 24.98581002]}, "properties" : {"id" : 1704, "name" : "民康藥局", "address" : "新北市中和區忠孝街122號-1", "telephone" : "0229434163", "city" : "新北市", "district" : "中和區", "nhi" : true, "data_time" : "2026-05-03 03:11:08", "pharmacy_per_10k" : 3.22}}, {"type" : "Feature", "geometry" : {"type" : "Point", "coordinates" : [121.5117759, 24.9916767]}, "properties" : {"id" : 1706, "name" : "信隆大藥局", "address" : "新北市中和區安樂路6號", "telephone" : "0229426196", "city" : "新北市", "district" : "中和區", "nhi" : true, "data_time" : "2026-05-03 03:11:08", "pharmacy_per_10k" : 3.22}}, {"type" : "Feature", "geometry" : {"type" : "Point", "coordinates" : [121.5084501, 24.98319951]}, "properties" : {"id" : 1707, "name" : "慶華藥師藥局", "address" : "新北市中和區華新街90號1樓", "telephone" : "0229420666", "city" : "新北市", "district" : "中和區", "nhi" : true, "data_time" : "2026-05-03 03:11:08", "pharmacy_per_10k" : 3.22}}, {"type" : "Feature", "geometry" : {"type" : "Point", "coordinates" : [121.5128765, 24.99035375]}, "properties" : {"id" : 1708, "name" : "義豐西藥局", "address" : "新北市中和區景新街383巷4號", "telephone" : "0229420169", "city" : "新北市", "district" : "中和區", "nhi" : true, "data_time" : "2026-05-03 03:11:08", "pharmacy_per_10k" : 3.22}}, {"type" : "Feature", "geometry" : {"type" : "Point", "coordinates" : [121.5043033, 24.99122653]}, "properties" : {"id" : 1709, "name" : "劉永安藥局", "address" : "新北市中和區景安路227號", "telephone" : "0229408588", "city" : "新北市", "district" : "中和區", "nhi" : true, "data_time" : "2026-05-03 03:11:08", "pharmacy_per_10k" : 3.22}}, {"type" : "Feature", "geometry" : {"type" : "Point", "coordinates" : [121.5173524, 24.99224301]}, "properties" : {"id" : 1710, "name" : "上元藥局", "address" : "新北市中和區景平路160號2樓", "telephone" : "0229408050", "city" : "新北市", "district" : "中和區", "nhi" : true, "data_time" : "2026-05-03 03:11:08", "pharmacy_per_10k" : 3.22}}, {"type" : "Feature", "geometry" : {"type" : "Point", "coordinates" : [121.5138965, 25.00390542]}, "properties" : {"id" : 1711, "name" : "宏信藥局", "address" : "新北市中和區永貞路262巷4號", "telephone" : "0229294976", "city" : "新北市", "district" : "中和區", "nhi" : true, "data_time" : "2026-05-03 03:11:08", "pharmacy_per_10k" : 3.22}}, {"type" : "Feature", "geometry" : {"type" : "Point", "coordinates" : [121.514125, 25.00401212]}, "properties" : {"id" : 1721, "name" : "林德興藥局", "address" : "新北市中和區永貞路242巷9號", "telephone" : "0229228026", "city" : "新北市", "district" : "中和區", "nhi" : true, "data_time" : "2026-05-03 03:11:08", "pharmacy_per_10k" : 3.22}}, {"type" : "Feature", "geometry" : {"type" : "Point", "coordinates" : [121.5172631, 24.99156484]}, "properties" : {"id" : 1742, "name" : "景安藥局", "address" : "新北市中和區景德街141號1樓及景平路111巷60弄56號1樓", "telephone" : "0228668215", "city" : "新北市", "district" : "中和區", "nhi" : true, "data_time" : "2026-05-03 03:11:08", "pharmacy_per_10k" : 3.22}}, {"type" : "Feature", "geometry" : {"type" : "Point", "coordinates" : [121.5024858, 24.99480943]}, "properties" : {"id" : 1909, "name" : "福雄藥局", "address" : "新北市中和區景平路540號", "telephone" : "0222499894", "city" : "新北市", "district" : "中和區", "nhi" : true, "data_time" : "2026-05-03 03:11:08", "pharmacy_per_10k" : 3.22}}, {"type" : "Feature", "geometry" : {"type" : "Point", "coordinates" : [121.5000239, 24.99104749]}, "properties" : {"id" : 1911, "name" : "惠民藥局", "address" : "新北市中和區中興街153號1樓", "telephone" : "0222475303", "city" : "新北市", "district" : "中和區", "nhi" : true, "data_time" : "2026-05-03 03:11:08", "pharmacy_per_10k" : 3.22}}, {"type" : "Feature", "geometry" : {"type" : "Point", "coordinates" : [121.4983526, 24.9956688]}, "properties" : {"id" : 1912, "name" : "悅聖藥局", "address" : "新北市中和區圓通路149號1樓", "telephone" : "0222470133", "city" : "新北市", "district" : "中和區", "nhi" : true, "data_time" : "2026-05-03 03:11:08", "pharmacy_per_10k" : 3.22}}, {"type" : "Feature", "geometry" : {"type" : "Point", "coordinates" : [121.4932419, 24.99074332]}, "properties" : {"id" : 1914, "name" : "安康藥局", "address" : "新北市中和區圓通路309號", "telephone" : "0222450837", "city" : "新北市", "district" : "中和區", "nhi" : true, "data_time" : "2026-05-03 03:11:08", "pharmacy_per_10k" : 3.22}}, {"type" : "Feature", "geometry" : {"type" : "Point", "coordinates" : [121.5051562, 25.00276747]}, "properties" : {"id" : 1915, "name" : "藥安藥局", "address" : "新北市中和區廣福路16號1樓", "telephone" : "0222447066", "city" : "新北市", "district" : "中和區", "nhi" : true, "data_time" : "2026-05-03 03:11:08", "pharmacy_per_10k" : 3.22}}, {"type" : "Feature", "geometry" : {"type" : "Point", "coordinates" : [121.5040294, 24.99122507]}, "properties" : {"id" : 1916, "name" : "建琳藥局", "address" : "新北市中和區景安路202-1號", "telephone" : "0222427887", "city" : "新北市", "district" : "中和區", "nhi" : true, "data_time" : "2026-05-03 03:11:08", "pharmacy_per_10k" : 3.22}}, {"type" : "Feature", "geometry" : {"type" : "Point", "coordinates" : [121.5023828, 24.99019646]}, "properties" : {"id" : 1917, "name" : "三越藥局", "address" : "新北市中和區復興路277號1樓", "telephone" : "0222427215", "city" : "新北市", "district" : "中和區", "nhi" : true, "data_time" : "2026-05-03 03:11:08", "pharmacy_per_10k" : 3.22}}, {"type" : "Feature", "geometry" : {"type" : "Point", "coordinates" : [121.494973, 24.99249238]}, "properties" : {"id" : 1918, "name" : "安華藥局", "address" : "新北市中和區圓通路293-2號2樓", "telephone" : "0222426010", "city" : "新北市", "district" : "中和區", "nhi" : true, "data_time" : "2026-05-03 03:11:08", "pharmacy_per_10k" : 3.22}}, {"type" : "Feature", "geometry" : {"type" : "Point", "coordinates" : [121.4991094, 24.99942241]}, "properties" : {"id" : 1919, "name" : "田邊藥局", "address" : "新北市中和區泰和街43號1樓", "telephone" : "0222407725", "city" : "新北市", "district" : "中和區", "nhi" : true, "data_time" : "2026-05-03 03:11:08", "pharmacy_per_10k" : 3.22}}, {"type" : "Feature", "geometry" : {"type" : "Point", "coordinates" : [121.4948614, 24.99370739]}, "properties" : {"id" : 1920, "name" : "新雙和藥師藥局", "address" : "新北市中和區中正路281-8號1樓", "telephone" : "0222404276", "city" : "新北市", "district" : "中和區", "nhi" : true, "data_time" : "2026-05-03 03:11:08", "pharmacy_per_10k" : 3.22}}, {"type" : "Feature", "geometry" : {"type" : "Point", "coordinates" : [121.4739812, 25.00240237]}, "properties" : {"id" : 1923, "name" : "瑞發藥局", "address" : "新北市中和區民享街56-1號", "telephone" : "0222235319", "city" : "新北市", "district" : "中和區", "nhi" : true, "data_time" : "2026-05-03 03:11:08", "pharmacy_per_10k" : 3.22}}, {"type" : "Feature", "geometry" : {"type" : "Point", "coordinates" : [121.4817026, 24.99543561]}, "properties" : {"id" : 1924, "name" : "欣大藥局", "address" : "新北市中和區連城路372-3號3樓", "telephone" : "0222217036", "city" : "新北市", "district" : "中和區", "nhi" : true, "data_time" : "2026-05-03 03:11:08", "pharmacy_per_10k" : 3.22}}, {"type" : "Feature", "geometry" : {"type" : "Point", "coordinates" : [121.4809931, 24.99629115]}, "properties" : {"id" : 1925, "name" : "國新藥局", "address" : "新北市中和區員山路146-4號", "telephone" : "0222212322", "city" : "新北市", "district" : "中和區", "nhi" : true, "data_time" : "2026-05-03 03:11:08", "pharmacy_per_10k" : 3.22}}, {"type" : "Feature", "geometry" : {"type" : "Point", "coordinates" : [121.5117736, 24.99104693]}, "properties" : {"id" : 1985, "name" : "威安藥局", "address" : "新北市中和區景新街328號1樓", "telephone" : "0229485117", "city" : "新北市", "district" : "中和區", "nhi" : true, "data_time" : "2026-05-03 03:11:08", "pharmacy_per_10k" : 3.22}}, {"type" : "Feature", "geometry" : {"type" : "Point", "coordinates" : [121.5006862, 25.00502643]}, "properties" : {"id" : 1986, "name" : "杏安藥局", "address" : "新北市中和區莊敬路35號1樓", "telephone" : "0222430281", "city" : "新北市", "district" : "中和區", "nhi" : true, "data_time" : "2026-05-03 03:11:08", "pharmacy_per_10k" : 3.22}}, {"type" : "Feature", "geometry" : {"type" : "Point", "coordinates" : [121.5110397, 24.99651825]}, "properties" : {"id" : 1987, "name" : "璟福藥局", "address" : "新北市中和區安平路76號1樓", "telephone" : "0229408669", "city" : "新北市", "district" : "中和區", "nhi" : true, "data_time" : "2026-05-03 03:11:08", "pharmacy_per_10k" : 3.22}}, {"type" : "Feature", "geometry" : {"type" : "Point", "coordinates" : [121.5129, 24.990353]}, "properties" : {"id" : 2079, "name" : "義豐西藥局", "address" : "新北市中和區景新街３８３巷４號", "telephone" : "0229420169", "city" : "新北市", "district" : "中和區", "nhi" : false, "data_time" : "2026-05-03 03:11:08", "pharmacy_per_10k" : 3.22}}, {"type" : "Feature", "geometry" : {"type" : "Point", "coordinates" : [121.5122, 24.98581]}, "properties" : {"id" : 2080, "name" : "民康藥局", "address" : "新北市中和區忠孝街１２２號之１", "telephone" : "0229434163", "city" : "新北市", "district" : "中和區", "nhi" : false, "data_time" : "2026-05-03 03:11:08", "pharmacy_per_10k" : 3.22}}, {"type" : "Feature", "geometry" : {"type" : "Point", "coordinates" : [121.4991, 24.999422]}, "properties" : {"id" : 2081, "name" : "田邊藥局", "address" : "新北市中和區泰和街四十三號一樓", "telephone" : "0222407725", "city" : "新北市", "district" : "中和區", "nhi" : false, "data_time" : "2026-05-03 03:11:08", "pharmacy_per_10k" : 3.22}}, {"type" : "Feature", "geometry" : {"type" : "Point", "coordinates" : [121.5115, 24.991526]}, "properties" : {"id" : 2082, "name" : "開發大藥局", "address" : "新北市中和區興南路一段六號", "telephone" : "0229412279", "city" : "新北市", "district" : "中和區", "nhi" : false, "data_time" : "2026-05-03 03:11:08", "pharmacy_per_10k" : 3.22}}, {"type" : "Feature", "geometry" : {"type" : "Point", "coordinates" : [121.4667, 24.99652]}, "properties" : {"id" : 2083, "name" : "盛宏藥局", "address" : "新北市中和區華褔街５４號", "telephone" : "0229513273", "city" : "新北市", "district" : "中和區", "nhi" : false, "data_time" : "2026-05-03 03:11:08", "pharmacy_per_10k" : 3.22}}, {"type" : "Feature", "geometry" : {"type" : "Point", "coordinates" : [121.5088, 24.993833]}, "properties" : {"id" : 2084, "name" : "宗安大藥局", "address" : "新北市中和區景新街240號1樓", "telephone" : "0229446178", "city" : "新北市", "district" : "中和區", "nhi" : false, "data_time" : "2026-05-03 03:11:08", "pharmacy_per_10k" : 3.22}}, {"type" : "Feature", "geometry" : {"type" : "Point", "coordinates" : [121.5059, 24.98412]}, "properties" : {"id" : 2085, "name" : "良泰大藥局", "address" : "新北市中和區興南路二段１１７巷１５號１樓", "telephone" : "0229477761", "city" : "新北市", "district" : "中和區", "nhi" : false, "data_time" : "2026-05-03 03:11:08", "pharmacy_per_10k" : 3.22}}, {"type" : "Feature", "geometry" : {"type" : "Point", "coordinates" : [121.5124, 24.986791]}, "properties" : {"id" : 2086, "name" : "四維藥局", "address" : "新北市中和區四維街37巷2號1樓", "telephone" : "0286681345", "city" : "新北市", "district" : "中和區", "nhi" : false, "data_time" : "2026-05-03 03:11:08", "pharmacy_per_10k" : 3.22}}, {"type" : "Feature", "geometry" : {"type" : "Point", "coordinates" : [121.5057, 24.982056]}, "properties" : {"id" : 2087, "name" : "建昌大藥局", "address" : "新北市中和區華新街２３２巷１７號", "telephone" : "0229471537", "city" : "新北市", "district" : "中和區", "nhi" : false, "data_time" : "2026-05-03 03:11:08", "pharmacy_per_10k" : 3.22}}, {"type" : "Feature", "geometry" : {"type" : "Point", "coordinates" : [121.5137, 24.988096]}, "properties" : {"id" : 2088, "name" : "欣俞藥局", "address" : "新北市中和區景新街467巷4號", "telephone" : "0229461552", "city" : "新北市", "district" : "中和區", "nhi" : false, "data_time" : "2026-05-03 03:11:08", "pharmacy_per_10k" : 3.22}}, {"type" : "Feature", "geometry" : {"type" : "Point", "coordinates" : [121.5027, 24.995812]}, "properties" : {"id" : 2089, "name" : "美佳藥局", "address" : "新北市中和區南華路19號", "telephone" : "0222407947", "city" : "新北市", "district" : "中和區", "nhi" : false, "data_time" : "2026-05-03 03:11:08", "pharmacy_per_10k" : 3.22}}, {"type" : "Feature", "geometry" : {"type" : "Point", "coordinates" : [121.4653487, 25.01216836]}, "properties" : {"id" : 1910, "name" : "大榮藥局", "address" : "新北市中山路2段127號", "telephone" : "0222497965", "city" : "新北市", "district" : "中山路", "nhi" : true, "data_time" : "2026-05-03 03:11:08", "pharmacy_per_10k" : null}}, {"type" : "Feature", "geometry" : {"type" : "Point", "coordinates" : [121.4376946, 25.08514542]}, "properties" : {"id" : 911, "name" : "明月藥局", "address" : "新北市五股區工商路89號", "telephone" : "0282956028", "city" : "新北市", "district" : "五股區", "nhi" : true, "data_time" : "2026-05-03 03:11:08", "pharmacy_per_10k" : 3.15}}, {"type" : "Feature", "geometry" : {"type" : "Point", "coordinates" : [121.4378897, 25.08360523]}, "properties" : {"id" : 912, "name" : "源昇藥局", "address" : "新北市五股區五股里成泰路2段61號2樓", "telephone" : "0282950772", "city" : "新北市", "district" : "五股區", "nhi" : true, "data_time" : "2026-05-03 03:11:08", "pharmacy_per_10k" : 3.15}}, {"type" : "Feature", "geometry" : {"type" : "Point", "coordinates" : [121.437956, 25.08372205]}, "properties" : {"id" : 913, "name" : "東興藥局", "address" : "新北市五股區成泰路2段69號2樓", "telephone" : "0282922718", "city" : "新北市", "district" : "五股區", "nhi" : true, "data_time" : "2026-05-03 03:11:08", "pharmacy_per_10k" : 3.15}}, {"type" : "Feature", "geometry" : {"type" : "Point", "coordinates" : [121.4340009, 25.08922898]}, "properties" : {"id" : 914, "name" : "祐康藥師藥局", "address" : "新北市五股區五福路36號1樓", "telephone" : "0282921335", "city" : "新北市", "district" : "五股區", "nhi" : true, "data_time" : "2026-05-03 03:11:08", "pharmacy_per_10k" : 3.15}}, {"type" : "Feature", "geometry" : {"type" : "Point", "coordinates" : [121.4335404, 25.08972728]}, "properties" : {"id" : 934, "name" : "陽光健保藥局", "address" : "新北市五股區五福路54號1樓", "telephone" : "0222922400", "city" : "新北市", "district" : "五股區", "nhi" : true, "data_time" : "2026-05-03 03:11:08", "pharmacy_per_10k" : 3.15}}, {"type" : "Feature", "geometry" : {"type" : "Point", "coordinates" : [121.4320853, 25.07031989]}, "properties" : {"id" : 935, "name" : "杏軒藥局", "address" : "新北市五股區貿商里自強路152號1樓", "telephone" : "0222921193", "city" : "新北市", "district" : "五股區", "nhi" : true, "data_time" : "2026-05-03 03:11:08", "pharmacy_per_10k" : 3.15}}, {"type" : "Feature", "geometry" : {"type" : "Point", "coordinates" : [121.4655428, 25.07335859]}, "properties" : {"id" : 951, "name" : "和泰藥局", "address" : "新北市五股區中興路1段133號", "telephone" : "0229850281", "city" : "新北市", "district" : "五股區", "nhi" : true, "data_time" : "2026-05-03 03:11:08", "pharmacy_per_10k" : 3.15}}, {"type" : "Feature", "geometry" : {"type" : "Point", "coordinates" : [121.4384172, 25.08483107]}, "properties" : {"id" : 1125, "name" : "常安藥局", "address" : "新北市五股區工商路71號", "telephone" : "0222917912", "city" : "新北市", "district" : "五股區", "nhi" : true, "data_time" : "2026-05-03 03:11:08", "pharmacy_per_10k" : 3.15}}, {"type" : "Feature", "geometry" : {"type" : "Point", "coordinates" : [121.4522402, 25.10267234]}, "properties" : {"id" : 1398, "name" : "闔安藥局", "address" : "新北市五股區成德里成泰路3段579號1樓", "telephone" : "9.20E+08", "city" : "新北市", "district" : "五股區", "nhi" : true, "data_time" : "2026-05-03 03:11:08", "pharmacy_per_10k" : 3.15}}, {"type" : "Feature", "geometry" : {"type" : "Point", "coordinates" : [121.4669838, 25.07303697]}, "properties" : {"id" : 1403, "name" : "信恆藥局", "address" : "新北市五股區中興路1段74號1樓", "telephone" : "0289882077", "city" : "新北市", "district" : "五股區", "nhi" : true, "data_time" : "2026-05-03 03:11:08", "pharmacy_per_10k" : 3.15}}, {"type" : "Feature", "geometry" : {"type" : "Point", "coordinates" : [121.4335831, 25.06674123]}, "properties" : {"id" : 1474, "name" : "德泰藥局", "address" : "新北市五股區成泰路1段9號", "telephone" : "0229093927", "city" : "新北市", "district" : "五股區", "nhi" : true, "data_time" : "2026-05-03 03:11:08", "pharmacy_per_10k" : 3.15}}, {"type" : "Feature", "geometry" : {"type" : "Point", "coordinates" : [121.4509967, 25.10110789]}, "properties" : {"id" : 1515, "name" : "凌雲藥局", "address" : "新北市五股區凌雲路1段73號2樓", "telephone" : "0222919463", "city" : "新北市", "district" : "五股區", "nhi" : true, "data_time" : "2026-05-03 03:11:08", "pharmacy_per_10k" : 3.15}}, {"type" : "Feature", "geometry" : {"type" : "Point", "coordinates" : [121.4381659, 25.08369055]}, "properties" : {"id" : 1516, "name" : "宏安藥局", "address" : "新北市五股區成泰路2段136號", "telephone" : "0222915932", "city" : "新北市", "district" : "五股區", "nhi" : true, "data_time" : "2026-05-03 03:11:08", "pharmacy_per_10k" : 3.15}}, {"type" : "Feature", "geometry" : {"type" : "Point", "coordinates" : [121.4336145, 25.07236016]}, "properties" : {"id" : 1517, "name" : "永任藥局", "address" : "新北市五股區水碓路9號1樓", "telephone" : "0222911093", "city" : "新北市", "district" : "五股區", "nhi" : true, "data_time" : "2026-05-03 03:11:08", "pharmacy_per_10k" : 3.15}}, {"type" : "Feature", "geometry" : {"type" : "Point", "coordinates" : [121.4337501, 25.08700461]}, "properties" : {"id" : 1820, "name" : "立豪藥師藥局", "address" : "新北市五股區工商路189號1樓", "telephone" : "0222952479", "city" : "新北市", "district" : "五股區", "nhi" : true, "data_time" : "2026-05-03 03:11:08", "pharmacy_per_10k" : 3.15}}, {"type" : "Feature", "geometry" : {"type" : "Point", "coordinates" : [121.4379739, 25.08338214]}, "properties" : {"id" : 1821, "name" : "五股聯成藥局", "address" : "新北市五股區成泰路2段118號", "telephone" : "0222942767", "city" : "新北市", "district" : "五股區", "nhi" : true, "data_time" : "2026-05-03 03:11:08", "pharmacy_per_10k" : 3.15}}, {"type" : "Feature", "geometry" : {"type" : "Point", "coordinates" : [121.4331031, 25.07364522]}, "properties" : {"id" : 1822, "name" : "虹元藥局", "address" : "新北市五股區自強路56號", "telephone" : "0222925067", "city" : "新北市", "district" : "五股區", "nhi" : true, "data_time" : "2026-05-03 03:11:08", "pharmacy_per_10k" : 3.15}}, {"type" : "Feature", "geometry" : {"type" : "Point", "coordinates" : [121.4353575, 25.07307666]}, "properties" : {"id" : 1823, "name" : "成泰藥局", "address" : "新北市五股區成泰路1段143號1樓", "telephone" : "0222924305", "city" : "新北市", "district" : "五股區", "nhi" : true, "data_time" : "2026-05-03 03:11:08", "pharmacy_per_10k" : 3.15}}, {"type" : "Feature", "geometry" : {"type" : "Point", "coordinates" : [121.4383297, 25.08435713]}, "properties" : {"id" : 2036, "name" : "陽光樂活藥局", "address" : "新北市五股區成泰路2段101-2號1樓", "telephone" : "0222928799", "city" : "新北市", "district" : "五股區", "nhi" : true, "data_time" : "2026-05-03 03:11:08", "pharmacy_per_10k" : 3.15}}, {"type" : "Feature", "geometry" : {"type" : "Point", "coordinates" : [121.4674733, 25.07266172]}, "properties" : {"id" : 2037, "name" : "三合藥局", "address" : "新北市五股區中興路1段75號1樓", "telephone" : "0229846055", "city" : "新北市", "district" : "五股區", "nhi" : true, "data_time" : "2026-05-03 03:11:08", "pharmacy_per_10k" : 3.15}}, {"type" : "Feature", "geometry" : {"type" : "Point", "coordinates" : [121.4342813, 25.08880867]}, "properties" : {"id" : 2038, "name" : "百成中西藥師藥局", "address" : "新北市五股區五福里五福路20號1樓", "telephone" : "0222915531", "city" : "新北市", "district" : "五股區", "nhi" : true, "data_time" : "2026-05-03 03:11:08", "pharmacy_per_10k" : 3.15}}, {"type" : "Feature", "geometry" : {"type" : "Point", "coordinates" : [121.4438164, 25.09231223]}, "properties" : {"id" : 2039, "name" : "三好連鎖藥師藥局", "address" : "新北市五股區西雲路86號1樓", "telephone" : "0222952357", "city" : "新北市", "district" : "五股區", "nhi" : true, "data_time" : "2026-05-03 03:11:08", "pharmacy_per_10k" : 3.15}}, {"type" : "Feature", "geometry" : {"type" : "Point", "coordinates" : [121.4511, 25.101194]}, "properties" : {"id" : 2109, "name" : "慶鴻藥師藥局", "address" : "新北市五股區凌雲路1段68號1樓", "telephone" : "0282956335", "city" : "新北市", "district" : "五股區", "nhi" : false, "data_time" : "2026-05-03 03:11:08", "pharmacy_per_10k" : 3.15}}, {"type" : "Feature", "geometry" : {"type" : "Point", "coordinates" : [121.4011492, 25.14806299]}, "properties" : {"id" : 930, "name" : "逸華藥局", "address" : "新北市八里區中山路2段301號", "telephone" : "0226105093", "city" : "新北市", "district" : "八里區", "nhi" : true, "data_time" : "2026-05-03 03:11:08", "pharmacy_per_10k" : 2}}, {"type" : "Feature", "geometry" : {"type" : "Point", "coordinates" : [121.4053205, 25.14971251]}, "properties" : {"id" : 1182, "name" : "杏家藥局", "address" : "新北市八里區中華路2段256號1樓", "telephone" : "0226105369", "city" : "新北市", "district" : "八里區", "nhi" : true, "data_time" : "2026-05-03 03:11:08", "pharmacy_per_10k" : 2}}, {"type" : "Feature", "geometry" : {"type" : "Point", "coordinates" : [121.4505847, 25.13045435]}, "properties" : {"id" : 1500, "name" : "龍米藥師藥局", "address" : "新北市八里區龍形一街5號1樓", "telephone" : "0226185812", "city" : "新北市", "district" : "八里區", "nhi" : true, "data_time" : "2026-05-03 03:11:08", "pharmacy_per_10k" : 2}}, {"type" : "Feature", "geometry" : {"type" : "Point", "coordinates" : [121.3993381, 25.1468729]}, "properties" : {"id" : 1801, "name" : "寶格麗藥局", "address" : "新北市八里區華峰一街16號1樓", "telephone" : "0226193008", "city" : "新北市", "district" : "八里區", "nhi" : true, "data_time" : "2026-05-03 03:11:08", "pharmacy_per_10k" : 2}}, {"type" : "Feature", "geometry" : {"type" : "Point", "coordinates" : [121.4109827, 25.15759576]}, "properties" : {"id" : 1802, "name" : "小蘋果藥局", "address" : "新北市八里區中山路1段229號", "telephone" : "0226108206", "city" : "新北市", "district" : "八里區", "nhi" : true, "data_time" : "2026-05-03 03:11:08", "pharmacy_per_10k" : 2}}, {"type" : "Feature", "geometry" : {"type" : "Point", "coordinates" : [121.3998531, 25.1476006]}, "properties" : {"id" : 1803, "name" : "大愛嘉安藥局", "address" : "新北市八里區中山路2段422號1樓", "telephone" : "0226107790", "city" : "新北市", "district" : "八里區", "nhi" : true, "data_time" : "2026-05-03 03:11:08", "pharmacy_per_10k" : 2}}, {"type" : "Feature", "geometry" : {"type" : "Point", "coordinates" : [121.3988157, 25.14700902]}, "properties" : {"id" : 1804, "name" : "天康八里藥局", "address" : "新北市八里區中山路2段367號", "telephone" : "0226101569", "city" : "新北市", "district" : "八里區", "nhi" : true, "data_time" : "2026-05-03 03:11:08", "pharmacy_per_10k" : 2}}, {"type" : "Feature", "geometry" : {"type" : "Point", "coordinates" : [121.4051782, 25.15150821]}, "properties" : {"id" : 2040, "name" : "八里藥師藥局", "address" : "新北市八里區中山路2段226號1樓", "telephone" : "0226101212", "city" : "新北市", "district" : "八里區", "nhi" : true, "data_time" : "2026-05-03 03:11:08", "pharmacy_per_10k" : 2}}, {"type" : "Feature", "geometry" : {"type" : "Point", "coordinates" : [121.4550482, 24.99380206]}, "properties" : {"id" : 985, "name" : "久安藥局", "address" : "新北市土城區廣明街70號1樓", "telephone" : "0289671097", "city" : "新北市", "district" : "土城區", "nhi" : true, "data_time" : "2026-05-03 03:11:08", "pharmacy_per_10k" : 3.81}}, {"type" : "Feature", "geometry" : {"type" : "Point", "coordinates" : [121.442456, 24.97386808]}, "properties" : {"id" : 1183, "name" : "信豐藥局", "address" : "新北市土城區農豐街12號", "telephone" : "0222609764", "city" : "新北市", "district" : "土城區", "nhi" : true, "data_time" : "2026-05-03 03:11:08", "pharmacy_per_10k" : 3.81}}, {"type" : "Feature", "geometry" : {"type" : "Point", "coordinates" : [121.454328, 24.98685674]}, "properties" : {"id" : 1212, "name" : "活力藥局", "address" : "新北市土城區學府路1段158號1樓", "telephone" : "0222748877", "city" : "新北市", "district" : "土城區", "nhi" : true, "data_time" : "2026-05-03 03:11:08", "pharmacy_per_10k" : 3.81}}, {"type" : "Feature", "geometry" : {"type" : "Point", "coordinates" : [121.4652831, 24.98538286]}, "properties" : {"id" : 1213, "name" : "舒民藥局", "address" : "新北市土城區明德路1段35號2樓", "telephone" : "0222748654", "city" : "新北市", "district" : "土城區", "nhi" : true, "data_time" : "2026-05-03 03:11:08", "pharmacy_per_10k" : 3.81}}, {"type" : "Feature", "geometry" : {"type" : "Point", "coordinates" : [121.456644, 24.9882924]}, "properties" : {"id" : 1214, "name" : "大康藥局", "address" : "新北市土城區學府路1段72號2樓", "telephone" : "0222738004", "city" : "新北市", "district" : "土城區", "nhi" : true, "data_time" : "2026-05-03 03:11:08", "pharmacy_per_10k" : 3.81}}, {"type" : "Feature", "geometry" : {"type" : "Point", "coordinates" : [121.4479175, 24.98898405]}, "properties" : {"id" : 1216, "name" : "民亨藥局", "address" : "新北市土城區學成路172號", "telephone" : "0222701485", "city" : "新北市", "district" : "土城區", "nhi" : true, "data_time" : "2026-05-03 03:11:08", "pharmacy_per_10k" : 3.81}}, {"type" : "Feature", "geometry" : {"type" : "Point", "coordinates" : [121.4360876, 24.96702138]}, "properties" : {"id" : 1217, "name" : "貓頭鷹藥妝藥局", "address" : "新北市土城區中央路3段88號、90號1樓", "telephone" : "0222695659", "city" : "新北市", "district" : "土城區", "nhi" : true, "data_time" : "2026-05-03 03:11:08", "pharmacy_per_10k" : 3.81}}, {"type" : "Feature", "geometry" : {"type" : "Point", "coordinates" : [121.4482332, 24.98725915]}, "properties" : {"id" : 1218, "name" : "家庭藥師連鎖藥局", "address" : "新北市土城區裕生路23號1樓", "telephone" : "0222663601", "city" : "新北市", "district" : "土城區", "nhi" : true, "data_time" : "2026-05-03 03:11:08", "pharmacy_per_10k" : 3.81}}, {"type" : "Feature", "geometry" : {"type" : "Point", "coordinates" : [121.4522298, 24.98595271]}, "properties" : {"id" : 1219, "name" : "德隆藥局", "address" : "新北市土城區裕民路153號1樓", "telephone" : "0222656056", "city" : "新北市", "district" : "土城區", "nhi" : true, "data_time" : "2026-05-03 03:11:08", "pharmacy_per_10k" : 3.81}}, {"type" : "Feature", "geometry" : {"type" : "Point", "coordinates" : [121.457412, 24.98302629]}, "properties" : {"id" : 1220, "name" : "育佳藥局", "address" : "新北市土城區金城路2段242巷7號1樓", "telephone" : "0222645692", "city" : "新北市", "district" : "土城區", "nhi" : true, "data_time" : "2026-05-03 03:11:08", "pharmacy_per_10k" : 3.81}}, {"type" : "Feature", "geometry" : {"type" : "Point", "coordinates" : [121.4652874, 24.98476351]}, "properties" : {"id" : 1221, "name" : "廣昇健保藥師藥局", "address" : "新北市土城區明德路1段53號", "telephone" : "0222638300", "city" : "新北市", "district" : "土城區", "nhi" : true, "data_time" : "2026-05-03 03:11:08", "pharmacy_per_10k" : 3.81}}, {"type" : "Feature", "geometry" : {"type" : "Point", "coordinates" : [121.4498882, 24.98721325]}, "properties" : {"id" : 1222, "name" : "健群藥局", "address" : "新北市土城區裕民路80號2樓", "telephone" : "0222634747", "city" : "新北市", "district" : "土城區", "nhi" : true, "data_time" : "2026-05-03 03:11:08", "pharmacy_per_10k" : 3.81}}, {"type" : "Feature", "geometry" : {"type" : "Point", "coordinates" : [121.4522218, 24.98568584]}, "properties" : {"id" : 1223, "name" : "埔銓藥局", "address" : "新北市土城區裕民路164號1樓", "telephone" : "0222630230", "city" : "新北市", "district" : "土城區", "nhi" : true, "data_time" : "2026-05-03 03:11:08", "pharmacy_per_10k" : 3.81}}, {"type" : "Feature", "geometry" : {"type" : "Point", "coordinates" : [121.4517602, 24.98458921]}, "properties" : {"id" : 1224, "name" : "吉城大藥局", "address" : "新北市土城區學府路1段205號1樓", "telephone" : "0222626870", "city" : "新北市", "district" : "土城區", "nhi" : true, "data_time" : "2026-05-03 03:11:08", "pharmacy_per_10k" : 3.81}}, {"type" : "Feature", "geometry" : {"type" : "Point", "coordinates" : [121.4663514, 24.98464653]}, "properties" : {"id" : 1225, "name" : "美康藥妝藥局", "address" : "新北市土城區延吉街254號1樓", "telephone" : "0222616868", "city" : "新北市", "district" : "土城區", "nhi" : true, "data_time" : "2026-05-03 03:11:08", "pharmacy_per_10k" : 3.81}}, {"type" : "Feature", "geometry" : {"type" : "Point", "coordinates" : [121.4677721, 24.99032786]}, "properties" : {"id" : 1226, "name" : "國安健保藥局", "address" : "新北市土城區延和路109號1樓", "telephone" : "0222614933", "city" : "新北市", "district" : "土城區", "nhi" : true, "data_time" : "2026-05-03 03:11:08", "pharmacy_per_10k" : 3.81}}, {"type" : "Feature", "geometry" : {"type" : "Point", "coordinates" : [121.4692124, 24.99035276]}, "properties" : {"id" : 1312, "name" : "璨鴻藥局", "address" : "新北市土城區延和路191號", "telephone" : "0282622588", "city" : "新北市", "district" : "土城區", "nhi" : true, "data_time" : "2026-05-03 03:11:08", "pharmacy_per_10k" : 3.81}}, {"type" : "Feature", "geometry" : {"type" : "Point", "coordinates" : [121.4696937, 24.9857715]}, "properties" : {"id" : 1362, "name" : "裕達藥局", "address" : "新北市土城區延吉街171號", "telephone" : "0222739328", "city" : "新北市", "district" : "土城區", "nhi" : true, "data_time" : "2026-05-03 03:11:08", "pharmacy_per_10k" : 3.81}}, {"type" : "Feature", "geometry" : {"type" : "Point", "coordinates" : [121.4642012, 24.98800058]}, "properties" : {"id" : 1363, "name" : "順儷藥師藥局", "address" : "新北市土城區延和路16-3號1樓", "telephone" : "0222648655", "city" : "新北市", "district" : "土城區", "nhi" : true, "data_time" : "2026-05-03 03:11:08", "pharmacy_per_10k" : 3.81}}, {"type" : "Feature", "geometry" : {"type" : "Point", "coordinates" : [121.4538884, 24.98661302]}, "properties" : {"id" : 1364, "name" : "佳霖藥局", "address" : "新北市土城區學府路1段170號1樓", "telephone" : "0222641425", "city" : "新北市", "district" : "土城區", "nhi" : true, "data_time" : "2026-05-03 03:11:08", "pharmacy_per_10k" : 3.81}}, {"type" : "Feature", "geometry" : {"type" : "Point", "coordinates" : [121.4655153, 24.9868795]}, "properties" : {"id" : 1365, "name" : "麗膚藥局", "address" : "新北市土城區金城路3段33巷6-1號1樓", "telephone" : "0222640600", "city" : "新北市", "district" : "土城區", "nhi" : true, "data_time" : "2026-05-03 03:11:08", "pharmacy_per_10k" : 3.81}}, {"type" : "Feature", "geometry" : {"type" : "Point", "coordinates" : [121.4169926, 24.95826631]}, "properties" : {"id" : 1396, "name" : "萬昌健保藥局", "address" : "新北市土城區中央路4段160號", "telephone" : "9.21E+08", "city" : "新北市", "district" : "土城區", "nhi" : true, "data_time" : "2026-05-03 03:11:08", "pharmacy_per_10k" : 3.81}}, {"type" : "Feature", "geometry" : {"type" : "Point", "coordinates" : [121.4478574, 24.9898681]}, "properties" : {"id" : 1528, "name" : "一和藥局", "address" : "新北市土城區中央路1段67-3號", "telephone" : "0222634343", "city" : "新北市", "district" : "土城區", "nhi" : true, "data_time" : "2026-05-03 03:11:08", "pharmacy_per_10k" : 3.81}}, {"type" : "Feature", "geometry" : {"type" : "Point", "coordinates" : [121.464699, 24.98572882]}, "properties" : {"id" : 1529, "name" : "咸安藥局", "address" : "新北市土城區明德路1段4號1樓", "telephone" : "0222627434", "city" : "新北市", "district" : "土城區", "nhi" : true, "data_time" : "2026-05-03 03:11:08", "pharmacy_per_10k" : 3.81}}, {"type" : "Feature", "geometry" : {"type" : "Point", "coordinates" : [121.4418919, 24.97636626]}, "properties" : {"id" : 1530, "name" : "恒生中西藥局", "address" : "新北市土城區中央路2段170號", "telephone" : "0222603485", "city" : "新北市", "district" : "土城區", "nhi" : true, "data_time" : "2026-05-03 03:11:08", "pharmacy_per_10k" : 3.81}}, {"type" : "Feature", "geometry" : {"type" : "Point", "coordinates" : [121.4630413, 24.98783744]}, "properties" : {"id" : 1553, "name" : "聯邦藥局", "address" : "新北市土城區立德路91號", "telephone" : "0222265907", "city" : "新北市", "district" : "土城區", "nhi" : true, "data_time" : "2026-05-03 03:11:08", "pharmacy_per_10k" : 3.81}}, {"type" : "Feature", "geometry" : {"type" : "Point", "coordinates" : [121.454739, 24.99229025]}, "properties" : {"id" : 1577, "name" : "良方藥局", "address" : "新北市土城區廣明街23巷24號1樓", "telephone" : "0289661161", "city" : "新北市", "district" : "土城區", "nhi" : true, "data_time" : "2026-05-03 03:11:08", "pharmacy_per_10k" : 3.81}}, {"type" : "Feature", "geometry" : {"type" : "Point", "coordinates" : [121.4405519, 24.97625626]}, "properties" : {"id" : 1609, "name" : "善淳藥師藥局", "address" : "新北市土城區福仁街19號1樓、B1樓", "telephone" : "0282627371", "city" : "新北市", "district" : "土城區", "nhi" : true, "data_time" : "2026-05-03 03:11:08", "pharmacy_per_10k" : 3.81}}, {"type" : "Feature", "geometry" : {"type" : "Point", "coordinates" : [121.4411619, 24.97534625]}, "properties" : {"id" : 1610, "name" : "富柏大藥局", "address" : "新北市土城區水源街22號1樓", "telephone" : "0282626815", "city" : "新北市", "district" : "土城區", "nhi" : true, "data_time" : "2026-05-03 03:11:08", "pharmacy_per_10k" : 3.81}}, {"type" : "Feature", "geometry" : {"type" : "Point", "coordinates" : [121.4420909, 24.97475427]}, "properties" : {"id" : 1611, "name" : "立新藥局", "address" : "新北市土城區光明街5號1樓", "telephone" : "0282626111", "city" : "新北市", "district" : "土城區", "nhi" : true, "data_time" : "2026-05-03 03:11:08", "pharmacy_per_10k" : 3.81}}, {"type" : "Feature", "geometry" : {"type" : "Point", "coordinates" : [121.4695124, 24.98586399]}, "properties" : {"id" : 1612, "name" : "宏奇藥局", "address" : "新北市土城區延吉街126號1樓", "telephone" : "0282619585", "city" : "新北市", "district" : "土城區", "nhi" : true, "data_time" : "2026-05-03 03:11:08", "pharmacy_per_10k" : 3.81}}, {"type" : "Feature", "geometry" : {"type" : "Point", "coordinates" : [121.4514933, 24.98621891]}, "properties" : {"id" : 1613, "name" : "宏林藥局", "address" : "新北市土城區裕民路134號1樓", "telephone" : "0282615919", "city" : "新北市", "district" : "土城區", "nhi" : true, "data_time" : "2026-05-03 03:11:08", "pharmacy_per_10k" : 3.81}}, {"type" : "Feature", "geometry" : {"type" : "Point", "coordinates" : [121.4419119, 24.97529626]}, "properties" : {"id" : 1614, "name" : "佳佳藥局", "address" : "新北市土城區中央路2段223-9號2樓", "telephone" : "0282614558", "city" : "新北市", "district" : "土城區", "nhi" : true, "data_time" : "2026-05-03 03:11:08", "pharmacy_per_10k" : 3.81}}, {"type" : "Feature", "geometry" : {"type" : "Point", "coordinates" : [121.4545844, 24.99355741]}, "properties" : {"id" : 1696, "name" : "瑞益藥局", "address" : "新北市土城區廣明街63巷4號", "telephone" : "0229538598", "city" : "新北市", "district" : "土城區", "nhi" : true, "data_time" : "2026-05-03 03:11:08", "pharmacy_per_10k" : 3.81}}, {"type" : "Feature", "geometry" : {"type" : "Point", "coordinates" : [121.4593058, 24.98284865]}, "properties" : {"id" : 1855, "name" : "家泰藥局", "address" : "新北市土城區青雲路181號1、2樓", "telephone" : "0222749490", "city" : "新北市", "district" : "土城區", "nhi" : true, "data_time" : "2026-05-03 03:11:08", "pharmacy_per_10k" : 3.81}}, {"type" : "Feature", "geometry" : {"type" : "Point", "coordinates" : [121.459072, 24.98220628]}, "properties" : {"id" : 1856, "name" : "小倉藥局", "address" : "新北市土城區青雲路190號1樓", "telephone" : "0222744257", "city" : "新北市", "district" : "土城區", "nhi" : true, "data_time" : "2026-05-03 03:11:08", "pharmacy_per_10k" : 3.81}}, {"type" : "Feature", "geometry" : {"type" : "Point", "coordinates" : [121.4571222, 24.98825444]}, "properties" : {"id" : 1857, "name" : "元蒼藥局", "address" : "新北市土城區學府路1段69號1樓", "telephone" : "0222733868", "city" : "新北市", "district" : "土城區", "nhi" : true, "data_time" : "2026-05-03 03:11:08", "pharmacy_per_10k" : 3.81}}, {"type" : "Feature", "geometry" : {"type" : "Point", "coordinates" : [121.4671968, 24.98333447]}, "properties" : {"id" : 1858, "name" : "三豐藥局", "address" : "新北市土城區永豐路135巷8號", "telephone" : "0222733766", "city" : "新北市", "district" : "土城區", "nhi" : true, "data_time" : "2026-05-03 03:11:08", "pharmacy_per_10k" : 3.81}}, {"type" : "Feature", "geometry" : {"type" : "Point", "coordinates" : [121.4559097, 24.98790499]}, "properties" : {"id" : 1860, "name" : "志仁藥局", "address" : "新北市土城區學府路1段102號", "telephone" : "0222727222", "city" : "新北市", "district" : "土城區", "nhi" : true, "data_time" : "2026-05-03 03:11:08", "pharmacy_per_10k" : 3.81}}, {"type" : "Feature", "geometry" : {"type" : "Point", "coordinates" : [121.450139, 24.98628822]}, "properties" : {"id" : 1861, "name" : "凱一藥局", "address" : "新北市土城區裕民路92巷21弄8號1樓", "telephone" : "0222707679", "city" : "新北市", "district" : "土城區", "nhi" : true, "data_time" : "2026-05-03 03:11:08", "pharmacy_per_10k" : 3.81}}, {"type" : "Feature", "geometry" : {"type" : "Point", "coordinates" : [121.4532298, 24.98613488]}, "properties" : {"id" : 1862, "name" : "成康藥局", "address" : "新北市土城區學府路1段188號1樓", "telephone" : "0222706596", "city" : "新北市", "district" : "土城區", "nhi" : true, "data_time" : "2026-05-03 03:11:08", "pharmacy_per_10k" : 3.81}}, {"type" : "Feature", "geometry" : {"type" : "Point", "coordinates" : [121.4419119, 24.97529626]}, "properties" : {"id" : 1863, "name" : "健業藥局", "address" : "新北市土城區中央路2段223-10號", "telephone" : "0222704798", "city" : "新北市", "district" : "土城區", "nhi" : true, "data_time" : "2026-05-03 03:11:08", "pharmacy_per_10k" : 3.81}}, {"type" : "Feature", "geometry" : {"type" : "Point", "coordinates" : [121.4549493, 24.98728152]}, "properties" : {"id" : 1864, "name" : "順儷學府藥局", "address" : "新北市土城區學府路1段144巷2號1樓", "telephone" : "0222701979", "city" : "新北市", "district" : "土城區", "nhi" : true, "data_time" : "2026-05-03 03:11:08", "pharmacy_per_10k" : 3.81}}, {"type" : "Feature", "geometry" : {"type" : "Point", "coordinates" : [121.4157517, 24.95741692]}, "properties" : {"id" : 1865, "name" : "振鑫中西藥局", "address" : "新北市土城區中央路4段210號1樓", "telephone" : "0222686663", "city" : "新北市", "district" : "土城區", "nhi" : true, "data_time" : "2026-05-03 03:11:08", "pharmacy_per_10k" : 3.81}}, {"type" : "Feature", "geometry" : {"type" : "Point", "coordinates" : [121.4167784, 24.95812314]}, "properties" : {"id" : 1866, "name" : "頂埔藥局", "address" : "新北市土城區中央路4段170號", "telephone" : "0222682915", "city" : "新北市", "district" : "土城區", "nhi" : true, "data_time" : "2026-05-03 03:11:08", "pharmacy_per_10k" : 3.81}}, {"type" : "Feature", "geometry" : {"type" : "Point", "coordinates" : [121.4152823, 24.95709305]}, "properties" : {"id" : 1867, "name" : "正仁藥局", "address" : "新北市土城區中央路4段240號", "telephone" : "0222682516", "city" : "新北市", "district" : "土城區", "nhi" : true, "data_time" : "2026-05-03 03:11:08", "pharmacy_per_10k" : 3.81}}, {"type" : "Feature", "geometry" : {"type" : "Point", "coordinates" : [121.4142609, 24.95639334]}, "properties" : {"id" : 1868, "name" : "全家健康藥局", "address" : "新北市土城區中央路4段288號", "telephone" : "0222678143", "city" : "新北市", "district" : "土城區", "nhi" : true, "data_time" : "2026-05-03 03:11:08", "pharmacy_per_10k" : 3.81}}, {"type" : "Feature", "geometry" : {"type" : "Point", "coordinates" : [121.4207001, 24.9608811]}, "properties" : {"id" : 1869, "name" : "誠安藥局", "address" : "新北市土城區中央路4段36號1樓", "telephone" : "0222677737", "city" : "新北市", "district" : "土城區", "nhi" : true, "data_time" : "2026-05-03 03:11:08", "pharmacy_per_10k" : 3.81}}, {"type" : "Feature", "geometry" : {"type" : "Point", "coordinates" : [121.4526738, 24.98729725]}, "properties" : {"id" : 1870, "name" : "景紀大藥局", "address" : "新北市土城區學成路34號", "telephone" : "0222668550", "city" : "新北市", "district" : "土城區", "nhi" : true, "data_time" : "2026-05-03 03:11:08", "pharmacy_per_10k" : 3.81}}, {"type" : "Feature", "geometry" : {"type" : "Point", "coordinates" : [121.4442037, 24.98435578]}, "properties" : {"id" : 1871, "name" : "盛安大藥局", "address" : "新北市土城區中央路1段258號1樓", "telephone" : "0222668525", "city" : "新北市", "district" : "土城區", "nhi" : true, "data_time" : "2026-05-03 03:11:08", "pharmacy_per_10k" : 3.81}}, {"type" : "Feature", "geometry" : {"type" : "Point", "coordinates" : [121.4419917, 24.9748628]}, "properties" : {"id" : 1872, "name" : "大眾藥局", "address" : "新北市土城區明街6巷1號", "telephone" : "0222666057", "city" : "新北市", "district" : "土城區", "nhi" : true, "data_time" : "2026-05-03 03:11:08", "pharmacy_per_10k" : 3.81}}, {"type" : "Feature", "geometry" : {"type" : "Point", "coordinates" : [121.4681676, 24.98818411]}, "properties" : {"id" : 1873, "name" : "誠恩藥局", "address" : "新北市土城區金城路3段137號1樓", "telephone" : "0222665533", "city" : "新北市", "district" : "土城區", "nhi" : true, "data_time" : "2026-05-03 03:11:08", "pharmacy_per_10k" : 3.81}}, {"type" : "Feature", "geometry" : {"type" : "Point", "coordinates" : [121.462601, 24.98824943]}, "properties" : {"id" : 1874, "name" : "崇愛藥局", "address" : "新北市土城區永豐路17號", "telephone" : "0222665506", "city" : "新北市", "district" : "土城區", "nhi" : true, "data_time" : "2026-05-03 03:11:08", "pharmacy_per_10k" : 3.81}}, {"type" : "Feature", "geometry" : {"type" : "Point", "coordinates" : [121.4591564, 24.98089853]}, "properties" : {"id" : 1875, "name" : "祥發藥局", "address" : "新北市土城區青雲路255號", "telephone" : "0222655056", "city" : "新北市", "district" : "土城區", "nhi" : true, "data_time" : "2026-05-03 03:11:08", "pharmacy_per_10k" : 3.81}}, {"type" : "Feature", "geometry" : {"type" : "Point", "coordinates" : [121.4651543, 24.9841136]}, "properties" : {"id" : 1876, "name" : "協成藥局", "address" : "新北市土城區延吉街333號", "telephone" : "0222653212", "city" : "新北市", "district" : "土城區", "nhi" : true, "data_time" : "2026-05-03 03:11:08", "pharmacy_per_10k" : 3.81}}, {"type" : "Feature", "geometry" : {"type" : "Point", "coordinates" : [121.4546421, 24.9830509]}, "properties" : {"id" : 1877, "name" : "大欣藥局", "address" : "新北市土城區裕民路251號", "telephone" : "0222653208", "city" : "新北市", "district" : "土城區", "nhi" : true, "data_time" : "2026-05-03 03:11:08", "pharmacy_per_10k" : 3.81}}, {"type" : "Feature", "geometry" : {"type" : "Point", "coordinates" : [121.4419119, 24.97529626]}, "properties" : {"id" : 1878, "name" : "尚安藥師藥局", "address" : "新北市土城區中央路2段223-3號1樓", "telephone" : "0222647622", "city" : "新北市", "district" : "土城區", "nhi" : true, "data_time" : "2026-05-03 03:11:08", "pharmacy_per_10k" : 3.81}}, {"type" : "Feature", "geometry" : {"type" : "Point", "coordinates" : [121.4655853, 24.98639052]}, "properties" : {"id" : 1879, "name" : "城安大藥局", "address" : "新北市土城區金城路3段40號", "telephone" : "0222646561", "city" : "新北市", "district" : "土城區", "nhi" : true, "data_time" : "2026-05-03 03:11:08", "pharmacy_per_10k" : 3.81}}, {"type" : "Feature", "geometry" : {"type" : "Point", "coordinates" : [121.4547903, 24.98289614]}, "properties" : {"id" : 1880, "name" : "裕民藥局", "address" : "新北市土城區裕民路255-5號1樓", "telephone" : "0222645874", "city" : "新北市", "district" : "土城區", "nhi" : true, "data_time" : "2026-05-03 03:11:08", "pharmacy_per_10k" : 3.81}}, {"type" : "Feature", "geometry" : {"type" : "Point", "coordinates" : [121.4486981, 24.98271152]}, "properties" : {"id" : 1881, "name" : "順儷明德藥局", "address" : "新北市土城區明德路2段139、141號1樓", "telephone" : "0222644779", "city" : "新北市", "district" : "土城區", "nhi" : true, "data_time" : "2026-05-03 03:11:08", "pharmacy_per_10k" : 3.81}}, {"type" : "Feature", "geometry" : {"type" : "Point", "coordinates" : [121.4677353, 24.98755229]}, "properties" : {"id" : 1882, "name" : "元崇藥局", "address" : "新北市土城區金城路3段176-1號2樓", "telephone" : "0222643076", "city" : "新北市", "district" : "土城區", "nhi" : true, "data_time" : "2026-05-03 03:11:08", "pharmacy_per_10k" : 3.81}}, {"type" : "Feature", "geometry" : {"type" : "Point", "coordinates" : [121.457902, 24.98169628]}, "properties" : {"id" : 1883, "name" : "鄭家藥局", "address" : "新北市土城區清水路127號1樓", "telephone" : "0222640005", "city" : "新北市", "district" : "土城區", "nhi" : true, "data_time" : "2026-05-03 03:11:08", "pharmacy_per_10k" : 3.81}}, {"type" : "Feature", "geometry" : {"type" : "Point", "coordinates" : [121.4418619, 24.97496625]}, "properties" : {"id" : 1884, "name" : "立康藥局", "address" : "新北市土城區中央路2段238號2樓", "telephone" : "0222636123", "city" : "新北市", "district" : "土城區", "nhi" : true, "data_time" : "2026-05-03 03:11:08", "pharmacy_per_10k" : 3.81}}, {"type" : "Feature", "geometry" : {"type" : "Point", "coordinates" : [121.455422, 24.98200628]}, "properties" : {"id" : 1885, "name" : "土城金城藥局", "address" : "新北市土城區裕民路280號1、2樓", "telephone" : "0222631616", "city" : "新北市", "district" : "土城區", "nhi" : true, "data_time" : "2026-05-03 03:11:08", "pharmacy_per_10k" : 3.81}}, {"type" : "Feature", "geometry" : {"type" : "Point", "coordinates" : [121.4498194, 24.98750626]}, "properties" : {"id" : 1886, "name" : "樂利藥局", "address" : "新北市土城區裕民路77號1樓", "telephone" : "0222630092", "city" : "新北市", "district" : "土城區", "nhi" : true, "data_time" : "2026-05-03 03:11:08", "pharmacy_per_10k" : 3.81}}, {"type" : "Feature", "geometry" : {"type" : "Point", "coordinates" : [121.4635654, 24.98730145]}, "properties" : {"id" : 1887, "name" : "祥安大藥局", "address" : "新北市土城區立德路42-1號1樓", "telephone" : "0222629707", "city" : "新北市", "district" : "土城區", "nhi" : true, "data_time" : "2026-05-03 03:11:08", "pharmacy_per_10k" : 3.81}}, {"type" : "Feature", "geometry" : {"type" : "Point", "coordinates" : [121.4429119, 24.98090628]}, "properties" : {"id" : 1888, "name" : "城康藥局", "address" : "新北市土城區中央路2段2號1、2樓", "telephone" : "0222628171", "city" : "新北市", "district" : "土城區", "nhi" : true, "data_time" : "2026-05-03 03:11:08", "pharmacy_per_10k" : 3.81}}, {"type" : "Feature", "geometry" : {"type" : "Point", "coordinates" : [121.4599391, 24.9785384]}, "properties" : {"id" : 1889, "name" : "大業藥局", "address" : "新北市土城區青仁路41號1樓", "telephone" : "0222626791", "city" : "新北市", "district" : "土城區", "nhi" : true, "data_time" : "2026-05-03 03:11:08", "pharmacy_per_10k" : 3.81}}, {"type" : "Feature", "geometry" : {"type" : "Point", "coordinates" : [121.4483589, 24.98779804]}, "properties" : {"id" : 1890, "name" : "裕生藥局", "address" : "新北市土城區裕生路4號", "telephone" : "0222624919", "city" : "新北市", "district" : "土城區", "nhi" : true, "data_time" : "2026-05-03 03:11:08", "pharmacy_per_10k" : 3.81}}, {"type" : "Feature", "geometry" : {"type" : "Point", "coordinates" : [121.4639995, 24.98682003]}, "properties" : {"id" : 1891, "name" : "博盛健保藥局", "address" : "新北市土城區立德路66號2樓", "telephone" : "0222622331", "city" : "新北市", "district" : "土城區", "nhi" : true, "data_time" : "2026-05-03 03:11:08", "pharmacy_per_10k" : 3.81}}, {"type" : "Feature", "geometry" : {"type" : "Point", "coordinates" : [121.468432, 24.9883329]}, "properties" : {"id" : 1892, "name" : "順儷金城藥局", "address" : "新北市土城區金城路3段147號1樓", "telephone" : "0222621590", "city" : "新北市", "district" : "土城區", "nhi" : true, "data_time" : "2026-05-03 03:11:08", "pharmacy_per_10k" : 3.81}}, {"type" : "Feature", "geometry" : {"type" : "Point", "coordinates" : [121.4462596, 24.98538312]}, "properties" : {"id" : 1893, "name" : "博惠藥局", "address" : "新北市土城區中央路1段249巷20號", "telephone" : "0222618337", "city" : "新北市", "district" : "土城區", "nhi" : true, "data_time" : "2026-05-03 03:11:08", "pharmacy_per_10k" : 3.81}}, {"type" : "Feature", "geometry" : {"type" : "Point", "coordinates" : [121.4553203, 24.98727146]}, "properties" : {"id" : 1894, "name" : "學府實和藥局", "address" : "新北市土城區學府路1段121號", "telephone" : "0222612111", "city" : "新北市", "district" : "土城區", "nhi" : true, "data_time" : "2026-05-03 03:11:08", "pharmacy_per_10k" : 3.81}}, {"type" : "Feature", "geometry" : {"type" : "Point", "coordinates" : [121.4516304, 24.98446929]}, "properties" : {"id" : 1895, "name" : "學安藥師藥局", "address" : "新北市土城區學府路1段211號1樓", "telephone" : "0222610565", "city" : "新北市", "district" : "土城區", "nhi" : true, "data_time" : "2026-05-03 03:11:08", "pharmacy_per_10k" : 3.81}}, {"type" : "Feature", "geometry" : {"type" : "Point", "coordinates" : [121.4636263, 24.98557427]}, "properties" : {"id" : 1896, "name" : "儷生藥局", "address" : "新北市土城區金城路2段390號1樓", "telephone" : "0222609911", "city" : "新北市", "district" : "土城區", "nhi" : true, "data_time" : "2026-05-03 03:11:08", "pharmacy_per_10k" : 3.81}}, {"type" : "Feature", "geometry" : {"type" : "Point", "coordinates" : [121.4390967, 24.96976755]}, "properties" : {"id" : 1897, "name" : "久達藥局", "address" : "新北市土城區中央路3段47號", "telephone" : "0222606982", "city" : "新北市", "district" : "土城區", "nhi" : true, "data_time" : "2026-05-03 03:11:08", "pharmacy_per_10k" : 3.81}}, {"type" : "Feature", "geometry" : {"type" : "Point", "coordinates" : [121.4419119, 24.97548626]}, "properties" : {"id" : 1898, "name" : "惠蒼藥局", "address" : "新北市土城區中央路2段216號1樓", "telephone" : "0222606812", "city" : "新北市", "district" : "土城區", "nhi" : true, "data_time" : "2026-05-03 03:11:08", "pharmacy_per_10k" : 3.81}}, {"type" : "Feature", "geometry" : {"type" : "Point", "coordinates" : [121.4421126, 24.97648612]}, "properties" : {"id" : 1899, "name" : "心中外藥局", "address" : "新北市土城區中央路2段157號", "telephone" : "0222603023", "city" : "新北市", "district" : "土城區", "nhi" : true, "data_time" : "2026-05-03 03:11:08", "pharmacy_per_10k" : 3.81}}, {"type" : "Feature", "geometry" : {"type" : "Point", "coordinates" : [121.4554358, 24.98734773]}, "properties" : {"id" : 1988, "name" : "健鼎藥局", "address" : "新北市土城區學府路1段117號", "telephone" : "0222633469", "city" : "新北市", "district" : "土城區", "nhi" : true, "data_time" : "2026-05-03 03:11:08", "pharmacy_per_10k" : 3.81}}, {"type" : "Feature", "geometry" : {"type" : "Point", "coordinates" : [121.4580272, 24.98854426]}, "properties" : {"id" : 1989, "name" : "學府松藥局", "address" : "新北市土城區學府路1段38號1、2樓", "telephone" : "0282628665", "city" : "新北市", "district" : "土城區", "nhi" : true, "data_time" : "2026-05-03 03:11:08", "pharmacy_per_10k" : 3.81}}, {"type" : "Feature", "geometry" : {"type" : "Point", "coordinates" : [121.4675423, 24.99024037]}, "properties" : {"id" : 1990, "name" : "陽光活力藥局", "address" : "新北市土城區延和路103號1樓", "telephone" : "0222610590", "city" : "新北市", "district" : "土城區", "nhi" : true, "data_time" : "2026-05-03 03:11:08", "pharmacy_per_10k" : 3.81}}, {"type" : "Feature", "geometry" : {"type" : "Point", "coordinates" : [121.4421602, 24.97749867]}, "properties" : {"id" : 1991, "name" : "優嘉藥師連鎖藥局", "address" : "新北市土城區中央路2段117號1樓", "telephone" : "0282629788", "city" : "新北市", "district" : "土城區", "nhi" : true, "data_time" : "2026-05-03 03:11:08", "pharmacy_per_10k" : 3.81}}, {"type" : "Feature", "geometry" : {"type" : "Point", "coordinates" : [121.4641405, 24.98558047]}, "properties" : {"id" : 1992, "name" : "佑安藥局", "address" : "新北市土城區清水路334號2樓", "telephone" : "0222643960", "city" : "新北市", "district" : "土城區", "nhi" : true, "data_time" : "2026-05-03 03:11:08", "pharmacy_per_10k" : 3.81}}, {"type" : "Feature", "geometry" : {"type" : "Point", "coordinates" : [121.4684, 24.988332]}, "properties" : {"id" : 2090, "name" : "順儷金城藥局", "address" : "新北市土城區金城路三段147號1樓", "telephone" : "0222621590", "city" : "新北市", "district" : "土城區", "nhi" : false, "data_time" : "2026-05-03 03:11:08", "pharmacy_per_10k" : 3.81}}, {"type" : "Feature", "geometry" : {"type" : "Point", "coordinates" : [121.4516, 24.984469]}, "properties" : {"id" : 2091, "name" : "學安藥師藥局", "address" : "新北市土城區學府路1段２１１號一樓", "telephone" : "0222610565", "city" : "新北市", "district" : "土城區", "nhi" : false, "data_time" : "2026-05-03 03:11:08", "pharmacy_per_10k" : 3.81}}, {"type" : "Feature", "geometry" : {"type" : "Point", "coordinates" : [121.4531, 24.982363]}, "properties" : {"id" : 2092, "name" : "學士藥局", "address" : "新北市土城區學士路二十七號一樓", "telephone" : "0222640468", "city" : "新北市", "district" : "土城區", "nhi" : false, "data_time" : "2026-05-03 03:11:08", "pharmacy_per_10k" : 3.81}}, {"type" : "Feature", "geometry" : {"type" : "Point", "coordinates" : [121.4425, 24.973868]}, "properties" : {"id" : 2093, "name" : "信豐藥局", "address" : "新北市土城區農豐街１２號", "telephone" : "0222609764", "city" : "新北市", "district" : "土城區", "nhi" : false, "data_time" : "2026-05-03 03:11:08", "pharmacy_per_10k" : 3.81}}, {"type" : "Feature", "geometry" : {"type" : "Point", "coordinates" : [121.4403, 24.97481]}, "properties" : {"id" : 2094, "name" : "福泰藥局", "address" : "新北市土城區中央路2段278巷8號之1　1樓", "telephone" : "0282621529", "city" : "新北市", "district" : "土城區", "nhi" : false, "data_time" : "2026-05-03 03:11:08", "pharmacy_per_10k" : 3.81}}, {"type" : "Feature", "geometry" : {"type" : "Point", "coordinates" : [121.4686, 24.985461]}, "properties" : {"id" : 2095, "name" : "佑昌藥局", "address" : "新北市土城區延吉街162號", "telephone" : "0222628076", "city" : "新北市", "district" : "土城區", "nhi" : false, "data_time" : "2026-05-03 03:11:08", "pharmacy_per_10k" : 3.81}}, {"type" : "Feature", "geometry" : {"type" : "Point", "coordinates" : [121.4479, 24.988984]}, "properties" : {"id" : 2096, "name" : "民亨藥局", "address" : "新北市土城區學成路一七二號", "telephone" : "0222701485", "city" : "新北市", "district" : "土城區", "nhi" : false, "data_time" : "2026-05-03 03:11:08", "pharmacy_per_10k" : 3.81}}, {"type" : "Feature", "geometry" : {"type" : "Point", "coordinates" : [121.4588, 24.981616]}, "properties" : {"id" : 2097, "name" : "永生藥局", "address" : "新北市土城區清水路一六三號一樓", "telephone" : "0222616090", "city" : "新北市", "district" : "土城區", "nhi" : false, "data_time" : "2026-05-03 03:11:08", "pharmacy_per_10k" : 3.81}}, {"type" : "Feature", "geometry" : {"type" : "Point", "coordinates" : [121.5430686, 24.97562554]}, "properties" : {"id" : 993, "name" : "北一藥師藥局", "address" : "新北市新店區北新路2段160號1樓、2樓", "telephone" : "0289115686", "city" : "新北市", "district" : "新店區", "nhi" : true, "data_time" : "2026-05-03 03:11:08", "pharmacy_per_10k" : 2.2}}, {"type" : "Feature", "geometry" : {"type" : "Point", "coordinates" : [121.5404141, 24.9765659]}, "properties" : {"id" : 994, "name" : "微笑生活藥局", "address" : "新北市新店區建國路85號1樓", "telephone" : "0289113397", "city" : "新北市", "district" : "新店區", "nhi" : true, "data_time" : "2026-05-03 03:11:08", "pharmacy_per_10k" : 2.2}}, {"type" : "Feature", "geometry" : {"type" : "Point", "coordinates" : [121.5341876, 24.97775572]}, "properties" : {"id" : 1007, "name" : "德莘藥局", "address" : "新北市新店區中正路413號1樓", "telephone" : "0286655462", "city" : "新北市", "district" : "新店區", "nhi" : true, "data_time" : "2026-05-03 03:11:08", "pharmacy_per_10k" : 2.2}}, {"type" : "Feature", "geometry" : {"type" : "Point", "coordinates" : [121.5383702, 24.95726366]}, "properties" : {"id" : 1124, "name" : "康宜庭碧潭藥局", "address" : "新北市新店區北宜路1段41號1樓", "telephone" : "0229186266", "city" : "新北市", "district" : "新店區", "nhi" : true, "data_time" : "2026-05-03 03:11:08", "pharmacy_per_10k" : 2.2}}, {"type" : "Feature", "geometry" : {"type" : "Point", "coordinates" : [121.5351308, 24.97501906]}, "properties" : {"id" : 1126, "name" : "大河藥局", "address" : "新北市新店區三民路140號1樓", "telephone" : "0229140910", "city" : "新北市", "district" : "新店區", "nhi" : true, "data_time" : "2026-05-03 03:11:08", "pharmacy_per_10k" : 2.2}}, {"type" : "Feature", "geometry" : {"type" : "Point", "coordinates" : [121.5384084, 24.97965429]}, "properties" : {"id" : 1127, "name" : "東碩藥局", "address" : "新北市新店區建國路168號1樓", "telephone" : "0229118281", "city" : "新北市", "district" : "新店區", "nhi" : true, "data_time" : "2026-05-03 03:11:08", "pharmacy_per_10k" : 2.2}}, {"type" : "Feature", "geometry" : {"type" : "Point", "coordinates" : [121.5367568, 24.97127101]}, "properties" : {"id" : 1128, "name" : "新店家安藥局", "address" : "新北市新店區三民路32-1號2樓", "telephone" : "0229117207", "city" : "新北市", "district" : "新店區", "nhi" : true, "data_time" : "2026-05-03 03:11:08", "pharmacy_per_10k" : 2.2}}, {"type" : "Feature", "geometry" : {"type" : "Point", "coordinates" : [121.5418843, 24.97155916]}, "properties" : {"id" : 1129, "name" : "瑞安健保藥局", "address" : "新北市新店區中正路142號1樓", "telephone" : "0229105252", "city" : "新北市", "district" : "新店區", "nhi" : true, "data_time" : "2026-05-03 03:11:08", "pharmacy_per_10k" : 2.2}}, {"type" : "Feature", "geometry" : {"type" : "Point", "coordinates" : [121.53688, 24.97621068]}, "properties" : {"id" : 1265, "name" : "耕莘健康人生藥局", "address" : "新北市新店區民族路186號1樓", "telephone" : "0222194743", "city" : "新北市", "district" : "新店區", "nhi" : true, "data_time" : "2026-05-03 03:11:08", "pharmacy_per_10k" : 2.2}}, {"type" : "Feature", "geometry" : {"type" : "Point", "coordinates" : [121.5377454, 24.98276693]}, "properties" : {"id" : 1275, "name" : "均安藥局", "address" : "新北市新店區民權路89號1樓", "telephone" : "0229127861", "city" : "新北市", "district" : "新店區", "nhi" : true, "data_time" : "2026-05-03 03:11:08", "pharmacy_per_10k" : 2.2}}, {"type" : "Feature", "geometry" : {"type" : "Point", "coordinates" : [121.5481723, 24.9514687]}, "properties" : {"id" : 1276, "name" : "安欣藥局", "address" : "新北市新店區北宜路2段26號1樓", "telephone" : "0222175450", "city" : "新北市", "district" : "新店區", "nhi" : true, "data_time" : "2026-05-03 03:11:08", "pharmacy_per_10k" : 2.2}}, {"type" : "Feature", "geometry" : {"type" : "Point", "coordinates" : [121.5098245, 24.95943253]}, "properties" : {"id" : 1277, "name" : "唯客優藥局", "address" : "新北市新店區安康路2段216號1樓", "telephone" : "0222126097", "city" : "新北市", "district" : "新店區", "nhi" : true, "data_time" : "2026-05-03 03:11:08", "pharmacy_per_10k" : 2.2}}, {"type" : "Feature", "geometry" : {"type" : "Point", "coordinates" : [121.537014, 24.9828105]}, "properties" : {"id" : 1278, "name" : "佑成藥局", "address" : "新北市新店區民權路101號1樓", "telephone" : "0286673537", "city" : "新北市", "district" : "新店區", "nhi" : true, "data_time" : "2026-05-03 03:11:08", "pharmacy_per_10k" : 2.2}}, {"type" : "Feature", "geometry" : {"type" : "Point", "coordinates" : [121.5092043, 24.95915372]}, "properties" : {"id" : 1279, "name" : "康曜藥師藥局", "address" : "新北市新店區安康路2段240號1樓", "telephone" : "0286669660", "city" : "新北市", "district" : "新店區", "nhi" : true, "data_time" : "2026-05-03 03:11:08", "pharmacy_per_10k" : 2.2}}, {"type" : "Feature", "geometry" : {"type" : "Point", "coordinates" : [121.5410297, 24.9669087]}, "properties" : {"id" : 1280, "name" : "新康藥局", "address" : "新北市新店區北新路1段281號1樓2樓、283號1樓2樓", "telephone" : "0229178179", "city" : "新北市", "district" : "新店區", "nhi" : true, "data_time" : "2026-05-03 03:11:08", "pharmacy_per_10k" : 2.2}}, {"type" : "Feature", "geometry" : {"type" : "Point", "coordinates" : [121.5410483, 24.96696118]}, "properties" : {"id" : 1281, "name" : "康宜庭市公所藥局", "address" : "新北市新店區北新路1段285號1樓", "telephone" : "0229151709", "city" : "新北市", "district" : "新店區", "nhi" : true, "data_time" : "2026-05-03 03:11:08", "pharmacy_per_10k" : 2.2}}, {"type" : "Feature", "geometry" : {"type" : "Point", "coordinates" : [121.5407122, 24.9863742]}, "properties" : {"id" : 1282, "name" : "正升藥局", "address" : "新北市新店區順安街61號1樓", "telephone" : "0229139493", "city" : "新北市", "district" : "新店區", "nhi" : true, "data_time" : "2026-05-03 03:11:08", "pharmacy_per_10k" : 2.2}}, {"type" : "Feature", "geometry" : {"type" : "Point", "coordinates" : [121.5433539, 24.97336047]}, "properties" : {"id" : 1283, "name" : "欣美藥局", "address" : "新北市新店區寶橋路6巷2號1樓", "telephone" : "0229137321", "city" : "新北市", "district" : "新店區", "nhi" : true, "data_time" : "2026-05-03 03:11:08", "pharmacy_per_10k" : 2.2}}, {"type" : "Feature", "geometry" : {"type" : "Point", "coordinates" : [121.5386892, 24.97356656]}, "properties" : {"id" : 1284, "name" : "合康大藥局", "address" : "新北市新店區中正路263-2號1樓", "telephone" : "0229109888", "city" : "新北市", "district" : "新店區", "nhi" : true, "data_time" : "2026-05-03 03:11:08", "pharmacy_per_10k" : 2.2}}, {"type" : "Feature", "geometry" : {"type" : "Point", "coordinates" : [121.5377778, 24.9590227]}, "properties" : {"id" : 1285, "name" : "杏運草藥局", "address" : "新北市新店區北新路1段19號1樓", "telephone" : "0224379209", "city" : "新北市", "district" : "新店區", "nhi" : true, "data_time" : "2026-05-03 03:11:08", "pharmacy_per_10k" : 2.2}}, {"type" : "Feature", "geometry" : {"type" : "Point", "coordinates" : [121.5345875, 24.97753033]}, "properties" : {"id" : 1286, "name" : "仁心藥局", "address" : "新北市新店區中正路402號1樓", "telephone" : "0222186322", "city" : "新北市", "district" : "新店區", "nhi" : true, "data_time" : "2026-05-03 03:11:08", "pharmacy_per_10k" : 2.2}}, {"type" : "Feature", "geometry" : {"type" : "Point", "coordinates" : [121.5174368, 24.9722016]}, "properties" : {"id" : 1287, "name" : "陽光健康藥局", "address" : "新北市新店區安民街214號", "telephone" : "0222123919", "city" : "新北市", "district" : "新店區", "nhi" : true, "data_time" : "2026-05-03 03:11:08", "pharmacy_per_10k" : 2.2}}, {"type" : "Feature", "geometry" : {"type" : "Point", "coordinates" : [121.5348451, 24.97257047]}, "properties" : {"id" : 1298, "name" : "三民藥局", "address" : "新北市新店區三民路78號1樓-1", "telephone" : "0289146301", "city" : "新北市", "district" : "新店區", "nhi" : true, "data_time" : "2026-05-03 03:11:08", "pharmacy_per_10k" : 2.2}}, {"type" : "Feature", "geometry" : {"type" : "Point", "coordinates" : [121.5443738, 24.97014189]}, "properties" : {"id" : 1299, "name" : "正新藥局", "address" : "新北市新店區中正路57-1號1樓", "telephone" : "0289145930", "city" : "新北市", "district" : "新店區", "nhi" : true, "data_time" : "2026-05-03 03:11:08", "pharmacy_per_10k" : 2.2}}, {"type" : "Feature", "geometry" : {"type" : "Point", "coordinates" : [121.5372276, 24.97449077]}, "properties" : {"id" : 1300, "name" : "欣康藥局", "address" : "新北市新店區中正路293號1樓", "telephone" : "0289113189", "city" : "新北市", "district" : "新店區", "nhi" : true, "data_time" : "2026-05-03 03:11:08", "pharmacy_per_10k" : 2.2}}, {"type" : "Feature", "geometry" : {"type" : "Point", "coordinates" : [121.5247496, 24.97646783]}, "properties" : {"id" : 1302, "name" : "昇育健康藥局", "address" : "新北市新店區中央三街115號1樓", "telephone" : "0286679631", "city" : "新北市", "district" : "新店區", "nhi" : true, "data_time" : "2026-05-03 03:11:08", "pharmacy_per_10k" : 2.2}}, {"type" : "Feature", "geometry" : {"type" : "Point", "coordinates" : [121.5397312, 24.98306153]}, "properties" : {"id" : 1303, "name" : "康宜庭民權藥局", "address" : "新北市新店區民權路48-2號1樓", "telephone" : "0286655371", "city" : "新北市", "district" : "新店區", "nhi" : true, "data_time" : "2026-05-03 03:11:08", "pharmacy_per_10k" : 2.2}}, {"type" : "Feature", "geometry" : {"type" : "Point", "coordinates" : [121.5544608, 24.95362891]}, "properties" : {"id" : 1313, "name" : "晨安藥局", "address" : "新北市新店區北宜路2段261號1樓", "telephone" : "0282171911", "city" : "新北市", "district" : "新店區", "nhi" : true, "data_time" : "2026-05-03 03:11:08", "pharmacy_per_10k" : 2.2}}, {"type" : "Feature", "geometry" : {"type" : "Point", "coordinates" : [121.540653, 24.96479661]}, "properties" : {"id" : 1342, "name" : "寶輝藥局", "address" : "新北市新店區光明街300號1樓", "telephone" : "0229118767", "city" : "新北市", "district" : "新店區", "nhi" : true, "data_time" : "2026-05-03 03:11:08", "pharmacy_per_10k" : 2.2}}, {"type" : "Feature", "geometry" : {"type" : "Point", "coordinates" : [121.5417622, 24.97853552]}, "properties" : {"id" : 1343, "name" : "正安藥局", "address" : "新北市新店區明德路50號1樓", "telephone" : "0229115809", "city" : "新北市", "district" : "新店區", "nhi" : true, "data_time" : "2026-05-03 03:11:08", "pharmacy_per_10k" : 2.2}}, {"type" : "Feature", "geometry" : {"type" : "Point", "coordinates" : [121.4935486, 24.95338841]}, "properties" : {"id" : 1388, "name" : "安康佑康健保藥局", "address" : "新北市新店區安康路3段17號", "telephone" : "9.40E+08", "city" : "新北市", "district" : "新店區", "nhi" : true, "data_time" : "2026-05-03 03:11:08", "pharmacy_per_10k" : 2.2}}, {"type" : "Feature", "geometry" : {"type" : "Point", "coordinates" : [121.5451314, 24.96830053]}, "properties" : {"id" : 1393, "name" : "維顥藥局", "address" : "新北市新店區中興路1段279號1樓", "telephone" : "9.22E+08", "city" : "新北市", "district" : "新店區", "nhi" : true, "data_time" : "2026-05-03 03:11:08", "pharmacy_per_10k" : 2.2}}, {"type" : "Feature", "geometry" : {"type" : "Point", "coordinates" : [121.5400807, 24.97358174]}, "properties" : {"id" : 1410, "name" : "昇旺藥局", "address" : "新北市新店區建國路10-1號1樓", "telephone" : "0286659233", "city" : "新北市", "district" : "新店區", "nhi" : true, "data_time" : "2026-05-03 03:11:08", "pharmacy_per_10k" : 2.2}}, {"type" : "Feature", "geometry" : {"type" : "Point", "coordinates" : [121.5404374, 24.97590056]}, "properties" : {"id" : 1465, "name" : "椿萱藥局", "address" : "新北市新店區建國路69號", "telephone" : "0229188311", "city" : "新北市", "district" : "新店區", "nhi" : true, "data_time" : "2026-05-03 03:11:08", "pharmacy_per_10k" : 2.2}}, {"type" : "Feature", "geometry" : {"type" : "Point", "coordinates" : [121.5391167, 24.97885327]}, "properties" : {"id" : 1466, "name" : "益生大藥局", "address" : "新北市新店區建國路132號", "telephone" : "0229177728", "city" : "新北市", "district" : "新店區", "nhi" : true, "data_time" : "2026-05-03 03:11:08", "pharmacy_per_10k" : 2.2}}, {"type" : "Feature", "geometry" : {"type" : "Point", "coordinates" : [121.5386892, 24.97356656]}, "properties" : {"id" : 1467, "name" : "威樺藥局", "address" : "新北市新店區中正路263號1樓", "telephone" : "0229175888", "city" : "新北市", "district" : "新店區", "nhi" : true, "data_time" : "2026-05-03 03:11:08", "pharmacy_per_10k" : 2.2}}, {"type" : "Feature", "geometry" : {"type" : "Point", "coordinates" : [121.5397146, 24.96232532]}, "properties" : {"id" : 1468, "name" : "匯信大藥局", "address" : "新北市新店區光明街192號", "telephone" : "0229149009", "city" : "新北市", "district" : "新店區", "nhi" : true, "data_time" : "2026-05-03 03:11:08", "pharmacy_per_10k" : 2.2}}, {"type" : "Feature", "geometry" : {"type" : "Point", "coordinates" : [121.5417362, 24.98174236]}, "properties" : {"id" : 1469, "name" : "世明藥局", "address" : "新北市新店區北新路3段120號1樓", "telephone" : "0229122139", "city" : "新北市", "district" : "新店區", "nhi" : true, "data_time" : "2026-05-03 03:11:08", "pharmacy_per_10k" : 2.2}}, {"type" : "Feature", "geometry" : {"type" : "Point", "coordinates" : [121.5431677, 24.97977839]}, "properties" : {"id" : 1470, "name" : "耀生中西藥局", "address" : "新北市新店區文化路21巷6號", "telephone" : "0229118598", "city" : "新北市", "district" : "新店區", "nhi" : true, "data_time" : "2026-05-03 03:11:08", "pharmacy_per_10k" : 2.2}}, {"type" : "Feature", "geometry" : {"type" : "Point", "coordinates" : [121.5389054, 24.96920429]}, "properties" : {"id" : 1471, "name" : "吉成藥局", "address" : "新北市新店區中華路107號", "telephone" : "0229114426", "city" : "新北市", "district" : "新店區", "nhi" : true, "data_time" : "2026-05-03 03:11:08", "pharmacy_per_10k" : 2.2}}, {"type" : "Feature", "geometry" : {"type" : "Point", "coordinates" : [121.5412027, 24.9810049]}, "properties" : {"id" : 1472, "name" : "再生藥局", "address" : "新北市新店區北新路3段65巷9號", "telephone" : "0229113781", "city" : "新北市", "district" : "新店區", "nhi" : true, "data_time" : "2026-05-03 03:11:08", "pharmacy_per_10k" : 2.2}}, {"type" : "Feature", "geometry" : {"type" : "Point", "coordinates" : [121.5397616, 24.97776858]}, "properties" : {"id" : 1514, "name" : "全安藥局", "address" : "新北市新店區建國路119號1樓", "telephone" : "0222926231", "city" : "新北市", "district" : "新店區", "nhi" : true, "data_time" : "2026-05-03 03:11:08", "pharmacy_per_10k" : 2.2}}, {"type" : "Feature", "geometry" : {"type" : "Point", "coordinates" : [121.4865139, 24.95172653]}, "properties" : {"id" : 1560, "name" : "昌順藥局", "address" : "新北市新店區安康路3段265號", "telephone" : "0222156798", "city" : "新北市", "district" : "新店區", "nhi" : true, "data_time" : "2026-05-03 03:11:08", "pharmacy_per_10k" : 2.2}}, {"type" : "Feature", "geometry" : {"type" : "Point", "coordinates" : [121.5159431, 24.96593671]}, "properties" : {"id" : 1561, "name" : "瑞欣藥局", "address" : "新北市新店區吉安街33號", "telephone" : "0222112723", "city" : "新北市", "district" : "新店區", "nhi" : true, "data_time" : "2026-05-03 03:11:08", "pharmacy_per_10k" : 2.2}}, {"type" : "Feature", "geometry" : {"type" : "Point", "coordinates" : [121.5427557, 24.97285061]}, "properties" : {"id" : 1587, "name" : "康宜庭北新藥局", "address" : "新北市新店區北新路2段43號1樓", "telephone" : "0289147015", "city" : "新北市", "district" : "新店區", "nhi" : true, "data_time" : "2026-05-03 03:11:08", "pharmacy_per_10k" : 2.2}}, {"type" : "Feature", "geometry" : {"type" : "Point", "coordinates" : [121.5473044, 24.9752762]}, "properties" : {"id" : 1588, "name" : "倍思特藥局", "address" : "新北市新店區中興路2段239號2樓", "telephone" : "0289116159", "city" : "新北市", "district" : "新店區", "nhi" : true, "data_time" : "2026-05-03 03:11:08", "pharmacy_per_10k" : 2.2}}, {"type" : "Feature", "geometry" : {"type" : "Point", "coordinates" : [121.5282234, 24.96174511]}, "properties" : {"id" : 1596, "name" : "家得福藥局", "address" : "新北市新店區安康路1段123號1樓", "telephone" : "0286660991", "city" : "新北市", "district" : "新店區", "nhi" : true, "data_time" : "2026-05-03 03:11:08", "pharmacy_per_10k" : 2.2}}, {"type" : "Feature", "geometry" : {"type" : "Point", "coordinates" : [121.5408973, 24.98302863]}, "properties" : {"id" : 1725, "name" : "維春藥局", "address" : "新北市新店區民權路32號", "telephone" : "0229185213", "city" : "新北市", "district" : "新店區", "nhi" : true, "data_time" : "2026-05-03 03:11:08", "pharmacy_per_10k" : 2.2}}, {"type" : "Feature", "geometry" : {"type" : "Point", "coordinates" : [121.5416962, 24.9818906]}, "properties" : {"id" : 1726, "name" : "禾宜藥局", "address" : "新北市新店區北新路3段128號1樓", "telephone" : "0229150411", "city" : "新北市", "district" : "新店區", "nhi" : true, "data_time" : "2026-05-03 03:11:08", "pharmacy_per_10k" : 2.2}}, {"type" : "Feature", "geometry" : {"type" : "Point", "coordinates" : [121.5386112, 24.95635568]}, "properties" : {"id" : 1727, "name" : "仁淵藥局", "address" : "新北市新店區北宜路1段77號", "telephone" : "0229128204", "city" : "新北市", "district" : "新店區", "nhi" : true, "data_time" : "2026-05-03 03:11:08", "pharmacy_per_10k" : 2.2}}, {"type" : "Feature", "geometry" : {"type" : "Point", "coordinates" : [121.5403209, 24.97854075]}, "properties" : {"id" : 1728, "name" : "活元藥局", "address" : "新北市新店區民族路49號1樓", "telephone" : "0229125526", "city" : "新北市", "district" : "新店區", "nhi" : true, "data_time" : "2026-05-03 03:11:08", "pharmacy_per_10k" : 2.2}}, {"type" : "Feature", "geometry" : {"type" : "Point", "coordinates" : [121.5443738, 24.97014189]}, "properties" : {"id" : 1729, "name" : "南和藥局", "address" : "新北市新店區中正路58號", "telephone" : "0229124220", "city" : "新北市", "district" : "新店區", "nhi" : true, "data_time" : "2026-05-03 03:11:08", "pharmacy_per_10k" : 2.2}}, {"type" : "Feature", "geometry" : {"type" : "Point", "coordinates" : [121.541833, 24.98033396]}, "properties" : {"id" : 1730, "name" : "大誠藥局", "address" : "新北市新店區明德里北新路3段41號", "telephone" : "0229113135", "city" : "新北市", "district" : "新店區", "nhi" : true, "data_time" : "2026-05-03 03:11:08", "pharmacy_per_10k" : 2.2}}, {"type" : "Feature", "geometry" : {"type" : "Point", "coordinates" : [121.5086387, 24.95871125]}, "properties" : {"id" : 1926, "name" : "吉順藥局", "address" : "新北市新店區安康路2段225號", "telephone" : "0222119587", "city" : "新北市", "district" : "新店區", "nhi" : true, "data_time" : "2026-05-03 03:11:08", "pharmacy_per_10k" : 2.2}}, {"type" : "Feature", "geometry" : {"type" : "Point", "coordinates" : [121.5341574, 24.95641977]}, "properties" : {"id" : 1927, "name" : "碧潭大藥局", "address" : "新北市新店區碧潭路41號1樓", "telephone" : "0222112271", "city" : "新北市", "district" : "新店區", "nhi" : true, "data_time" : "2026-05-03 03:11:08", "pharmacy_per_10k" : 2.2}}, {"type" : "Feature", "geometry" : {"type" : "Point", "coordinates" : [121.5416396, 24.9821249]}, "properties" : {"id" : 1975, "name" : "金美藥局", "address" : "新北市新店區北新路3段138號1樓", "telephone" : "0229146365", "city" : "新北市", "district" : "新店區", "nhi" : true, "data_time" : "2026-05-03 03:11:08", "pharmacy_per_10k" : 2.2}}, {"type" : "Feature", "geometry" : {"type" : "Point", "coordinates" : [121.5150485, 24.96385164]}, "properties" : {"id" : 1976, "name" : "信龍大藥局", "address" : "新北市新店區安康路2段五十六號", "telephone" : "0222115533", "city" : "新北市", "district" : "新店區", "nhi" : true, "data_time" : "2026-05-03 03:11:08", "pharmacy_per_10k" : 2.2}}, {"type" : "Feature", "geometry" : {"type" : "Point", "coordinates" : [121.5378035, 24.9813828]}, "properties" : {"id" : 1977, "name" : "佳泰藥局", "address" : "新北市新店區建國路224號1樓", "telephone" : "0289193422", "city" : "新北市", "district" : "新店區", "nhi" : true, "data_time" : "2026-05-03 03:11:08", "pharmacy_per_10k" : 2.2}}, {"type" : "Feature", "geometry" : {"type" : "Point", "coordinates" : [121.4954045, 24.95002967]}, "properties" : {"id" : 1978, "name" : "玫瑰健保藥局", "address" : "新北市新店區玫瑰路36號1樓", "telephone" : "0222140036", "city" : "新北市", "district" : "新店區", "nhi" : true, "data_time" : "2026-05-03 03:11:08", "pharmacy_per_10k" : 2.2}}, {"type" : "Feature", "geometry" : {"type" : "Point", "coordinates" : [121.5169768, 24.98530209]}, "properties" : {"id" : 1979, "name" : "安和藥局", "address" : "新北市新店區安和路3段137號1樓", "telephone" : "0286685309", "city" : "新北市", "district" : "新店區", "nhi" : true, "data_time" : "2026-05-03 03:11:08", "pharmacy_per_10k" : 2.2}}, {"type" : "Feature", "geometry" : {"type" : "Point", "coordinates" : [121.5409, 24.983028]}, "properties" : {"id" : 2067, "name" : "維春藥局", "address" : "新北市新店區民權路三十二號", "telephone" : "0229185213", "city" : "新北市", "district" : "新店區", "nhi" : false, "data_time" : "2026-05-03 03:11:08", "pharmacy_per_10k" : 2.2}}, {"type" : "Feature", "geometry" : {"type" : "Point", "coordinates" : [121.5545, 24.953628]}, "properties" : {"id" : 2068, "name" : "晨安藥局", "address" : "新北市新店區北宜路二段261號1樓", "telephone" : "282171911", "city" : "新北市", "district" : "新店區", "nhi" : false, "data_time" : "2026-05-03 03:11:08", "pharmacy_per_10k" : 2.2}}, {"type" : "Feature", "geometry" : {"type" : "Point", "coordinates" : [121.5396, 24.972425]}, "properties" : {"id" : 2069, "name" : "道明藥局", "address" : "新北市新店區三民路８號", "telephone" : "0229173817、0939342585", "city" : "新北市", "district" : "新店區", "nhi" : false, "data_time" : "2026-05-03 03:11:08", "pharmacy_per_10k" : 2.2}}, {"type" : "Feature", "geometry" : {"type" : "Point", "coordinates" : [121.5416, 24.982124]}, "properties" : {"id" : 2070, "name" : "金美藥局", "address" : "新北市新店區北新路三段一三八號一樓", "telephone" : "0229146365", "city" : "新北市", "district" : "新店區", "nhi" : false, "data_time" : "2026-05-03 03:11:08", "pharmacy_per_10k" : 2.2}}, {"type" : "Feature", "geometry" : {"type" : "Point", "coordinates" : [121.5303, 24.948964]}, "properties" : {"id" : 2071, "name" : "仁佑藥局", "address" : "新北市新店區永業路８１巷５弄２號", "telephone" : "0229156438、090805865", "city" : "新北市", "district" : "新店區", "nhi" : false, "data_time" : "2026-05-03 03:11:08", "pharmacy_per_10k" : 2.2}}, {"type" : "Feature", "geometry" : {"type" : "Point", "coordinates" : [121.5444, 24.970141]}, "properties" : {"id" : 2072, "name" : "南和藥局", "address" : "新北市新店區中正路５８號", "telephone" : "0229124220", "city" : "新北市", "district" : "新店區", "nhi" : false, "data_time" : "2026-05-03 03:11:08", "pharmacy_per_10k" : 2.2}}, {"type" : "Feature", "geometry" : {"type" : "Point", "coordinates" : [121.5389, 24.969204]}, "properties" : {"id" : 2073, "name" : "吉成藥局", "address" : "新北市新店區中華路１０７號", "telephone" : "0229114426", "city" : "新北市", "district" : "新店區", "nhi" : false, "data_time" : "2026-05-03 03:11:08", "pharmacy_per_10k" : 2.2}}, {"type" : "Feature", "geometry" : {"type" : "Point", "coordinates" : [121.4506145, 25.03586013]}, "properties" : {"id" : 943, "name" : "文安藥局", "address" : "新北市新莊區褔壽街116號", "telephone" : "0229978477", "city" : "新北市", "district" : "新莊區", "nhi" : true, "data_time" : "2026-05-03 03:11:08", "pharmacy_per_10k" : 3.24}}, {"type" : "Feature", "geometry" : {"type" : "Point", "coordinates" : [121.4656722, 25.04649462]}, "properties" : {"id" : 944, "name" : "武田藥局", "address" : "新北市新莊區化成路212號", "telephone" : "0229944029", "city" : "新北市", "district" : "新莊區", "nhi" : true, "data_time" : "2026-05-03 03:11:08", "pharmacy_per_10k" : 3.24}}, {"type" : "Feature", "geometry" : {"type" : "Point", "coordinates" : [121.4500409, 25.04534535]}, "properties" : {"id" : 945, "name" : "達生大藥局", "address" : "新北市新莊區中港一街69號", "telephone" : "0229939360", "city" : "新北市", "district" : "新莊區", "nhi" : true, "data_time" : "2026-05-03 03:11:08", "pharmacy_per_10k" : 3.24}}, {"type" : "Feature", "geometry" : {"type" : "Point", "coordinates" : [121.4449073, 25.04180475]}, "properties" : {"id" : 946, "name" : "祥好大藥局", "address" : "新北市新莊區新泰路331號", "telephone" : "0229939051", "city" : "新北市", "district" : "新莊區", "nhi" : true, "data_time" : "2026-05-03 03:11:08", "pharmacy_per_10k" : 3.24}}, {"type" : "Feature", "geometry" : {"type" : "Point", "coordinates" : [121.4474624, 25.03833871]}, "properties" : {"id" : 947, "name" : "再豐藥局", "address" : "新北市新莊區新泰路150巷13號", "telephone" : "0229936092", "city" : "新北市", "district" : "新莊區", "nhi" : true, "data_time" : "2026-05-03 03:11:08", "pharmacy_per_10k" : 3.24}}, {"type" : "Feature", "geometry" : {"type" : "Point", "coordinates" : [121.4656657, 25.05734029]}, "properties" : {"id" : 948, "name" : "楊氏武田藥局", "address" : "新北市新莊區化成路373-5號", "telephone" : "0229930073", "city" : "新北市", "district" : "新莊區", "nhi" : true, "data_time" : "2026-05-03 03:11:08", "pharmacy_per_10k" : 3.24}}, {"type" : "Feature", "geometry" : {"type" : "Point", "coordinates" : [121.4546441, 25.04668249]}, "properties" : {"id" : 949, "name" : "新民藥局", "address" : "新北市新莊區自強街39號", "telephone" : "0229917773", "city" : "新北市", "district" : "新莊區", "nhi" : true, "data_time" : "2026-05-03 03:11:08", "pharmacy_per_10k" : 3.24}}, {"type" : "Feature", "geometry" : {"type" : "Point", "coordinates" : [121.4280259, 25.02684741]}, "properties" : {"id" : 1025, "name" : "西華藥局", "address" : "新北市新莊區後港一路102號1樓", "telephone" : "0282012697", "city" : "新北市", "district" : "新莊區", "nhi" : true, "data_time" : "2026-05-03 03:11:08", "pharmacy_per_10k" : 3.24}}, {"type" : "Feature", "geometry" : {"type" : "Point", "coordinates" : [121.4270476, 25.02135888]}, "properties" : {"id" : 1026, "name" : "富祐藥局", "address" : "新北市新莊區民安西路21號1樓", "telephone" : "0282012451", "city" : "新北市", "district" : "新莊區", "nhi" : true, "data_time" : "2026-05-03 03:11:08", "pharmacy_per_10k" : 3.24}}, {"type" : "Feature", "geometry" : {"type" : "Point", "coordinates" : [121.4596033, 25.04226901]}, "properties" : {"id" : 1039, "name" : "北醫藥局", "address" : "新北市新莊區思源路119號1樓", "telephone" : "0229983670", "city" : "新北市", "district" : "新莊區", "nhi" : true, "data_time" : "2026-05-03 03:11:08", "pharmacy_per_10k" : 3.24}}, {"type" : "Feature", "geometry" : {"type" : "Point", "coordinates" : [121.4513173, 25.04812203]}, "properties" : {"id" : 1040, "name" : "建嘉藥局", "address" : "新北市新莊區中誠街42號1樓", "telephone" : "0229935301", "city" : "新北市", "district" : "新莊區", "nhi" : true, "data_time" : "2026-05-03 03:11:08", "pharmacy_per_10k" : 3.24}}, {"type" : "Feature", "geometry" : {"type" : "Point", "coordinates" : [121.4472472, 25.0382868]}, "properties" : {"id" : 1210, "name" : "聯合藥局", "address" : "新北市新莊區新泰路194號2樓", "telephone" : "0222796464", "city" : "新北市", "district" : "新莊區", "nhi" : true, "data_time" : "2026-05-03 03:11:08", "pharmacy_per_10k" : 3.24}}, {"type" : "Feature", "geometry" : {"type" : "Point", "coordinates" : [121.4280942, 25.01901177]}, "properties" : {"id" : 1267, "name" : "庭安藥局", "address" : "新北市新莊區西盛街172號1樓", "telephone" : "0222080528", "city" : "新北市", "district" : "新莊區", "nhi" : true, "data_time" : "2026-05-03 03:11:08", "pharmacy_per_10k" : 3.24}}, {"type" : "Feature", "geometry" : {"type" : "Point", "coordinates" : [121.4462318, 25.03395311]}, "properties" : {"id" : 1268, "name" : "豐年藥局", "address" : "新北市新莊區中正路377巷16號", "telephone" : "0220711823", "city" : "新北市", "district" : "新莊區", "nhi" : true, "data_time" : "2026-05-03 03:11:08", "pharmacy_per_10k" : 3.24}}, {"type" : "Feature", "geometry" : {"type" : "Point", "coordinates" : [121.4242476, 25.02112204]}, "properties" : {"id" : 1269, "name" : "蘋果藥局", "address" : "新北市新莊區八德街105號", "telephone" : "0222053933", "city" : "新北市", "district" : "新莊區", "nhi" : true, "data_time" : "2026-05-03 03:11:08", "pharmacy_per_10k" : 3.24}}, {"type" : "Feature", "geometry" : {"type" : "Point", "coordinates" : [121.4262006, 25.0225571]}, "properties" : {"id" : 1270, "name" : "三大藥局", "address" : "新北市新莊區民安路197號", "telephone" : "0222030503", "city" : "新北市", "district" : "新莊區", "nhi" : true, "data_time" : "2026-05-03 03:11:08", "pharmacy_per_10k" : 3.24}}, {"type" : "Feature", "geometry" : {"type" : "Point", "coordinates" : [121.4270373, 25.02604048]}, "properties" : {"id" : 1271, "name" : "錄新藥局", "address" : "新北市新莊區後港一路76巷10弄1號", "telephone" : "0222051849", "city" : "新北市", "district" : "新莊區", "nhi" : true, "data_time" : "2026-05-03 03:11:08", "pharmacy_per_10k" : 3.24}}, {"type" : "Feature", "geometry" : {"type" : "Point", "coordinates" : [121.4230282, 25.02418251]}, "properties" : {"id" : 1272, "name" : "冠仁藥局", "address" : "新北市新莊區四維路126巷6號", "telephone" : "0222029415", "city" : "新北市", "district" : "新莊區", "nhi" : true, "data_time" : "2026-05-03 03:11:08", "pharmacy_per_10k" : 3.24}}, {"type" : "Feature", "geometry" : {"type" : "Point", "coordinates" : [121.4274861, 25.02043907]}, "properties" : {"id" : 1273, "name" : "七安大藥局", "address" : "新北市新莊區民安西路55號1、2樓及57號1樓", "telephone" : "0222026066", "city" : "新北市", "district" : "新莊區", "nhi" : true, "data_time" : "2026-05-03 03:11:08", "pharmacy_per_10k" : 3.24}}, {"type" : "Feature", "geometry" : {"type" : "Point", "coordinates" : [121.4550269, 25.05236108]}, "properties" : {"id" : 1290, "name" : "華泰藥局", "address" : "新北市新莊區昌明街80號1樓", "telephone" : "0289928500", "city" : "新北市", "district" : "新莊區", "nhi" : true, "data_time" : "2026-05-03 03:11:08", "pharmacy_per_10k" : 3.24}}, {"type" : "Feature", "geometry" : {"type" : "Point", "coordinates" : [121.4245601, 25.02496442]}, "properties" : {"id" : 1314, "name" : "薇妮藥妝藥局", "address" : "新北市新莊區民安路148號1樓", "telephone" : "0282010817", "city" : "新北市", "district" : "新莊區", "nhi" : true, "data_time" : "2026-05-03 03:11:08", "pharmacy_per_10k" : 3.24}}, {"type" : "Feature", "geometry" : {"type" : "Point", "coordinates" : [121.450919, 25.04929657]}, "properties" : {"id" : 1315, "name" : "大樹幸福藥局", "address" : "新北市新莊區幸福路672號1樓", "telephone" : "0229981066", "city" : "新北市", "district" : "新莊區", "nhi" : true, "data_time" : "2026-05-03 03:11:08", "pharmacy_per_10k" : 3.24}}, {"type" : "Feature", "geometry" : {"type" : "Point", "coordinates" : [121.4446729, 25.04371331]}, "properties" : {"id" : 1316, "name" : "新莊至誠藥局", "address" : "新北市新莊區中平路29號2樓", "telephone" : "0229980345", "city" : "新北市", "district" : "新莊區", "nhi" : true, "data_time" : "2026-05-03 03:11:08", "pharmacy_per_10k" : 3.24}}, {"type" : "Feature", "geometry" : {"type" : "Point", "coordinates" : [121.4485653, 25.05294523]}, "properties" : {"id" : 1317, "name" : "詠康聯合藥局", "address" : "新北市新莊區中榮街66巷1號1樓", "telephone" : "0229964436", "city" : "新北市", "district" : "新莊區", "nhi" : true, "data_time" : "2026-05-03 03:11:08", "pharmacy_per_10k" : 3.24}}, {"type" : "Feature", "geometry" : {"type" : "Point", "coordinates" : [121.4492614, 25.03484695]}, "properties" : {"id" : 1318, "name" : "新新藥局", "address" : "新北市新莊區新泰路62號2樓", "telephone" : "0229945994", "city" : "新北市", "district" : "新莊區", "nhi" : true, "data_time" : "2026-05-03 03:11:08", "pharmacy_per_10k" : 3.24}}, {"type" : "Feature", "geometry" : {"type" : "Point", "coordinates" : [121.4492061, 25.04907267]}, "properties" : {"id" : 1319, "name" : "真美滿藥局", "address" : "新北市新莊區幸福路729號2樓", "telephone" : "0229919473", "city" : "新北市", "district" : "新莊區", "nhi" : true, "data_time" : "2026-05-03 03:11:08", "pharmacy_per_10k" : 3.24}}, {"type" : "Feature", "geometry" : {"type" : "Point", "coordinates" : [121.4530601, 25.04584669]}, "properties" : {"id" : 1320, "name" : "和昌藥局", "address" : "新北市新莊區中安街15號1樓", "telephone" : "0229900669", "city" : "新北市", "district" : "新莊區", "nhi" : true, "data_time" : "2026-05-03 03:11:08", "pharmacy_per_10k" : 3.24}}, {"type" : "Feature", "geometry" : {"type" : "Point", "coordinates" : [121.4146432, 25.02228469]}, "properties" : {"id" : 1344, "name" : "藥-道中西藥局", "address" : "新北市新莊區龍安路24號1樓", "telephone" : "0229083318", "city" : "新北市", "district" : "新莊區", "nhi" : true, "data_time" : "2026-05-03 03:11:08", "pharmacy_per_10k" : 3.24}}, {"type" : "Feature", "geometry" : {"type" : "Point", "coordinates" : [121.434105, 25.03293676]}, "properties" : {"id" : 1345, "name" : "輔大美康藥局", "address" : "新北市新莊區中正路510號-1(1樓)", "telephone" : "0229013056", "city" : "新北市", "district" : "新莊區", "nhi" : true, "data_time" : "2026-05-03 03:11:08", "pharmacy_per_10k" : 3.24}}, {"type" : "Feature", "geometry" : {"type" : "Point", "coordinates" : [121.4581853, 25.04942801]}, "properties" : {"id" : 1354, "name" : "家福健保藥局", "address" : "新北市新莊區福壽街67號2樓", "telephone" : "0222942300", "city" : "新北市", "district" : "新莊區", "nhi" : true, "data_time" : "2026-05-03 03:11:08", "pharmacy_per_10k" : 3.24}}, {"type" : "Feature", "geometry" : {"type" : "Point", "coordinates" : [121.4468641, 25.03675441]}, "properties" : {"id" : 1360, "name" : "巧心藥局", "address" : "新北市新莊區建中街92號1樓", "telephone" : "0222778584", "city" : "新北市", "district" : "新莊區", "nhi" : true, "data_time" : "2026-05-03 03:11:08", "pharmacy_per_10k" : 3.24}}, {"type" : "Feature", "geometry" : {"type" : "Point", "coordinates" : [121.4459675, 25.04007145]}, "properties" : {"id" : 1361, "name" : "英謙藥局", "address" : "新北市新莊區新泰路261號1樓", "telephone" : "0222774822", "city" : "新北市", "district" : "新莊區", "nhi" : true, "data_time" : "2026-05-03 03:11:08", "pharmacy_per_10k" : 3.24}}, {"type" : "Feature", "geometry" : {"type" : "Point", "coordinates" : [121.4227616, 25.01926708]}, "properties" : {"id" : 1366, "name" : "悅生藥局", "address" : "新北市新莊區龍安路343-1號1樓", "telephone" : "0222081219", "city" : "新北市", "district" : "新莊區", "nhi" : true, "data_time" : "2026-05-03 03:11:08", "pharmacy_per_10k" : 3.24}}, {"type" : "Feature", "geometry" : {"type" : "Point", "coordinates" : [121.4272656, 25.02037282]}, "properties" : {"id" : 1367, "name" : "平安藥局", "address" : "新北市新莊區民安西路60號2樓", "telephone" : "0222066608", "city" : "新北市", "district" : "新莊區", "nhi" : true, "data_time" : "2026-05-03 03:11:08", "pharmacy_per_10k" : 3.24}}, {"type" : "Feature", "geometry" : {"type" : "Point", "coordinates" : [121.4265469, 25.0276406]}, "properties" : {"id" : 1368, "name" : "向日葵健保藥局", "address" : "新北市新莊區建福路50號1樓", "telephone" : "0222060377", "city" : "新北市", "district" : "新莊區", "nhi" : true, "data_time" : "2026-05-03 03:11:08", "pharmacy_per_10k" : 3.24}}, {"type" : "Feature", "geometry" : {"type" : "Point", "coordinates" : [121.4454241, 25.03450589]}, "properties" : {"id" : 1369, "name" : "天仁大藥局", "address" : "新北市新莊區中正路397號1樓", "telephone" : "0222013625", "city" : "新北市", "district" : "新莊區", "nhi" : true, "data_time" : "2026-05-03 03:11:08", "pharmacy_per_10k" : 3.24}}, {"type" : "Feature", "geometry" : {"type" : "Point", "coordinates" : [121.4494263, 25.03405281]}, "properties" : {"id" : 1370, "name" : "大樹新莊藥局", "address" : "新北市新莊區新泰路59號1、2樓", "telephone" : "0222010566", "city" : "新北市", "district" : "新莊區", "nhi" : true, "data_time" : "2026-05-03 03:11:08", "pharmacy_per_10k" : 3.24}}, {"type" : "Feature", "geometry" : {"type" : "Point", "coordinates" : [121.4248582, 25.02426531]}, "properties" : {"id" : 1384, "name" : "元大藥局", "address" : "新北市新莊區富國路204號1、2樓", "telephone" : "9.88E+08", "city" : "新北市", "district" : "新莊區", "nhi" : true, "data_time" : "2026-05-03 03:11:08", "pharmacy_per_10k" : 3.24}}, {"type" : "Feature", "geometry" : {"type" : "Point", "coordinates" : [121.4434551, 25.03530724]}, "properties" : {"id" : 1386, "name" : "大仁藥局", "address" : "新北市新莊區公園一路32號1樓", "telephone" : "9.55E+08", "city" : "新北市", "district" : "新莊區", "nhi" : true, "data_time" : "2026-05-03 03:11:08", "pharmacy_per_10k" : 3.24}}, {"type" : "Feature", "geometry" : {"type" : "Point", "coordinates" : [121.4583229, 25.04940144]}, "properties" : {"id" : 1389, "name" : "陽光藥局", "address" : "新北市新莊區福壽街72號", "telephone" : "9.38E+08", "city" : "新北市", "district" : "新莊區", "nhi" : true, "data_time" : "2026-05-03 03:11:08", "pharmacy_per_10k" : 3.24}}, {"type" : "Feature", "geometry" : {"type" : "Point", "coordinates" : [121.4446154, 25.05253303]}, "properties" : {"id" : 1402, "name" : "賞安藥局", "address" : "新北市新莊區中平路373號1樓", "telephone" : "9.10E+08", "city" : "新北市", "district" : "新莊區", "nhi" : true, "data_time" : "2026-05-03 03:11:08", "pharmacy_per_10k" : 3.24}}, {"type" : "Feature", "geometry" : {"type" : "Point", "coordinates" : [121.4534289, 25.04919863]}, "properties" : {"id" : 1417, "name" : "金翔藥局", "address" : "新北市新莊區幸福路595號1樓", "telephone" : "0229988552", "city" : "新北市", "district" : "新莊區", "nhi" : true, "data_time" : "2026-05-03 03:11:08", "pharmacy_per_10k" : 3.24}}, {"type" : "Feature", "geometry" : {"type" : "Point", "coordinates" : [121.4587663, 25.04985312]}, "properties" : {"id" : 1418, "name" : "幸寧藥局", "address" : "新北市新莊區福壽街84巷12號1樓", "telephone" : "0229971150", "city" : "新北市", "district" : "新莊區", "nhi" : true, "data_time" : "2026-05-03 03:11:08", "pharmacy_per_10k" : 3.24}}, {"type" : "Feature", "geometry" : {"type" : "Point", "coordinates" : [121.4456096, 25.03584661]}, "properties" : {"id" : 1419, "name" : "勝安藥局", "address" : "新北市新莊區中正路334巷23號1樓", "telephone" : "0229963394", "city" : "新北市", "district" : "新莊區", "nhi" : true, "data_time" : "2026-05-03 03:11:08", "pharmacy_per_10k" : 3.24}}, {"type" : "Feature", "geometry" : {"type" : "Point", "coordinates" : [121.4555147, 25.04550217]}, "properties" : {"id" : 1420, "name" : "禮安藥師藥局", "address" : "新北市新莊區自立街109號1樓", "telephone" : "0229942891", "city" : "新北市", "district" : "新莊區", "nhi" : true, "data_time" : "2026-05-03 03:11:08", "pharmacy_per_10k" : 3.24}}, {"type" : "Feature", "geometry" : {"type" : "Point", "coordinates" : [121.4458315, 25.0348403]}, "properties" : {"id" : 1421, "name" : "聯成藥局", "address" : "新北市新莊區中正路332號", "telephone" : "0229941915", "city" : "新北市", "district" : "新莊區", "nhi" : true, "data_time" : "2026-05-03 03:11:08", "pharmacy_per_10k" : 3.24}}, {"type" : "Feature", "geometry" : {"type" : "Point", "coordinates" : [121.4523611, 25.04543916]}, "properties" : {"id" : 1422, "name" : "十安藥局", "address" : "新北市新莊區中港路316號", "telephone" : "0229922859", "city" : "新北市", "district" : "新莊區", "nhi" : true, "data_time" : "2026-05-03 03:11:08", "pharmacy_per_10k" : 3.24}}, {"type" : "Feature", "geometry" : {"type" : "Point", "coordinates" : [121.4577778, 25.04509562]}, "properties" : {"id" : 1423, "name" : "明生藥局", "address" : "新北市新莊區福樂街15號", "telephone" : "0229913260", "city" : "新北市", "district" : "新莊區", "nhi" : true, "data_time" : "2026-05-03 03:11:08", "pharmacy_per_10k" : 3.24}}, {"type" : "Feature", "geometry" : {"type" : "Point", "coordinates" : [121.4554365, 25.04927609]}, "properties" : {"id" : 1424, "name" : "北安藥局", "address" : "新北市新莊區幸福路529號1樓", "telephone" : "0229906923", "city" : "新北市", "district" : "新莊區", "nhi" : true, "data_time" : "2026-05-03 03:11:08", "pharmacy_per_10k" : 3.24}}, {"type" : "Feature", "geometry" : {"type" : "Point", "coordinates" : [121.4262428, 25.02422904]}, "properties" : {"id" : 1562, "name" : "祐全大藥局", "address" : "新北市新莊區建安街88號1樓", "telephone" : "0222051220", "city" : "新北市", "district" : "新莊區", "nhi" : true, "data_time" : "2026-05-03 03:11:08", "pharmacy_per_10k" : 3.24}}, {"type" : "Feature", "geometry" : {"type" : "Point", "coordinates" : [121.4261504, 25.02232374]}, "properties" : {"id" : 1563, "name" : "民安藥局", "address" : "新北市新莊區民安路232號", "telephone" : "0222038910", "city" : "新北市", "district" : "新莊區", "nhi" : true, "data_time" : "2026-05-03 03:11:08", "pharmacy_per_10k" : 3.24}}, {"type" : "Feature", "geometry" : {"type" : "Point", "coordinates" : [121.4228464, 25.02239627]}, "properties" : {"id" : 1564, "name" : "佑仁藥師藥局", "address" : "新北市新莊區四維路137號", "telephone" : "0222026747", "city" : "新北市", "district" : "新莊區", "nhi" : true, "data_time" : "2026-05-03 03:11:08", "pharmacy_per_10k" : 3.24}}, {"type" : "Feature", "geometry" : {"type" : "Point", "coordinates" : [121.4504549, 25.03557524]}, "properties" : {"id" : 1565, "name" : "快樂藥局", "address" : "新北市新莊區中正路243-1號1至2樓", "telephone" : "0293215664", "city" : "新北市", "district" : "新莊區", "nhi" : true, "data_time" : "2026-05-03 03:11:08", "pharmacy_per_10k" : 3.24}}, {"type" : "Feature", "geometry" : {"type" : "Point", "coordinates" : [121.4522708, 25.05002969]}, "properties" : {"id" : 1566, "name" : "日光藥局", "address" : "新北市新莊區中港路404號1樓", "telephone" : "0289937296", "city" : "新北市", "district" : "新莊區", "nhi" : true, "data_time" : "2026-05-03 03:11:08", "pharmacy_per_10k" : 3.24}}, {"type" : "Feature", "geometry" : {"type" : "Point", "coordinates" : [121.4571647, 25.04451586]}, "properties" : {"id" : 1567, "name" : "力源藥局", "address" : "新北市新莊區復興路2段133號1樓", "telephone" : "0289929919", "city" : "新北市", "district" : "新莊區", "nhi" : true, "data_time" : "2026-05-03 03:11:08", "pharmacy_per_10k" : 3.24}}, {"type" : "Feature", "geometry" : {"type" : "Point", "coordinates" : [121.4553128, 25.04549323]}, "properties" : {"id" : 1568, "name" : "家嘉藥局", "address" : "新北市新莊區自立街103號1樓", "telephone" : "0289926488", "city" : "新北市", "district" : "新莊區", "nhi" : true, "data_time" : "2026-05-03 03:11:08", "pharmacy_per_10k" : 3.24}}, {"type" : "Feature", "geometry" : {"type" : "Point", "coordinates" : [121.4563176, 25.04448621]}, "properties" : {"id" : 1569, "name" : "福華藥局", "address" : "新北市新莊區復興路2段109號", "telephone" : "0289917390", "city" : "新北市", "district" : "新莊區", "nhi" : true, "data_time" : "2026-05-03 03:11:08", "pharmacy_per_10k" : 3.24}}, {"type" : "Feature", "geometry" : {"type" : "Point", "coordinates" : [121.4467268, 25.04918896]}, "properties" : {"id" : 1570, "name" : "臻善美藥局", "address" : "新北市新莊區幸福路786號1樓", "telephone" : "0289914303", "city" : "新北市", "district" : "新莊區", "nhi" : true, "data_time" : "2026-05-03 03:11:08", "pharmacy_per_10k" : 3.24}}, {"type" : "Feature", "geometry" : {"type" : "Point", "coordinates" : [121.4656452, 25.05747651]}, "properties" : {"id" : 1603, "name" : "化成藥局", "address" : "新北市新莊區化成路740號1樓", "telephone" : "0285219099", "city" : "新北市", "district" : "新莊區", "nhi" : true, "data_time" : "2026-05-03 03:11:08", "pharmacy_per_10k" : 3.24}}, {"type" : "Feature", "geometry" : {"type" : "Point", "coordinates" : [121.4549885, 25.04831363]}, "properties" : {"id" : 1619, "name" : "宏福藥局", "address" : "新北市新莊區自信街55號1樓", "telephone" : "0229985225", "city" : "新北市", "district" : "新莊區", "nhi" : true, "data_time" : "2026-05-03 03:11:08", "pharmacy_per_10k" : 3.24}}, {"type" : "Feature", "geometry" : {"type" : "Point", "coordinates" : [121.4553632, 25.04019677]}, "properties" : {"id" : 1620, "name" : "翔昱健保藥局", "address" : "新北市新莊區中港路120號", "telephone" : "0229983056", "city" : "新北市", "district" : "新莊區", "nhi" : true, "data_time" : "2026-05-03 03:11:08", "pharmacy_per_10k" : 3.24}}, {"type" : "Feature", "geometry" : {"type" : "Point", "coordinates" : [121.4478205, 25.03731288]}, "properties" : {"id" : 1621, "name" : "朝陽藥局", "address" : "新北市新莊區新泰路148號2樓", "telephone" : "0229983020", "city" : "新北市", "district" : "新莊區", "nhi" : true, "data_time" : "2026-05-03 03:11:08", "pharmacy_per_10k" : 3.24}}, {"type" : "Feature", "geometry" : {"type" : "Point", "coordinates" : [121.4475179, 25.03701639]}, "properties" : {"id" : 1622, "name" : "惠欣藥局", "address" : "新北市新莊區建中街72-1號1樓", "telephone" : "0229978962", "city" : "新北市", "district" : "新莊區", "nhi" : true, "data_time" : "2026-05-03 03:11:08", "pharmacy_per_10k" : 3.24}}, {"type" : "Feature", "geometry" : {"type" : "Point", "coordinates" : [121.4577771, 25.05171828]}, "properties" : {"id" : 1623, "name" : "新莊大藥局", "address" : "新北市新莊區福壽街134號", "telephone" : "0229978268", "city" : "新北市", "district" : "新莊區", "nhi" : true, "data_time" : "2026-05-03 03:11:08", "pharmacy_per_10k" : 3.24}}, {"type" : "Feature", "geometry" : {"type" : "Point", "coordinates" : [121.4488403, 25.04759748]}, "properties" : {"id" : 1624, "name" : "冠昌藥局", "address" : "新北市新莊區中誠街140號", "telephone" : "0229975009", "city" : "新北市", "district" : "新莊區", "nhi" : true, "data_time" : "2026-05-03 03:11:08", "pharmacy_per_10k" : 3.24}}, {"type" : "Feature", "geometry" : {"type" : "Point", "coordinates" : [121.4479873, 25.05311133]}, "properties" : {"id" : 1625, "name" : "中信藥師藥局", "address" : "新北市新莊區中信街80號1樓", "telephone" : "0229969811", "city" : "新北市", "district" : "新莊區", "nhi" : true, "data_time" : "2026-05-03 03:11:08", "pharmacy_per_10k" : 3.24}}, {"type" : "Feature", "geometry" : {"type" : "Point", "coordinates" : [121.4442761, 25.04642912]}, "properties" : {"id" : 1626, "name" : "詠祥藥局", "address" : "新北市新莊區新泰路502巷52號", "telephone" : "0229965498", "city" : "新北市", "district" : "新莊區", "nhi" : true, "data_time" : "2026-05-03 03:11:08", "pharmacy_per_10k" : 3.24}}, {"type" : "Feature", "geometry" : {"type" : "Point", "coordinates" : [121.4543458, 25.04863327]}, "properties" : {"id" : 1627, "name" : "宏泰藥局", "address" : "新北市新莊區自信街37號1樓", "telephone" : "0229964649", "city" : "新北市", "district" : "新莊區", "nhi" : true, "data_time" : "2026-05-03 03:11:08", "pharmacy_per_10k" : 3.24}}, {"type" : "Feature", "geometry" : {"type" : "Point", "coordinates" : [121.4558784, 25.04929026]}, "properties" : {"id" : 1628, "name" : "明亮藥局", "address" : "新北市新莊區幸福路511號1樓", "telephone" : "0229962671", "city" : "新北市", "district" : "新莊區", "nhi" : true, "data_time" : "2026-05-03 03:11:08", "pharmacy_per_10k" : 3.24}}, {"type" : "Feature", "geometry" : {"type" : "Point", "coordinates" : [121.4520994, 25.03800131]}, "properties" : {"id" : 1630, "name" : "新佑康健保藥局", "address" : "新北市新莊區中華路1段46號1樓", "telephone" : "0229947490", "city" : "新北市", "district" : "新莊區", "nhi" : true, "data_time" : "2026-05-03 03:11:08", "pharmacy_per_10k" : 3.24}}, {"type" : "Feature", "geometry" : {"type" : "Point", "coordinates" : [121.4534888, 25.04339798]}, "properties" : {"id" : 1631, "name" : "聯盟藥局", "address" : "新北市新莊區中港路267巷1號1樓", "telephone" : "0229941168", "city" : "新北市", "district" : "新莊區", "nhi" : true, "data_time" : "2026-05-03 03:11:08", "pharmacy_per_10k" : 3.24}}, {"type" : "Feature", "geometry" : {"type" : "Point", "coordinates" : [121.4446768, 25.04602013]}, "properties" : {"id" : 1632, "name" : "大方藥局", "address" : "新北市新莊區中平路89號1樓", "telephone" : "0229938881", "city" : "新北市", "district" : "新莊區", "nhi" : true, "data_time" : "2026-05-03 03:11:08", "pharmacy_per_10k" : 3.24}}, {"type" : "Feature", "geometry" : {"type" : "Point", "coordinates" : [121.4559725, 25.03607673]}, "properties" : {"id" : 1633, "name" : "宏昌藥局", "address" : "新北市新莊區新莊路120號", "telephone" : "0229934156", "city" : "新北市", "district" : "新莊區", "nhi" : true, "data_time" : "2026-05-03 03:11:08", "pharmacy_per_10k" : 3.24}}, {"type" : "Feature", "geometry" : {"type" : "Point", "coordinates" : [121.4543759, 25.04987755]}, "properties" : {"id" : 1634, "name" : "王藥局", "address" : "新北市新莊區昌盛街38號", "telephone" : "0229922404", "city" : "新北市", "district" : "新莊區", "nhi" : true, "data_time" : "2026-05-03 03:11:08", "pharmacy_per_10k" : 3.24}}, {"type" : "Feature", "geometry" : {"type" : "Point", "coordinates" : [121.4460253, 25.04283499]}, "properties" : {"id" : 1635, "name" : "蘇藥局", "address" : "新北市新莊區中平路6巷37號", "telephone" : "0229917818", "city" : "新北市", "district" : "新莊區", "nhi" : true, "data_time" : "2026-05-03 03:11:08", "pharmacy_per_10k" : 3.24}}, {"type" : "Feature", "geometry" : {"type" : "Point", "coordinates" : [121.4553404, 25.03862269]}, "properties" : {"id" : 1636, "name" : "二安藥局", "address" : "新北市新莊區中港路65號", "telephone" : "0229914527", "city" : "新北市", "district" : "新莊區", "nhi" : true, "data_time" : "2026-05-03 03:11:08", "pharmacy_per_10k" : 3.24}}, {"type" : "Feature", "geometry" : {"type" : "Point", "coordinates" : [121.4548897, 25.05279562]}, "properties" : {"id" : 1637, "name" : "喜來樂中西藥局", "address" : "新北市新莊區昌平街20號1樓", "telephone" : "0229912068", "city" : "新北市", "district" : "新莊區", "nhi" : true, "data_time" : "2026-05-03 03:11:08", "pharmacy_per_10k" : 3.24}}, {"type" : "Feature", "geometry" : {"type" : "Point", "coordinates" : [121.4564946, 25.05237086]}, "properties" : {"id" : 1638, "name" : "家安藥局", "address" : "新北市新莊區昌明街38-1號", "telephone" : "0229911764", "city" : "新北市", "district" : "新莊區", "nhi" : true, "data_time" : "2026-05-03 03:11:08", "pharmacy_per_10k" : 3.24}}, {"type" : "Feature", "geometry" : {"type" : "Point", "coordinates" : [121.4562276, 25.04947941]}, "properties" : {"id" : 1639, "name" : "新川藥局", "address" : "新北市新莊區幸福路90號及92號1樓", "telephone" : "0229910407", "city" : "新北市", "district" : "新莊區", "nhi" : true, "data_time" : "2026-05-03 03:11:08", "pharmacy_per_10k" : 3.24}}, {"type" : "Feature", "geometry" : {"type" : "Point", "coordinates" : [121.451994, 25.05105409]}, "properties" : {"id" : 1640, "name" : "環球藥局", "address" : "新北市新莊區中港路436號1、2樓", "telephone" : "0229901934", "city" : "新北市", "district" : "新莊區", "nhi" : true, "data_time" : "2026-05-03 03:11:08", "pharmacy_per_10k" : 3.24}}, {"type" : "Feature", "geometry" : {"type" : "Point", "coordinates" : [121.4446891, 25.04507178]}, "properties" : {"id" : 1641, "name" : "微笑埔銓藥局", "address" : "新北市新莊區中平路77號", "telephone" : "0229901680", "city" : "新北市", "district" : "新莊區", "nhi" : true, "data_time" : "2026-05-03 03:11:08", "pharmacy_per_10k" : 3.24}}, {"type" : "Feature", "geometry" : {"type" : "Point", "coordinates" : [121.457849, 25.03777177]}, "properties" : {"id" : 1642, "name" : "樂寶兒藥局", "address" : "新北市新莊區中正路82-2號1樓", "telephone" : "0229900185", "city" : "新北市", "district" : "新莊區", "nhi" : true, "data_time" : "2026-05-03 03:11:08", "pharmacy_per_10k" : 3.24}}, {"type" : "Feature", "geometry" : {"type" : "Point", "coordinates" : [121.416511, 25.02702456]}, "properties" : {"id" : 1733, "name" : "北安藥妝健康廣場佳康藥局", "address" : "新北市新莊區雙鳳路27號1樓", "telephone" : "0229069899", "city" : "新北市", "district" : "新莊區", "nhi" : true, "data_time" : "2026-05-03 03:11:08", "pharmacy_per_10k" : 3.24}}, {"type" : "Feature", "geometry" : {"type" : "Point", "coordinates" : [121.4173533, 25.02089262]}, "properties" : {"id" : 1734, "name" : "紅豆藥局", "address" : "新北市新莊區龍安路78號1樓", "telephone" : "0229047700", "city" : "新北市", "district" : "新莊區", "nhi" : true, "data_time" : "2026-05-03 03:11:08", "pharmacy_per_10k" : 3.24}}, {"type" : "Feature", "geometry" : {"type" : "Point", "coordinates" : [121.4188948, 25.02644814]}, "properties" : {"id" : 1735, "name" : "富國藥局", "address" : "新北市新莊區富國路31號", "telephone" : "0229039334", "city" : "新北市", "district" : "新莊區", "nhi" : true, "data_time" : "2026-05-03 03:11:08", "pharmacy_per_10k" : 3.24}}, {"type" : "Feature", "geometry" : {"type" : "Point", "coordinates" : [121.4175349, 25.02687614]}, "properties" : {"id" : 1736, "name" : "忠山藥局", "address" : "新北市新莊區雙鳳路2號", "telephone" : "0229027588", "city" : "新北市", "district" : "新莊區", "nhi" : true, "data_time" : "2026-05-03 03:11:08", "pharmacy_per_10k" : 3.24}}, {"type" : "Feature", "geometry" : {"type" : "Point", "coordinates" : [121.4187951, 25.02502025]}, "properties" : {"id" : 1737, "name" : "旭生藥局", "address" : "新北市新莊區裕民街42號1樓", "telephone" : "0229021289", "city" : "新北市", "district" : "新莊區", "nhi" : true, "data_time" : "2026-05-03 03:11:08", "pharmacy_per_10k" : 3.24}}, {"type" : "Feature", "geometry" : {"type" : "Point", "coordinates" : [121.4187029, 25.02789239]}, "properties" : {"id" : 1738, "name" : "晉成藥局", "address" : "新北市新莊區中正路700-23號", "telephone" : "0229017469", "city" : "新北市", "district" : "新莊區", "nhi" : true, "data_time" : "2026-05-03 03:11:08", "pharmacy_per_10k" : 3.24}}, {"type" : "Feature", "geometry" : {"type" : "Point", "coordinates" : [121.4158171, 25.02151028]}, "properties" : {"id" : 1739, "name" : "睿康健保藥局", "address" : "新北市新莊區龍安路49號1樓", "telephone" : "0229015579", "city" : "新北市", "district" : "新莊區", "nhi" : true, "data_time" : "2026-05-03 03:11:08", "pharmacy_per_10k" : 3.24}}, {"type" : "Feature", "geometry" : {"type" : "Point", "coordinates" : [121.4283029, 25.03232152]}, "properties" : {"id" : 1740, "name" : "建昌藥局", "address" : "新北市新莊區中正路557號", "telephone" : "0229015422", "city" : "新北市", "district" : "新莊區", "nhi" : true, "data_time" : "2026-05-03 03:11:08", "pharmacy_per_10k" : 3.24}}, {"type" : "Feature", "geometry" : {"type" : "Point", "coordinates" : [121.4546574, 25.05221316]}, "properties" : {"id" : 1848, "name" : "新莊健業藥局", "address" : "新北市新莊區昌平街37號1樓至2樓", "telephone" : "0222798088", "city" : "新北市", "district" : "新莊區", "nhi" : true, "data_time" : "2026-05-03 03:11:08", "pharmacy_per_10k" : 3.24}}, {"type" : "Feature", "geometry" : {"type" : "Point", "coordinates" : [121.4475041, 25.04808578]}, "properties" : {"id" : 1849, "name" : "健業藥妝藥局", "address" : "新北市新莊區中和街130號1樓", "telephone" : "0222796279", "city" : "新北市", "district" : "新莊區", "nhi" : true, "data_time" : "2026-05-03 03:11:08", "pharmacy_per_10k" : 3.24}}, {"type" : "Feature", "geometry" : {"type" : "Point", "coordinates" : [121.4472093, 25.03797161]}, "properties" : {"id" : 1850, "name" : "心安藥局", "address" : "新北市新莊區新泰路193號2樓", "telephone" : "0222779773", "city" : "新北市", "district" : "新莊區", "nhi" : true, "data_time" : "2026-05-03 03:11:08", "pharmacy_per_10k" : 3.24}}, {"type" : "Feature", "geometry" : {"type" : "Point", "coordinates" : [121.4497828, 25.05089225]}, "properties" : {"id" : 1851, "name" : "陽光連鎖藥局", "address" : "新北市新莊區中信街40號1樓", "telephone" : "0222774399", "city" : "新北市", "district" : "新莊區", "nhi" : true, "data_time" : "2026-05-03 03:11:08", "pharmacy_per_10k" : 3.24}}, {"type" : "Feature", "geometry" : {"type" : "Point", "coordinates" : [121.452436, 25.04492603]}, "properties" : {"id" : 1852, "name" : "永安藥局", "address" : "新北市新莊區中港路321號2樓", "telephone" : "0222765900", "city" : "新北市", "district" : "新莊區", "nhi" : true, "data_time" : "2026-05-03 03:11:08", "pharmacy_per_10k" : 3.24}}, {"type" : "Feature", "geometry" : {"type" : "Point", "coordinates" : [121.4167821, 25.02893449]}, "properties" : {"id" : 1928, "name" : "記安大藥局", "address" : "新北市新莊區天祥街46號1樓", "telephone" : "0222095331", "city" : "新北市", "district" : "新莊區", "nhi" : true, "data_time" : "2026-05-03 03:11:08", "pharmacy_per_10k" : 3.24}}, {"type" : "Feature", "geometry" : {"type" : "Point", "coordinates" : [121.4221527, 25.01918824]}, "properties" : {"id" : 1929, "name" : "春元藥局", "address" : "新北市新莊區龍安路278巷2號1樓", "telephone" : "0222085202", "city" : "新北市", "district" : "新莊區", "nhi" : true, "data_time" : "2026-05-03 03:11:08", "pharmacy_per_10k" : 3.24}}, {"type" : "Feature", "geometry" : {"type" : "Point", "coordinates" : [121.4279616, 25.01436404]}, "properties" : {"id" : 1930, "name" : "招安藥師藥局", "address" : "新北市新莊區西盛街338號1樓", "telephone" : "0222085138", "city" : "新北市", "district" : "新莊區", "nhi" : true, "data_time" : "2026-05-03 03:11:08", "pharmacy_per_10k" : 3.24}}, {"type" : "Feature", "geometry" : {"type" : "Point", "coordinates" : [121.4260643, 25.01641614]}, "properties" : {"id" : 1931, "name" : "禾佳藥局", "address" : "新北市新莊區民安西路154號1樓", "telephone" : "0222080189", "city" : "新北市", "district" : "新莊區", "nhi" : true, "data_time" : "2026-05-03 03:11:08", "pharmacy_per_10k" : 3.24}}, {"type" : "Feature", "geometry" : {"type" : "Point", "coordinates" : [121.4275031, 25.01061888]}, "properties" : {"id" : 1932, "name" : "鼎極藥局", "address" : "新北市新莊區民安西路376號-1、-3", "telephone" : "0222073228", "city" : "新北市", "district" : "新莊區", "nhi" : true, "data_time" : "2026-05-03 03:11:08", "pharmacy_per_10k" : 3.24}}, {"type" : "Feature", "geometry" : {"type" : "Point", "coordinates" : [121.4255618, 25.02269926]}, "properties" : {"id" : 1933, "name" : "八德藥局", "address" : "新北市新莊區八德街3號2樓", "telephone" : "0222071315", "city" : "新北市", "district" : "新莊區", "nhi" : true, "data_time" : "2026-05-03 03:11:08", "pharmacy_per_10k" : 3.24}}, {"type" : "Feature", "geometry" : {"type" : "Point", "coordinates" : [121.4260604, 25.01470225]}, "properties" : {"id" : 1934, "name" : "健安藥局", "address" : "新北市新莊區民安西路209號1樓", "telephone" : "0222070391", "city" : "新北市", "district" : "新莊區", "nhi" : true, "data_time" : "2026-05-03 03:11:08", "pharmacy_per_10k" : 3.24}}, {"type" : "Feature", "geometry" : {"type" : "Point", "coordinates" : [121.4264449, 25.02180602]}, "properties" : {"id" : 1935, "name" : "立威藥局", "address" : "新北市新莊區民安西路6號1樓", "telephone" : "0222068690", "city" : "新北市", "district" : "新莊區", "nhi" : true, "data_time" : "2026-05-03 03:11:08", "pharmacy_per_10k" : 3.24}}, {"type" : "Feature", "geometry" : {"type" : "Point", "coordinates" : [121.4254102, 25.02423284]}, "properties" : {"id" : 1936, "name" : "世鴻藥局", "address" : "新北市新莊區民安路137巷2弄2號1樓", "telephone" : "0222066722", "city" : "新北市", "district" : "新莊區", "nhi" : true, "data_time" : "2026-05-03 03:11:08", "pharmacy_per_10k" : 3.24}}, {"type" : "Feature", "geometry" : {"type" : "Point", "coordinates" : [121.4281333, 25.01516344]}, "properties" : {"id" : 1937, "name" : "吉田藥局", "address" : "新北市新莊區西盛街313號", "telephone" : "0222065185", "city" : "新北市", "district" : "新莊區", "nhi" : true, "data_time" : "2026-05-03 03:11:08", "pharmacy_per_10k" : 3.24}}, {"type" : "Feature", "geometry" : {"type" : "Point", "coordinates" : [121.4234339, 25.02506562]}, "properties" : {"id" : 1938, "name" : "福營藥局", "address" : "新北市新莊區富國路107號2樓", "telephone" : "0222059697", "city" : "新北市", "district" : "新莊區", "nhi" : true, "data_time" : "2026-05-03 03:11:08", "pharmacy_per_10k" : 3.24}}, {"type" : "Feature", "geometry" : {"type" : "Point", "coordinates" : [121.4462881, 25.03279187]}, "properties" : {"id" : 1939, "name" : "躍獅新豐藥局", "address" : "新北市新莊區豐年街16號1樓", "telephone" : "0222058055", "city" : "新北市", "district" : "新莊區", "nhi" : true, "data_time" : "2026-05-03 03:11:08", "pharmacy_per_10k" : 3.24}}, {"type" : "Feature", "geometry" : {"type" : "Point", "coordinates" : [121.4248361, 25.01860061]}, "properties" : {"id" : 1940, "name" : "日榮藥局", "address" : "新北市新莊區龍安路461號1樓", "telephone" : "0222056955", "city" : "新北市", "district" : "新莊區", "nhi" : true, "data_time" : "2026-05-03 03:11:08", "pharmacy_per_10k" : 3.24}}, {"type" : "Feature", "geometry" : {"type" : "Point", "coordinates" : [121.4219851, 25.02520235]}, "properties" : {"id" : 1941, "name" : "康民藥局", "address" : "新北市新莊區富國路110號1樓", "telephone" : "0222054439", "city" : "新北市", "district" : "新莊區", "nhi" : true, "data_time" : "2026-05-03 03:11:08", "pharmacy_per_10k" : 3.24}}, {"type" : "Feature", "geometry" : {"type" : "Point", "coordinates" : [121.4283307, 25.02716609]}, "properties" : {"id" : 1942, "name" : "瑞豐大藥局", "address" : "新北市新莊區後港一路105號1樓", "telephone" : "0222049932", "city" : "新北市", "district" : "新莊區", "nhi" : true, "data_time" : "2026-05-03 03:11:08", "pharmacy_per_10k" : 3.24}}, {"type" : "Feature", "geometry" : {"type" : "Point", "coordinates" : [121.4262434, 25.01289299]}, "properties" : {"id" : 1943, "name" : "恩泰藥局", "address" : "新北市新莊區民安西路265號-1", "telephone" : "0222049650", "city" : "新北市", "district" : "新莊區", "nhi" : true, "data_time" : "2026-05-03 03:11:08", "pharmacy_per_10k" : 3.24}}, {"type" : "Feature", "geometry" : {"type" : "Point", "coordinates" : [121.4261811, 25.01306516]}, "properties" : {"id" : 1944, "name" : "宏發藥局", "address" : "新北市新莊區民安西路263號1樓", "telephone" : "0222048303", "city" : "新北市", "district" : "新莊區", "nhi" : true, "data_time" : "2026-05-03 03:11:08", "pharmacy_per_10k" : 3.24}}, {"type" : "Feature", "geometry" : {"type" : "Point", "coordinates" : [121.4261859, 25.02650627]}, "properties" : {"id" : 1945, "name" : "喜悅藥局", "address" : "新北市新莊區後港一路55號1樓", "telephone" : "0222047442", "city" : "新北市", "district" : "新莊區", "nhi" : true, "data_time" : "2026-05-03 03:11:08", "pharmacy_per_10k" : 3.24}}, {"type" : "Feature", "geometry" : {"type" : "Point", "coordinates" : [121.4217617, 25.01959105]}, "properties" : {"id" : 1946, "name" : "紫竹藥師藥局", "address" : "新北市新莊區龍安路323號1樓", "telephone" : "0222046595", "city" : "新北市", "district" : "新莊區", "nhi" : true, "data_time" : "2026-05-03 03:11:08", "pharmacy_per_10k" : 3.24}}, {"type" : "Feature", "geometry" : {"type" : "Point", "coordinates" : [121.4266898, 25.02666367]}, "properties" : {"id" : 1947, "name" : "大愛藥師藥局", "address" : "新北市新莊區後港一路69號1樓", "telephone" : "0222042119", "city" : "新北市", "district" : "新莊區", "nhi" : true, "data_time" : "2026-05-03 03:11:08", "pharmacy_per_10k" : 3.24}}, {"type" : "Feature", "geometry" : {"type" : "Point", "coordinates" : [121.4251138, 25.02640616]}, "properties" : {"id" : 1948, "name" : "大林藥局", "address" : "新北市新莊區後港一路31巷1弄1號", "telephone" : "0222040519", "city" : "新北市", "district" : "新莊區", "nhi" : true, "data_time" : "2026-05-03 03:11:08", "pharmacy_per_10k" : 3.24}}, {"type" : "Feature", "geometry" : {"type" : "Point", "coordinates" : [121.449102, 25.03355156]}, "properties" : {"id" : 1949, "name" : "羽豐藥局", "address" : "新北市新莊區新莊路382號1樓", "telephone" : "0222029812", "city" : "新北市", "district" : "新莊區", "nhi" : true, "data_time" : "2026-05-03 03:11:08", "pharmacy_per_10k" : 3.24}}, {"type" : "Feature", "geometry" : {"type" : "Point", "coordinates" : [121.4259809, 25.02259176]}, "properties" : {"id" : 1950, "name" : "森活藥局", "address" : "新北市新莊區民安路220-1號", "telephone" : "0222027927", "city" : "新北市", "district" : "新莊區", "nhi" : true, "data_time" : "2026-05-03 03:11:08", "pharmacy_per_10k" : 3.24}}, {"type" : "Feature", "geometry" : {"type" : "Point", "coordinates" : [121.4219227, 25.02037486]}, "properties" : {"id" : 1951, "name" : "真安綜合大藥局", "address" : "新北市新莊區四維路205號1樓", "telephone" : "0222026188", "city" : "新北市", "district" : "新莊區", "nhi" : true, "data_time" : "2026-05-03 03:11:08", "pharmacy_per_10k" : 3.24}}, {"type" : "Feature", "geometry" : {"type" : "Point", "coordinates" : [121.4226638, 25.02147258]}, "properties" : {"id" : 1952, "name" : "德翰藥局", "address" : "新北市新莊區四維路171巷1至3號", "telephone" : "0222025576", "city" : "新北市", "district" : "新莊區", "nhi" : true, "data_time" : "2026-05-03 03:11:08", "pharmacy_per_10k" : 3.24}}, {"type" : "Feature", "geometry" : {"type" : "Point", "coordinates" : [121.4282028, 25.01706227]}, "properties" : {"id" : 1953, "name" : "凱盛藥局", "address" : "新北市新莊區西盛街199號", "telephone" : "0222024914", "city" : "新北市", "district" : "新莊區", "nhi" : true, "data_time" : "2026-05-03 03:11:08", "pharmacy_per_10k" : 3.24}}, {"type" : "Feature", "geometry" : {"type" : "Point", "coordinates" : [121.4287306, 25.02553855]}, "properties" : {"id" : 1954, "name" : "可樂藥局", "address" : "新北市新莊區建安街45號1樓", "telephone" : "0222023885", "city" : "新北市", "district" : "新莊區", "nhi" : true, "data_time" : "2026-05-03 03:11:08", "pharmacy_per_10k" : 3.24}}, {"type" : "Feature", "geometry" : {"type" : "Point", "coordinates" : [121.4446747, 25.0333133]}, "properties" : {"id" : 1955, "name" : "海山藥局", "address" : "新北市新莊區景德路425號", "telephone" : "0222019804", "city" : "新北市", "district" : "新莊區", "nhi" : true, "data_time" : "2026-05-03 03:11:08", "pharmacy_per_10k" : 3.24}}, {"type" : "Feature", "geometry" : {"type" : "Point", "coordinates" : [121.4262619, 25.02245899]}, "properties" : {"id" : 1956, "name" : "錦安藥局", "address" : "新北市新莊區民安路201號1樓", "telephone" : "0222011242", "city" : "新北市", "district" : "新莊區", "nhi" : true, "data_time" : "2026-05-03 03:11:08", "pharmacy_per_10k" : 3.24}}, {"type" : "Feature", "geometry" : {"type" : "Point", "coordinates" : [121.4490285, 25.03496829]}, "properties" : {"id" : 1957, "name" : "新杏藥局", "address" : "新北市新莊區新泰路99號1樓", "telephone" : "0222011012", "city" : "新北市", "district" : "新莊區", "nhi" : true, "data_time" : "2026-05-03 03:11:08", "pharmacy_per_10k" : 3.24}}, {"type" : "Feature", "geometry" : {"type" : "Point", "coordinates" : [121.4460342, 25.04028602]}, "properties" : {"id" : 2013, "name" : "一安藥局", "address" : "新北市新莊區新泰路268號", "telephone" : "0229941618", "city" : "新北市", "district" : "新莊區", "nhi" : true, "data_time" : "2026-05-03 03:11:08", "pharmacy_per_10k" : 3.24}}, {"type" : "Feature", "geometry" : {"type" : "Point", "coordinates" : [121.4260881, 25.0153431]}, "properties" : {"id" : 2014, "name" : "明仁健保藥局", "address" : "新北市新莊區民安西路195號1樓", "telephone" : "0222085175", "city" : "新北市", "district" : "新莊區", "nhi" : true, "data_time" : "2026-05-03 03:11:08", "pharmacy_per_10k" : 3.24}}, {"type" : "Feature", "geometry" : {"type" : "Point", "coordinates" : [121.4446875, 25.0501805]}, "properties" : {"id" : 2015, "name" : "洋欣藥局", "address" : "新北市新莊區中平路277號1樓", "telephone" : "0289927489", "city" : "新北市", "district" : "新莊區", "nhi" : true, "data_time" : "2026-05-03 03:11:08", "pharmacy_per_10k" : 3.24}}, {"type" : "Feature", "geometry" : {"type" : "Point", "coordinates" : [121.4482142, 25.04340886]}, "properties" : {"id" : 2016, "name" : "一心春天藥局", "address" : "新北市新莊區中和街13號1樓、地下室", "telephone" : "0289929482", "city" : "新北市", "district" : "新莊區", "nhi" : true, "data_time" : "2026-05-03 03:11:08", "pharmacy_per_10k" : 3.24}}, {"type" : "Feature", "geometry" : {"type" : "Point", "coordinates" : [121.4448094, 25.05192619]}, "properties" : {"id" : 2017, "name" : "合康藥師藥局", "address" : "新北市新莊區中平路306號", "telephone" : "0229924496", "city" : "新北市", "district" : "新莊區", "nhi" : true, "data_time" : "2026-05-03 03:11:08", "pharmacy_per_10k" : 3.24}}, {"type" : "Feature", "geometry" : {"type" : "Point", "coordinates" : [121.4251439, 25.02392109]}, "properties" : {"id" : 2018, "name" : "東京大藥局", "address" : "新北市新莊區民安路176號1樓", "telephone" : "0222063806", "city" : "新北市", "district" : "新莊區", "nhi" : true, "data_time" : "2026-05-03 03:11:08", "pharmacy_per_10k" : 3.24}}, {"type" : "Feature", "geometry" : {"type" : "Point", "coordinates" : [121.4461469, 25.04193698]}, "properties" : {"id" : 2019, "name" : "富安藥局", "address" : "新北市新莊區復興路1段25號-1(2樓)", "telephone" : "0222767620", "city" : "新北市", "district" : "新莊區", "nhi" : true, "data_time" : "2026-05-03 03:11:08", "pharmacy_per_10k" : 3.24}}, {"type" : "Feature", "geometry" : {"type" : "Point", "coordinates" : [121.4551671, 25.0413123]}, "properties" : {"id" : 2020, "name" : "揚明藥師藥局", "address" : "新北市新莊區中港路154號", "telephone" : "0229921473", "city" : "新北市", "district" : "新莊區", "nhi" : true, "data_time" : "2026-05-03 03:11:08", "pharmacy_per_10k" : 3.24}}, {"type" : "Feature", "geometry" : {"type" : "Point", "coordinates" : [121.4517688, 25.05187171]}, "properties" : {"id" : 2021, "name" : "蒲陽藥局", "address" : "新北市新莊區中港路514號1樓", "telephone" : "0229930069", "city" : "新北市", "district" : "新莊區", "nhi" : true, "data_time" : "2026-05-03 03:11:08", "pharmacy_per_10k" : 3.24}}, {"type" : "Feature", "geometry" : {"type" : "Point", "coordinates" : [121.4540656, 25.04834512]}, "properties" : {"id" : 2022, "name" : "鶴田藥局", "address" : "新北市新莊區自信街27號1樓", "telephone" : "0222796718", "city" : "新北市", "district" : "新莊區", "nhi" : true, "data_time" : "2026-05-03 03:11:08", "pharmacy_per_10k" : 3.24}}, {"type" : "Feature", "geometry" : {"type" : "Point", "coordinates" : [121.4474464, 25.04877868]}, "properties" : {"id" : 2023, "name" : "鍵豐藥局", "address" : "新北市新莊區中和街158號1樓", "telephone" : "0229917452", "city" : "新北市", "district" : "新莊區", "nhi" : true, "data_time" : "2026-05-03 03:11:08", "pharmacy_per_10k" : 3.24}}, {"type" : "Feature", "geometry" : {"type" : "Point", "coordinates" : [121.4518928, 25.0495731]}, "properties" : {"id" : 2024, "name" : "天給藥局", "address" : "新北市新莊區幸福路670巷2弄19號1樓", "telephone" : "0229921451", "city" : "新北市", "district" : "新莊區", "nhi" : true, "data_time" : "2026-05-03 03:11:08", "pharmacy_per_10k" : 3.24}}, {"type" : "Feature", "geometry" : {"type" : "Point", "coordinates" : [121.446045, 25.04916713]}, "properties" : {"id" : 2025, "name" : "新莊大東藥局", "address" : "新北市新莊區幸福路806號1樓", "telephone" : "0222766026", "city" : "新北市", "district" : "新莊區", "nhi" : true, "data_time" : "2026-05-03 03:11:08", "pharmacy_per_10k" : 3.24}}, {"type" : "Feature", "geometry" : {"type" : "Point", "coordinates" : [121.426968, 24.99021256]}, "properties" : {"id" : 908, "name" : "同盈藥師藥局", "address" : "新北市板橋區溪北路30號1樓", "telephone" : "0286873400", "city" : "新北市", "district" : "板橋區", "nhi" : true, "data_time" : "2026-05-03 03:11:08", "pharmacy_per_10k" : 3.38}}, {"type" : "Feature", "geometry" : {"type" : "Point", "coordinates" : [121.4560248, 25.00662003]}, "properties" : {"id" : 922, "name" : "可安藥局", "address" : "新北市板橋區南雅南路1段8-6號1樓", "telephone" : "0229650131", "city" : "新北市", "district" : "板橋區", "nhi" : true, "data_time" : "2026-05-03 03:11:08", "pharmacy_per_10k" : 3.38}}, {"type" : "Feature", "geometry" : {"type" : "Point", "coordinates" : [121.4740514, 25.02314142]}, "properties" : {"id" : 941, "name" : "大峰藥局", "address" : "新北市板橋區莒光路168號1樓", "telephone" : "9.32E+08", "city" : "新北市", "district" : "板橋區", "nhi" : true, "data_time" : "2026-05-03 03:11:08", "pharmacy_per_10k" : 3.38}}, {"type" : "Feature", "geometry" : {"type" : "Point", "coordinates" : [121.4534875, 25.00814811]}, "properties" : {"id" : 956, "name" : "利安藥局", "address" : "新北市板橋區南雅東路108號", "telephone" : "0229696295", "city" : "新北市", "district" : "板橋區", "nhi" : true, "data_time" : "2026-05-03 03:11:08", "pharmacy_per_10k" : 3.38}}, {"type" : "Feature", "geometry" : {"type" : "Point", "coordinates" : [121.4574257, 25.00990562]}, "properties" : {"id" : 957, "name" : "慶安藥局", "address" : "新北市板橋區宮口街12號", "telephone" : "0229685178", "city" : "新北市", "district" : "板橋區", "nhi" : true, "data_time" : "2026-05-03 03:11:08", "pharmacy_per_10k" : 3.38}}, {"type" : "Feature", "geometry" : {"type" : "Point", "coordinates" : [121.4561066, 25.01471864]}, "properties" : {"id" : 958, "name" : "啟暉藥局", "address" : "新北市板橋區大智街3號", "telephone" : "0229669166", "city" : "新北市", "district" : "板橋區", "nhi" : true, "data_time" : "2026-05-03 03:11:08", "pharmacy_per_10k" : 3.38}}, {"type" : "Feature", "geometry" : {"type" : "Point", "coordinates" : [121.4797345, 25.01250123]}, "properties" : {"id" : 959, "name" : "俊昌藥局", "address" : "新北市板橋區三民路2段245巷12號", "telephone" : "0229642498", "city" : "新北市", "district" : "板橋區", "nhi" : true, "data_time" : "2026-05-03 03:11:08", "pharmacy_per_10k" : 3.38}}, {"type" : "Feature", "geometry" : {"type" : "Point", "coordinates" : [121.479531, 25.01488446]}, "properties" : {"id" : 960, "name" : "福勝堂藥局", "address" : "新北市板橋區三民路2段153巷2弄2號", "telephone" : "0229582146", "city" : "新北市", "district" : "板橋區", "nhi" : true, "data_time" : "2026-05-03 03:11:08", "pharmacy_per_10k" : 3.38}}, {"type" : "Feature", "geometry" : {"type" : "Point", "coordinates" : [121.4591312, 25.00244552]}, "properties" : {"id" : 962, "name" : "安祥藥局", "address" : "新北市板橋區大明街7號", "telephone" : "0229554501", "city" : "新北市", "district" : "板橋區", "nhi" : true, "data_time" : "2026-05-03 03:11:08", "pharmacy_per_10k" : 3.38}}, {"type" : "Feature", "geometry" : {"type" : "Point", "coordinates" : [121.465395, 25.00516744]}, "properties" : {"id" : 963, "name" : "福恩藥局", "address" : "新北市板橋區實踐路93巷36號", "telephone" : "0229529126", "city" : "新北市", "district" : "板橋區", "nhi" : true, "data_time" : "2026-05-03 03:11:08", "pharmacy_per_10k" : 3.38}}, {"type" : "Feature", "geometry" : {"type" : "Point", "coordinates" : [121.4679129, 25.00667657]}, "properties" : {"id" : 964, "name" : "賜您康大藥局", "address" : "新北市板橋區國泰街50號", "telephone" : "0229513166", "city" : "新北市", "district" : "板橋區", "nhi" : true, "data_time" : "2026-05-03 03:11:08", "pharmacy_per_10k" : 3.38}}, {"type" : "Feature", "geometry" : {"type" : "Point", "coordinates" : [121.4555916, 25.00843751]}, "properties" : {"id" : 980, "name" : "廣泰藥師藥局", "address" : "新北市板橋區館前西路150號1樓", "telephone" : "0289698381", "city" : "新北市", "district" : "板橋區", "nhi" : true, "data_time" : "2026-05-03 03:11:08", "pharmacy_per_10k" : 3.38}}, {"type" : "Feature", "geometry" : {"type" : "Point", "coordinates" : [121.4506561, 24.99346435]}, "properties" : {"id" : 981, "name" : "葆康藥局", "address" : "新北市板橋區四川路2段245巷3號1樓", "telephone" : "0289678373", "city" : "新北市", "district" : "板橋區", "nhi" : true, "data_time" : "2026-05-03 03:11:08", "pharmacy_per_10k" : 3.38}}, {"type" : "Feature", "geometry" : {"type" : "Point", "coordinates" : [121.4542759, 24.99478947]}, "properties" : {"id" : 982, "name" : "德豐健保藥局", "address" : "新北市板橋區四川路2段47巷3弄1號1樓", "telephone" : "0289675880", "city" : "新北市", "district" : "板橋區", "nhi" : true, "data_time" : "2026-05-03 03:11:08", "pharmacy_per_10k" : 3.38}}, {"type" : "Feature", "geometry" : {"type" : "Point", "coordinates" : [121.4538519, 24.99381951]}, "properties" : {"id" : 983, "name" : "利安社區藥局", "address" : "新北市板橋區德興街37巷14號1樓", "telephone" : "0289671550", "city" : "新北市", "district" : "板橋區", "nhi" : true, "data_time" : "2026-05-03 03:11:08", "pharmacy_per_10k" : 3.38}}, {"type" : "Feature", "geometry" : {"type" : "Point", "coordinates" : [121.4515407, 24.99717001]}, "properties" : {"id" : 984, "name" : "亞季藥局", "address" : "新北市板橋區南雅南路2段142巷11號1樓", "telephone" : "0289671131", "city" : "新北市", "district" : "板橋區", "nhi" : true, "data_time" : "2026-05-03 03:11:08", "pharmacy_per_10k" : 3.38}}, {"type" : "Feature", "geometry" : {"type" : "Point", "coordinates" : [121.4728543, 25.01517113]}, "properties" : {"id" : 986, "name" : "愛美得藥局", "address" : "新北市板橋區中山路2段34號1樓", "telephone" : "0289539190", "city" : "新北市", "district" : "板橋區", "nhi" : true, "data_time" : "2026-05-03 03:11:08", "pharmacy_per_10k" : 3.38}}, {"type" : "Feature", "geometry" : {"type" : "Point", "coordinates" : [121.4600701, 25.00378828]}, "properties" : {"id" : 987, "name" : "和安藥局", "address" : "新北市板橋區四川路1段171號1樓", "telephone" : "0289537548", "city" : "新北市", "district" : "板橋區", "nhi" : true, "data_time" : "2026-05-03 03:11:08", "pharmacy_per_10k" : 3.38}}, {"type" : "Feature", "geometry" : {"type" : "Point", "coordinates" : [121.4431524, 25.00114705]}, "properties" : {"id" : 1018, "name" : "名安藥局", "address" : "新北市板橋區龍興街57號1樓", "telephone" : "0282751784", "city" : "新北市", "district" : "板橋區", "nhi" : true, "data_time" : "2026-05-03 03:11:08", "pharmacy_per_10k" : 3.38}}, {"type" : "Feature", "geometry" : {"type" : "Point", "coordinates" : [121.4609823, 25.02289913]}, "properties" : {"id" : 1019, "name" : "楓康藥局", "address" : "新北市板橋區新海路119號1樓", "telephone" : "0282582246", "city" : "新北市", "district" : "板橋區", "nhi" : true, "data_time" : "2026-05-03 03:11:08", "pharmacy_per_10k" : 3.38}}, {"type" : "Feature", "geometry" : {"type" : "Point", "coordinates" : [121.4785444, 25.03143816]}, "properties" : {"id" : 1020, "name" : "欣安藥局", "address" : "新北市板橋區懷德街109號1樓", "telephone" : "0282572535", "city" : "新北市", "district" : "板橋區", "nhi" : true, "data_time" : "2026-05-03 03:11:08", "pharmacy_per_10k" : 3.38}}, {"type" : "Feature", "geometry" : {"type" : "Point", "coordinates" : [121.4741886, 25.02879164]}, "properties" : {"id" : 1021, "name" : "麥田健保藥局", "address" : "新北市板橋區雙十路2段120號2樓", "telephone" : "0282529223", "city" : "新北市", "district" : "板橋區", "nhi" : true, "data_time" : "2026-05-03 03:11:08", "pharmacy_per_10k" : 3.38}}, {"type" : "Feature", "geometry" : {"type" : "Point", "coordinates" : [121.4748111, 25.03155206]}, "properties" : {"id" : 1022, "name" : "宥康婦幼健保藥局", "address" : "新北市板橋區仁化街30號1樓", "telephone" : "0282528162", "city" : "新北市", "district" : "板橋區", "nhi" : true, "data_time" : "2026-05-03 03:11:08", "pharmacy_per_10k" : 3.38}}, {"type" : "Feature", "geometry" : {"type" : "Point", "coordinates" : [121.4649427, 25.01735137]}, "properties" : {"id" : 1023, "name" : "快樂藥局漢生店", "address" : "新北市板橋區漢生東路19號", "telephone" : "0282522637", "city" : "新北市", "district" : "板橋區", "nhi" : true, "data_time" : "2026-05-03 03:11:08", "pharmacy_per_10k" : 3.38}}, {"type" : "Feature", "geometry" : {"type" : "Point", "coordinates" : [121.4578386, 25.00947419]}, "properties" : {"id" : 1027, "name" : "皇慶藥局", "address" : "新北市板橋區南門街81、83號1、2、3樓及館前西路112巷7號1、2樓", "telephone" : "0277297988", "city" : "新北市", "district" : "板橋區", "nhi" : true, "data_time" : "2026-05-03 03:11:08", "pharmacy_per_10k" : 3.38}}, {"type" : "Feature", "geometry" : {"type" : "Point", "coordinates" : [121.4332158, 24.99171324]}, "properties" : {"id" : 1030, "name" : "永幸藥局", "address" : "新北市板橋區金門街121巷2號", "telephone" : "0226827012", "city" : "新北市", "district" : "板橋區", "nhi" : true, "data_time" : "2026-05-03 03:11:08", "pharmacy_per_10k" : 3.38}}, {"type" : "Feature", "geometry" : {"type" : "Point", "coordinates" : [121.4276114, 24.98982374]}, "properties" : {"id" : 1032, "name" : "戴安藥局", "address" : "新北市板橋區溪北路54號", "telephone" : "0226818663", "city" : "新北市", "district" : "板橋區", "nhi" : true, "data_time" : "2026-05-03 03:11:08", "pharmacy_per_10k" : 3.38}}, {"type" : "Feature", "geometry" : {"type" : "Point", "coordinates" : [121.4790684, 25.01665599]}, "properties" : {"id" : 1034, "name" : "辰陽藥局", "address" : "新北市板橋區三民路2段110號-2(1樓)", "telephone" : "0266082888", "city" : "新北市", "district" : "板橋區", "nhi" : true, "data_time" : "2026-05-03 03:11:08", "pharmacy_per_10k" : 3.38}}, {"type" : "Feature", "geometry" : {"type" : "Point", "coordinates" : [121.4554241, 25.00848814]}, "properties" : {"id" : 1053, "name" : "安佑藥局", "address" : "新北市板橋區館前西路152-2號", "telephone" : "0229698651", "city" : "新北市", "district" : "板橋區", "nhi" : true, "data_time" : "2026-05-03 03:11:08", "pharmacy_per_10k" : 3.38}}, {"type" : "Feature", "geometry" : {"type" : "Point", "coordinates" : [121.4465305, 25.01181711]}, "properties" : {"id" : 1054, "name" : "僑一藥局", "address" : "新北市板橋區僑中一街106號1樓", "telephone" : "0229696850", "city" : "新北市", "district" : "板橋區", "nhi" : true, "data_time" : "2026-05-03 03:11:08", "pharmacy_per_10k" : 3.38}}, {"type" : "Feature", "geometry" : {"type" : "Point", "coordinates" : [121.4565163, 25.00705795]}, "properties" : {"id" : 1055, "name" : "醫安藥局", "address" : "新北市板橋區南雅南路1段11號1樓及2樓", "telephone" : "0229692588", "city" : "新北市", "district" : "板橋區", "nhi" : true, "data_time" : "2026-05-03 03:11:08", "pharmacy_per_10k" : 3.38}}, {"type" : "Feature", "geometry" : {"type" : "Point", "coordinates" : [121.4460712, 25.01265179]}, "properties" : {"id" : 1056, "name" : "僑中藥師藥局", "address" : "新北市板橋區僑中1街102巷5弄15號1樓", "telephone" : "0229692547", "city" : "新北市", "district" : "板橋區", "nhi" : true, "data_time" : "2026-05-03 03:11:08", "pharmacy_per_10k" : 3.38}}, {"type" : "Feature", "geometry" : {"type" : "Point", "coordinates" : [121.4556424, 25.00542693]}, "properties" : {"id" : 1057, "name" : "福澤藥局", "address" : "新北市板橋區南雅南路1段85號1樓", "telephone" : "0229690013", "city" : "新北市", "district" : "板橋區", "nhi" : true, "data_time" : "2026-05-03 03:11:08", "pharmacy_per_10k" : 3.38}}, {"type" : "Feature", "geometry" : {"type" : "Point", "coordinates" : [121.4432565, 25.00093653]}, "properties" : {"id" : 1058, "name" : "永欣藥師藥局", "address" : "新北市板橋區龍興街46號1樓", "telephone" : "0229687120", "city" : "新北市", "district" : "板橋區", "nhi" : true, "data_time" : "2026-05-03 03:11:08", "pharmacy_per_10k" : 3.38}}, {"type" : "Feature", "geometry" : {"type" : "Point", "coordinates" : [121.4430515, 25.00079382]}, "properties" : {"id" : 1059, "name" : "合佳藥局", "address" : "新北市板橋區龍興街47號1樓", "telephone" : "0229683486", "city" : "新北市", "district" : "板橋區", "nhi" : true, "data_time" : "2026-05-03 03:11:08", "pharmacy_per_10k" : 3.38}}, {"type" : "Feature", "geometry" : {"type" : "Point", "coordinates" : [121.4565024, 25.00790479]}, "properties" : {"id" : 1060, "name" : "元賀大藥局", "address" : "新北市板橋區館前西路132號1樓", "telephone" : "0229680980", "city" : "新北市", "district" : "板橋區", "nhi" : true, "data_time" : "2026-05-03 03:11:08", "pharmacy_per_10k" : 3.38}}, {"type" : "Feature", "geometry" : {"type" : "Point", "coordinates" : [121.4557783, 25.00772786]}, "properties" : {"id" : 1061, "name" : "永富藥局", "address" : "新北市板橋區中興路9號", "telephone" : "0229675598", "city" : "新北市", "district" : "板橋區", "nhi" : true, "data_time" : "2026-05-03 03:11:08", "pharmacy_per_10k" : 3.38}}, {"type" : "Feature", "geometry" : {"type" : "Point", "coordinates" : [121.4550599, 25.01209404]}, "properties" : {"id" : 1062, "name" : "日生大藥局", "address" : "新北市板橋區中正路1巷16弄16號", "telephone" : "0229675261", "city" : "新北市", "district" : "板橋區", "nhi" : true, "data_time" : "2026-05-03 03:11:08", "pharmacy_per_10k" : 3.38}}, {"type" : "Feature", "geometry" : {"type" : "Point", "coordinates" : [121.4555771, 25.01197212]}, "properties" : {"id" : 1063, "name" : "常仁藥局", "address" : "新北市板橋區中正路1巷4號", "telephone" : "0229674999", "city" : "新北市", "district" : "板橋區", "nhi" : true, "data_time" : "2026-05-03 03:11:08", "pharmacy_per_10k" : 3.38}}, {"type" : "Feature", "geometry" : {"type" : "Point", "coordinates" : [121.4428091, 24.99857995]}, "properties" : {"id" : 1064, "name" : "禾田藥局", "address" : "新北市板橋區大觀路2段265巷12號1樓", "telephone" : "0229659899", "city" : "新北市", "district" : "板橋區", "nhi" : true, "data_time" : "2026-05-03 03:11:08", "pharmacy_per_10k" : 3.38}}, {"type" : "Feature", "geometry" : {"type" : "Point", "coordinates" : [121.4584144, 25.01799135]}, "properties" : {"id" : 1065, "name" : "杏澤藥局", "address" : "新北市板橋區國光路55號", "telephone" : "0229657959", "city" : "新北市", "district" : "板橋區", "nhi" : true, "data_time" : "2026-05-03 03:11:08", "pharmacy_per_10k" : 3.38}}, {"type" : "Feature", "geometry" : {"type" : "Point", "coordinates" : [121.4557195, 25.00964213]}, "properties" : {"id" : 1066, "name" : "府中藥局", "address" : "新北市板橋區府中路110號", "telephone" : "0229656731", "city" : "新北市", "district" : "板橋區", "nhi" : true, "data_time" : "2026-05-03 03:11:08", "pharmacy_per_10k" : 3.38}}, {"type" : "Feature", "geometry" : {"type" : "Point", "coordinates" : [121.4561296, 25.01750268]}, "properties" : {"id" : 1067, "name" : "微笑藥局", "address" : "新北市板橋區中正路211號", "telephone" : "0229655811", "city" : "新北市", "district" : "板橋區", "nhi" : true, "data_time" : "2026-05-03 03:11:08", "pharmacy_per_10k" : 3.38}}, {"type" : "Feature", "geometry" : {"type" : "Point", "coordinates" : [121.4541316, 25.00210365]}, "properties" : {"id" : 1068, "name" : "迦佰麗藥局", "address" : "新北市板橋區南雅南路2段11-24號1樓", "telephone" : "0229648498", "city" : "新北市", "district" : "板橋區", "nhi" : true, "data_time" : "2026-05-03 03:11:08", "pharmacy_per_10k" : 3.38}}, {"type" : "Feature", "geometry" : {"type" : "Point", "coordinates" : [121.4827501, 25.02073435]}, "properties" : {"id" : 1069, "name" : "品品藥局", "address" : "新北市板橋區中山路2段402號1樓", "telephone" : "0229647917", "city" : "新北市", "district" : "板橋區", "nhi" : true, "data_time" : "2026-05-03 03:11:08", "pharmacy_per_10k" : 3.38}}, {"type" : "Feature", "geometry" : {"type" : "Point", "coordinates" : [121.4599, 25.00335598]}, "properties" : {"id" : 1070, "name" : "活泉藥局", "address" : "新北市板橋區四川路1段156號1樓、2樓", "telephone" : "0229647761", "city" : "新北市", "district" : "板橋區", "nhi" : true, "data_time" : "2026-05-03 03:11:08", "pharmacy_per_10k" : 3.38}}, {"type" : "Feature", "geometry" : {"type" : "Point", "coordinates" : [121.4769004, 25.01738387]}, "properties" : {"id" : 1071, "name" : "晴光藥局", "address" : "新北市板橋區中山路2段225號2樓", "telephone" : "0229646662", "city" : "新北市", "district" : "板橋區", "nhi" : true, "data_time" : "2026-05-03 03:11:08", "pharmacy_per_10k" : 3.38}}, {"type" : "Feature", "geometry" : {"type" : "Point", "coordinates" : [121.4701718, 25.01544121]}, "properties" : {"id" : 1074, "name" : "利安中西藥局", "address" : "新北市板橋區板新路143號", "telephone" : "0229644745", "city" : "新北市", "district" : "板橋區", "nhi" : true, "data_time" : "2026-05-03 03:11:08", "pharmacy_per_10k" : 3.38}}, {"type" : "Feature", "geometry" : {"type" : "Point", "coordinates" : [121.4634331, 24.99846407]}, "properties" : {"id" : 1075, "name" : "國慶藥局", "address" : "新北市板橋區國慶路268號1樓", "telephone" : "0229641680", "city" : "新北市", "district" : "板橋區", "nhi" : true, "data_time" : "2026-05-03 03:11:08", "pharmacy_per_10k" : 3.38}}, {"type" : "Feature", "geometry" : {"type" : "Point", "coordinates" : [121.4625931, 24.99636336]}, "properties" : {"id" : 1076, "name" : "躍獅國慶藥局", "address" : "新北市板橋區國慶路179號1樓", "telephone" : "0229641548", "city" : "新北市", "district" : "板橋區", "nhi" : true, "data_time" : "2026-05-03 03:11:08", "pharmacy_per_10k" : 3.38}}, {"type" : "Feature", "geometry" : {"type" : "Point", "coordinates" : [121.464299, 25.00436936]}, "properties" : {"id" : 1077, "name" : "向康藥局", "address" : "新北市板橋區實踐路147號1樓", "telephone" : "0229637248", "city" : "新北市", "district" : "板橋區", "nhi" : true, "data_time" : "2026-05-03 03:11:08", "pharmacy_per_10k" : 3.38}}, {"type" : "Feature", "geometry" : {"type" : "Point", "coordinates" : [121.4601894, 25.00134741]}, "properties" : {"id" : 1078, "name" : "王林藥局", "address" : "新北市板橋區忠孝路24巷15號1樓", "telephone" : "0229636775", "city" : "新北市", "district" : "板橋區", "nhi" : true, "data_time" : "2026-05-03 03:11:08", "pharmacy_per_10k" : 3.38}}, {"type" : "Feature", "geometry" : {"type" : "Point", "coordinates" : [121.4615835, 24.99616903]}, "properties" : {"id" : 1079, "name" : "喬治藥局", "address" : "新北市板橋區國慶路155號1樓", "telephone" : "0229630787", "city" : "新北市", "district" : "板橋區", "nhi" : true, "data_time" : "2026-05-03 03:11:08", "pharmacy_per_10k" : 3.38}}, {"type" : "Feature", "geometry" : {"type" : "Point", "coordinates" : [121.4570824, 24.99372908]}, "properties" : {"id" : 1080, "name" : "賜安藥局", "address" : "新北市板橋區信義路60號1樓", "telephone" : "0229617483", "city" : "新北市", "district" : "板橋區", "nhi" : true, "data_time" : "2026-05-03 03:11:08", "pharmacy_per_10k" : 3.38}}, {"type" : "Feature", "geometry" : {"type" : "Point", "coordinates" : [121.4799772, 25.02326309]}, "properties" : {"id" : 1081, "name" : "大福藥局", "address" : "新北市板橋區三民路1段31巷15號", "telephone" : "0229610311", "city" : "新北市", "district" : "板橋區", "nhi" : true, "data_time" : "2026-05-03 03:11:08", "pharmacy_per_10k" : 3.38}}, {"type" : "Feature", "geometry" : {"type" : "Point", "coordinates" : [121.4428952, 25.00033326]}, "properties" : {"id" : 1082, "name" : "宜康藥局", "address" : "新北市板橋區龍興街33號1樓", "telephone" : "0229603940", "city" : "新北市", "district" : "板橋區", "nhi" : true, "data_time" : "2026-05-03 03:11:08", "pharmacy_per_10k" : 3.38}}, {"type" : "Feature", "geometry" : {"type" : "Point", "coordinates" : [121.4719766, 25.00733894]}, "properties" : {"id" : 1083, "name" : "漢民藥局", "address" : "新北市板橋區漢生東路346號1樓", "telephone" : "0229598168", "city" : "新北市", "district" : "板橋區", "nhi" : true, "data_time" : "2026-05-03 03:11:08", "pharmacy_per_10k" : 3.38}}, {"type" : "Feature", "geometry" : {"type" : "Point", "coordinates" : [121.4589296, 24.99215944]}, "properties" : {"id" : 1084, "name" : "軒源藥局", "address" : "新北市板橋區信義路169號1樓", "telephone" : "0229583995", "city" : "新北市", "district" : "板橋區", "nhi" : true, "data_time" : "2026-05-03 03:11:08", "pharmacy_per_10k" : 3.38}}, {"type" : "Feature", "geometry" : {"type" : "Point", "coordinates" : [121.4607228, 25.00523024]}, "properties" : {"id" : 1085, "name" : "立安中西藥局", "address" : "新北市板橋區後埔街83號1樓", "telephone" : "0229582241", "city" : "新北市", "district" : "板橋區", "nhi" : true, "data_time" : "2026-05-03 03:11:08", "pharmacy_per_10k" : 3.38}}, {"type" : "Feature", "geometry" : {"type" : "Point", "coordinates" : [121.4790076, 25.01866145]}, "properties" : {"id" : 1086, "name" : "湯明藥局", "address" : "新北市板橋區中山路2段319號1樓", "telephone" : "0229571980", "city" : "新北市", "district" : "板橋區", "nhi" : true, "data_time" : "2026-05-03 03:11:08", "pharmacy_per_10k" : 3.38}}, {"type" : "Feature", "geometry" : {"type" : "Point", "coordinates" : [121.4773558, 25.0181921]}, "properties" : {"id" : 1087, "name" : "大楓藥師藥局", "address" : "新北市板橋區懷仁街84號1樓", "telephone" : "0229560576", "city" : "新北市", "district" : "板橋區", "nhi" : true, "data_time" : "2026-05-03 03:11:08", "pharmacy_per_10k" : 3.38}}, {"type" : "Feature", "geometry" : {"type" : "Point", "coordinates" : [121.4602553, 25.00177939]}, "properties" : {"id" : 1088, "name" : "板橋大樹藥局", "address" : "新北市板橋區忠孝路28號1樓", "telephone" : "0229555551", "city" : "新北市", "district" : "板橋區", "nhi" : true, "data_time" : "2026-05-03 03:11:08", "pharmacy_per_10k" : 3.38}}, {"type" : "Feature", "geometry" : {"type" : "Point", "coordinates" : [121.4671999, 25.00705131]}, "properties" : {"id" : 1089, "name" : "福安藥局", "address" : "新北市板橋區國泰街76巷24、26號1樓", "telephone" : "0229540875", "city" : "新北市", "district" : "板橋區", "nhi" : true, "data_time" : "2026-05-03 03:11:08", "pharmacy_per_10k" : 3.38}}, {"type" : "Feature", "geometry" : {"type" : "Point", "coordinates" : [121.4638578, 24.99809164]}, "properties" : {"id" : 1090, "name" : "信安藥師藥局", "address" : "新北市板橋區重慶路308-1號1樓", "telephone" : "0229540315", "city" : "新北市", "district" : "板橋區", "nhi" : true, "data_time" : "2026-05-03 03:11:08", "pharmacy_per_10k" : 3.38}}, {"type" : "Feature", "geometry" : {"type" : "Point", "coordinates" : [121.4784788, 25.018072]}, "properties" : {"id" : 1091, "name" : "德一藥局", "address" : "新北市板橋區中山路2段238號1樓", "telephone" : "0229535717", "city" : "新北市", "district" : "板橋區", "nhi" : true, "data_time" : "2026-05-03 03:11:08", "pharmacy_per_10k" : 3.38}}, {"type" : "Feature", "geometry" : {"type" : "Point", "coordinates" : [121.4686755, 25.00733047]}, "properties" : {"id" : 1092, "name" : "正安健保藥局", "address" : "新北市板橋區民族路224號1樓", "telephone" : "0229526813", "city" : "新北市", "district" : "板橋區", "nhi" : true, "data_time" : "2026-05-03 03:11:08", "pharmacy_per_10k" : 3.38}}, {"type" : "Feature", "geometry" : {"type" : "Point", "coordinates" : [121.463795, 25.01049513]}, "properties" : {"id" : 1093, "name" : "信美藥局", "address" : "新北市板橋區新民街7巷18號1樓", "telephone" : "0229526100", "city" : "新北市", "district" : "板橋區", "nhi" : true, "data_time" : "2026-05-03 03:11:08", "pharmacy_per_10k" : 3.38}}, {"type" : "Feature", "geometry" : {"type" : "Point", "coordinates" : [121.4580231, 25.00481212]}, "properties" : {"id" : 1094, "name" : "樺新健保藥局", "address" : "新北市板橋區華興街52號1樓", "telephone" : "0229525130", "city" : "新北市", "district" : "板橋區", "nhi" : true, "data_time" : "2026-05-03 03:11:08", "pharmacy_per_10k" : 3.38}}, {"type" : "Feature", "geometry" : {"type" : "Point", "coordinates" : [121.4742625, 25.01030293]}, "properties" : {"id" : 1095, "name" : "錦龍藥局", "address" : "新北市板橋區長安街138巷1弄114號", "telephone" : "0229522290", "city" : "新北市", "district" : "板橋區", "nhi" : true, "data_time" : "2026-05-03 03:11:08", "pharmacy_per_10k" : 3.38}}, {"type" : "Feature", "geometry" : {"type" : "Point", "coordinates" : [121.4767064, 25.01697349]}, "properties" : {"id" : 1096, "name" : "廣和藥師藥局", "address" : "新北市板橋區中山路2段150號1樓、2樓、3樓", "telephone" : "0229522070", "city" : "新北市", "district" : "板橋區", "nhi" : true, "data_time" : "2026-05-03 03:11:08", "pharmacy_per_10k" : 3.38}}, {"type" : "Feature", "geometry" : {"type" : "Point", "coordinates" : [121.4597942, 25.00544409]}, "properties" : {"id" : 1097, "name" : "民川藥局", "address" : "新北市板橋區四川路1段97號1樓", "telephone" : "0229520090", "city" : "新北市", "district" : "板橋區", "nhi" : true, "data_time" : "2026-05-03 03:11:08", "pharmacy_per_10k" : 3.38}}, {"type" : "Feature", "geometry" : {"type" : "Point", "coordinates" : [121.4645586, 25.00299265]}, "properties" : {"id" : 1098, "name" : "康匯藥局", "address" : "新北市板橋區實踐路201號1樓", "telephone" : "0229512610", "city" : "新北市", "district" : "板橋區", "nhi" : true, "data_time" : "2026-05-03 03:11:08", "pharmacy_per_10k" : 3.38}}, {"type" : "Feature", "geometry" : {"type" : "Point", "coordinates" : [121.4697898, 25.01181062]}, "properties" : {"id" : 1099, "name" : "順儷新板藥局", "address" : "新北市板橋區漢生東路187號1樓", "telephone" : "0229512590", "city" : "新北市", "district" : "板橋區", "nhi" : true, "data_time" : "2026-05-03 03:11:08", "pharmacy_per_10k" : 3.38}}, {"type" : "Feature", "geometry" : {"type" : "Point", "coordinates" : [121.4499849, 25.002214]}, "properties" : {"id" : 1134, "name" : "民侑藥局", "address" : "新北市板橋區大觀路2段37巷310號", "telephone" : "0222755938", "city" : "新北市", "district" : "板橋區", "nhi" : true, "data_time" : "2026-05-03 03:11:08", "pharmacy_per_10k" : 3.38}}, {"type" : "Feature", "geometry" : {"type" : "Point", "coordinates" : [121.4269893, 24.9891552]}, "properties" : {"id" : 1145, "name" : "溪崑藥局", "address" : "新北市板橋區溪崑二街97號2樓", "telephone" : "0226872464", "city" : "新北市", "district" : "板橋區", "nhi" : true, "data_time" : "2026-05-03 03:11:08", "pharmacy_per_10k" : 3.38}}, {"type" : "Feature", "geometry" : {"type" : "Point", "coordinates" : [121.4288211, 24.99175368]}, "properties" : {"id" : 1147, "name" : "振昌藥局", "address" : "新北市板橋區溪崑二街14號1樓", "telephone" : "0226862119", "city" : "新北市", "district" : "板橋區", "nhi" : true, "data_time" : "2026-05-03 03:11:08", "pharmacy_per_10k" : 3.38}}, {"type" : "Feature", "geometry" : {"type" : "Point", "coordinates" : [121.4294313, 24.98581712]}, "properties" : {"id" : 1148, "name" : "旭全藥局", "address" : "新北市板橋區金門街331號", "telephone" : "0226860526", "city" : "新北市", "district" : "板橋區", "nhi" : true, "data_time" : "2026-05-03 03:11:08", "pharmacy_per_10k" : 3.38}}, {"type" : "Feature", "geometry" : {"type" : "Point", "coordinates" : [121.42532, 24.98921253]}, "properties" : {"id" : 1149, "name" : "祥聖藥局", "address" : "新北市板橋區溪崑2街112巷35弄1號", "telephone" : "0226835677", "city" : "新北市", "district" : "板橋區", "nhi" : true, "data_time" : "2026-05-03 03:11:08", "pharmacy_per_10k" : 3.38}}, {"type" : "Feature", "geometry" : {"type" : "Point", "coordinates" : [121.4315855, 24.99268087]}, "properties" : {"id" : 1166, "name" : "浮洲藥局", "address" : "新北市板橋區大觀路3段219巷8號1樓", "telephone" : "0226758610", "city" : "新北市", "district" : "板橋區", "nhi" : true, "data_time" : "2026-05-03 03:11:08", "pharmacy_per_10k" : 3.38}}, {"type" : "Feature", "geometry" : {"type" : "Point", "coordinates" : [121.4288912, 24.98538748]}, "properties" : {"id" : 1167, "name" : "家碩藥局", "address" : "新北市板橋區金門街300號", "telephone" : "0226755715", "city" : "新北市", "district" : "板橋區", "nhi" : true, "data_time" : "2026-05-03 03:11:08", "pharmacy_per_10k" : 3.38}}, {"type" : "Feature", "geometry" : {"type" : "Point", "coordinates" : [121.4699769, 25.02478014]}, "properties" : {"id" : 1186, "name" : "宏達大藥局", "address" : "新北市板橋區莒光路17號", "telephone" : "0222528993", "city" : "新北市", "district" : "板橋區", "nhi" : true, "data_time" : "2026-05-03 03:11:08", "pharmacy_per_10k" : 3.38}}, {"type" : "Feature", "geometry" : {"type" : "Point", "coordinates" : [121.4466733, 25.00246533]}, "properties" : {"id" : 1211, "name" : "正康健保藥局", "address" : "新北市板橋區大觀路2段65號1樓", "telephone" : "0222756681", "city" : "新北市", "district" : "板橋區", "nhi" : true, "data_time" : "2026-05-03 03:11:08", "pharmacy_per_10k" : 3.38}}, {"type" : "Feature", "geometry" : {"type" : "Point", "coordinates" : [121.4608694, 25.01832654]}, "properties" : {"id" : 1215, "name" : "景好藥師藥局", "address" : "新北市板橋區國光路182號1樓", "telephone" : "0222724728", "city" : "新北市", "district" : "板橋區", "nhi" : true, "data_time" : "2026-05-03 03:11:08", "pharmacy_per_10k" : 3.38}}, {"type" : "Feature", "geometry" : {"type" : "Point", "coordinates" : [121.4730155, 25.0215381]}, "properties" : {"id" : 1227, "name" : "正吉藥局", "address" : "新北市板橋區莊敬路241號1樓", "telephone" : "0222595183", "city" : "新北市", "district" : "板橋區", "nhi" : true, "data_time" : "2026-05-03 03:11:08", "pharmacy_per_10k" : 3.38}}, {"type" : "Feature", "geometry" : {"type" : "Point", "coordinates" : [121.4777947, 25.02707318]}, "properties" : {"id" : 1228, "name" : "新進發大藥局", "address" : "新北市板橋區大同街24號1樓", "telephone" : "0222593926", "city" : "新北市", "district" : "板橋區", "nhi" : true, "data_time" : "2026-05-03 03:11:08", "pharmacy_per_10k" : 3.38}}, {"type" : "Feature", "geometry" : {"type" : "Point", "coordinates" : [121.4626688, 25.02965368]}, "properties" : {"id" : 1229, "name" : "廣信健保藥局", "address" : "新北市板橋區四維路304號1樓", "telephone" : "0222592918", "city" : "新北市", "district" : "板橋區", "nhi" : true, "data_time" : "2026-05-03 03:11:08", "pharmacy_per_10k" : 3.38}}, {"type" : "Feature", "geometry" : {"type" : "Point", "coordinates" : [121.4742539, 25.02874127]}, "properties" : {"id" : 1230, "name" : "正陽藥局", "address" : "新北市板橋區雙十路2段116號1樓", "telephone" : "0222592667", "city" : "新北市", "district" : "板橋區", "nhi" : true, "data_time" : "2026-05-03 03:11:08", "pharmacy_per_10k" : 3.38}}, {"type" : "Feature", "geometry" : {"type" : "Point", "coordinates" : [121.4783574, 25.03105469]}, "properties" : {"id" : 1231, "name" : "濟安堂藥局", "address" : "新北市板橋區民治街117號1樓", "telephone" : "0222587973", "city" : "新北市", "district" : "板橋區", "nhi" : true, "data_time" : "2026-05-03 03:11:08", "pharmacy_per_10k" : 3.38}}, {"type" : "Feature", "geometry" : {"type" : "Point", "coordinates" : [121.4628224, 25.02935939]}, "properties" : {"id" : 1232, "name" : "上嘉藥局", "address" : "新北市板橋區四維路296號1樓", "telephone" : "0222582278", "city" : "新北市", "district" : "板橋區", "nhi" : true, "data_time" : "2026-05-03 03:11:08", "pharmacy_per_10k" : 3.38}}, {"type" : "Feature", "geometry" : {"type" : "Point", "coordinates" : [121.4621917, 25.03008823]}, "properties" : {"id" : 1233, "name" : "廣安健保藥師藥局", "address" : "新北市板橋區四維路355號1樓", "telephone" : "0222580963", "city" : "新北市", "district" : "板橋區", "nhi" : true, "data_time" : "2026-05-03 03:11:08", "pharmacy_per_10k" : 3.38}}, {"type" : "Feature", "geometry" : {"type" : "Point", "coordinates" : [121.4617394, 25.02205203]}, "properties" : {"id" : 1234, "name" : "京躍藥局", "address" : "新北市板橋區新海路86號1樓", "telephone" : "0222580669", "city" : "新北市", "district" : "板橋區", "nhi" : true, "data_time" : "2026-05-03 03:11:08", "pharmacy_per_10k" : 3.38}}, {"type" : "Feature", "geometry" : {"type" : "Point", "coordinates" : [121.4728298, 25.02645089]}, "properties" : {"id" : 1235, "name" : "莊敬健康人生藥局", "address" : "新北市板橋區莊敬路87號1樓", "telephone" : "0222570028", "city" : "新北市", "district" : "板橋區", "nhi" : true, "data_time" : "2026-05-03 03:11:08", "pharmacy_per_10k" : 3.38}}, {"type" : "Feature", "geometry" : {"type" : "Point", "coordinates" : [121.4709002, 25.02420871]}, "properties" : {"id" : 1236, "name" : "躍獅莒光藥局", "address" : "新北市板橋區莒光路58號1樓", "telephone" : "0222556743", "city" : "新北市", "district" : "板橋區", "nhi" : true, "data_time" : "2026-05-03 03:11:08", "pharmacy_per_10k" : 3.38}}, {"type" : "Feature", "geometry" : {"type" : "Point", "coordinates" : [121.4709839, 25.03142713]}, "properties" : {"id" : 1237, "name" : "廣欣藥師藥局", "address" : "新北市板橋區雙十路3段52號1樓", "telephone" : "0222540613", "city" : "新北市", "district" : "板橋區", "nhi" : true, "data_time" : "2026-05-03 03:11:08", "pharmacy_per_10k" : 3.38}}, {"type" : "Feature", "geometry" : {"type" : "Point", "coordinates" : [121.4618321, 25.02022592]}, "properties" : {"id" : 1238, "name" : "詠濟藥局", "address" : "新北市板橋區幸福路23號", "telephone" : "0222536951", "city" : "新北市", "district" : "板橋區", "nhi" : true, "data_time" : "2026-05-03 03:11:08", "pharmacy_per_10k" : 3.38}}, {"type" : "Feature", "geometry" : {"type" : "Point", "coordinates" : [121.4723108, 25.02408056]}, "properties" : {"id" : 1239, "name" : "廣明藥局", "address" : "新北市板橋區莒光路93號1樓", "telephone" : "0222536325", "city" : "新北市", "district" : "板橋區", "nhi" : true, "data_time" : "2026-05-03 03:11:08", "pharmacy_per_10k" : 3.38}}, {"type" : "Feature", "geometry" : {"type" : "Point", "coordinates" : [121.4623711, 25.02921405]}, "properties" : {"id" : 1240, "name" : "裕苠藥局", "address" : "新北市板橋區裕民街6號", "telephone" : "0222535227", "city" : "新北市", "district" : "板橋區", "nhi" : true, "data_time" : "2026-05-03 03:11:08", "pharmacy_per_10k" : 3.38}}, {"type" : "Feature", "geometry" : {"type" : "Point", "coordinates" : [121.4702412, 25.02464554]}, "properties" : {"id" : 1241, "name" : "金弘藥局", "address" : "新北市板橋區莒光路29號1樓", "telephone" : "0222531918", "city" : "新北市", "district" : "板橋區", "nhi" : true, "data_time" : "2026-05-03 03:11:08", "pharmacy_per_10k" : 3.38}}, {"type" : "Feature", "geometry" : {"type" : "Point", "coordinates" : [121.4656732, 25.0245729]}, "properties" : {"id" : 1242, "name" : "幸福健保藥局", "address" : "新北市板橋區四維路106號1樓", "telephone" : "0222530009", "city" : "新北市", "district" : "板橋區", "nhi" : true, "data_time" : "2026-05-03 03:11:08", "pharmacy_per_10k" : 3.38}}, {"type" : "Feature", "geometry" : {"type" : "Point", "coordinates" : [121.47631, 25.03065389]}, "properties" : {"id" : 1244, "name" : "必生好藥局", "address" : "新北市板橋區松柏街67號1樓", "telephone" : "0222511057", "city" : "新北市", "district" : "板橋區", "nhi" : true, "data_time" : "2026-05-03 03:11:08", "pharmacy_per_10k" : 3.38}}, {"type" : "Feature", "geometry" : {"type" : "Point", "coordinates" : [121.4658933, 25.02197223]}, "properties" : {"id" : 1245, "name" : "嘉恩健保藥局", "address" : "新北市板橋區陽明街40號2樓", "telephone" : "0222509566", "city" : "新北市", "district" : "板橋區", "nhi" : true, "data_time" : "2026-05-03 03:11:08", "pharmacy_per_10k" : 3.38}}, {"type" : "Feature", "geometry" : {"type" : "Point", "coordinates" : [121.4617341, 25.02658121]}, "properties" : {"id" : 1246, "name" : "佳聯藥局", "address" : "新北市板橋區陽明街297號1樓", "telephone" : "0222506255", "city" : "新北市", "district" : "板橋區", "nhi" : true, "data_time" : "2026-05-03 03:11:08", "pharmacy_per_10k" : 3.38}}, {"type" : "Feature", "geometry" : {"type" : "Point", "coordinates" : [121.4617595, 25.01495331]}, "properties" : {"id" : 1247, "name" : "晴天藥局", "address" : "新北市板橋區文化路1段116號2樓", "telephone" : "0222506165", "city" : "新北市", "district" : "板橋區", "nhi" : true, "data_time" : "2026-05-03 03:11:08", "pharmacy_per_10k" : 3.38}}, {"type" : "Feature", "geometry" : {"type" : "Point", "coordinates" : [121.4737686, 25.02254872]}, "properties" : {"id" : 1248, "name" : "力安藥局", "address" : "新北市板橋區莒光路196巷8號1樓", "telephone" : "0222503349", "city" : "新北市", "district" : "板橋區", "nhi" : true, "data_time" : "2026-05-03 03:11:08", "pharmacy_per_10k" : 3.38}}, {"type" : "Feature", "geometry" : {"type" : "Point", "coordinates" : [121.4611947, 25.02291843]}, "properties" : {"id" : 1249, "name" : "新海藥局", "address" : "新北市板橋區新海路122號1、2樓", "telephone" : "0222500190", "city" : "新北市", "district" : "板橋區", "nhi" : true, "data_time" : "2026-05-03 03:11:08", "pharmacy_per_10k" : 3.38}}, {"type" : "Feature", "geometry" : {"type" : "Point", "coordinates" : [121.4518215, 24.99655526]}, "properties" : {"id" : 1371, "name" : "聯康藥局", "address" : "新北市板橋區南雅南路2段136號1樓", "telephone" : "0289674888", "city" : "新北市", "district" : "板橋區", "nhi" : true, "data_time" : "2026-05-03 03:11:08", "pharmacy_per_10k" : 3.38}}, {"type" : "Feature", "geometry" : {"type" : "Point", "coordinates" : [121.4719532, 25.00738678]}, "properties" : {"id" : 1372, "name" : "晨晰藥局", "address" : "新北市板橋區漢生東路344號1樓", "telephone" : "0289536273", "city" : "新北市", "district" : "板橋區", "nhi" : true, "data_time" : "2026-05-03 03:11:08", "pharmacy_per_10k" : 3.38}}, {"type" : "Feature", "geometry" : {"type" : "Point", "coordinates" : [121.4524371, 25.01084717]}, "properties" : {"id" : 1373, "name" : "利安藥師藥局", "address" : "新北市板橋區南雅西路2段117號及119號1樓", "telephone" : "0229666951", "city" : "新北市", "district" : "板橋區", "nhi" : true, "data_time" : "2026-05-03 03:11:08", "pharmacy_per_10k" : 3.38}}, {"type" : "Feature", "geometry" : {"type" : "Point", "coordinates" : [121.4561304, 25.01804225]}, "properties" : {"id" : 1374, "name" : "台安藥局", "address" : "新北市板橋區中正路204號1樓、2樓、3樓", "telephone" : "0229663600", "city" : "新北市", "district" : "板橋區", "nhi" : true, "data_time" : "2026-05-03 03:11:08", "pharmacy_per_10k" : 3.38}}, {"type" : "Feature", "geometry" : {"type" : "Point", "coordinates" : [121.4565555, 25.00301659]}, "properties" : {"id" : 1375, "name" : "明豐專業藥局", "address" : "新北市板橋區貴興路74號1樓", "telephone" : "0229647542", "city" : "新北市", "district" : "板橋區", "nhi" : true, "data_time" : "2026-05-03 03:11:08", "pharmacy_per_10k" : 3.38}}, {"type" : "Feature", "geometry" : {"type" : "Point", "coordinates" : [121.4608185, 25.00206223]}, "properties" : {"id" : 1376, "name" : "埔全藥局", "address" : "新北市板橋區忠孝路33號1樓", "telephone" : "0229567309", "city" : "新北市", "district" : "板橋區", "nhi" : true, "data_time" : "2026-05-03 03:11:08", "pharmacy_per_10k" : 3.38}}, {"type" : "Feature", "geometry" : {"type" : "Point", "coordinates" : [121.4644864, 25.00332969]}, "properties" : {"id" : 1377, "name" : "杏文藥局", "address" : "新北市板橋區實踐路185號1樓", "telephone" : "0229565078", "city" : "新北市", "district" : "板橋區", "nhi" : true, "data_time" : "2026-05-03 03:11:08", "pharmacy_per_10k" : 3.38}}, {"type" : "Feature", "geometry" : {"type" : "Point", "coordinates" : [121.4793146, 25.0153537]}, "properties" : {"id" : 1378, "name" : "麗森藥師藥局連鎖麗寶藥局", "address" : "新北市板橋區三民路2段133號1樓", "telephone" : "0229557141", "city" : "新北市", "district" : "板橋區", "nhi" : true, "data_time" : "2026-05-03 03:11:08", "pharmacy_per_10k" : 3.38}}, {"type" : "Feature", "geometry" : {"type" : "Point", "coordinates" : [121.4750822, 25.01622266]}, "properties" : {"id" : 1379, "name" : "大川藥局", "address" : "新北市板橋區中山路2段86號1樓", "telephone" : "0229555011", "city" : "新北市", "district" : "板橋區", "nhi" : true, "data_time" : "2026-05-03 03:11:08", "pharmacy_per_10k" : 3.38}}, {"type" : "Feature", "geometry" : {"type" : "Point", "coordinates" : [121.4595363, 25.00688599]}, "properties" : {"id" : 1380, "name" : "光澤醫美藥局", "address" : "新北市板橋區四川路1段21號1樓", "telephone" : "0229551215", "city" : "新北市", "district" : "板橋區", "nhi" : true, "data_time" : "2026-05-03 03:11:08", "pharmacy_per_10k" : 3.38}}, {"type" : "Feature", "geometry" : {"type" : "Point", "coordinates" : [121.4634474, 24.99671426]}, "properties" : {"id" : 1381, "name" : "金瑞藥局", "address" : "新北市板橋區和平路161巷24號1樓", "telephone" : "0229533188", "city" : "新北市", "district" : "板橋區", "nhi" : true, "data_time" : "2026-05-03 03:11:08", "pharmacy_per_10k" : 3.38}}, {"type" : "Feature", "geometry" : {"type" : "Point", "coordinates" : [121.4646833, 25.01853539]}, "properties" : {"id" : 1382, "name" : "康橋藥局", "address" : "新北市板橋區文化路1段273號", "telephone" : "0222532560", "city" : "新北市", "district" : "板橋區", "nhi" : true, "data_time" : "2026-05-03 03:11:08", "pharmacy_per_10k" : 3.38}}, {"type" : "Feature", "geometry" : {"type" : "Point", "coordinates" : [121.4656341, 25.02464707]}, "properties" : {"id" : 1383, "name" : "樂多藥局", "address" : "新北市板橋區四維路108號1樓", "telephone" : "0222523530", "city" : "新北市", "district" : "板橋區", "nhi" : true, "data_time" : "2026-05-03 03:11:08", "pharmacy_per_10k" : 3.38}}, {"type" : "Feature", "geometry" : {"type" : "Point", "coordinates" : [121.4596596, 24.99148716]}, "properties" : {"id" : 1387, "name" : "萬泰藥局", "address" : "新北市板橋區信義路221-1號", "telephone" : "9.54E+08", "city" : "新北市", "district" : "板橋區", "nhi" : true, "data_time" : "2026-05-03 03:11:08", "pharmacy_per_10k" : 3.38}}, {"type" : "Feature", "geometry" : {"type" : "Point", "coordinates" : [121.457324, 25.01090962]}, "properties" : {"id" : 1404, "name" : "大昌藥局", "address" : "新北市板橋區北門街28號", "telephone" : "0289682579", "city" : "新北市", "district" : "板橋區", "nhi" : true, "data_time" : "2026-05-03 03:11:08", "pharmacy_per_10k" : 3.38}}, {"type" : "Feature", "geometry" : {"type" : "Point", "coordinates" : [121.4627908, 25.01896528]}, "properties" : {"id" : 1413, "name" : "翰生藥局", "address" : "新北市板橋區漢生西路77號1樓", "telephone" : "0282513666", "city" : "新北市", "district" : "板橋區", "nhi" : true, "data_time" : "2026-05-03 03:11:08", "pharmacy_per_10k" : 3.38}}, {"type" : "Feature", "geometry" : {"type" : "Point", "coordinates" : [121.4428025, 25.00005645]}, "properties" : {"id" : 1440, "name" : "廷好藥局", "address" : "新北市板橋區龍興街25號1樓", "telephone" : "0229691768", "city" : "新北市", "district" : "板橋區", "nhi" : true, "data_time" : "2026-05-03 03:11:08", "pharmacy_per_10k" : 3.38}}, {"type" : "Feature", "geometry" : {"type" : "Point", "coordinates" : [121.4596329, 25.01422273]}, "properties" : {"id" : 1441, "name" : "穎川藥局", "address" : "新北市板橋區民權路202巷4弄1號", "telephone" : "0229660617", "city" : "新北市", "district" : "板橋區", "nhi" : true, "data_time" : "2026-05-03 03:11:08", "pharmacy_per_10k" : 3.38}}, {"type" : "Feature", "geometry" : {"type" : "Point", "coordinates" : [121.4618084, 25.01025408]}, "properties" : {"id" : 1444, "name" : "中山大藥局", "address" : "新北市板橋區中山路1段107號", "telephone" : "0229575029", "city" : "新北市", "district" : "板橋區", "nhi" : true, "data_time" : "2026-05-03 03:11:08", "pharmacy_per_10k" : 3.38}}, {"type" : "Feature", "geometry" : {"type" : "Point", "coordinates" : [121.4603824, 25.00200287]}, "properties" : {"id" : 1445, "name" : "合泰藥局", "address" : "新北市板橋區忠孝路19號1樓", "telephone" : "0229572437", "city" : "新北市", "district" : "板橋區", "nhi" : true, "data_time" : "2026-05-03 03:11:08", "pharmacy_per_10k" : 3.38}}, {"type" : "Feature", "geometry" : {"type" : "Point", "coordinates" : [121.4787484, 25.01515104]}, "properties" : {"id" : 1446, "name" : "正成藥師藥局", "address" : "新北市板橋區三民路2段154巷7號", "telephone" : "0229512760", "city" : "新北市", "district" : "板橋區", "nhi" : true, "data_time" : "2026-05-03 03:11:08", "pharmacy_per_10k" : 3.38}}, {"type" : "Feature", "geometry" : {"type" : "Point", "coordinates" : [121.4600572, 25.00296615]}, "properties" : {"id" : 1447, "name" : "全國藥局", "address" : "新北市板橋區四川路1段231號", "telephone" : "0229511212", "city" : "新北市", "district" : "板橋區", "nhi" : true, "data_time" : "2026-05-03 03:11:08", "pharmacy_per_10k" : 3.38}}, {"type" : "Feature", "geometry" : {"type" : "Point", "coordinates" : [121.4791935, 25.01369836]}, "properties" : {"id" : 1448, "name" : "信昌藥局", "address" : "新北市板橋區三民路2段202-9號", "telephone" : "0229510784", "city" : "新北市", "district" : "板橋區", "nhi" : true, "data_time" : "2026-05-03 03:11:08", "pharmacy_per_10k" : 3.38}}, {"type" : "Feature", "geometry" : {"type" : "Point", "coordinates" : [121.4281214, 24.98952607]}, "properties" : {"id" : 1481, "name" : "溪北藥局", "address" : "新北市板橋區溪北路78號1樓", "telephone" : "0226866528", "city" : "新北市", "district" : "板橋區", "nhi" : true, "data_time" : "2026-05-03 03:11:08", "pharmacy_per_10k" : 3.38}}, {"type" : "Feature", "geometry" : {"type" : "Point", "coordinates" : [121.4309076, 24.9879209]}, "properties" : {"id" : 1486, "name" : "杏華藥局", "address" : "新北市板橋區溪北路170號1樓", "telephone" : "0226757024", "city" : "新北市", "district" : "板橋區", "nhi" : true, "data_time" : "2026-05-03 03:11:08", "pharmacy_per_10k" : 3.38}}, {"type" : "Feature", "geometry" : {"type" : "Point", "coordinates" : [121.4269313, 24.99022939]}, "properties" : {"id" : 1487, "name" : "康德藥局", "address" : "新北市板橋區溪北路28號", "telephone" : "0226755151", "city" : "新北市", "district" : "板橋區", "nhi" : true, "data_time" : "2026-05-03 03:11:08", "pharmacy_per_10k" : 3.38}}, {"type" : "Feature", "geometry" : {"type" : "Point", "coordinates" : [121.4706526, 25.00692869]}, "properties" : {"id" : 1513, "name" : "重成藥局", "address" : "新北市板橋區民族路267號", "telephone" : "0222958969", "city" : "新北市", "district" : "板橋區", "nhi" : true, "data_time" : "2026-05-03 03:11:08", "pharmacy_per_10k" : 3.38}}, {"type" : "Feature", "geometry" : {"type" : "Point", "coordinates" : [121.456334, 25.00531831]}, "properties" : {"id" : 1527, "name" : "南雅藥局", "address" : "新北市板橋區南雅南路1段5巷22號", "telephone" : "0222725358", "city" : "新北市", "district" : "板橋區", "nhi" : true, "data_time" : "2026-05-03 03:11:08", "pharmacy_per_10k" : 3.38}}, {"type" : "Feature", "geometry" : {"type" : "Point", "coordinates" : [121.4621912, 25.02879181]}, "properties" : {"id" : 1531, "name" : "富盛藥局", "address" : "新北市板橋區四維路291巷4弄24號1樓", "telephone" : "0222596016", "city" : "新北市", "district" : "板橋區", "nhi" : true, "data_time" : "2026-05-03 03:11:08", "pharmacy_per_10k" : 3.38}}, {"type" : "Feature", "geometry" : {"type" : "Point", "coordinates" : [121.4640444, 25.02336465]}, "properties" : {"id" : 1532, "name" : "力康藥局", "address" : "新北市板橋區陽明街108號", "telephone" : "0222589353", "city" : "新北市", "district" : "板橋區", "nhi" : true, "data_time" : "2026-05-03 03:11:08", "pharmacy_per_10k" : 3.38}}, {"type" : "Feature", "geometry" : {"type" : "Point", "coordinates" : [121.4666764, 25.02193514]}, "properties" : {"id" : 1533, "name" : "佳和藥局", "address" : "新北市板橋區文化路1段387巷5號1樓", "telephone" : "0222582034", "city" : "新北市", "district" : "板橋區", "nhi" : true, "data_time" : "2026-05-03 03:11:08", "pharmacy_per_10k" : 3.38}}, {"type" : "Feature", "geometry" : {"type" : "Point", "coordinates" : [121.4602948, 25.01494565]}, "properties" : {"id" : 1534, "name" : "全曜藥局", "address" : "新北市板橋區民權路260巷62號", "telephone" : "0222575417", "city" : "新北市", "district" : "板橋區", "nhi" : true, "data_time" : "2026-05-03 03:11:08", "pharmacy_per_10k" : 3.38}}, {"type" : "Feature", "geometry" : {"type" : "Point", "coordinates" : [121.4596171, 25.02666164]}, "properties" : {"id" : 1535, "name" : "振民藥局", "address" : "新北市板橋區四維路269巷92號", "telephone" : "0222572955", "city" : "新北市", "district" : "板橋區", "nhi" : true, "data_time" : "2026-05-03 03:11:08", "pharmacy_per_10k" : 3.38}}, {"type" : "Feature", "geometry" : {"type" : "Point", "coordinates" : [121.4704122, 25.03206755]}, "properties" : {"id" : 1536, "name" : "安聯藥局", "address" : "新北市板橋區宏國路113號1樓", "telephone" : "0222569079", "city" : "新北市", "district" : "板橋區", "nhi" : true, "data_time" : "2026-05-03 03:11:08", "pharmacy_per_10k" : 3.38}}, {"type" : "Feature", "geometry" : {"type" : "Point", "coordinates" : [121.4665705, 25.02026897]}, "properties" : {"id" : 1537, "name" : "晨恩藥局", "address" : "新北市板橋區文化路1段216號1樓", "telephone" : "0222567200", "city" : "新北市", "district" : "板橋區", "nhi" : true, "data_time" : "2026-05-03 03:11:08", "pharmacy_per_10k" : 3.38}}, {"type" : "Feature", "geometry" : {"type" : "Point", "coordinates" : [121.4705746, 25.03167768]}, "properties" : {"id" : 1538, "name" : "欣民藥局", "address" : "新北市板橋區雙十路3段39號", "telephone" : "0222545938", "city" : "新北市", "district" : "板橋區", "nhi" : true, "data_time" : "2026-05-03 03:11:08", "pharmacy_per_10k" : 3.38}}, {"type" : "Feature", "geometry" : {"type" : "Point", "coordinates" : [121.4790276, 25.031499]}, "properties" : {"id" : 1539, "name" : "進發大藥局", "address" : "新北市板橋區民治街101號", "telephone" : "0222528361", "city" : "新北市", "district" : "板橋區", "nhi" : true, "data_time" : "2026-05-03 03:11:08", "pharmacy_per_10k" : 3.38}}, {"type" : "Feature", "geometry" : {"type" : "Point", "coordinates" : [121.4604469, 24.99965499]}, "properties" : {"id" : 1579, "name" : "人民藥局", "address" : "新北市板橋區仁愛路59號", "telephone" : "0289533956", "city" : "新北市", "district" : "板橋區", "nhi" : true, "data_time" : "2026-05-03 03:11:08", "pharmacy_per_10k" : 3.38}}, {"type" : "Feature", "geometry" : {"type" : "Point", "coordinates" : [121.4642013, 25.00487846]}, "properties" : {"id" : 1580, "name" : "健全藥局", "address" : "新北市板橋區實踐路125號1樓", "telephone" : "0289533330", "city" : "新北市", "district" : "板橋區", "nhi" : true, "data_time" : "2026-05-03 03:11:08", "pharmacy_per_10k" : 3.38}}, {"type" : "Feature", "geometry" : {"type" : "Point", "coordinates" : [121.4604916, 25.01824649]}, "properties" : {"id" : 1680, "name" : "國光藥師藥局", "address" : "新北市板橋區國光路172號1樓", "telephone" : "0229698217", "city" : "新北市", "district" : "板橋區", "nhi" : true, "data_time" : "2026-05-03 03:11:08", "pharmacy_per_10k" : 3.38}}, {"type" : "Feature", "geometry" : {"type" : "Point", "coordinates" : [121.4570044, 25.01738776]}, "properties" : {"id" : 1681, "name" : "友虹藥師藥局", "address" : "新北市板橋區國光路16號", "telephone" : "0229691181", "city" : "新北市", "district" : "板橋區", "nhi" : true, "data_time" : "2026-05-03 03:11:08", "pharmacy_per_10k" : 3.38}}, {"type" : "Feature", "geometry" : {"type" : "Point", "coordinates" : [121.4631568, 25.01829374]}, "properties" : {"id" : 1682, "name" : "快安藥局", "address" : "新北市板橋區漢生西路31號1樓", "telephone" : "0229685792", "city" : "新北市", "district" : "板橋區", "nhi" : true, "data_time" : "2026-05-03 03:11:08", "pharmacy_per_10k" : 3.38}}, {"type" : "Feature", "geometry" : {"type" : "Point", "coordinates" : [121.4568208, 25.02454227]}, "properties" : {"id" : 1683, "name" : "長弘藥局", "address" : "新北市板橋區龍泉街110號", "telephone" : "0229674640", "city" : "新北市", "district" : "板橋區", "nhi" : true, "data_time" : "2026-05-03 03:11:08", "pharmacy_per_10k" : 3.38}}, {"type" : "Feature", "geometry" : {"type" : "Point", "coordinates" : [121.456857, 25.00964704]}, "properties" : {"id" : 1684, "name" : "一誠藥局", "address" : "新北市板橋區府中路62號", "telephone" : "0229673956", "city" : "新北市", "district" : "板橋區", "nhi" : true, "data_time" : "2026-05-03 03:11:08", "pharmacy_per_10k" : 3.38}}, {"type" : "Feature", "geometry" : {"type" : "Point", "coordinates" : [121.4550243, 25.0151493]}, "properties" : {"id" : 1685, "name" : "華傳綜合大藥局", "address" : "新北市板橋區大智街40號", "telephone" : "0229670029", "city" : "新北市", "district" : "板橋區", "nhi" : true, "data_time" : "2026-05-03 03:11:08", "pharmacy_per_10k" : 3.38}}, {"type" : "Feature", "geometry" : {"type" : "Point", "coordinates" : [121.4562163, 25.02127502]}, "properties" : {"id" : 1686, "name" : "柏元藥局", "address" : "新北市板橋區新生街25號", "telephone" : "0229665768", "city" : "新北市", "district" : "板橋區", "nhi" : true, "data_time" : "2026-05-03 03:11:08", "pharmacy_per_10k" : 3.38}}, {"type" : "Feature", "geometry" : {"type" : "Point", "coordinates" : [121.4769634, 25.01740994]}, "properties" : {"id" : 1687, "name" : "埔墘藥局", "address" : "新北市板橋區中山路2段227號", "telephone" : "0229646705", "city" : "新北市", "district" : "板橋區", "nhi" : true, "data_time" : "2026-05-03 03:11:08", "pharmacy_per_10k" : 3.38}}, {"type" : "Feature", "geometry" : {"type" : "Point", "coordinates" : [121.4598656, 25.002564]}, "properties" : {"id" : 1689, "name" : "萬壽藥局", "address" : "新北市板橋區四川路1段251號", "telephone" : "0229617476", "city" : "新北市", "district" : "板橋區", "nhi" : true, "data_time" : "2026-05-03 03:11:08", "pharmacy_per_10k" : 3.38}}, {"type" : "Feature", "geometry" : {"type" : "Point", "coordinates" : [121.4576982, 25.01783112]}, "properties" : {"id" : 1690, "name" : "文德藥局", "address" : "新北市板橋區國光路43號B1", "telephone" : "0229603312", "city" : "新北市", "district" : "板橋區", "nhi" : true, "data_time" : "2026-05-03 03:11:08", "pharmacy_per_10k" : 3.38}}, {"type" : "Feature", "geometry" : {"type" : "Point", "coordinates" : [121.4556571, 25.01906129]}, "properties" : {"id" : 1691, "name" : "翰林藥局", "address" : "新北市板橋區中正路240號", "telephone" : "0229602748", "city" : "新北市", "district" : "板橋區", "nhi" : true, "data_time" : "2026-05-03 03:11:08", "pharmacy_per_10k" : 3.38}}, {"type" : "Feature", "geometry" : {"type" : "Point", "coordinates" : [121.4772446, 25.0175714]}, "properties" : {"id" : 1693, "name" : "皇安藥局", "address" : "新北市板橋區中山路2段241號", "telephone" : "0229590929", "city" : "新北市", "district" : "板橋區", "nhi" : true, "data_time" : "2026-05-03 03:11:08", "pharmacy_per_10k" : 3.38}}, {"type" : "Feature", "geometry" : {"type" : "Point", "coordinates" : [121.4724302, 25.01304669]}, "properties" : {"id" : 1695, "name" : "眾安大藥局", "address" : "新北市板橋區長安街331巷78號", "telephone" : "0229550742", "city" : "新北市", "district" : "板橋區", "nhi" : true, "data_time" : "2026-05-03 03:11:08", "pharmacy_per_10k" : 3.38}}, {"type" : "Feature", "geometry" : {"type" : "Point", "coordinates" : [121.4262465, 24.98490662]}, "properties" : {"id" : 1754, "name" : "惠林藥局", "address" : "新北市板橋區篤行路3段90號", "telephone" : "0226878651", "city" : "新北市", "district" : "板橋區", "nhi" : true, "data_time" : "2026-05-03 03:11:08", "pharmacy_per_10k" : 3.38}}, {"type" : "Feature", "geometry" : {"type" : "Point", "coordinates" : [121.4327689, 24.99117134]}, "properties" : {"id" : 1757, "name" : "新欣藥局", "address" : "新北市板橋區金門街128號", "telephone" : "0226828061", "city" : "新北市", "district" : "板橋區", "nhi" : true, "data_time" : "2026-05-03 03:11:08", "pharmacy_per_10k" : 3.38}}, {"type" : "Feature", "geometry" : {"type" : "Point", "coordinates" : [121.4590657, 25.00961339]}, "properties" : {"id" : 1853, "name" : "仁耀藥局", "address" : "新北市板橋區板橋大觀路2段19巷93號1樓", "telephone" : "0222755417", "city" : "新北市", "district" : "板橋區", "nhi" : true, "data_time" : "2026-05-03 03:11:08", "pharmacy_per_10k" : 3.38}}, {"type" : "Feature", "geometry" : {"type" : "Point", "coordinates" : [121.4485217, 25.00265756]}, "properties" : {"id" : 1854, "name" : "旭成藥局", "address" : "新北市板橋區大觀路2段37巷36號", "telephone" : "0222755327", "city" : "新北市", "district" : "板橋區", "nhi" : true, "data_time" : "2026-05-03 03:11:08", "pharmacy_per_10k" : 3.38}}, {"type" : "Feature", "geometry" : {"type" : "Point", "coordinates" : [121.4577845, 25.01023604]}, "properties" : {"id" : 1859, "name" : "瑞明藥局", "address" : "新北市板橋區文化路1段17號", "telephone" : "0222728467", "city" : "新北市", "district" : "板橋區", "nhi" : true, "data_time" : "2026-05-03 03:11:08", "pharmacy_per_10k" : 3.38}}, {"type" : "Feature", "geometry" : {"type" : "Point", "coordinates" : [121.4657951, 25.02357774]}, "properties" : {"id" : 1900, "name" : "宏吉藥局", "address" : "新北市板橋區自由路54號", "telephone" : "0222570407", "city" : "新北市", "district" : "板橋區", "nhi" : true, "data_time" : "2026-05-03 03:11:08", "pharmacy_per_10k" : 3.38}}, {"type" : "Feature", "geometry" : {"type" : "Point", "coordinates" : [121.459861, 25.0277346]}, "properties" : {"id" : 1901, "name" : "友祥藥局", "address" : "新北市板橋區裕民街107號", "telephone" : "0222566497", "city" : "新北市", "district" : "板橋區", "nhi" : true, "data_time" : "2026-05-03 03:11:08", "pharmacy_per_10k" : 3.38}}, {"type" : "Feature", "geometry" : {"type" : "Point", "coordinates" : [121.4623604, 25.02196888]}, "properties" : {"id" : 1902, "name" : "立昇藥局", "address" : "新北市板橋區新海路72巷8號", "telephone" : "0222564539", "city" : "新北市", "district" : "板橋區", "nhi" : true, "data_time" : "2026-05-03 03:11:08", "pharmacy_per_10k" : 3.38}}, {"type" : "Feature", "geometry" : {"type" : "Point", "coordinates" : [121.4667411, 25.02173428]}, "properties" : {"id" : 1903, "name" : "義友藥局", "address" : "新北市板橋區陽明街8號", "telephone" : "0222563455", "city" : "新北市", "district" : "板橋區", "nhi" : true, "data_time" : "2026-05-03 03:11:08", "pharmacy_per_10k" : 3.38}}, {"type" : "Feature", "geometry" : {"type" : "Point", "coordinates" : [121.4654479, 25.02221608]}, "properties" : {"id" : 1904, "name" : "新埔藥局", "address" : "新北市板橋區自由路2號", "telephone" : "0222558878", "city" : "新北市", "district" : "板橋區", "nhi" : true, "data_time" : "2026-05-03 03:11:08", "pharmacy_per_10k" : 3.38}}, {"type" : "Feature", "geometry" : {"type" : "Point", "coordinates" : [121.4684662, 25.02426212]}, "properties" : {"id" : 1905, "name" : "宏周藥局", "address" : "新北市板橋區文化路2段5號", "telephone" : "0222551438", "city" : "新北市", "district" : "板橋區", "nhi" : true, "data_time" : "2026-05-03 03:11:08", "pharmacy_per_10k" : 3.38}}, {"type" : "Feature", "geometry" : {"type" : "Point", "coordinates" : [121.4726824, 25.02628176]}, "properties" : {"id" : 1906, "name" : "優良藥局", "address" : "新北市板橋區莊敬路93號", "telephone" : "0222550251", "city" : "新北市", "district" : "板橋區", "nhi" : true, "data_time" : "2026-05-03 03:11:08", "pharmacy_per_10k" : 3.38}}, {"type" : "Feature", "geometry" : {"type" : "Point", "coordinates" : [121.4654455, 25.02296136]}, "properties" : {"id" : 1907, "name" : "廣益藥局", "address" : "新北市板橋區自由路21號", "telephone" : "0222547485", "city" : "新北市", "district" : "板橋區", "nhi" : true, "data_time" : "2026-05-03 03:11:08", "pharmacy_per_10k" : 3.38}}, {"type" : "Feature", "geometry" : {"type" : "Point", "coordinates" : [121.4772486, 25.02552467]}, "properties" : {"id" : 1908, "name" : "杏泰藥局", "address" : "新北市板橋區雙十路2段4-7號", "telephone" : "0222511834", "city" : "新北市", "district" : "板橋區", "nhi" : true, "data_time" : "2026-05-03 03:11:08", "pharmacy_per_10k" : 3.38}}, {"type" : "Feature", "geometry" : {"type" : "Point", "coordinates" : [121.4737964, 25.02905804]}, "properties" : {"id" : 1958, "name" : "雙十健保藥局", "address" : "新北市板橋區雙十路2段138號2樓", "telephone" : "0282537713", "city" : "新北市", "district" : "板橋區", "nhi" : true, "data_time" : "2026-05-03 03:11:08", "pharmacy_per_10k" : 3.38}}, {"type" : "Feature", "geometry" : {"type" : "Point", "coordinates" : [121.4768732, 25.01705536]}, "properties" : {"id" : 1959, "name" : "樂心藥局", "address" : "新北市板橋區中山路2段160號1樓", "telephone" : "0229636339", "city" : "新北市", "district" : "板橋區", "nhi" : true, "data_time" : "2026-05-03 03:11:08", "pharmacy_per_10k" : 3.38}}, {"type" : "Feature", "geometry" : {"type" : "Point", "coordinates" : [121.4543391, 24.99536549]}, "properties" : {"id" : 1960, "name" : "仁泰藥局", "address" : "新北市板橋區四川路2段33號1樓", "telephone" : "0289672133", "city" : "新北市", "district" : "板橋區", "nhi" : true, "data_time" : "2026-05-03 03:11:08", "pharmacy_per_10k" : 3.38}}, {"type" : "Feature", "geometry" : {"type" : "Point", "coordinates" : [121.4780476, 25.03163614]}, "properties" : {"id" : 1961, "name" : "晉麟藥局", "address" : "新北市板橋區懷德街78巷4號", "telephone" : "0222509069", "city" : "新北市", "district" : "板橋區", "nhi" : true, "data_time" : "2026-05-03 03:11:08", "pharmacy_per_10k" : 3.38}}, {"type" : "Feature", "geometry" : {"type" : "Point", "coordinates" : [121.4820988, 25.02245633]}, "properties" : {"id" : 1962, "name" : "長欣藥師藥局", "address" : "新北市板橋區中山路2段505巷36號", "telephone" : "0229585308", "city" : "新北市", "district" : "板橋區", "nhi" : true, "data_time" : "2026-05-03 03:11:08", "pharmacy_per_10k" : 3.38}}, {"type" : "Feature", "geometry" : {"type" : "Point", "coordinates" : [121.4613459, 25.02850779]}, "properties" : {"id" : 1963, "name" : "谷全藥局", "address" : "新北市板橋區裕民街49號", "telephone" : "0222561856", "city" : "新北市", "district" : "板橋區", "nhi" : true, "data_time" : "2026-05-03 03:11:08", "pharmacy_per_10k" : 3.38}}, {"type" : "Feature", "geometry" : {"type" : "Point", "coordinates" : [121.4631611, 25.00089693]}, "properties" : {"id" : 1964, "name" : "擎天藥局", "address" : "新北市板橋區重慶路235號1樓", "telephone" : "0289525981", "city" : "新北市", "district" : "板橋區", "nhi" : true, "data_time" : "2026-05-03 03:11:08", "pharmacy_per_10k" : 3.38}}, {"type" : "Feature", "geometry" : {"type" : "Point", "coordinates" : [121.4604, 24.999654]}, "properties" : {"id" : 2056, "name" : "人民藥局", "address" : "新北市板橋區仁愛路５９號", "telephone" : "905012902", "city" : "新北市", "district" : "板橋區", "nhi" : false, "data_time" : "2026-05-03 03:11:08", "pharmacy_per_10k" : 3.38}}, {"type" : "Feature", "geometry" : {"type" : "Point", "coordinates" : [121.4643, 24.996586]}, "properties" : {"id" : 2057, "name" : "廣鑫藥局", "address" : "新北市板橋區和平路２０３號", "telephone" : "0229623258", "city" : "新北市", "district" : "板橋區", "nhi" : false, "data_time" : "2026-05-03 03:11:08", "pharmacy_per_10k" : 3.38}}, {"type" : "Feature", "geometry" : {"type" : "Point", "coordinates" : [121.4328, 24.991171]}, "properties" : {"id" : 2058, "name" : "新欣藥局", "address" : "新北市板橋區金門街１２８號", "telephone" : "935299311", "city" : "新北市", "district" : "板橋區", "nhi" : false, "data_time" : "2026-05-03 03:11:08", "pharmacy_per_10k" : 3.38}}, {"type" : "Feature", "geometry" : {"type" : "Point", "coordinates" : [121.4608, 24.998565]}, "properties" : {"id" : 2059, "name" : "嘉豐藥局", "address" : "新北市板橋區仁愛路６２巷１５弄１６－１號", "telephone" : "0229570279", "city" : "新北市", "district" : "板橋區", "nhi" : false, "data_time" : "2026-05-03 03:11:08", "pharmacy_per_10k" : 3.38}}, {"type" : "Feature", "geometry" : {"type" : "Point", "coordinates" : [121.4332, 24.991713]}, "properties" : {"id" : 2060, "name" : "永幸藥局", "address" : "新北市板橋區金門街１２１巷２號", "telephone" : "0226827012", "city" : "新北市", "district" : "板橋區", "nhi" : false, "data_time" : "2026-05-03 03:11:08", "pharmacy_per_10k" : 3.38}}, {"type" : "Feature", "geometry" : {"type" : "Point", "coordinates" : [121.4519, 24.996736]}, "properties" : {"id" : 2061, "name" : "遠東大藥局", "address" : "新北市板橋區南雅南路二段１３２號", "telephone" : "0289664555", "city" : "新北市", "district" : "板橋區", "nhi" : false, "data_time" : "2026-05-03 03:11:08", "pharmacy_per_10k" : 3.38}}, {"type" : "Feature", "geometry" : {"type" : "Point", "coordinates" : [121.4294, 24.985817]}, "properties" : {"id" : 2062, "name" : "旭全藥局", "address" : "新北市板橋區金門街三三一號", "telephone" : "0226860526", "city" : "新北市", "district" : "板橋區", "nhi" : false, "data_time" : "2026-05-03 03:11:08", "pharmacy_per_10k" : 3.38}}, {"type" : "Feature", "geometry" : {"type" : "Point", "coordinates" : [121.3781874, 25.08476199]}, "properties" : {"id" : 931, "name" : "茂晟藥局", "address" : "新北市林口區文化三路2段328號1樓", "telephone" : "0226020593", "city" : "新北市", "district" : "林口區", "nhi" : true, "data_time" : "2026-05-03 03:11:08", "pharmacy_per_10k" : 2.15}}, {"type" : "Feature", "geometry" : {"type" : "Point", "coordinates" : [121.3840786, 25.07551519]}, "properties" : {"id" : 1184, "name" : "林口啄木鳥藥局", "address" : "新北市林口區仁愛路2段80號", "telephone" : "0226027547", "city" : "新北市", "district" : "林口區", "nhi" : true, "data_time" : "2026-05-03 03:11:08", "pharmacy_per_10k" : 2.15}}, {"type" : "Feature", "geometry" : {"type" : "Point", "coordinates" : [121.3751693, 25.07135589]}, "properties" : {"id" : 1185, "name" : "康旭藥局", "address" : "新北市林口區麗園一街6巷9號1樓-3", "telephone" : "0226007807", "city" : "新北市", "district" : "林口區", "nhi" : true, "data_time" : "2026-05-03 03:11:08", "pharmacy_per_10k" : 2.15}}, {"type" : "Feature", "geometry" : {"type" : "Point", "coordinates" : [121.3725132, 25.0759521]}, "properties" : {"id" : 1348, "name" : "蛋寶寶藥局", "address" : "新北市林口區民有街158號1樓", "telephone" : "0226097371", "city" : "新北市", "district" : "林口區", "nhi" : true, "data_time" : "2026-05-03 03:11:08", "pharmacy_per_10k" : 2.15}}, {"type" : "Feature", "geometry" : {"type" : "Point", "coordinates" : [121.3666564, 25.06762703]}, "properties" : {"id" : 1349, "name" : "大心藥局", "address" : "新北市林口區公園路19號1樓", "telephone" : "0226089305", "city" : "新北市", "district" : "林口區", "nhi" : true, "data_time" : "2026-05-03 03:11:08", "pharmacy_per_10k" : 2.15}}, {"type" : "Feature", "geometry" : {"type" : "Point", "coordinates" : [121.3695255, 25.07225435]}, "properties" : {"id" : 1350, "name" : "林康藥局", "address" : "新北市林口區文化二路1段222號1樓", "telephone" : "0226088869", "city" : "新北市", "district" : "林口區", "nhi" : true, "data_time" : "2026-05-03 03:11:08", "pharmacy_per_10k" : 2.15}}, {"type" : "Feature", "geometry" : {"type" : "Point", "coordinates" : [121.3739797, 25.07648206]}, "properties" : {"id" : 1351, "name" : "欣穎藥局", "address" : "新北市林口區文化二路1段535號1樓", "telephone" : "0226069786", "city" : "新北市", "district" : "林口區", "nhi" : true, "data_time" : "2026-05-03 03:11:08", "pharmacy_per_10k" : 2.15}}, {"type" : "Feature", "geometry" : {"type" : "Point", "coordinates" : [121.3891956, 25.07910569]}, "properties" : {"id" : 1352, "name" : "普生藥局", "address" : "新北市林口區中山路188號1樓-1", "telephone" : "0226024105", "city" : "新北市", "district" : "林口區", "nhi" : true, "data_time" : "2026-05-03 03:11:08", "pharmacy_per_10k" : 2.15}}, {"type" : "Feature", "geometry" : {"type" : "Point", "coordinates" : [121.3867303, 25.07683312]}, "properties" : {"id" : 1353, "name" : "榮昌藥局", "address" : "新北市林口區仁愛路1段410號", "telephone" : "0226011312", "city" : "新北市", "district" : "林口區", "nhi" : true, "data_time" : "2026-05-03 03:11:08", "pharmacy_per_10k" : 2.15}}, {"type" : "Feature", "geometry" : {"type" : "Point", "coordinates" : [121.3842672, 25.07506988]}, "properties" : {"id" : 1411, "name" : "綠園藥局", "address" : "新北市林口區仁愛路2段105號1樓", "telephone" : "0286012258", "city" : "新北市", "district" : "林口區", "nhi" : true, "data_time" : "2026-05-03 03:11:08", "pharmacy_per_10k" : 2.15}}, {"type" : "Feature", "geometry" : {"type" : "Point", "coordinates" : [121.3695865, 25.07150551]}, "properties" : {"id" : 1501, "name" : "榮新藥局", "address" : "新北市林口區忠孝路383號1樓", "telephone" : "0226089789", "city" : "新北市", "district" : "林口區", "nhi" : true, "data_time" : "2026-05-03 03:11:08", "pharmacy_per_10k" : 2.15}}, {"type" : "Feature", "geometry" : {"type" : "Point", "coordinates" : [121.3654948, 25.07532131]}, "properties" : {"id" : 1502, "name" : "龍點藥局", "address" : "新北市林口區民族路67號1樓", "telephone" : "0226080636", "city" : "新北市", "district" : "林口區", "nhi" : true, "data_time" : "2026-05-03 03:11:08", "pharmacy_per_10k" : 2.15}}, {"type" : "Feature", "geometry" : {"type" : "Point", "coordinates" : [121.3760418, 25.0787131]}, "properties" : {"id" : 1503, "name" : "安心藥局", "address" : "新北市林口區文化二路1段577號1樓", "telephone" : "0226029090", "city" : "新北市", "district" : "林口區", "nhi" : true, "data_time" : "2026-05-03 03:11:08", "pharmacy_per_10k" : 2.15}}, {"type" : "Feature", "geometry" : {"type" : "Point", "coordinates" : [121.3890369, 25.07977408]}, "properties" : {"id" : 1504, "name" : "家弘藥局", "address" : "新北市林口區竹林路172號1樓", "telephone" : "0226024851", "city" : "新北市", "district" : "林口區", "nhi" : true, "data_time" : "2026-05-03 03:11:08", "pharmacy_per_10k" : 2.15}}, {"type" : "Feature", "geometry" : {"type" : "Point", "coordinates" : [121.4013566, 25.07659038]}, "properties" : {"id" : 1505, "name" : "士昌藥局", "address" : "新北市林口區工六路36號1樓", "telephone" : "0226018863", "city" : "新北市", "district" : "林口區", "nhi" : true, "data_time" : "2026-05-03 03:11:08", "pharmacy_per_10k" : 2.15}}, {"type" : "Feature", "geometry" : {"type" : "Point", "coordinates" : [121.3784993, 25.08369455]}, "properties" : {"id" : 1602, "name" : "安禾藥局", "address" : "新北市林口區中山路534號1樓", "telephone" : "0286012205", "city" : "新北市", "district" : "林口區", "nhi" : true, "data_time" : "2026-05-03 03:11:08", "pharmacy_per_10k" : 2.15}}, {"type" : "Feature", "geometry" : {"type" : "Point", "coordinates" : [121.3654443, 25.06825601]}, "properties" : {"id" : 1805, "name" : "狀元葯師藥局", "address" : "新北市林口區文化二路1段62號1樓-1", "telephone" : "0226096215", "city" : "新北市", "district" : "林口區", "nhi" : true, "data_time" : "2026-05-03 03:11:08", "pharmacy_per_10k" : 2.15}}, {"type" : "Feature", "geometry" : {"type" : "Point", "coordinates" : [121.3897571, 25.07868997]}, "properties" : {"id" : 1806, "name" : "存明藥局", "address" : "新北市林口區中山路91號", "telephone" : "0226035658", "city" : "新北市", "district" : "林口區", "nhi" : true, "data_time" : "2026-05-03 03:11:08", "pharmacy_per_10k" : 2.15}}, {"type" : "Feature", "geometry" : {"type" : "Point", "coordinates" : [121.3901729, 25.07894322]}, "properties" : {"id" : 1807, "name" : "長康藥局", "address" : "新北市林口區中山路166號1樓", "telephone" : "0226012661", "city" : "新北市", "district" : "林口區", "nhi" : true, "data_time" : "2026-05-03 03:11:08", "pharmacy_per_10k" : 2.15}}, {"type" : "Feature", "geometry" : {"type" : "Point", "coordinates" : [121.3887115, 25.07776164]}, "properties" : {"id" : 1808, "name" : "宏宇藥局", "address" : "新北市林口區中正路288號1樓", "telephone" : "0226011878", "city" : "新北市", "district" : "林口區", "nhi" : true, "data_time" : "2026-05-03 03:11:08", "pharmacy_per_10k" : 2.15}}, {"type" : "Feature", "geometry" : {"type" : "Point", "coordinates" : [121.3766058, 25.07012159]}, "properties" : {"id" : 1809, "name" : "麗園藥局", "address" : "新北市林口區東勢里麗園一街6巷1-4號1樓", "telephone" : "0226009405", "city" : "新北市", "district" : "林口區", "nhi" : true, "data_time" : "2026-05-03 03:11:08", "pharmacy_per_10k" : 2.15}}, {"type" : "Feature", "geometry" : {"type" : "Point", "coordinates" : [121.3697081, 25.0724017]}, "properties" : {"id" : 1810, "name" : "旺林藥局", "address" : "新北市林口區文化二路1段228號", "telephone" : "0226000186", "city" : "新北市", "district" : "林口區", "nhi" : true, "data_time" : "2026-05-03 03:11:08", "pharmacy_per_10k" : 2.15}}, {"type" : "Feature", "geometry" : {"type" : "Point", "coordinates" : [121.3664687, 25.06761675]}, "properties" : {"id" : 2030, "name" : "喜樂藥師藥局", "address" : "新北市林口區公園路15號1樓", "telephone" : "0226005566", "city" : "新北市", "district" : "林口區", "nhi" : true, "data_time" : "2026-05-03 03:11:08", "pharmacy_per_10k" : 2.15}}, {"type" : "Feature", "geometry" : {"type" : "Point", "coordinates" : [121.3845897, 25.07570175]}, "properties" : {"id" : 2031, "name" : "安康藥局", "address" : "新北市林口區仁愛路2段60號", "telephone" : "0226030356", "city" : "新北市", "district" : "林口區", "nhi" : true, "data_time" : "2026-05-03 03:11:08", "pharmacy_per_10k" : 2.15}}, {"type" : "Feature", "geometry" : {"type" : "Point", "coordinates" : [121.3751323, 25.07793842]}, "properties" : {"id" : 2032, "name" : "家欣藥師藥局", "address" : "新北市林口區文化二路1段567號1樓", "telephone" : "0226025388", "city" : "新北市", "district" : "林口區", "nhi" : true, "data_time" : "2026-05-03 03:11:08", "pharmacy_per_10k" : 2.15}}, {"type" : "Feature", "geometry" : {"type" : "Point", "coordinates" : [121.3799023, 24.94748354]}, "properties" : {"id" : 978, "name" : "愛立康藥局", "address" : "新北市樹林區大雅路286號1樓", "telephone" : "0289706878", "city" : "新北市", "district" : "樹林區", "nhi" : true, "data_time" : "2026-05-03 03:11:08", "pharmacy_per_10k" : 2.76}}, {"type" : "Feature", "geometry" : {"type" : "Point", "coordinates" : [121.3842279, 24.94905344]}, "properties" : {"id" : 979, "name" : "綠蘋果藥局", "address" : "新北市樹林區學勤路597號1樓", "telephone" : "0289706050", "city" : "新北市", "district" : "樹林區", "nhi" : true, "data_time" : "2026-05-03 03:11:08", "pharmacy_per_10k" : 2.76}}, {"type" : "Feature", "geometry" : {"type" : "Point", "coordinates" : [121.4176328, 24.99856383]}, "properties" : {"id" : 998, "name" : "保康藥局", "address" : "新北市樹林區保安街1段364號", "telephone" : "0286875503", "city" : "新北市", "district" : "樹林區", "nhi" : true, "data_time" : "2026-05-03 03:11:08", "pharmacy_per_10k" : 2.76}}, {"type" : "Feature", "geometry" : {"type" : "Point", "coordinates" : [121.4191052, 24.98001363]}, "properties" : {"id" : 999, "name" : "泰平藥師藥局", "address" : "新北市樹林區彭福里太平路143號", "telephone" : "0286860038", "city" : "新北市", "district" : "樹林區", "nhi" : true, "data_time" : "2026-05-03 03:11:08", "pharmacy_per_10k" : 2.76}}, {"type" : "Feature", "geometry" : {"type" : "Point", "coordinates" : [121.4153573, 24.98229631]}, "properties" : {"id" : 1000, "name" : "小蜜蜂中西健保藥局", "address" : "新北市樹林區東榮街118號1樓", "telephone" : "0286853677", "city" : "新北市", "district" : "樹林區", "nhi" : true, "data_time" : "2026-05-03 03:11:08", "pharmacy_per_10k" : 2.76}}, {"type" : "Feature", "geometry" : {"type" : "Point", "coordinates" : [121.4158639, 24.98047639]}, "properties" : {"id" : 1001, "name" : "樹林健業藥局", "address" : "新北市樹林區東華街89號1樓", "telephone" : "0286851736", "city" : "新北市", "district" : "樹林區", "nhi" : true, "data_time" : "2026-05-03 03:11:08", "pharmacy_per_10k" : 2.76}}, {"type" : "Feature", "geometry" : {"type" : "Point", "coordinates" : [121.4114679, 24.98037678]}, "properties" : {"id" : 1002, "name" : "啄木鳥藥局", "address" : "新北市樹林區中華路391號1-2樓", "telephone" : "0286851495", "city" : "新北市", "district" : "樹林區", "nhi" : true, "data_time" : "2026-05-03 03:11:08", "pharmacy_per_10k" : 2.76}}, {"type" : "Feature", "geometry" : {"type" : "Point", "coordinates" : [121.4103269, 25.01589565]}, "properties" : {"id" : 1028, "name" : "懷恩藥局", "address" : "新北市樹林區中正路614號", "telephone" : "0226893417", "city" : "新北市", "district" : "樹林區", "nhi" : true, "data_time" : "2026-05-03 03:11:08", "pharmacy_per_10k" : 2.76}}, {"type" : "Feature", "geometry" : {"type" : "Point", "coordinates" : [121.4213441, 24.98997184]}, "properties" : {"id" : 1029, "name" : "江藥局", "address" : "新北市樹林區日新街102號1樓", "telephone" : "0226828001", "city" : "新北市", "district" : "樹林區", "nhi" : true, "data_time" : "2026-05-03 03:11:08", "pharmacy_per_10k" : 2.76}}, {"type" : "Feature", "geometry" : {"type" : "Point", "coordinates" : [121.4174768, 24.97970652]}, "properties" : {"id" : 1031, "name" : "蔣示藥局", "address" : "新北市樹林區太順街62巷3弄2號", "telephone" : "0226819460", "city" : "新北市", "district" : "樹林區", "nhi" : true, "data_time" : "2026-05-03 03:11:08", "pharmacy_per_10k" : 2.76}}, {"type" : "Feature", "geometry" : {"type" : "Point", "coordinates" : [121.3795371, 24.9473531]}, "properties" : {"id" : 1037, "name" : "盛立藥局", "address" : "新北市樹林區大雅路285號1樓", "telephone" : "0235018218", "city" : "新北市", "district" : "樹林區", "nhi" : true, "data_time" : "2026-05-03 03:11:08", "pharmacy_per_10k" : 2.76}}, {"type" : "Feature", "geometry" : {"type" : "Point", "coordinates" : [121.4132932, 25.00399233]}, "properties" : {"id" : 1141, "name" : "保安健保藥局", "address" : "新北市樹林區保安街2段211號1樓", "telephone" : "0226898179", "city" : "新北市", "district" : "樹林區", "nhi" : true, "data_time" : "2026-05-03 03:11:08", "pharmacy_per_10k" : 2.76}}, {"type" : "Feature", "geometry" : {"type" : "Point", "coordinates" : [121.4029546, 25.01576827]}, "properties" : {"id" : 1142, "name" : "生光堂藥局", "address" : "新北市樹林區龍興街36號1樓", "telephone" : "0226896504", "city" : "新北市", "district" : "樹林區", "nhi" : true, "data_time" : "2026-05-03 03:11:08", "pharmacy_per_10k" : 2.76}}, {"type" : "Feature", "geometry" : {"type" : "Point", "coordinates" : [121.4102512, 25.01599861]}, "properties" : {"id" : 1143, "name" : "仁一藥局", "address" : "新北市樹林區中正路622號", "telephone" : "0226893915", "city" : "新北市", "district" : "樹林區", "nhi" : true, "data_time" : "2026-05-03 03:11:08", "pharmacy_per_10k" : 2.76}}, {"type" : "Feature", "geometry" : {"type" : "Point", "coordinates" : [121.4247447, 24.99464854]}, "properties" : {"id" : 1144, "name" : "澤安藥師藥局", "address" : "新北市樹林區保安二街26號1樓", "telephone" : "0226872764", "city" : "新北市", "district" : "樹林區", "nhi" : true, "data_time" : "2026-05-03 03:11:08", "pharmacy_per_10k" : 2.76}}, {"type" : "Feature", "geometry" : {"type" : "Point", "coordinates" : [121.4248652, 24.99297908]}, "properties" : {"id" : 1146, "name" : "誠新大藥局", "address" : "新北市樹林區中山路1段24號1樓", "telephone" : "0226870204", "city" : "新北市", "district" : "樹林區", "nhi" : true, "data_time" : "2026-05-03 03:11:08", "pharmacy_per_10k" : 2.76}}, {"type" : "Feature", "geometry" : {"type" : "Point", "coordinates" : [121.4225462, 24.99462555]}, "properties" : {"id" : 1150, "name" : "瑪諾藥局", "address" : "新北市樹林區復興路20號", "telephone" : "0226830108", "city" : "新北市", "district" : "樹林區", "nhi" : true, "data_time" : "2026-05-03 03:11:08", "pharmacy_per_10k" : 2.76}}, {"type" : "Feature", "geometry" : {"type" : "Point", "coordinates" : [121.426047, 24.99314897]}, "properties" : {"id" : 1151, "name" : "樹林藥師藥局", "address" : "新北市樹林區鎮前街24號1樓", "telephone" : "0226823030", "city" : "新北市", "district" : "樹林區", "nhi" : true, "data_time" : "2026-05-03 03:11:08", "pharmacy_per_10k" : 2.76}}, {"type" : "Feature", "geometry" : {"type" : "Point", "coordinates" : [121.425701, 24.99061188]}, "properties" : {"id" : 1152, "name" : "信和藥局", "address" : "新北市樹林區博愛街178號2樓", "telephone" : "0226821991", "city" : "新北市", "district" : "樹林區", "nhi" : true, "data_time" : "2026-05-03 03:11:08", "pharmacy_per_10k" : 2.76}}, {"type" : "Feature", "geometry" : {"type" : "Point", "coordinates" : [121.4271037, 24.99446536]}, "properties" : {"id" : 1153, "name" : "樹新藥局", "address" : "新北市樹林區樹新路30-3號1樓", "telephone" : "0226821080", "city" : "新北市", "district" : "樹林區", "nhi" : true, "data_time" : "2026-05-03 03:11:08", "pharmacy_per_10k" : 2.76}}, {"type" : "Feature", "geometry" : {"type" : "Point", "coordinates" : [121.425872, 24.99254985]}, "properties" : {"id" : 1154, "name" : "活水藥局", "address" : "新北市樹林區鎮前街21號1樓", "telephone" : "0226818928", "city" : "新北市", "district" : "樹林區", "nhi" : true, "data_time" : "2026-05-03 03:11:08", "pharmacy_per_10k" : 2.76}}, {"type" : "Feature", "geometry" : {"type" : "Point", "coordinates" : [121.4231765, 24.99178058]}, "properties" : {"id" : 1155, "name" : "又怡藥師藥局", "address" : "新北市樹林區中山路1段76巷2號1樓", "telephone" : "0226816886", "city" : "新北市", "district" : "樹林區", "nhi" : true, "data_time" : "2026-05-03 03:11:08", "pharmacy_per_10k" : 2.76}}, {"type" : "Feature", "geometry" : {"type" : "Point", "coordinates" : [121.4221177, 24.9890791]}, "properties" : {"id" : 1156, "name" : "合康藥局", "address" : "新北市樹林區中山路1段151號-1", "telephone" : "0226816559", "city" : "新北市", "district" : "樹林區", "nhi" : true, "data_time" : "2026-05-03 03:11:08", "pharmacy_per_10k" : 2.76}}, {"type" : "Feature", "geometry" : {"type" : "Point", "coordinates" : [121.4213035, 24.98928267]}, "properties" : {"id" : 1157, "name" : "樹林大樹藥局", "address" : "新北市樹林區育英街54號1-2樓", "telephone" : "0226815488", "city" : "新北市", "district" : "樹林區", "nhi" : true, "data_time" : "2026-05-03 03:11:08", "pharmacy_per_10k" : 2.76}}, {"type" : "Feature", "geometry" : {"type" : "Point", "coordinates" : [121.4255552, 24.99091324]}, "properties" : {"id" : 1158, "name" : "健康人生藥局", "address" : "新北市樹林區博愛一街26號1樓", "telephone" : "0226814394", "city" : "新北市", "district" : "樹林區", "nhi" : true, "data_time" : "2026-05-03 03:11:08", "pharmacy_per_10k" : 2.76}}, {"type" : "Feature", "geometry" : {"type" : "Point", "coordinates" : [121.42163, 24.99585445]}, "properties" : {"id" : 1159, "name" : "育生藥局", "address" : "新北市樹林區保安街1段192號1樓", "telephone" : "0226814385", "city" : "新北市", "district" : "樹林區", "nhi" : true, "data_time" : "2026-05-03 03:11:08", "pharmacy_per_10k" : 2.76}}, {"type" : "Feature", "geometry" : {"type" : "Point", "coordinates" : [121.3818152, 24.94583895]}, "properties" : {"id" : 1160, "name" : "三樹食在好藥局", "address" : "新北市樹林區學成路600號1樓", "telephone" : "0226807101", "city" : "新北市", "district" : "樹林區", "nhi" : true, "data_time" : "2026-05-03 03:11:08", "pharmacy_per_10k" : 2.76}}, {"type" : "Feature", "geometry" : {"type" : "Point", "coordinates" : [121.3796821, 24.95028053]}, "properties" : {"id" : 1161, "name" : "祐心藥局", "address" : "新北市樹林區學府路362號1樓", "telephone" : "0226803205", "city" : "新北市", "district" : "樹林區", "nhi" : true, "data_time" : "2026-05-03 03:11:08", "pharmacy_per_10k" : 2.76}}, {"type" : "Feature", "geometry" : {"type" : "Point", "coordinates" : [121.404718, 25.01618939]}, "properties" : {"id" : 1165, "name" : "立欣藥局", "address" : "新北市樹林區三福街166號", "telephone" : "0226764728", "city" : "新北市", "district" : "樹林區", "nhi" : true, "data_time" : "2026-05-03 03:11:08", "pharmacy_per_10k" : 2.76}}, {"type" : "Feature", "geometry" : {"type" : "Point", "coordinates" : [121.4247561, 24.99086631]}, "properties" : {"id" : 1289, "name" : "協安大藥局", "address" : "新北市樹林區鎮前街126號", "telephone" : "0226810386", "city" : "新北市", "district" : "樹林區", "nhi" : true, "data_time" : "2026-05-03 03:11:08", "pharmacy_per_10k" : 2.76}}, {"type" : "Feature", "geometry" : {"type" : "Point", "coordinates" : [121.4259195, 24.99263097]}, "properties" : {"id" : 1301, "name" : "蔚海藥局", "address" : "新北市樹林區鎮前街17號1樓", "telephone" : "0286754203", "city" : "新北市", "district" : "樹林區", "nhi" : true, "data_time" : "2026-05-03 03:11:08", "pharmacy_per_10k" : 2.76}}, {"type" : "Feature", "geometry" : {"type" : "Point", "coordinates" : [121.4177058, 24.98784951]}, "properties" : {"id" : 1397, "name" : "久豐大藥局", "address" : "新北市樹林區復興路286號1樓", "telephone" : "9.20E+08", "city" : "新北市", "district" : "樹林區", "nhi" : true, "data_time" : "2026-05-03 03:11:08", "pharmacy_per_10k" : 2.76}}, {"type" : "Feature", "geometry" : {"type" : "Point", "coordinates" : [121.4223373, 24.99409586]}, "properties" : {"id" : 1480, "name" : "日弘藥師藥局", "address" : "新北市樹林區復興路29號", "telephone" : "0226871919", "city" : "新北市", "district" : "樹林區", "nhi" : true, "data_time" : "2026-05-03 03:11:08", "pharmacy_per_10k" : 2.76}}, {"type" : "Feature", "geometry" : {"type" : "Point", "coordinates" : [121.4257186, 24.99660688]}, "properties" : {"id" : 1482, "name" : "暉民西藥局", "address" : "新北市樹林區千歲街36號1樓", "telephone" : "0226835868", "city" : "新北市", "district" : "樹林區", "nhi" : true, "data_time" : "2026-05-03 03:11:08", "pharmacy_per_10k" : 2.76}}, {"type" : "Feature", "geometry" : {"type" : "Point", "coordinates" : [121.4199807, 24.9908042]}, "properties" : {"id" : 1485, "name" : "佑荔藥局", "address" : "新北市樹林區復興路227號1樓", "telephone" : "0226759988", "city" : "新北市", "district" : "樹林區", "nhi" : true, "data_time" : "2026-05-03 03:11:08", "pharmacy_per_10k" : 2.76}}, {"type" : "Feature", "geometry" : {"type" : "Point", "coordinates" : [121.4157268, 24.9804425]}, "properties" : {"id" : 1488, "name" : "羅群藥局", "address" : "新北市樹林區東華街88號", "telephone" : "0226751966", "city" : "新北市", "district" : "樹林區", "nhi" : true, "data_time" : "2026-05-03 03:11:08", "pharmacy_per_10k" : 2.76}}, {"type" : "Feature", "geometry" : {"type" : "Point", "coordinates" : [121.4092688, 25.01689953]}, "properties" : {"id" : 1753, "name" : "明川藥師藥局", "address" : "新北市樹林區三福街1號", "telephone" : "0226894728", "city" : "新北市", "district" : "樹林區", "nhi" : true, "data_time" : "2026-05-03 03:11:08", "pharmacy_per_10k" : 2.76}}, {"type" : "Feature", "geometry" : {"type" : "Point", "coordinates" : [121.4183399, 24.97966644]}, "properties" : {"id" : 1755, "name" : "聖和藥局", "address" : "新北市樹林區太元街50號", "telephone" : "0226836609", "city" : "新北市", "district" : "樹林區", "nhi" : true, "data_time" : "2026-05-03 03:11:08", "pharmacy_per_10k" : 2.76}}, {"type" : "Feature", "geometry" : {"type" : "Point", "coordinates" : [121.4276924, 24.99363128]}, "properties" : {"id" : 1756, "name" : "鴻真藥局", "address" : "新北市樹林區保安街1段20巷6號", "telephone" : "0226828977", "city" : "新北市", "district" : "樹林區", "nhi" : true, "data_time" : "2026-05-03 03:11:08", "pharmacy_per_10k" : 2.76}}, {"type" : "Feature", "geometry" : {"type" : "Point", "coordinates" : [121.4189871, 24.98819272]}, "properties" : {"id" : 1758, "name" : "博生藥師藥局", "address" : "新北市樹林區文化街34號", "telephone" : "0226825798", "city" : "新北市", "district" : "樹林區", "nhi" : true, "data_time" : "2026-05-03 03:11:08", "pharmacy_per_10k" : 2.76}}, {"type" : "Feature", "geometry" : {"type" : "Point", "coordinates" : [121.3935953, 24.9723936]}, "properties" : {"id" : 1759, "name" : "耀鴻藥局", "address" : "新北市樹林區中山路3段76號1樓", "telephone" : "0226808989", "city" : "新北市", "district" : "樹林區", "nhi" : true, "data_time" : "2026-05-03 03:11:08", "pharmacy_per_10k" : 2.76}}, {"type" : "Feature", "geometry" : {"type" : "Point", "coordinates" : [121.3930731, 24.97085659]}, "properties" : {"id" : 1760, "name" : "正宜藥局", "address" : "新北市樹林區佳園路1段39號", "telephone" : "0226805678", "city" : "新北市", "district" : "樹林區", "nhi" : true, "data_time" : "2026-05-03 03:11:08", "pharmacy_per_10k" : 2.76}}, {"type" : "Feature", "geometry" : {"type" : "Point", "coordinates" : [121.4258256, 24.99276975]}, "properties" : {"id" : 1764, "name" : "大慶藥局", "address" : "新北市樹林區鎮前街42-1號", "telephone" : "0226759212", "city" : "新北市", "district" : "樹林區", "nhi" : true, "data_time" : "2026-05-03 03:11:08", "pharmacy_per_10k" : 2.76}}, {"type" : "Feature", "geometry" : {"type" : "Point", "coordinates" : [121.4151017, 24.98177198]}, "properties" : {"id" : 1765, "name" : "久青藥局", "address" : "新北市樹林區東華街33號", "telephone" : "0226754326", "city" : "新北市", "district" : "樹林區", "nhi" : true, "data_time" : "2026-05-03 03:11:08", "pharmacy_per_10k" : 2.76}}, {"type" : "Feature", "geometry" : {"type" : "Point", "coordinates" : [121.4236426, 24.99205275]}, "properties" : {"id" : 2002, "name" : "前回春藥局", "address" : "新北市樹林區中山路1段56號", "telephone" : "0226812167", "city" : "新北市", "district" : "樹林區", "nhi" : true, "data_time" : "2026-05-03 03:11:08", "pharmacy_per_10k" : 2.76}}, {"type" : "Feature", "geometry" : {"type" : "Point", "coordinates" : [121.4232366, 24.99491225]}, "properties" : {"id" : 2003, "name" : "弘昌藥師藥局", "address" : "新北市樹林區保安街1段65號1樓", "telephone" : "0226871276", "city" : "新北市", "district" : "樹林區", "nhi" : true, "data_time" : "2026-05-03 03:11:08", "pharmacy_per_10k" : 2.76}}, {"type" : "Feature", "geometry" : {"type" : "Point", "coordinates" : [121.4029847, 25.01613604]}, "properties" : {"id" : 2004, "name" : "琉璃水藥師藥局", "address" : "新北市樹林區龍興街21號1樓", "telephone" : "0226764262", "city" : "新北市", "district" : "樹林區", "nhi" : true, "data_time" : "2026-05-03 03:11:08", "pharmacy_per_10k" : 2.76}}, {"type" : "Feature", "geometry" : {"type" : "Point", "coordinates" : [121.4264369, 24.99771613]}, "properties" : {"id" : 2005, "name" : "彰安藥局", "address" : "新北市樹林區千歲街82號", "telephone" : "0226827341", "city" : "新北市", "district" : "樹林區", "nhi" : true, "data_time" : "2026-05-03 03:11:08", "pharmacy_per_10k" : 2.76}}, {"type" : "Feature", "geometry" : {"type" : "Point", "coordinates" : [121.4197, 24.978525]}, "properties" : {"id" : 2100, "name" : "天泰藥局", "address" : "新北市樹林區國凱街三十二之三號一樓", "telephone" : "921661969", "city" : "新北市", "district" : "樹林區", "nhi" : false, "data_time" : "2026-05-03 03:11:08", "pharmacy_per_10k" : 2.76}}, {"type" : "Feature", "geometry" : {"type" : "Point", "coordinates" : [121.4208, 24.981866]}, "properties" : {"id" : 2101, "name" : "樹林丁丁藥局", "address" : "新北市樹林區中華路174號1樓", "telephone" : "0286851518", "city" : "新北市", "district" : "樹林區", "nhi" : false, "data_time" : "2026-05-03 03:11:08", "pharmacy_per_10k" : 2.76}}, {"type" : "Feature", "geometry" : {"type" : "Point", "coordinates" : [121.4175, 24.979706]}, "properties" : {"id" : 2102, "name" : "蔣示藥局", "address" : "新北市樹林區太順街６２巷３弄２號", "telephone" : "0286859460", "city" : "新北市", "district" : "樹林區", "nhi" : false, "data_time" : "2026-05-03 03:11:08", "pharmacy_per_10k" : 2.76}}, {"type" : "Feature", "geometry" : {"type" : "Point", "coordinates" : [121.4211, 24.987778]}, "properties" : {"id" : 2103, "name" : "基礎藥局", "address" : "新北市樹林區中山路一段２２８號", "telephone" : "0226827333", "city" : "新北市", "district" : "樹林區", "nhi" : false, "data_time" : "2026-05-03 03:11:08", "pharmacy_per_10k" : 2.76}}, {"type" : "Feature", "geometry" : {"type" : "Point", "coordinates" : [121.5204266, 25.00915211]}, "properties" : {"id" : 968, "name" : "聖英藥局", "address" : "新北市永和區褔和路55-1號", "telephone" : "0229293613", "city" : "新北市", "district" : "永和區", "nhi" : true, "data_time" : "2026-05-03 03:11:08", "pharmacy_per_10k" : 3.13}}, {"type" : "Feature", "geometry" : {"type" : "Point", "coordinates" : [121.5071051, 24.99979073]}, "properties" : {"id" : 969, "name" : "律安藥局", "address" : "新北市永和區中和路321號", "telephone" : "0229287212", "city" : "新北市", "district" : "永和區", "nhi" : true, "data_time" : "2026-05-03 03:11:08", "pharmacy_per_10k" : 3.13}}, {"type" : "Feature", "geometry" : {"type" : "Point", "coordinates" : [121.5268019, 24.99845427]}, "properties" : {"id" : 970, "name" : "家宏藥局", "address" : "新北市永和區成功路2段123號", "telephone" : "0229287212", "city" : "新北市", "district" : "永和區", "nhi" : true, "data_time" : "2026-05-03 03:11:08", "pharmacy_per_10k" : 3.13}}, {"type" : "Feature", "geometry" : {"type" : "Point", "coordinates" : [121.5182619, 25.01385971]}, "properties" : {"id" : 988, "name" : "柏愛藥局", "address" : "新北市永和區竹林路57號1樓", "telephone" : "0289285609", "city" : "新北市", "district" : "永和區", "nhi" : true, "data_time" : "2026-05-03 03:11:08", "pharmacy_per_10k" : 3.13}}, {"type" : "Feature", "geometry" : {"type" : "Point", "coordinates" : [121.5175074, 25.01464513]}, "properties" : {"id" : 989, "name" : "日陽藥局", "address" : "新北市永和區竹林路29號1樓", "telephone" : "0289252346", "city" : "新北市", "district" : "永和區", "nhi" : true, "data_time" : "2026-05-03 03:11:08", "pharmacy_per_10k" : 3.13}}, {"type" : "Feature", "geometry" : {"type" : "Point", "coordinates" : [121.5097202, 25.0102911]}, "properties" : {"id" : 990, "name" : "亞佐藥局", "address" : "新北市永和區中山路1段128巷17號1樓", "telephone" : "0289219038", "city" : "新北市", "district" : "永和區", "nhi" : true, "data_time" : "2026-05-03 03:11:08", "pharmacy_per_10k" : 3.13}}, {"type" : "Feature", "geometry" : {"type" : "Point", "coordinates" : [121.5158281, 25.01016693]}, "properties" : {"id" : 991, "name" : "皇家藥師藥局", "address" : "新北市永和區中正路720號1樓", "telephone" : "0289216867", "city" : "新北市", "district" : "永和區", "nhi" : true, "data_time" : "2026-05-03 03:11:08", "pharmacy_per_10k" : 3.13}}, {"type" : "Feature", "geometry" : {"type" : "Point", "coordinates" : [121.526737, 24.99809675]}, "properties" : {"id" : 992, "name" : "崇恩藥局", "address" : "新北市永和區成功路2段135號1樓", "telephone" : "0289214022", "city" : "新北市", "district" : "永和區", "nhi" : true, "data_time" : "2026-05-03 03:11:08", "pharmacy_per_10k" : 3.13}}, {"type" : "Feature", "geometry" : {"type" : "Point", "coordinates" : [121.5175409, 24.99805221]}, "properties" : {"id" : 1101, "name" : "敦品民治藥局", "address" : "新北市永和區民治街81號1樓", "telephone" : "0229494150", "city" : "新北市", "district" : "永和區", "nhi" : true, "data_time" : "2026-05-03 03:11:08", "pharmacy_per_10k" : 3.13}}, {"type" : "Feature", "geometry" : {"type" : "Point", "coordinates" : [121.5169398, 24.99916086]}, "properties" : {"id" : 1104, "name" : "永正健康人生藥局", "address" : "新北市永和區中正路191號1樓、193號1樓、197號2樓、197號2樓-1", "telephone" : "0229467351", "city" : "新北市", "district" : "永和區", "nhi" : true, "data_time" : "2026-05-03 03:11:08", "pharmacy_per_10k" : 3.13}}, {"type" : "Feature", "geometry" : {"type" : "Point", "coordinates" : [121.5102222, 25.00608038]}, "properties" : {"id" : 1107, "name" : "級立健保藥局", "address" : "新北市永和區保平路139號1樓", "telephone" : "0229299995", "city" : "新北市", "district" : "永和區", "nhi" : true, "data_time" : "2026-05-03 03:11:08", "pharmacy_per_10k" : 3.13}}, {"type" : "Feature", "geometry" : {"type" : "Point", "coordinates" : [121.5176213, 25.00610389]}, "properties" : {"id" : 1108, "name" : "永利藥局", "address" : "新北市永和區永利路9、11號1樓", "telephone" : "0229291655", "city" : "新北市", "district" : "永和區", "nhi" : true, "data_time" : "2026-05-03 03:11:08", "pharmacy_per_10k" : 3.13}}, {"type" : "Feature", "geometry" : {"type" : "Point", "coordinates" : [121.5151592, 25.01006966]}, "properties" : {"id" : 1110, "name" : "廣惠藥局", "address" : "新北市永和區中正路649號2樓", "telephone" : "0229290675", "city" : "新北市", "district" : "永和區", "nhi" : true, "data_time" : "2026-05-03 03:11:08", "pharmacy_per_10k" : 3.13}}, {"type" : "Feature", "geometry" : {"type" : "Point", "coordinates" : [121.5244137, 25.00152056]}, "properties" : {"id" : 1111, "name" : "富士山藥局", "address" : "新北市永和區秀朗路2段118號1樓", "telephone" : "0229289383", "city" : "新北市", "district" : "永和區", "nhi" : true, "data_time" : "2026-05-03 03:11:08", "pharmacy_per_10k" : 3.13}}, {"type" : "Feature", "geometry" : {"type" : "Point", "coordinates" : [121.5105681, 25.01331039]}, "properties" : {"id" : 1112, "name" : "康宏安藥局", "address" : "新北市永和區保福路2段78號1樓", "telephone" : "0229288118", "city" : "新北市", "district" : "永和區", "nhi" : true, "data_time" : "2026-05-03 03:11:08", "pharmacy_per_10k" : 3.13}}, {"type" : "Feature", "geometry" : {"type" : "Point", "coordinates" : [121.5176528, 25.01306362]}, "properties" : {"id" : 1113, "name" : "弘光藥局", "address" : "新北市永和區竹林路中興里66巷19號1樓", "telephone" : "0229282000", "city" : "新北市", "district" : "永和區", "nhi" : true, "data_time" : "2026-05-03 03:11:08", "pharmacy_per_10k" : 3.13}}, {"type" : "Feature", "geometry" : {"type" : "Point", "coordinates" : [121.514725, 25.01499417]}, "properties" : {"id" : 1114, "name" : "皇誼藥局", "address" : "新北市永和區文化路33號", "telephone" : "0229278732", "city" : "新北市", "district" : "永和區", "nhi" : true, "data_time" : "2026-05-03 03:11:08", "pharmacy_per_10k" : 3.13}}, {"type" : "Feature", "geometry" : {"type" : "Point", "coordinates" : [121.5075428, 25.01392887]}, "properties" : {"id" : 1115, "name" : "保安藥局", "address" : "新北市永和區保安路212號1樓", "telephone" : "0229277623", "city" : "新北市", "district" : "永和區", "nhi" : true, "data_time" : "2026-05-03 03:11:08", "pharmacy_per_10k" : 3.13}}, {"type" : "Feature", "geometry" : {"type" : "Point", "coordinates" : [121.5093928, 25.0009271]}, "properties" : {"id" : 1116, "name" : "威成藥局", "address" : "新北市永和區中和路429號1樓", "telephone" : "0229263191", "city" : "新北市", "district" : "永和區", "nhi" : true, "data_time" : "2026-05-03 03:11:08", "pharmacy_per_10k" : 3.13}}, {"type" : "Feature", "geometry" : {"type" : "Point", "coordinates" : [121.5220239, 25.00006687]}, "properties" : {"id" : 1117, "name" : "偉凱藥局", "address" : "新北市永和區永元路6號1樓", "telephone" : "0229242595", "city" : "新北市", "district" : "永和區", "nhi" : true, "data_time" : "2026-05-03 03:11:08", "pharmacy_per_10k" : 3.13}}, {"type" : "Feature", "geometry" : {"type" : "Point", "coordinates" : [121.5207363, 25.00765615]}, "properties" : {"id" : 1119, "name" : "永和大樹藥局", "address" : "新北市永和區福和路143號1、2樓", "telephone" : "0229233377", "city" : "新北市", "district" : "永和區", "nhi" : true, "data_time" : "2026-05-03 03:11:08", "pharmacy_per_10k" : 3.13}}, {"type" : "Feature", "geometry" : {"type" : "Point", "coordinates" : [121.5150044, 25.00699234]}, "properties" : {"id" : 1120, "name" : "九州藥局", "address" : "新北市永和區自由街5號1樓", "telephone" : "0229226879", "city" : "新北市", "district" : "永和區", "nhi" : true, "data_time" : "2026-05-03 03:11:08", "pharmacy_per_10k" : 3.13}}, {"type" : "Feature", "geometry" : {"type" : "Point", "coordinates" : [121.5143525, 25.01200367]}, "properties" : {"id" : 1121, "name" : "榮總藥局", "address" : "新北市永和區信義路15號1樓", "telephone" : "0229216596", "city" : "新北市", "district" : "永和區", "nhi" : true, "data_time" : "2026-05-03 03:11:08", "pharmacy_per_10k" : 3.13}}, {"type" : "Feature", "geometry" : {"type" : "Point", "coordinates" : [121.5184708, 25.00763227]}, "properties" : {"id" : 1122, "name" : "緣來藥師藥局", "address" : "新北市永和區福和路250、252號1樓", "telephone" : "0229211798", "city" : "新北市", "district" : "永和區", "nhi" : true, "data_time" : "2026-05-03 03:11:08", "pharmacy_per_10k" : 3.13}}, {"type" : "Feature", "geometry" : {"type" : "Point", "coordinates" : [121.5091485, 25.00908]}, "properties" : {"id" : 1123, "name" : "詠悅藥局", "address" : "新北市永和區中山路1段174號1樓", "telephone" : "0229205760", "city" : "新北市", "district" : "永和區", "nhi" : true, "data_time" : "2026-05-03 03:11:08", "pharmacy_per_10k" : 3.13}}, {"type" : "Feature", "geometry" : {"type" : "Point", "coordinates" : [121.5209386, 25.00358985]}, "properties" : {"id" : 1256, "name" : "澄品藥局", "address" : "新北市永和區永利路96號1樓", "telephone" : "0222329871", "city" : "新北市", "district" : "永和區", "nhi" : true, "data_time" : "2026-05-03 03:11:08", "pharmacy_per_10k" : 3.13}}, {"type" : "Feature", "geometry" : {"type" : "Point", "coordinates" : [121.5077274, 25.01205599]}, "properties" : {"id" : 1257, "name" : "永奕藥局", "address" : "新北市永和區永平路286-1號1樓", "telephone" : "0222327709", "city" : "新北市", "district" : "永和區", "nhi" : true, "data_time" : "2026-05-03 03:11:08", "pharmacy_per_10k" : 3.13}}, {"type" : "Feature", "geometry" : {"type" : "Point", "coordinates" : [121.5188933, 25.00746728]}, "properties" : {"id" : 1258, "name" : "欣安大藥局", "address" : "新北市永和區福和路221號1樓", "telephone" : "0222326685", "city" : "新北市", "district" : "永和區", "nhi" : true, "data_time" : "2026-05-03 03:11:08", "pharmacy_per_10k" : 3.13}}, {"type" : "Feature", "geometry" : {"type" : "Point", "coordinates" : [121.5072924, 25.00838885]}, "properties" : {"id" : 1259, "name" : "悅美保健藥局", "address" : "新北市永和區保生路22巷21號1樓", "telephone" : "0222323515", "city" : "新北市", "district" : "永和區", "nhi" : true, "data_time" : "2026-05-03 03:11:08", "pharmacy_per_10k" : 3.13}}, {"type" : "Feature", "geometry" : {"type" : "Point", "coordinates" : [121.522596, 25.00808122]}, "properties" : {"id" : 1260, "name" : "星韻藥局", "address" : "新北市永和區福和路88號", "telephone" : "0222319592", "city" : "新北市", "district" : "永和區", "nhi" : true, "data_time" : "2026-05-03 03:11:08", "pharmacy_per_10k" : 3.13}}, {"type" : "Feature", "geometry" : {"type" : "Point", "coordinates" : [121.5175178, 25.01199985]}, "properties" : {"id" : 1261, "name" : "台化藥局", "address" : "新北市永和區勵行街119號1樓", "telephone" : "0222318686", "city" : "新北市", "district" : "永和區", "nhi" : true, "data_time" : "2026-05-03 03:11:08", "pharmacy_per_10k" : 3.13}}, {"type" : "Feature", "geometry" : {"type" : "Point", "coordinates" : [121.5203441, 25.00016711]}, "properties" : {"id" : 1262, "name" : "鳳軒藥局", "address" : "新北市永和區得和路239號1樓", "telephone" : "0222315937", "city" : "新北市", "district" : "永和區", "nhi" : true, "data_time" : "2026-05-03 03:11:08", "pharmacy_per_10k" : 3.13}}, {"type" : "Feature", "geometry" : {"type" : "Point", "coordinates" : [121.5144652, 24.9959038]}, "properties" : {"id" : 1297, "name" : "德上藥局", "address" : "新北市永和區中正路106號", "telephone" : "0289411077", "city" : "新北市", "district" : "永和區", "nhi" : true, "data_time" : "2026-05-03 03:11:08", "pharmacy_per_10k" : 3.13}}, {"type" : "Feature", "geometry" : {"type" : "Point", "coordinates" : [121.5087329, 25.00873745]}, "properties" : {"id" : 1341, "name" : "宏安藥局", "address" : "新北市永和區中山路1段204號", "telephone" : "0229281261", "city" : "新北市", "district" : "永和區", "nhi" : true, "data_time" : "2026-05-03 03:11:08", "pharmacy_per_10k" : 3.13}}, {"type" : "Feature", "geometry" : {"type" : "Point", "coordinates" : [121.512203, 25.00748752]}, "properties" : {"id" : 1399, "name" : "常安中西藥局", "address" : "新北市永和區保平路26號1樓", "telephone" : "9.19E+08", "city" : "新北市", "district" : "永和區", "nhi" : true, "data_time" : "2026-05-03 03:11:08", "pharmacy_per_10k" : 3.13}}, {"type" : "Feature", "geometry" : {"type" : "Point", "coordinates" : [121.5108405, 25.00559809]}, "properties" : {"id" : 1408, "name" : "宜泰藥局", "address" : "新北市永和區永貞路297號", "telephone" : "0289210657", "city" : "新北市", "district" : "永和區", "nhi" : true, "data_time" : "2026-05-03 03:11:08", "pharmacy_per_10k" : 3.13}}, {"type" : "Feature", "geometry" : {"type" : "Point", "coordinates" : [121.5163286, 24.99840138]}, "properties" : {"id" : 1452, "name" : "威康藥局", "address" : "新北市永和區中正路153號", "telephone" : "0229461148", "city" : "新北市", "district" : "永和區", "nhi" : true, "data_time" : "2026-05-03 03:11:08", "pharmacy_per_10k" : 3.13}}, {"type" : "Feature", "geometry" : {"type" : "Point", "coordinates" : [121.5130217, 25.00471343]}, "properties" : {"id" : 1462, "name" : "原大藥局", "address" : "新北市永和區永和路1段20號1樓", "telephone" : "0229272767", "city" : "新北市", "district" : "永和區", "nhi" : true, "data_time" : "2026-05-03 03:11:08", "pharmacy_per_10k" : 3.13}}, {"type" : "Feature", "geometry" : {"type" : "Point", "coordinates" : [121.520114, 24.99996929]}, "properties" : {"id" : 1582, "name" : "德和便利藥局", "address" : "新北市永和區得和路192號", "telephone" : "0289431417", "city" : "新北市", "district" : "永和區", "nhi" : true, "data_time" : "2026-05-03 03:11:08", "pharmacy_per_10k" : 3.13}}, {"type" : "Feature", "geometry" : {"type" : "Point", "coordinates" : [121.520749, 25.00907618]}, "properties" : {"id" : 1584, "name" : "安安藥局", "address" : "新北市永和區竹林路203號1樓", "telephone" : "0289263651", "city" : "新北市", "district" : "永和區", "nhi" : true, "data_time" : "2026-05-03 03:11:08", "pharmacy_per_10k" : 3.13}}, {"type" : "Feature", "geometry" : {"type" : "Point", "coordinates" : [121.5153265, 25.01366619]}, "properties" : {"id" : 1585, "name" : "立安藥局", "address" : "新北市永和區永和路2段203號1樓", "telephone" : "0289211786", "city" : "新北市", "district" : "永和區", "nhi" : true, "data_time" : "2026-05-03 03:11:08", "pharmacy_per_10k" : 3.13}}, {"type" : "Feature", "geometry" : {"type" : "Point", "coordinates" : [121.5170558, 25.01161906]}, "properties" : {"id" : 1586, "name" : "博輝藥局", "address" : "新北市永和區中興街60號1樓", "telephone" : "0289211766", "city" : "新北市", "district" : "永和區", "nhi" : true, "data_time" : "2026-05-03 03:11:08", "pharmacy_per_10k" : 3.13}}, {"type" : "Feature", "geometry" : {"type" : "Point", "coordinates" : [121.5149316, 24.9968753]}, "properties" : {"id" : 1595, "name" : "順和藥局", "address" : "新北市永和區中正路75號1樓", "telephone" : "0286680362", "city" : "新北市", "district" : "永和區", "nhi" : true, "data_time" : "2026-05-03 03:11:08", "pharmacy_per_10k" : 3.13}}, {"type" : "Feature", "geometry" : {"type" : "Point", "coordinates" : [121.5034816, 25.00808459]}, "properties" : {"id" : 1618, "name" : "橘子藥局", "address" : "新北市永和區仁愛路298號1樓", "telephone" : "0232330390", "city" : "新北市", "district" : "永和區", "nhi" : true, "data_time" : "2026-05-03 03:11:08", "pharmacy_per_10k" : 3.13}}, {"type" : "Feature", "geometry" : {"type" : "Point", "coordinates" : [121.515906, 24.99569816]}, "properties" : {"id" : 1705, "name" : "易安堂藥局", "address" : "新北市永和區民光街22巷2號", "telephone" : "0229431932", "city" : "新北市", "district" : "永和區", "nhi" : true, "data_time" : "2026-05-03 03:11:08", "pharmacy_per_10k" : 3.13}}, {"type" : "Feature", "geometry" : {"type" : "Point", "coordinates" : [121.5269284, 25.00170616]}, "properties" : {"id" : 1712, "name" : "成功藥局", "address" : "新北市永和區成功路1段133號", "telephone" : "0229293622", "city" : "新北市", "district" : "永和區", "nhi" : true, "data_time" : "2026-05-03 03:11:08", "pharmacy_per_10k" : 3.13}}, {"type" : "Feature", "geometry" : {"type" : "Point", "coordinates" : [121.5177152, 25.00123074]}, "properties" : {"id" : 1713, "name" : "友辰藥局", "address" : "新北市永和區中正路380號1樓", "telephone" : "0229267131", "city" : "新北市", "district" : "永和區", "nhi" : true, "data_time" : "2026-05-03 03:11:08", "pharmacy_per_10k" : 3.13}}, {"type" : "Feature", "geometry" : {"type" : "Point", "coordinates" : [121.5101761, 25.0066708]}, "properties" : {"id" : 1714, "name" : "華特健康藥局", "address" : "新北市永和區永貞路362號1樓", "telephone" : "0229264391", "city" : "新北市", "district" : "永和區", "nhi" : true, "data_time" : "2026-05-03 03:11:08", "pharmacy_per_10k" : 3.13}}, {"type" : "Feature", "geometry" : {"type" : "Point", "coordinates" : [121.509104, 25.00542041]}, "properties" : {"id" : 1715, "name" : "台大藥局", "address" : "新北市永和區保平路240號1樓", "telephone" : "0229242484", "city" : "新北市", "district" : "永和區", "nhi" : true, "data_time" : "2026-05-03 03:11:08", "pharmacy_per_10k" : 3.13}}, {"type" : "Feature", "geometry" : {"type" : "Point", "coordinates" : [121.514005, 25.01505817]}, "properties" : {"id" : 1716, "name" : "仁愛藥局", "address" : "新北市永和區文化路63號", "telephone" : "0229241687", "city" : "新北市", "district" : "永和區", "nhi" : true, "data_time" : "2026-05-03 03:11:08", "pharmacy_per_10k" : 3.13}}, {"type" : "Feature", "geometry" : {"type" : "Point", "coordinates" : [121.5140634, 25.00623382]}, "properties" : {"id" : 1717, "name" : "宗茂藥局", "address" : "新北市永和區自由街35號", "telephone" : "0229241687", "city" : "新北市", "district" : "永和區", "nhi" : true, "data_time" : "2026-05-03 03:11:08", "pharmacy_per_10k" : 3.13}}, {"type" : "Feature", "geometry" : {"type" : "Point", "coordinates" : [121.5210287, 25.0089271]}, "properties" : {"id" : 1718, "name" : "仲景藥局", "address" : "新北市永和區竹林路213巷1號", "telephone" : "0229241687", "city" : "新北市", "district" : "永和區", "nhi" : true, "data_time" : "2026-05-03 03:11:08", "pharmacy_per_10k" : 3.13}}, {"type" : "Feature", "geometry" : {"type" : "Point", "coordinates" : [121.5071039, 25.00706231]}, "properties" : {"id" : 1719, "name" : "御生藥局", "address" : "新北市永和區中山路1段279號1樓", "telephone" : "0229235658", "city" : "新北市", "district" : "永和區", "nhi" : true, "data_time" : "2026-05-03 03:11:08", "pharmacy_per_10k" : 3.13}}, {"type" : "Feature", "geometry" : {"type" : "Point", "coordinates" : [121.5243365, 25.00402985]}, "properties" : {"id" : 1720, "name" : "新昇大藥局", "address" : "新北市永和區永亨路122號", "telephone" : "0229233161", "city" : "新北市", "district" : "永和區", "nhi" : true, "data_time" : "2026-05-03 03:11:08", "pharmacy_per_10k" : 3.13}}, {"type" : "Feature", "geometry" : {"type" : "Point", "coordinates" : [121.5199072, 25.0117608]}, "properties" : {"id" : 1722, "name" : "承德藥局", "address" : "新北市永和區竹林路113號", "telephone" : "0229216405", "city" : "新北市", "district" : "永和區", "nhi" : true, "data_time" : "2026-05-03 03:11:08", "pharmacy_per_10k" : 3.13}}, {"type" : "Feature", "geometry" : {"type" : "Point", "coordinates" : [121.5144743, 25.00852454]}, "properties" : {"id" : 1723, "name" : "永達大藥局", "address" : "新北市永和區大新街2號", "telephone" : "0229213326", "city" : "新北市", "district" : "永和區", "nhi" : true, "data_time" : "2026-05-03 03:11:08", "pharmacy_per_10k" : 3.13}}, {"type" : "Feature", "geometry" : {"type" : "Point", "coordinates" : [121.5147625, 25.0039679]}, "properties" : {"id" : 1724, "name" : "佳民藥局", "address" : "新北市永和區永貞路238號", "telephone" : "0229201678", "city" : "新北市", "district" : "永和區", "nhi" : true, "data_time" : "2026-05-03 03:11:08", "pharmacy_per_10k" : 3.13}}, {"type" : "Feature", "geometry" : {"type" : "Point", "coordinates" : [121.5170952, 25.00519237]}, "properties" : {"id" : 1816, "name" : "中正藥局", "address" : "新北市永和區中正路439號", "telephone" : "0223247318", "city" : "新北市", "district" : "永和區", "nhi" : true, "data_time" : "2026-05-03 03:11:08", "pharmacy_per_10k" : 3.13}}, {"type" : "Feature", "geometry" : {"type" : "Point", "coordinates" : [121.5162074, 24.99827185]}, "properties" : {"id" : 1913, "name" : "宏恩藥局", "address" : "新北市永和區中正路143號", "telephone" : "0222452450", "city" : "新北市", "district" : "永和區", "nhi" : true, "data_time" : "2026-05-03 03:11:08", "pharmacy_per_10k" : 3.13}}, {"type" : "Feature", "geometry" : {"type" : "Point", "coordinates" : [121.5133829, 25.01344018]}, "properties" : {"id" : 1921, "name" : "上安藥局", "address" : "新北市永和區仁愛路62號1樓", "telephone" : "0222328565", "city" : "新北市", "district" : "永和區", "nhi" : true, "data_time" : "2026-05-03 03:11:08", "pharmacy_per_10k" : 3.13}}, {"type" : "Feature", "geometry" : {"type" : "Point", "coordinates" : [121.5140848, 25.01522784]}, "properties" : {"id" : 1922, "name" : "宏瑞藥局", "address" : "新北市永和區文化路78號", "telephone" : "0222311663", "city" : "新北市", "district" : "永和區", "nhi" : true, "data_time" : "2026-05-03 03:11:08", "pharmacy_per_10k" : 3.13}}, {"type" : "Feature", "geometry" : {"type" : "Point", "coordinates" : [121.5110905, 25.00691687]}, "properties" : {"id" : 1980, "name" : "康杏安藥局", "address" : "新北市永和區保平路60號1樓", "telephone" : "0229298968", "city" : "新北市", "district" : "永和區", "nhi" : true, "data_time" : "2026-05-03 03:11:08", "pharmacy_per_10k" : 3.13}}, {"type" : "Feature", "geometry" : {"type" : "Point", "coordinates" : [121.514771, 25.01360678]}, "properties" : {"id" : 1981, "name" : "博昇藥局", "address" : "新北市永和區仁愛路22號1樓", "telephone" : "0229267273", "city" : "新北市", "district" : "永和區", "nhi" : true, "data_time" : "2026-05-03 03:11:08", "pharmacy_per_10k" : 3.13}}, {"type" : "Feature", "geometry" : {"type" : "Point", "coordinates" : [121.525101, 24.99942531]}, "properties" : {"id" : 1982, "name" : "宸安藥局", "address" : "新北市永和區得和路385號1樓", "telephone" : "0222328274", "city" : "新北市", "district" : "永和區", "nhi" : true, "data_time" : "2026-05-03 03:11:08", "pharmacy_per_10k" : 3.13}}, {"type" : "Feature", "geometry" : {"type" : "Point", "coordinates" : [121.5206485, 25.00969048]}, "properties" : {"id" : 1983, "name" : "竹林藥局", "address" : "新北市永和區竹林路181號2樓", "telephone" : "0289266818", "city" : "新北市", "district" : "永和區", "nhi" : true, "data_time" : "2026-05-03 03:11:08", "pharmacy_per_10k" : 3.13}}, {"type" : "Feature", "geometry" : {"type" : "Point", "coordinates" : [121.5169715, 25.00569204]}, "properties" : {"id" : 1984, "name" : "德美藥局", "address" : "新北市永和區中正路455號1樓", "telephone" : "0229274951", "city" : "新北市", "district" : "永和區", "nhi" : true, "data_time" : "2026-05-03 03:11:08", "pharmacy_per_10k" : 3.13}}, {"type" : "Feature", "geometry" : {"type" : "Point", "coordinates" : [121.524, 24.998348]}, "properties" : {"id" : 2074, "name" : "景福藥局", "address" : "新北市永和區四維街68號1樓", "telephone" : "0229415293", "city" : "新北市", "district" : "永和區", "nhi" : false, "data_time" : "2026-05-03 03:11:08", "pharmacy_per_10k" : 3.13}}, {"type" : "Feature", "geometry" : {"type" : "Point", "coordinates" : [121.5245, 24.998104]}, "properties" : {"id" : 2075, "name" : "啟照大藥局", "address" : "新北市永和區四維街９１號", "telephone" : "0229427157", "city" : "新北市", "district" : "永和區", "nhi" : false, "data_time" : "2026-05-03 03:11:08", "pharmacy_per_10k" : 3.13}}, {"type" : "Feature", "geometry" : {"type" : "Point", "coordinates" : [121.5265, 24.998333]}, "properties" : {"id" : 2076, "name" : "潤康藥局", "address" : "新北市永和區成功路二段九十八號", "telephone" : "0229435798", "city" : "新北市", "district" : "永和區", "nhi" : false, "data_time" : "2026-05-03 03:11:08", "pharmacy_per_10k" : 3.13}}, {"type" : "Feature", "geometry" : {"type" : "Point", "coordinates" : [121.5162, 24.998271]}, "properties" : {"id" : 2077, "name" : "宏恩藥局", "address" : "新北市永和區中正路一四三號", "telephone" : "0229446693", "city" : "新北市", "district" : "永和區", "nhi" : false, "data_time" : "2026-05-03 03:11:08", "pharmacy_per_10k" : 3.13}}, {"type" : "Feature", "geometry" : {"type" : "Point", "coordinates" : [121.5152, 24.9965]}, "properties" : {"id" : 2078, "name" : "美的酷醫美藥局", "address" : "新北市永和區民光街一號一樓", "telephone" : "0289433086", "city" : "新北市", "district" : "永和區", "nhi" : false, "data_time" : "2026-05-03 03:11:08", "pharmacy_per_10k" : 3.13}}, {"type" : "Feature", "geometry" : {"type" : "Point", "coordinates" : [121.6628739, 25.06752916]}, "properties" : {"id" : 910, "name" : "益嘉藥局", "address" : "新北市汐止區忠孝東路245號1樓", "telephone" : "0286423527", "city" : "新北市", "district" : "汐止區", "nhi" : true, "data_time" : "2026-05-03 03:11:08", "pharmacy_per_10k" : 2.74}}, {"type" : "Feature", "geometry" : {"type" : "Point", "coordinates" : [121.6482098, 25.06072019]}, "properties" : {"id" : 925, "name" : "富康東科藥局", "address" : "新北市汐止區新台五路1段96號C棟1樓C15號", "telephone" : "0226969222", "city" : "新北市", "district" : "汐止區", "nhi" : true, "data_time" : "2026-05-03 03:11:08", "pharmacy_per_10k" : 2.74}}, {"type" : "Feature", "geometry" : {"type" : "Point", "coordinates" : [121.6307846, 25.07042583]}, "properties" : {"id" : 926, "name" : "佳恩藥局", "address" : "新北市汐止區民族三街7-1號1樓", "telephone" : "0226950714", "city" : "新北市", "district" : "汐止區", "nhi" : true, "data_time" : "2026-05-03 03:11:08", "pharmacy_per_10k" : 2.74}}, {"type" : "Feature", "geometry" : {"type" : "Point", "coordinates" : [121.6310239, 25.05499128]}, "properties" : {"id" : 928, "name" : "健康晨光藥局", "address" : "新北市汐止區大同路2段516號1樓", "telephone" : "0226433111", "city" : "新北市", "district" : "汐止區", "nhi" : true, "data_time" : "2026-05-03 03:11:08", "pharmacy_per_10k" : 2.74}}, {"type" : "Feature", "geometry" : {"type" : "Point", "coordinates" : [121.6617626, 25.07319634]}, "properties" : {"id" : 929, "name" : "國升藥局", "address" : "新北市汐止區建成路59巷1號1樓", "telephone" : "0226419459", "city" : "新北市", "district" : "汐止區", "nhi" : true, "data_time" : "2026-05-03 03:11:08", "pharmacy_per_10k" : 2.74}}, {"type" : "Feature", "geometry" : {"type" : "Point", "coordinates" : [121.6307435, 25.06507326]}, "properties" : {"id" : 939, "name" : "福恩藥師大藥局", "address" : "新北市汐止區福德二路171-1號1樓", "telephone" : "9.88E+08", "city" : "新北市", "district" : "汐止區", "nhi" : true, "data_time" : "2026-05-03 03:11:08", "pharmacy_per_10k" : 2.74}}, {"type" : "Feature", "geometry" : {"type" : "Point", "coordinates" : [121.6647564, 25.07267843]}, "properties" : {"id" : 995, "name" : "廣誠藥師藥局", "address" : "新北市汐止區建成路22號1樓", "telephone" : "0286916091", "city" : "新北市", "district" : "汐止區", "nhi" : true, "data_time" : "2026-05-03 03:11:08", "pharmacy_per_10k" : 2.74}}, {"type" : "Feature", "geometry" : {"type" : "Point", "coordinates" : [121.6536305, 25.06303534]}, "properties" : {"id" : 996, "name" : "永康中西綜合藥局", "address" : "新北市汐止區龍安路175號1樓", "telephone" : "0286915580", "city" : "新北市", "district" : "汐止區", "nhi" : true, "data_time" : "2026-05-03 03:11:08", "pharmacy_per_10k" : 2.74}}, {"type" : "Feature", "geometry" : {"type" : "Point", "coordinates" : [121.6647692, 25.06946892]}, "properties" : {"id" : 997, "name" : "忠孝藥局", "address" : "新北市汐止區忠孝東路321號1樓", "telephone" : "0286910788", "city" : "新北市", "district" : "汐止區", "nhi" : true, "data_time" : "2026-05-03 03:11:08", "pharmacy_per_10k" : 2.74}}, {"type" : "Feature", "geometry" : {"type" : "Point", "coordinates" : [121.6657257, 25.07095853]}, "properties" : {"id" : 1008, "name" : "躍獅尚揚藥局", "address" : "新北市汐止區忠孝東路399號1樓", "telephone" : "0286483158", "city" : "新北市", "district" : "汐止區", "nhi" : true, "data_time" : "2026-05-03 03:11:08", "pharmacy_per_10k" : 2.74}}, {"type" : "Feature", "geometry" : {"type" : "Point", "coordinates" : [121.6634673, 25.06746042]}, "properties" : {"id" : 1035, "name" : "致維藥局", "address" : "新北市汐止區忠孝東路258巷5號1樓", "telephone" : "0226422993", "city" : "新北市", "district" : "汐止區", "nhi" : true, "data_time" : "2026-05-03 03:11:08", "pharmacy_per_10k" : 2.74}}, {"type" : "Feature", "geometry" : {"type" : "Point", "coordinates" : [121.6286297, 25.07012338]}, "properties" : {"id" : 1135, "name" : "好醫生活藥局", "address" : "新北市汐止區明峰街179-1號1樓", "telephone" : "0226958811", "city" : "新北市", "district" : "汐止區", "nhi" : true, "data_time" : "2026-05-03 03:11:08", "pharmacy_per_10k" : 2.74}}, {"type" : "Feature", "geometry" : {"type" : "Point", "coordinates" : [121.6279351, 25.06455665]}, "properties" : {"id" : 1136, "name" : "快樂藥局汐止店", "address" : "新北市汐止區福德二路215號1樓", "telephone" : "0226931390", "city" : "新北市", "district" : "汐止區", "nhi" : true, "data_time" : "2026-05-03 03:11:08", "pharmacy_per_10k" : 2.74}}, {"type" : "Feature", "geometry" : {"type" : "Point", "coordinates" : [121.6320299, 25.06494383]}, "properties" : {"id" : 1137, "name" : "汐興藥局", "address" : "新北市汐止區中興路113號1樓", "telephone" : "0226927733", "city" : "新北市", "district" : "汐止區", "nhi" : true, "data_time" : "2026-05-03 03:11:08", "pharmacy_per_10k" : 2.74}}, {"type" : "Feature", "geometry" : {"type" : "Point", "coordinates" : [121.6547913, 25.06255603]}, "properties" : {"id" : 1138, "name" : "長頸鹿藥局", "address" : "新北市汐止區新台五路1段178號1樓", "telephone" : "0226917810", "city" : "新北市", "district" : "汐止區", "nhi" : true, "data_time" : "2026-05-03 03:11:08", "pharmacy_per_10k" : 2.74}}, {"type" : "Feature", "geometry" : {"type" : "Point", "coordinates" : [121.654778, 25.06082997]}, "properties" : {"id" : 1139, "name" : "青山藥局", "address" : "新北市汐止區莊敬街127號1樓", "telephone" : "0226907959", "city" : "新北市", "district" : "汐止區", "nhi" : true, "data_time" : "2026-05-03 03:11:08", "pharmacy_per_10k" : 2.74}}, {"type" : "Feature", "geometry" : {"type" : "Point", "coordinates" : [121.6537977, 25.06187892]}, "properties" : {"id" : 1140, "name" : "蒲公英藥局", "address" : "新北市汐止區連興街126號1樓", "telephone" : "0226907770", "city" : "新北市", "district" : "汐止區", "nhi" : true, "data_time" : "2026-05-03 03:11:08", "pharmacy_per_10k" : 2.74}}, {"type" : "Feature", "geometry" : {"type" : "Point", "coordinates" : [121.6464075, 25.08835263]}, "properties" : {"id" : 1174, "name" : "汐止立欣藥局", "address" : "新北市汐止區汐萬路2段249號1樓", "telephone" : "0226464546", "city" : "新北市", "district" : "汐止區", "nhi" : true, "data_time" : "2026-05-03 03:11:08", "pharmacy_per_10k" : 2.74}}, {"type" : "Feature", "geometry" : {"type" : "Point", "coordinates" : [121.6457956, 25.08955576]}, "properties" : {"id" : 1175, "name" : "翔云大藥局", "address" : "新北市汐止區祥雲街2號-1(1樓)", "telephone" : "0226463119", "city" : "新北市", "district" : "汐止區", "nhi" : true, "data_time" : "2026-05-03 03:11:08", "pharmacy_per_10k" : 2.74}}, {"type" : "Feature", "geometry" : {"type" : "Point", "coordinates" : [121.6643791, 25.06553393]}, "properties" : {"id" : 1176, "name" : "杏恩健保藥局", "address" : "新北市汐止區仁愛路189號", "telephone" : "0226435728", "city" : "新北市", "district" : "汐止區", "nhi" : true, "data_time" : "2026-05-03 03:11:08", "pharmacy_per_10k" : 2.74}}, {"type" : "Feature", "geometry" : {"type" : "Point", "coordinates" : [121.6616657, 25.07287237]}, "properties" : {"id" : 1177, "name" : "杏光藥局", "address" : "新北市汐止區建成路59巷19號1樓", "telephone" : "0226411340", "city" : "新北市", "district" : "汐止區", "nhi" : true, "data_time" : "2026-05-03 03:11:08", "pharmacy_per_10k" : 2.74}}, {"type" : "Feature", "geometry" : {"type" : "Point", "coordinates" : [121.6536883, 25.06284106]}, "properties" : {"id" : 1187, "name" : "安泰藥局", "address" : "新北市汐止區連興街114號1樓", "telephone" : "0225158069", "city" : "新北市", "district" : "汐止區", "nhi" : true, "data_time" : "2026-05-03 03:11:08", "pharmacy_per_10k" : 2.74}}, {"type" : "Feature", "geometry" : {"type" : "Point", "coordinates" : [121.6564017, 25.06456388]}, "properties" : {"id" : 1347, "name" : "健成藥局", "address" : "新北市汐止區新興路20號1樓", "telephone" : "0226428989", "city" : "新北市", "district" : "汐止區", "nhi" : true, "data_time" : "2026-05-03 03:11:08", "pharmacy_per_10k" : 2.74}}, {"type" : "Feature", "geometry" : {"type" : "Point", "coordinates" : [121.6623882, 25.07023626]}, "properties" : {"id" : 1391, "name" : "我家藥局", "address" : "新北市汐止區中正路29號", "telephone" : "9.29E+08", "city" : "新北市", "district" : "汐止區", "nhi" : true, "data_time" : "2026-05-03 03:11:08", "pharmacy_per_10k" : 2.74}}, {"type" : "Feature", "geometry" : {"type" : "Point", "coordinates" : [121.6416358, 25.06546151]}, "properties" : {"id" : 1496, "name" : "穎安中西大藥局", "address" : "新北市汐止區樟樹一路135巷13號", "telephone" : "0226412348", "city" : "新北市", "district" : "汐止區", "nhi" : true, "data_time" : "2026-05-03 03:11:08", "pharmacy_per_10k" : 2.74}}, {"type" : "Feature", "geometry" : {"type" : "Point", "coordinates" : [121.6337881, 25.06702953]}, "properties" : {"id" : 1590, "name" : "福多藥局", "address" : "新北市汐止區福德二路60號1樓", "telephone" : "0286933368", "city" : "新北市", "district" : "汐止區", "nhi" : true, "data_time" : "2026-05-03 03:11:08", "pharmacy_per_10k" : 2.74}}, {"type" : "Feature", "geometry" : {"type" : "Point", "coordinates" : [121.6365546, 25.06687373]}, "properties" : {"id" : 1591, "name" : "汐心藥局", "address" : "新北市汐止區福德一路150號", "telephone" : "0286932859", "city" : "新北市", "district" : "汐止區", "nhi" : true, "data_time" : "2026-05-03 03:11:08", "pharmacy_per_10k" : 2.74}}, {"type" : "Feature", "geometry" : {"type" : "Point", "coordinates" : [121.6528629, 25.06489874]}, "properties" : {"id" : 1592, "name" : "康元中西綜合藥局", "address" : "新北市汐止區大同路2段219號", "telephone" : "0286923648", "city" : "新北市", "district" : "汐止區", "nhi" : true, "data_time" : "2026-05-03 03:11:08", "pharmacy_per_10k" : 2.74}}, {"type" : "Feature", "geometry" : {"type" : "Point", "coordinates" : [121.6660068, 25.07265369]}, "properties" : {"id" : 1597, "name" : "富康藥局", "address" : "新北市汐止區忠孝東路459號1樓", "telephone" : "0286481302", "city" : "新北市", "district" : "汐止區", "nhi" : true, "data_time" : "2026-05-03 03:11:08", "pharmacy_per_10k" : 2.74}}, {"type" : "Feature", "geometry" : {"type" : "Point", "coordinates" : [121.6655649, 25.07099555]}, "properties" : {"id" : 1598, "name" : "再興藥局", "address" : "新北市汐止區茄苳路37號", "telephone" : "0286478860", "city" : "新北市", "district" : "汐止區", "nhi" : true, "data_time" : "2026-05-03 03:11:08", "pharmacy_per_10k" : 2.74}}, {"type" : "Feature", "geometry" : {"type" : "Point", "coordinates" : [121.6619125, 25.06426413]}, "properties" : {"id" : 1599, "name" : "汐止仁德藥局", "address" : "新北市汐止區仁愛路113巷22號1樓", "telephone" : "0286462139", "city" : "新北市", "district" : "汐止區", "nhi" : true, "data_time" : "2026-05-03 03:11:08", "pharmacy_per_10k" : 2.74}}, {"type" : "Feature", "geometry" : {"type" : "Point", "coordinates" : [121.6632204, 25.06396612]}, "properties" : {"id" : 1600, "name" : "滿益藥局", "address" : "新北市汐止區仁愛路130號1樓", "telephone" : "0286421562", "city" : "新北市", "district" : "汐止區", "nhi" : true, "data_time" : "2026-05-03 03:11:08", "pharmacy_per_10k" : 2.74}}, {"type" : "Feature", "geometry" : {"type" : "Point", "coordinates" : [121.6319554, 25.07004913]}, "properties" : {"id" : 1746, "name" : "品康藥局", "address" : "新北市汐止區湖前街47號1樓", "telephone" : "0226957942", "city" : "新北市", "district" : "汐止區", "nhi" : true, "data_time" : "2026-05-03 03:11:08", "pharmacy_per_10k" : 2.74}}, {"type" : "Feature", "geometry" : {"type" : "Point", "coordinates" : [121.6305182, 25.07067308]}, "properties" : {"id" : 1747, "name" : "博昱明峰大藥局", "address" : "新北市汐止區明峰街129號1樓", "telephone" : "0226955758", "city" : "新北市", "district" : "汐止區", "nhi" : true, "data_time" : "2026-05-03 03:11:08", "pharmacy_per_10k" : 2.74}}, {"type" : "Feature", "geometry" : {"type" : "Point", "coordinates" : [121.6296736, 25.070602]}, "properties" : {"id" : 1748, "name" : "全家藥局", "address" : "新北市汐止區明峰街143號1樓", "telephone" : "0226954990", "city" : "新北市", "district" : "汐止區", "nhi" : true, "data_time" : "2026-05-03 03:11:08", "pharmacy_per_10k" : 2.74}}, {"type" : "Feature", "geometry" : {"type" : "Point", "coordinates" : [121.6350459, 25.06540985]}, "properties" : {"id" : 1749, "name" : "巧能藥局", "address" : "新北市汐止區福德一路209號1樓", "telephone" : "0226942858", "city" : "新北市", "district" : "汐止區", "nhi" : true, "data_time" : "2026-05-03 03:11:08", "pharmacy_per_10k" : 2.74}}, {"type" : "Feature", "geometry" : {"type" : "Point", "coordinates" : [121.6319809, 25.07000379]}, "properties" : {"id" : 1750, "name" : "湖前中西藥局", "address" : "新北市汐止區湖前街45號1樓", "telephone" : "0226925850", "city" : "新北市", "district" : "汐止區", "nhi" : true, "data_time" : "2026-05-03 03:11:08", "pharmacy_per_10k" : 2.74}}, {"type" : "Feature", "geometry" : {"type" : "Point", "coordinates" : [121.6334537, 25.06446853]}, "properties" : {"id" : 1751, "name" : "汐芷藥局", "address" : "新北市汐止區福德一路255號", "telephone" : "0226924087", "city" : "新北市", "district" : "汐止區", "nhi" : true, "data_time" : "2026-05-03 03:11:08", "pharmacy_per_10k" : 2.74}}, {"type" : "Feature", "geometry" : {"type" : "Point", "coordinates" : [121.6556839, 25.06786274]}, "properties" : {"id" : 1752, "name" : "江北藥局", "address" : "新北市汐止區汐萬路1段33號", "telephone" : "0226918870", "city" : "新北市", "district" : "汐止區", "nhi" : true, "data_time" : "2026-05-03 03:11:08", "pharmacy_per_10k" : 2.74}}, {"type" : "Feature", "geometry" : {"type" : "Point", "coordinates" : [121.621101, 25.04125934]}, "properties" : {"id" : 1778, "name" : "裕和藥局", "address" : "新北市汐止區宜興街4號1樓", "telephone" : "0226609119", "city" : "新北市", "district" : "汐止區", "nhi" : true, "data_time" : "2026-05-03 03:11:08", "pharmacy_per_10k" : 2.74}}, {"type" : "Feature", "geometry" : {"type" : "Point", "coordinates" : [121.6564612, 25.06694279]}, "properties" : {"id" : 1779, "name" : "幸福藥局", "address" : "新北市汐止區大同路2段332號1、2樓", "telephone" : "0226490127", "city" : "新北市", "district" : "汐止區", "nhi" : true, "data_time" : "2026-05-03 03:11:08", "pharmacy_per_10k" : 2.74}}, {"type" : "Feature", "geometry" : {"type" : "Point", "coordinates" : [121.6575835, 25.06704969]}, "properties" : {"id" : 1780, "name" : "向日葵藥局", "address" : "新北市汐止區大同路2段368號1樓", "telephone" : "0226488877", "city" : "新北市", "district" : "汐止區", "nhi" : true, "data_time" : "2026-05-03 03:11:08", "pharmacy_per_10k" : 2.74}}, {"type" : "Feature", "geometry" : {"type" : "Point", "coordinates" : [121.6421149, 25.06560426]}, "properties" : {"id" : 1781, "name" : "麒豐藥局", "address" : "新北市汐止區樟樹一路135巷2號", "telephone" : "0226434737", "city" : "新北市", "district" : "汐止區", "nhi" : true, "data_time" : "2026-05-03 03:11:08", "pharmacy_per_10k" : 2.74}}, {"type" : "Feature", "geometry" : {"type" : "Point", "coordinates" : [121.6685241, 25.08137535]}, "properties" : {"id" : 1782, "name" : "天祥藥局", "address" : "新北市汐止區鄉友街31號", "telephone" : "0226433730", "city" : "新北市", "district" : "汐止區", "nhi" : true, "data_time" : "2026-05-03 03:11:08", "pharmacy_per_10k" : 2.74}}, {"type" : "Feature", "geometry" : {"type" : "Point", "coordinates" : [121.6599173, 25.06457917]}, "properties" : {"id" : 1783, "name" : "秀峰藥局", "address" : "新北市汐止區秀峰路65號1樓", "telephone" : "0226433066", "city" : "新北市", "district" : "汐止區", "nhi" : true, "data_time" : "2026-05-03 03:11:08", "pharmacy_per_10k" : 2.74}}, {"type" : "Feature", "geometry" : {"type" : "Point", "coordinates" : [121.6627177, 25.06710984]}, "properties" : {"id" : 1784, "name" : "青苗藥局", "address" : "新北市汐止區忠孝東路242號1樓", "telephone" : "0226425888", "city" : "新北市", "district" : "汐止區", "nhi" : true, "data_time" : "2026-05-03 03:11:08", "pharmacy_per_10k" : 2.74}}, {"type" : "Feature", "geometry" : {"type" : "Point", "coordinates" : [121.6374476, 25.05919233]}, "properties" : {"id" : 1785, "name" : "德昌藥局", "address" : "新北市汐止區中興路4號", "telephone" : "0226423382", "city" : "新北市", "district" : "汐止區", "nhi" : true, "data_time" : "2026-05-03 03:11:08", "pharmacy_per_10k" : 2.74}}, {"type" : "Feature", "geometry" : {"type" : "Point", "coordinates" : [121.6561336, 25.06310782]}, "properties" : {"id" : 1786, "name" : "春德堂藥局", "address" : "新北市汐止區新台五路1段220號", "telephone" : "0226422048", "city" : "新北市", "district" : "汐止區", "nhi" : true, "data_time" : "2026-05-03 03:11:08", "pharmacy_per_10k" : 2.74}}, {"type" : "Feature", "geometry" : {"type" : "Point", "coordinates" : [121.6562198, 25.06743214]}, "properties" : {"id" : 1787, "name" : "永瑞藥局", "address" : "新北市汐止區汐萬路1段10號", "telephone" : "0226421863", "city" : "新北市", "district" : "汐止區", "nhi" : true, "data_time" : "2026-05-03 03:11:08", "pharmacy_per_10k" : 2.74}}, {"type" : "Feature", "geometry" : {"type" : "Point", "coordinates" : [121.6564631, 25.06493261]}, "properties" : {"id" : 1788, "name" : "躍獅大同藥局", "address" : "新北市汐止區新興路7號1樓", "telephone" : "0226418399", "city" : "新北市", "district" : "汐止區", "nhi" : true, "data_time" : "2026-05-03 03:11:08", "pharmacy_per_10k" : 2.74}}, {"type" : "Feature", "geometry" : {"type" : "Point", "coordinates" : [121.6654505, 25.07092726]}, "properties" : {"id" : 1789, "name" : "必進藥局", "address" : "新北市汐止區茄苳路33號", "telephone" : "0226416382", "city" : "新北市", "district" : "汐止區", "nhi" : true, "data_time" : "2026-05-03 03:11:08", "pharmacy_per_10k" : 2.74}}, {"type" : "Feature", "geometry" : {"type" : "Point", "coordinates" : [121.6631594, 25.07017205]}, "properties" : {"id" : 1790, "name" : "汐止中西大藥局", "address" : "新北市汐止區中正路四號", "telephone" : "0226411746", "city" : "新北市", "district" : "汐止區", "nhi" : true, "data_time" : "2026-05-03 03:11:08", "pharmacy_per_10k" : 2.74}}, {"type" : "Feature", "geometry" : {"type" : "Point", "coordinates" : [121.6212721, 25.04160271]}, "properties" : {"id" : 1791, "name" : "吉安康健保藥師藥局", "address" : "新北市汐止區宜興街11號1樓", "telephone" : "0226405881", "city" : "新北市", "district" : "汐止區", "nhi" : true, "data_time" : "2026-05-03 03:11:08", "pharmacy_per_10k" : 2.74}}, {"type" : "Feature", "geometry" : {"type" : "Point", "coordinates" : [121.6633132, 25.06808563]}, "properties" : {"id" : 1965, "name" : "汐止健康人生藥局", "address" : "新北市汐止區忠孝東路269號", "telephone" : "0286421820", "city" : "新北市", "district" : "汐止區", "nhi" : true, "data_time" : "2026-05-03 03:11:08", "pharmacy_per_10k" : 2.74}}, {"type" : "Feature", "geometry" : {"type" : "Point", "coordinates" : [121.6635275, 25.07244647]}, "properties" : {"id" : 1966, "name" : "建忠藥局", "address" : "新北市汐止區建成路37巷11號1樓", "telephone" : "0226422101", "city" : "新北市", "district" : "汐止區", "nhi" : true, "data_time" : "2026-05-03 03:11:08", "pharmacy_per_10k" : 2.74}}, {"type" : "Feature", "geometry" : {"type" : "Point", "coordinates" : [121.4242195, 25.03905729]}, "properties" : {"id" : 923, "name" : "仁安藥局", "address" : "新北市泰山區明志路3段174號", "telephone" : "0229015586", "city" : "新北市", "district" : "泰山區", "nhi" : true, "data_time" : "2026-05-03 03:11:08", "pharmacy_per_10k" : 1.95}}, {"type" : "Feature", "geometry" : {"type" : "Point", "coordinates" : [121.4335872, 25.06434041]}, "properties" : {"id" : 971, "name" : "全成藥局", "address" : "新北市泰山區明志路1段83號", "telephone" : "0229096529", "city" : "新北市", "district" : "泰山區", "nhi" : true, "data_time" : "2026-05-03 03:11:08", "pharmacy_per_10k" : 1.95}}, {"type" : "Feature", "geometry" : {"type" : "Point", "coordinates" : [121.4341617, 25.05619429]}, "properties" : {"id" : 1196, "name" : "苗園健保特約藥局", "address" : "新北市泰山區全興路161號1樓", "telephone" : "0222970736", "city" : "新北市", "district" : "泰山區", "nhi" : true, "data_time" : "2026-05-03 03:11:08", "pharmacy_per_10k" : 1.95}}, {"type" : "Feature", "geometry" : {"type" : "Point", "coordinates" : [121.4322753, 25.06194053]}, "properties" : {"id" : 1473, "name" : "日泰藥局", "address" : "新北市泰山區泰林路2段227號", "telephone" : "0229095989", "city" : "新北市", "district" : "泰山區", "nhi" : true, "data_time" : "2026-05-03 03:11:08", "pharmacy_per_10k" : 1.95}}, {"type" : "Feature", "geometry" : {"type" : "Point", "coordinates" : [121.4339527, 25.05573162]}, "properties" : {"id" : 1475, "name" : "得安藥師藥局", "address" : "新北市泰山區仁愛路128號1樓", "telephone" : "0229000992", "city" : "新北市", "district" : "泰山區", "nhi" : true, "data_time" : "2026-05-03 03:11:08", "pharmacy_per_10k" : 1.95}}, {"type" : "Feature", "geometry" : {"type" : "Point", "coordinates" : [121.4333435, 25.06143567]}, "properties" : {"id" : 1512, "name" : "泰林中西藥局", "address" : "新北市泰山區泰林路2段206號", "telephone" : "0222978367", "city" : "新北市", "district" : "泰山區", "nhi" : true, "data_time" : "2026-05-03 03:11:08", "pharmacy_per_10k" : 1.95}}, {"type" : "Feature", "geometry" : {"type" : "Point", "coordinates" : [121.4320894, 25.0605246]}, "properties" : {"id" : 1731, "name" : "華特藥局", "address" : "新北市泰山區明志路1段260號", "telephone" : "0229095662", "city" : "新北市", "district" : "泰山區", "nhi" : true, "data_time" : "2026-05-03 03:11:08", "pharmacy_per_10k" : 1.95}}, {"type" : "Feature", "geometry" : {"type" : "Point", "coordinates" : [121.4256446, 25.04515838]}, "properties" : {"id" : 1732, "name" : "善耕藥局", "address" : "新北市泰山區明志路2段362號", "telephone" : "0229086656", "city" : "新北市", "district" : "泰山區", "nhi" : true, "data_time" : "2026-05-03 03:11:08", "pharmacy_per_10k" : 1.95}}, {"type" : "Feature", "geometry" : {"type" : "Point", "coordinates" : [121.4264302, 25.04599962]}, "properties" : {"id" : 1817, "name" : "健康藥師藥局", "address" : "新北市泰山區明志路2段323號", "telephone" : "0222972121", "city" : "新北市", "district" : "泰山區", "nhi" : true, "data_time" : "2026-05-03 03:11:08", "pharmacy_per_10k" : 1.95}}, {"type" : "Feature", "geometry" : {"type" : "Point", "coordinates" : [121.4291926, 25.05260082]}, "properties" : {"id" : 1818, "name" : "北安藥妝藥局", "address" : "新北市泰山區明志路2段61號", "telephone" : "0222967199", "city" : "新北市", "district" : "泰山區", "nhi" : true, "data_time" : "2026-05-03 03:11:08", "pharmacy_per_10k" : 1.95}}, {"type" : "Feature", "geometry" : {"type" : "Point", "coordinates" : [121.4275679, 25.04912996]}, "properties" : {"id" : 1819, "name" : "千家藥局", "address" : "新北市泰山區明志路2段199號", "telephone" : "0222962319", "city" : "新北市", "district" : "泰山區", "nhi" : true, "data_time" : "2026-05-03 03:11:08", "pharmacy_per_10k" : 1.95}}, {"type" : "Feature", "geometry" : {"type" : "Point", "coordinates" : [121.4290296, 25.05269836]}, "properties" : {"id" : 2026, "name" : "泰安藥局", "address" : "新北市泰山區明志路2段62號2樓", "telephone" : "0285313097", "city" : "新北市", "district" : "泰山區", "nhi" : true, "data_time" : "2026-05-03 03:11:08", "pharmacy_per_10k" : 1.95}}, {"type" : "Feature", "geometry" : {"type" : "Point", "coordinates" : [121.4319145, 25.06002111]}, "properties" : {"id" : 2027, "name" : "台灣藥局", "address" : "新北市泰山區明志路1段282-286號", "telephone" : "0222971969", "city" : "新北市", "district" : "泰山區", "nhi" : true, "data_time" : "2026-05-03 03:11:08", "pharmacy_per_10k" : 1.95}}, {"type" : "Feature", "geometry" : {"type" : "Point", "coordinates" : [121.4335082, 25.06243841]}, "properties" : {"id" : 2028, "name" : "紅葉藥局", "address" : "新北市泰山區楓江路8號2樓", "telephone" : "0222960328", "city" : "新北市", "district" : "泰山區", "nhi" : true, "data_time" : "2026-05-03 03:11:08", "pharmacy_per_10k" : 1.95}}, {"type" : "Feature", "geometry" : {"type" : "Point", "coordinates" : [121.4330837, 25.05529815]}, "properties" : {"id" : 2029, "name" : "旭晨藥局", "address" : "新北市泰山區仁愛路90號1樓", "telephone" : "0222970013", "city" : "新北市", "district" : "泰山區", "nhi" : true, "data_time" : "2026-05-03 03:11:08", "pharmacy_per_10k" : 1.95}}, {"type" : "Feature", "geometry" : {"type" : "Point", "coordinates" : [121.4422792, 25.17630986]}, "properties" : {"id" : 1009, "name" : "文川藥局", "address" : "新北市淡水區中山北路1段93號1樓", "telephone" : "0286319033", "city" : "新北市", "district" : "淡水區", "nhi" : true, "data_time" : "2026-05-03 03:11:08", "pharmacy_per_10k" : 1.89}}, {"type" : "Feature", "geometry" : {"type" : "Point", "coordinates" : [121.4458627, 25.17166694]}, "properties" : {"id" : 1036, "name" : "松和大藥局", "address" : "新北市淡水區英專路92號", "telephone" : "0226203369", "city" : "新北市", "district" : "淡水區", "nhi" : true, "data_time" : "2026-05-03 03:11:08", "pharmacy_per_10k" : 1.89}}, {"type" : "Feature", "geometry" : {"type" : "Point", "coordinates" : [121.4617344, 25.13780748]}, "properties" : {"id" : 1132, "name" : "躍獅竹圍藥局", "address" : "新北市淡水區民生路46號", "telephone" : "0228090565", "city" : "新北市", "district" : "淡水區", "nhi" : true, "data_time" : "2026-05-03 03:11:08", "pharmacy_per_10k" : 1.89}}, {"type" : "Feature", "geometry" : {"type" : "Point", "coordinates" : [121.4229641, 25.18144297]}, "properties" : {"id" : 1133, "name" : "淡海藥師藥局", "address" : "新北市淡水區淡海路85號", "telephone" : "0228052668", "city" : "新北市", "district" : "淡水區", "nhi" : true, "data_time" : "2026-05-03 03:11:08", "pharmacy_per_10k" : 1.89}}, {"type" : "Feature", "geometry" : {"type" : "Point", "coordinates" : [121.446784, 25.18314328]}, "properties" : {"id" : 1179, "name" : "四季寶健保藥局", "address" : "新北市淡水區新市一路3段117-1號(含夾層)", "telephone" : "0226283199", "city" : "新北市", "district" : "淡水區", "nhi" : true, "data_time" : "2026-05-03 03:11:08", "pharmacy_per_10k" : 1.89}}, {"type" : "Feature", "geometry" : {"type" : "Point", "coordinates" : [121.4444943, 25.18470831]}, "properties" : {"id" : 1180, "name" : "池慶藥局", "address" : "新北市淡水區中山北路2段176號1樓", "telephone" : "0226238852", "city" : "新北市", "district" : "淡水區", "nhi" : true, "data_time" : "2026-05-03 03:11:08", "pharmacy_per_10k" : 1.89}}, {"type" : "Feature", "geometry" : {"type" : "Point", "coordinates" : [121.4413063, 25.17480242]}, "properties" : {"id" : 1181, "name" : "聖天藥局", "address" : "新北市淡水區重建街218號", "telephone" : "0226215677", "city" : "新北市", "district" : "淡水區", "nhi" : true, "data_time" : "2026-05-03 03:11:08", "pharmacy_per_10k" : 1.89}}, {"type" : "Feature", "geometry" : {"type" : "Point", "coordinates" : [121.4439791, 25.17006456]}, "properties" : {"id" : 1495, "name" : "邱藥局", "address" : "新北市淡水區中山路27號", "telephone" : "0226614225", "city" : "新北市", "district" : "淡水區", "nhi" : true, "data_time" : "2026-05-03 03:11:08", "pharmacy_per_10k" : 1.89}}, {"type" : "Feature", "geometry" : {"type" : "Point", "coordinates" : [121.4473891, 25.16809123]}, "properties" : {"id" : 1499, "name" : "千代田藥局", "address" : "新北市淡水區學府路九號1樓", "telephone" : "0226210173", "city" : "新北市", "district" : "淡水區", "nhi" : true, "data_time" : "2026-05-03 03:11:08", "pharmacy_per_10k" : 1.89}}, {"type" : "Feature", "geometry" : {"type" : "Point", "coordinates" : [121.4615538, 25.13608623]}, "properties" : {"id" : 1589, "name" : "池佑藥局", "address" : "新北市淡水區民族路46號", "telephone" : "0288093531", "city" : "新北市", "district" : "淡水區", "nhi" : true, "data_time" : "2026-05-03 03:11:08", "pharmacy_per_10k" : 1.89}}, {"type" : "Feature", "geometry" : {"type" : "Point", "coordinates" : [121.4613543, 25.13621913]}, "properties" : {"id" : 1744, "name" : "上全藥局", "address" : "新北市淡水區民族路36號", "telephone" : "0228098022", "city" : "新北市", "district" : "淡水區", "nhi" : true, "data_time" : "2026-05-03 03:11:08", "pharmacy_per_10k" : 1.89}}, {"type" : "Feature", "geometry" : {"type" : "Point", "coordinates" : [121.459943, 25.13832138]}, "properties" : {"id" : 1745, "name" : "竹圍春天生活藥局", "address" : "新北市淡水區民權路89號1、2樓", "telephone" : "0228082179", "city" : "新北市", "district" : "淡水區", "nhi" : true, "data_time" : "2026-05-03 03:11:08", "pharmacy_per_10k" : 1.89}}, {"type" : "Feature", "geometry" : {"type" : "Point", "coordinates" : [121.4492286, 25.17892066]}, "properties" : {"id" : 1793, "name" : "璉恩藥局", "address" : "新北市淡水區北新路131、133號", "telephone" : "0226298454", "city" : "新北市", "district" : "淡水區", "nhi" : true, "data_time" : "2026-05-03 03:11:08", "pharmacy_per_10k" : 1.89}}, {"type" : "Feature", "geometry" : {"type" : "Point", "coordinates" : [121.4434248, 25.17783872]}, "properties" : {"id" : 1794, "name" : "貝比爾藥局", "address" : "新北市淡水區中山北路1段171號1樓", "telephone" : "0226261577", "city" : "新北市", "district" : "淡水區", "nhi" : true, "data_time" : "2026-05-03 03:11:08", "pharmacy_per_10k" : 1.89}}, {"type" : "Feature", "geometry" : {"type" : "Point", "coordinates" : [121.4416367, 25.17551859]}, "properties" : {"id" : 1795, "name" : "淡水春天生活藥局", "address" : "新北市淡水區中山北路1段49號", "telephone" : "0226257059", "city" : "新北市", "district" : "淡水區", "nhi" : true, "data_time" : "2026-05-03 03:11:08", "pharmacy_per_10k" : 1.89}}, {"type" : "Feature", "geometry" : {"type" : "Point", "coordinates" : [121.440112, 25.18229671]}, "properties" : {"id" : 1796, "name" : "伯宇藥局", "address" : "新北市淡水區新春街103號-8", "telephone" : "0226236006", "city" : "新北市", "district" : "淡水區", "nhi" : true, "data_time" : "2026-05-03 03:11:08", "pharmacy_per_10k" : 1.89}}, {"type" : "Feature", "geometry" : {"type" : "Point", "coordinates" : [121.4473108, 25.16891761]}, "properties" : {"id" : 1797, "name" : "尚運藥局", "address" : "新北市淡水區學府路51巷1弄20號", "telephone" : "0226225149", "city" : "新北市", "district" : "淡水區", "nhi" : true, "data_time" : "2026-05-03 03:11:08", "pharmacy_per_10k" : 1.89}}, {"type" : "Feature", "geometry" : {"type" : "Point", "coordinates" : [121.4442425, 25.17148464]}, "properties" : {"id" : 1798, "name" : "正明藥局", "address" : "新北市淡水區長興街42號", "telephone" : "0226224025", "city" : "新北市", "district" : "淡水區", "nhi" : true, "data_time" : "2026-05-03 03:11:08", "pharmacy_per_10k" : 1.89}}, {"type" : "Feature", "geometry" : {"type" : "Point", "coordinates" : [121.4404744, 25.17281444]}, "properties" : {"id" : 1799, "name" : "昇運藥局", "address" : "新北市淡水區中山路157-1號", "telephone" : "0226222083", "city" : "新北市", "district" : "淡水區", "nhi" : true, "data_time" : "2026-05-03 03:11:08", "pharmacy_per_10k" : 1.89}}, {"type" : "Feature", "geometry" : {"type" : "Point", "coordinates" : [121.4423937, 25.17646247]}, "properties" : {"id" : 1800, "name" : "匯民藥局", "address" : "新北市淡水區中山北路1段101號2樓", "telephone" : "0226202620", "city" : "新北市", "district" : "淡水區", "nhi" : true, "data_time" : "2026-05-03 03:11:08", "pharmacy_per_10k" : 1.89}}, {"type" : "Feature", "geometry" : {"type" : "Point", "coordinates" : [121.4611863, 25.13622814]}, "properties" : {"id" : 2041, "name" : "日揚藥局", "address" : "新北市淡水區民族路30巷5號", "telephone" : "0226242059", "city" : "新北市", "district" : "淡水區", "nhi" : true, "data_time" : "2026-05-03 03:11:08", "pharmacy_per_10k" : 1.89}}, {"type" : "Feature", "geometry" : {"type" : "Point", "coordinates" : [121.4448975, 25.17031976]}, "properties" : {"id" : 2042, "name" : "伯聯藥局", "address" : "新北市淡水區清水街9-10號1樓", "telephone" : "0226255847", "city" : "新北市", "district" : "淡水區", "nhi" : true, "data_time" : "2026-05-03 03:11:08", "pharmacy_per_10k" : 1.89}}, {"type" : "Feature", "geometry" : {"type" : "Point", "coordinates" : [121.4484971, 25.17867179]}, "properties" : {"id" : 2043, "name" : "聖元社區藥局", "address" : "新北市淡水區北新路117-3號1樓", "telephone" : "0226263227", "city" : "新北市", "district" : "淡水區", "nhi" : true, "data_time" : "2026-05-03 03:11:08", "pharmacy_per_10k" : 1.89}}, {"type" : "Feature", "geometry" : {"type" : "Point", "coordinates" : [121.4476845, 25.17755855]}, "properties" : {"id" : 2044, "name" : "大忠聯合藥局", "address" : "新北市淡水區大忠街113巷31號1樓", "telephone" : "0226200021", "city" : "新北市", "district" : "淡水區", "nhi" : true, "data_time" : "2026-05-03 03:11:08", "pharmacy_per_10k" : 1.89}}, {"type" : "Feature", "geometry" : {"type" : "Point", "coordinates" : [121.4477479, 25.17733119]}, "properties" : {"id" : 2045, "name" : "北新藥局", "address" : "新北市淡水區北新路182巷63號", "telephone" : "0226293205", "city" : "新北市", "district" : "淡水區", "nhi" : true, "data_time" : "2026-05-03 03:11:08", "pharmacy_per_10k" : 1.89}}, {"type" : "Feature", "geometry" : {"type" : "Point", "coordinates" : [121.4425951, 25.17639361]}, "properties" : {"id" : 2046, "name" : "吉利安健保藥師藥局", "address" : "新北市淡水區中山北路1段100號1樓", "telephone" : "0226295693", "city" : "新北市", "district" : "淡水區", "nhi" : true, "data_time" : "2026-05-03 03:11:08", "pharmacy_per_10k" : 1.89}}, {"type" : "Feature", "geometry" : {"type" : "Point", "coordinates" : [121.4423705, 25.1706855]}, "properties" : {"id" : 2047, "name" : "吳光祥藥局", "address" : "新北市淡水區中山路104號", "telephone" : "0226213020", "city" : "新北市", "district" : "淡水區", "nhi" : true, "data_time" : "2026-05-03 03:11:08", "pharmacy_per_10k" : 1.89}}, {"type" : "Feature", "geometry" : {"type" : "Point", "coordinates" : [121.4414608, 25.18166389]}, "properties" : {"id" : 2048, "name" : "天文大藥局", "address" : "新北市淡水區新春街136號", "telephone" : "0286312050", "city" : "新北市", "district" : "淡水區", "nhi" : true, "data_time" : "2026-05-03 03:11:08", "pharmacy_per_10k" : 1.89}}, {"type" : "Feature", "geometry" : {"type" : "Point", "coordinates" : [121.4457652, 25.18281929]}, "properties" : {"id" : 2049, "name" : "長佑藥局", "address" : "新北市淡水區新市一路3段36號", "telephone" : "0226202022", "city" : "新北市", "district" : "淡水區", "nhi" : true, "data_time" : "2026-05-03 03:11:08", "pharmacy_per_10k" : 1.89}}, {"type" : "Feature", "geometry" : {"type" : "Point", "coordinates" : [121.4230575, 25.17983712]}, "properties" : {"id" : 2050, "name" : "護鄰藥局", "address" : "新北市淡水區油車里淡海路47號", "telephone" : "0277498406", "city" : "新北市", "district" : "淡水區", "nhi" : true, "data_time" : "2026-05-03 03:11:08", "pharmacy_per_10k" : 1.89}}, {"type" : "Feature", "geometry" : {"type" : "Point", "coordinates" : [121.4448975, 25.17031976]}, "properties" : {"id" : 2051, "name" : "淡水健康人生藥局", "address" : "新北市淡水區清水街9-2號1樓", "telephone" : "0226269679", "city" : "新北市", "district" : "淡水區", "nhi" : true, "data_time" : "2026-05-03 03:11:08", "pharmacy_per_10k" : 1.89}}, {"type" : "Feature", "geometry" : {"type" : "Point", "coordinates" : [121.4441706, 25.18438275]}, "properties" : {"id" : 2052, "name" : "優德仕藥局", "address" : "新北市淡水區中山北路2段167號1樓", "telephone" : "0226236573", "city" : "新北市", "district" : "淡水區", "nhi" : true, "data_time" : "2026-05-03 03:11:08", "pharmacy_per_10k" : 1.89}}, {"type" : "Feature", "geometry" : {"type" : "Point", "coordinates" : [121.4458699, 25.17171233]}, "properties" : {"id" : 2053, "name" : "淡水聯合藥局", "address" : "新北市淡水區英專路94號2樓", "telephone" : "0286317699", "city" : "新北市", "district" : "淡水區", "nhi" : true, "data_time" : "2026-05-03 03:11:08", "pharmacy_per_10k" : 1.89}}, {"type" : "Feature", "geometry" : {"type" : "Point", "coordinates" : [121.4422, 25.169659]}, "properties" : {"id" : 2110, "name" : "惠元藥局", "address" : "新北市淡水區中正路96號", "telephone" : "0226211448", "city" : "新北市", "district" : "淡水區", "nhi" : false, "data_time" : "2026-05-03 03:11:08", "pharmacy_per_10k" : 1.89}}, {"type" : "Feature", "geometry" : {"type" : "Point", "coordinates" : [121.4442, 25.171484]}, "properties" : {"id" : 2111, "name" : "正明藥局", "address" : "新北市淡水區長興街４２號", "telephone" : "0226224025", "city" : "新北市", "district" : "淡水區", "nhi" : false, "data_time" : "2026-05-03 03:11:08", "pharmacy_per_10k" : 1.89}}, {"type" : "Feature", "geometry" : {"type" : "Point", "coordinates" : [121.6055696, 25.0017114]}, "properties" : {"id" : 1773, "name" : "信東深坑北深藥局", "address" : "新北市深坑區北深路3段103號1樓", "telephone" : "0226648315", "city" : "新北市", "district" : "深坑區", "nhi" : true, "data_time" : "2026-05-03 03:11:08", "pharmacy_per_10k" : 2.35}}, {"type" : "Feature", "geometry" : {"type" : "Point", "coordinates" : [121.6172103, 25.0019969]}, "properties" : {"id" : 1774, "name" : "介新大藥局", "address" : "新北市深坑區文化街94號", "telephone" : "0226648149", "city" : "新北市", "district" : "深坑區", "nhi" : true, "data_time" : "2026-05-03 03:11:08", "pharmacy_per_10k" : 2.35}}, {"type" : "Feature", "geometry" : {"type" : "Point", "coordinates" : [121.6016776, 25.00351266]}, "properties" : {"id" : 1775, "name" : "福康藥粧藥局", "address" : "新北市深坑區北深路3段175號1樓", "telephone" : "0226646529", "city" : "新北市", "district" : "深坑區", "nhi" : true, "data_time" : "2026-05-03 03:11:08", "pharmacy_per_10k" : 2.35}}, {"type" : "Feature", "geometry" : {"type" : "Point", "coordinates" : [121.602284, 25.00354001]}, "properties" : {"id" : 1776, "name" : "永源藥局", "address" : "新北市深坑區北深路3段174號1樓", "telephone" : "0226643768", "city" : "新北市", "district" : "深坑區", "nhi" : true, "data_time" : "2026-05-03 03:11:08", "pharmacy_per_10k" : 2.35}}, {"type" : "Feature", "geometry" : {"type" : "Point", "coordinates" : [121.6200682, 25.00235999]}, "properties" : {"id" : 1777, "name" : "怡恩藥局", "address" : "新北市深坑區埔新街67號", "telephone" : "0226620285", "city" : "新北市", "district" : "深坑區", "nhi" : true, "data_time" : "2026-05-03 03:11:08", "pharmacy_per_10k" : 2.35}}, {"type" : "Feature", "geometry" : {"type" : "Point", "coordinates" : [121.6183585, 25.00373462]}, "properties" : {"id" : 1967, "name" : "健康小站藥局", "address" : "新北市深坑區埔新里北深路2段75號", "telephone" : "0226629568", "city" : "新北市", "district" : "深坑區", "nhi" : true, "data_time" : "2026-05-03 03:11:08", "pharmacy_per_10k" : 2.35}}, {"type" : "Feature", "geometry" : {"type" : "Point", "coordinates" : [121.8054809, 25.10818674]}, "properties" : {"id" : 932, "name" : "長興堂藥局", "address" : "新北市瑞芳區明燈路3段69號1樓", "telephone" : "0224972050", "city" : "新北市", "district" : "瑞芳區", "nhi" : true, "data_time" : "2026-05-03 03:11:08", "pharmacy_per_10k" : 5.02}}, {"type" : "Feature", "geometry" : {"type" : "Point", "coordinates" : [121.8088461, 25.10742736]}, "properties" : {"id" : 1188, "name" : "瑞中藥局", "address" : "新北市瑞芳區明燈路3段5-1號1樓", "telephone" : "0224977879", "city" : "新北市", "district" : "瑞芳區", "nhi" : true, "data_time" : "2026-05-03 03:11:08", "pharmacy_per_10k" : 5.02}}, {"type" : "Feature", "geometry" : {"type" : "Point", "coordinates" : [121.8104333, 25.10695742]}, "properties" : {"id" : 1189, "name" : "宏和藥局", "address" : "新北市瑞芳區三爪子坑路123號", "telephone" : "0224973126", "city" : "新北市", "district" : "瑞芳區", "nhi" : true, "data_time" : "2026-05-03 03:11:08", "pharmacy_per_10k" : 5.02}}, {"type" : "Feature", "geometry" : {"type" : "Point", "coordinates" : [121.8065653, 25.10813543]}, "properties" : {"id" : 1190, "name" : "瑞光藥局", "address" : "新北市瑞芳區明燈路3段70號1樓", "telephone" : "0224972070", "city" : "新北市", "district" : "瑞芳區", "nhi" : true, "data_time" : "2026-05-03 03:11:08", "pharmacy_per_10k" : 5.02}}, {"type" : "Feature", "geometry" : {"type" : "Point", "coordinates" : [121.8077255, 25.1065781]}, "properties" : {"id" : 1191, "name" : "永展藥局", "address" : "新北市瑞芳區民權街6巷1-1號1樓", "telephone" : "0224960500", "city" : "新北市", "district" : "瑞芳區", "nhi" : true, "data_time" : "2026-05-03 03:11:08", "pharmacy_per_10k" : 5.02}}, {"type" : "Feature", "geometry" : {"type" : "Point", "coordinates" : [121.8069614, 25.10766388]}, "properties" : {"id" : 1507, "name" : "明生藥局", "address" : "新北市瑞芳區明燈路3段37-36號", "telephone" : "0224978577", "city" : "新北市", "district" : "瑞芳區", "nhi" : true, "data_time" : "2026-05-03 03:11:08", "pharmacy_per_10k" : 5.02}}, {"type" : "Feature", "geometry" : {"type" : "Point", "coordinates" : [121.8058947, 25.10547899]}, "properties" : {"id" : 1508, "name" : "秀文藥局", "address" : "新北市瑞芳區三爪子坑路218號", "telephone" : "0224976910", "city" : "新北市", "district" : "瑞芳區", "nhi" : true, "data_time" : "2026-05-03 03:11:08", "pharmacy_per_10k" : 5.02}}, {"type" : "Feature", "geometry" : {"type" : "Point", "coordinates" : [121.8063063, 25.10735226]}, "properties" : {"id" : 1509, "name" : "千泰藥局", "address" : "新北市瑞芳區中正路63-1號", "telephone" : "0224966347", "city" : "新北市", "district" : "瑞芳區", "nhi" : true, "data_time" : "2026-05-03 03:11:08", "pharmacy_per_10k" : 5.02}}, {"type" : "Feature", "geometry" : {"type" : "Point", "coordinates" : [121.8068048, 25.10785126]}, "properties" : {"id" : 1812, "name" : "崇德藥局", "address" : "新北市瑞芳區明燈路3段39-11號1樓", "telephone" : "0224976051", "city" : "新北市", "district" : "瑞芳區", "nhi" : true, "data_time" : "2026-05-03 03:11:08", "pharmacy_per_10k" : 5.02}}, {"type" : "Feature", "geometry" : {"type" : "Point", "coordinates" : [121.8086144, 25.10742591]}, "properties" : {"id" : 1813, "name" : "瑞聯藥局", "address" : "新北市瑞芳區明燈路3段11號", "telephone" : "0224975852", "city" : "新北市", "district" : "瑞芳區", "nhi" : true, "data_time" : "2026-05-03 03:11:08", "pharmacy_per_10k" : 5.02}}, {"type" : "Feature", "geometry" : {"type" : "Point", "coordinates" : [121.7634994, 25.10134115]}, "properties" : {"id" : 1815, "name" : "瑞慶藥局", "address" : "新北市瑞芳區大埔路130號", "telephone" : "0224586386", "city" : "新北市", "district" : "瑞芳區", "nhi" : true, "data_time" : "2026-05-03 03:11:08", "pharmacy_per_10k" : 5.02}}, {"type" : "Feature", "geometry" : {"type" : "Point", "coordinates" : [121.790434, 25.10976703]}, "properties" : {"id" : 1968, "name" : "唱安藥局", "address" : "新北市瑞芳區魚坑路43號", "telephone" : "0224977838", "city" : "新北市", "district" : "瑞芳區", "nhi" : true, "data_time" : "2026-05-03 03:11:08", "pharmacy_per_10k" : 5.02}}, {"type" : "Feature", "geometry" : {"type" : "Point", "coordinates" : [121.806939, 25.10803995]}, "properties" : {"id" : 1969, "name" : "麗安藥局", "address" : "新北市瑞芳區明燈路3段56號", "telephone" : "0224970823", "city" : "新北市", "district" : "瑞芳區", "nhi" : true, "data_time" : "2026-05-03 03:11:08", "pharmacy_per_10k" : 5.02}}, {"type" : "Feature", "geometry" : {"type" : "Point", "coordinates" : [121.8077104, 25.10787649]}, "properties" : {"id" : 1970, "name" : "伊達藥局", "address" : "新北市瑞芳區明燈路3段36號", "telephone" : "0224969654", "city" : "新北市", "district" : "瑞芳區", "nhi" : true, "data_time" : "2026-05-03 03:11:08", "pharmacy_per_10k" : 5.02}}, {"type" : "Feature", "geometry" : {"type" : "Point", "coordinates" : [121.7620411, 25.10095382]}, "properties" : {"id" : 1971, "name" : "大埔藥局", "address" : "新北市瑞芳區大埔路128-3號1樓", "telephone" : "0224587020", "city" : "新北市", "district" : "瑞芳區", "nhi" : true, "data_time" : "2026-05-03 03:11:08", "pharmacy_per_10k" : 5.02}}, {"type" : "Feature", "geometry" : {"type" : "Point", "coordinates" : [121.8054718, 25.10773301]}, "properties" : {"id" : 1972, "name" : "瑞芳東亞大藥局", "address" : "新北市瑞芳區中正路84號", "telephone" : "0224961079", "city" : "新北市", "district" : "瑞芳區", "nhi" : true, "data_time" : "2026-05-03 03:11:08", "pharmacy_per_10k" : 5.02}}, {"type" : "Feature", "geometry" : {"type" : "Point", "coordinates" : [121.8069356, 25.10759883]}, "properties" : {"id" : 1973, "name" : "揚明藥局", "address" : "新北市瑞芳區民族街2號1樓", "telephone" : "0224970925", "city" : "新北市", "district" : "瑞芳區", "nhi" : true, "data_time" : "2026-05-03 03:11:08", "pharmacy_per_10k" : 5.02}}, {"type" : "Feature", "geometry" : {"type" : "Point", "coordinates" : [121.8021457, 25.11007427]}, "properties" : {"id" : 1974, "name" : "本平藥局", "address" : "新北市瑞芳區瑞芳街45號", "telephone" : "0224972167", "city" : "新北市", "district" : "瑞芳區", "nhi" : true, "data_time" : "2026-05-03 03:11:08", "pharmacy_per_10k" : 5.02}}, {"type" : "Feature", "geometry" : {"type" : "Point", "coordinates" : [121.8437, 25.108159]}, "properties" : {"id" : 2063, "name" : "新義和藥局", "address" : "新北市瑞芳區基山街１３６號", "telephone" : "0224972079", "city" : "新北市", "district" : "瑞芳區", "nhi" : false, "data_time" : "2026-05-03 03:11:08", "pharmacy_per_10k" : 5.02}}, {"type" : "Feature", "geometry" : {"type" : "Point", "coordinates" : [121.8099, 25.108845]}, "properties" : {"id" : 2064, "name" : "唱安藥局", "address" : "新北市瑞芳區xx魚坑路4３號", "telephone" : "0224977838", "city" : "新北市", "district" : "瑞芳區", "nhi" : false, "data_time" : "2026-05-03 03:11:08", "pharmacy_per_10k" : 5.02}}, {"type" : "Feature", "geometry" : {"type" : "Point", "coordinates" : [121.8069, 25.108039]}, "properties" : {"id" : 2065, "name" : "麗安藥局", "address" : "新北市瑞芳區明燈路三段５６號", "telephone" : "0224970823", "city" : "新北市", "district" : "瑞芳區", "nhi" : false, "data_time" : "2026-05-03 03:11:08", "pharmacy_per_10k" : 5.02}}, {"type" : "Feature", "geometry" : {"type" : "Point", "coordinates" : [121.807, 25.107856]}, "properties" : {"id" : 2066, "name" : "明生藥局", "address" : "新北市瑞芳區明燈路三段３７－３號", "telephone" : "0224978577", "city" : "新北市", "district" : "瑞芳區", "nhi" : false, "data_time" : "2026-05-03 03:11:08", "pharmacy_per_10k" : 5.02}}, {"type" : "Feature", "geometry" : {"type" : "Point", "coordinates" : [121.6583071, 24.99146521]}, "properties" : {"id" : 1392, "name" : "碇康藥局", "address" : "新北市石碇區石崁24-1號", "telephone" : "9.23E+08", "city" : "新北市", "district" : "石碇區", "nhi" : true, "data_time" : "2026-05-03 03:11:08", "pharmacy_per_10k" : 0.98}}, {"type" : "Feature", "geometry" : {"type" : "Point", "coordinates" : [121.5661747, 25.28998321]}, "properties" : {"id" : 1497, "name" : "醫有堂藥局", "address" : "新北市石門區中山路32號-1", "telephone" : "0226382836", "city" : "新北市", "district" : "石門區", "nhi" : true, "data_time" : "2026-05-03 03:11:08", "pharmacy_per_10k" : 0.82}}, {"type" : "Feature", "geometry" : {"type" : "Point", "coordinates" : [121.6894795, 25.17798241]}, "properties" : {"id" : 933, "name" : "北海岸藥局", "address" : "新北市萬里區瑪鍊路98號", "telephone" : "0224922022", "city" : "新北市", "district" : "萬里區", "nhi" : true, "data_time" : "2026-05-03 03:11:08", "pharmacy_per_10k" : 0.88}}, {"type" : "Feature", "geometry" : {"type" : "Point", "coordinates" : [121.6903656, 25.17848069]}, "properties" : {"id" : 1511, "name" : "萬里藥局", "address" : "新北市萬里區瑪鋉路90號", "telephone" : "0224922235", "city" : "新北市", "district" : "萬里區", "nhi" : true, "data_time" : "2026-05-03 03:11:08", "pharmacy_per_10k" : 0.88}}, {"type" : "Feature", "geometry" : {"type" : "Point", "coordinates" : [121.4622574, 25.08063035]}, "properties" : {"id" : 924, "name" : "健群藥局", "address" : "新北市蘆洲區中華街71號2樓", "telephone" : "0228483575", "city" : "新北市", "district" : "蘆洲區", "nhi" : true, "data_time" : "2026-05-03 03:11:08", "pharmacy_per_10k" : 3.27}}, {"type" : "Feature", "geometry" : {"type" : "Point", "coordinates" : [121.4716713, 25.08186467]}, "properties" : {"id" : 937, "name" : "廣英藥師藥局", "address" : "新北市蘆洲區中正路6號1樓", "telephone" : "0222835713", "city" : "新北市", "district" : "蘆洲區", "nhi" : true, "data_time" : "2026-05-03 03:11:08", "pharmacy_per_10k" : 3.27}}, {"type" : "Feature", "geometry" : {"type" : "Point", "coordinates" : [121.471757, 25.09161688]}, "properties" : {"id" : 1011, "name" : "北聯藥局", "address" : "新北市蘆洲區民族路361號1樓", "telephone" : "0282866873", "city" : "新北市", "district" : "蘆洲區", "nhi" : true, "data_time" : "2026-05-03 03:11:08", "pharmacy_per_10k" : 3.27}}, {"type" : "Feature", "geometry" : {"type" : "Point", "coordinates" : [121.4785934, 25.08553232]}, "properties" : {"id" : 1012, "name" : "龍成藥局", "address" : "新北市蘆洲區民族路53號", "telephone" : "0282857868", "city" : "新北市", "district" : "蘆洲區", "nhi" : true, "data_time" : "2026-05-03 03:11:08", "pharmacy_per_10k" : 3.27}}, {"type" : "Feature", "geometry" : {"type" : "Point", "coordinates" : [121.4734253, 25.08867864]}, "properties" : {"id" : 1013, "name" : "威仕康藥局", "address" : "新北市蘆洲區民權路122號1樓", "telephone" : "0282853277", "city" : "新北市", "district" : "蘆洲區", "nhi" : true, "data_time" : "2026-05-03 03:11:08", "pharmacy_per_10k" : 3.27}}, {"type" : "Feature", "geometry" : {"type" : "Point", "coordinates" : [121.4737801, 25.08221566]}, "properties" : {"id" : 1014, "name" : "幸安藥局", "address" : "新北市蘆洲區中山二路53號1樓", "telephone" : "0282835389", "city" : "新北市", "district" : "蘆洲區", "nhi" : true, "data_time" : "2026-05-03 03:11:08", "pharmacy_per_10k" : 3.27}}, {"type" : "Feature", "geometry" : {"type" : "Point", "coordinates" : [121.4605755, 25.08642733]}, "properties" : {"id" : 1015, "name" : "好美麗健康藥局", "address" : "新北市蘆洲區光明路6號1樓", "telephone" : "0282826209", "city" : "新北市", "district" : "蘆洲區", "nhi" : true, "data_time" : "2026-05-03 03:11:08", "pharmacy_per_10k" : 3.27}}, {"type" : "Feature", "geometry" : {"type" : "Point", "coordinates" : [121.4575022, 25.08655692]}, "properties" : {"id" : 1016, "name" : "康得健藥局", "address" : "新北市蘆洲區長安街260號1樓", "telephone" : "0282821862", "city" : "新北市", "district" : "蘆洲區", "nhi" : true, "data_time" : "2026-05-03 03:11:08", "pharmacy_per_10k" : 3.27}}, {"type" : "Feature", "geometry" : {"type" : "Point", "coordinates" : [121.4784573, 25.08898797]}, "properties" : {"id" : 1017, "name" : "宏祐藥局", "address" : "新北市蘆洲區復興路202號1樓", "telephone" : "0282815252", "city" : "新北市", "district" : "蘆洲區", "nhi" : true, "data_time" : "2026-05-03 03:11:08", "pharmacy_per_10k" : 3.27}}, {"type" : "Feature", "geometry" : {"type" : "Point", "coordinates" : [121.4823236, 25.08677656]}, "properties" : {"id" : 1131, "name" : "康泉藥師藥局", "address" : "新北市蘆洲區集賢路224巷2號1樓", "telephone" : "0228476990", "city" : "新北市", "district" : "蘆洲區", "nhi" : true, "data_time" : "2026-05-03 03:11:08", "pharmacy_per_10k" : 3.27}}, {"type" : "Feature", "geometry" : {"type" : "Point", "coordinates" : [121.4596386, 25.08972846]}, "properties" : {"id" : 1197, "name" : "知達健保藥局", "address" : "新北市蘆洲區長榮路502號1樓", "telephone" : "0222897753", "city" : "新北市", "district" : "蘆洲區", "nhi" : true, "data_time" : "2026-05-03 03:11:08", "pharmacy_per_10k" : 3.27}}, {"type" : "Feature", "geometry" : {"type" : "Point", "coordinates" : [121.4605211, 25.08169378]}, "properties" : {"id" : 1198, "name" : "中美永結藥局", "address" : "新北市蘆洲區長安街185號1樓", "telephone" : "0222887676", "city" : "新北市", "district" : "蘆洲區", "nhi" : true, "data_time" : "2026-05-03 03:11:08", "pharmacy_per_10k" : 3.27}}, {"type" : "Feature", "geometry" : {"type" : "Point", "coordinates" : [121.4713801, 25.08189458]}, "properties" : {"id" : 1199, "name" : "微笑杏鄰藥局", "address" : "新北市蘆洲區中正路15號1樓", "telephone" : "0222887076", "city" : "新北市", "district" : "蘆洲區", "nhi" : true, "data_time" : "2026-05-03 03:11:08", "pharmacy_per_10k" : 3.27}}, {"type" : "Feature", "geometry" : {"type" : "Point", "coordinates" : [121.4782835, 25.08678498]}, "properties" : {"id" : 1200, "name" : "信義萊康藥局", "address" : "新北市蘆洲區信義路260號1樓", "telephone" : "0222885256", "city" : "新北市", "district" : "蘆洲區", "nhi" : true, "data_time" : "2026-05-03 03:11:08", "pharmacy_per_10k" : 3.27}}, {"type" : "Feature", "geometry" : {"type" : "Point", "coordinates" : [121.4743929, 25.09164546]}, "properties" : {"id" : 1201, "name" : "永恩健康藥局", "address" : "新北市蘆洲區民族路414號1樓", "telephone" : "0222880379", "city" : "新北市", "district" : "蘆洲區", "nhi" : true, "data_time" : "2026-05-03 03:11:08", "pharmacy_per_10k" : 3.27}}, {"type" : "Feature", "geometry" : {"type" : "Point", "coordinates" : [121.4745332, 25.08220422]}, "properties" : {"id" : 1204, "name" : "慶明藥局", "address" : "新北市蘆洲區中山二路46巷4號2樓", "telephone" : "0222855740", "city" : "新北市", "district" : "蘆洲區", "nhi" : true, "data_time" : "2026-05-03 03:11:08", "pharmacy_per_10k" : 3.27}}, {"type" : "Feature", "geometry" : {"type" : "Point", "coordinates" : [121.4694285, 25.0848487]}, "properties" : {"id" : 1205, "name" : "廷升藥局", "address" : "新北市蘆洲區中正路122號1樓", "telephone" : "0222827670", "city" : "新北市", "district" : "蘆洲區", "nhi" : true, "data_time" : "2026-05-03 03:11:08", "pharmacy_per_10k" : 3.27}}, {"type" : "Feature", "geometry" : {"type" : "Point", "coordinates" : [121.4621868, 25.08389394]}, "properties" : {"id" : 1206, "name" : "愛佳健保藥局", "address" : "新北市蘆洲區長榮路96號1樓", "telephone" : "0222825835", "city" : "新北市", "district" : "蘆洲區", "nhi" : true, "data_time" : "2026-05-03 03:11:08", "pharmacy_per_10k" : 3.27}}, {"type" : "Feature", "geometry" : {"type" : "Point", "coordinates" : [121.477004, 25.08447429]}, "properties" : {"id" : 1207, "name" : "隆生藥局", "address" : "新北市蘆洲區民族路52號1樓", "telephone" : "0222814653", "city" : "新北市", "district" : "蘆洲區", "nhi" : true, "data_time" : "2026-05-03 03:11:08", "pharmacy_per_10k" : 3.27}}, {"type" : "Feature", "geometry" : {"type" : "Point", "coordinates" : [121.4698305, 25.08362243]}, "properties" : {"id" : 1208, "name" : "全家藥粧藥局", "address" : "新北市蘆洲區光華路6號1樓", "telephone" : "0222811215", "city" : "新北市", "district" : "蘆洲區", "nhi" : true, "data_time" : "2026-05-03 03:11:08", "pharmacy_per_10k" : 3.27}}, {"type" : "Feature", "geometry" : {"type" : "Point", "coordinates" : [121.4606501, 25.08578968]}, "properties" : {"id" : 1305, "name" : "長榮專業藥局", "address" : "新北市蘆洲區長榮路250號2樓", "telephone" : "0282868163", "city" : "新北市", "district" : "蘆洲區", "nhi" : true, "data_time" : "2026-05-03 03:11:08", "pharmacy_per_10k" : 3.27}}, {"type" : "Feature", "geometry" : {"type" : "Point", "coordinates" : [121.4693528, 25.08493135]}, "properties" : {"id" : 1306, "name" : "萊康連鎖藥局", "address" : "新北市蘆洲區中正路126號1樓", "telephone" : "0282867383", "city" : "新北市", "district" : "蘆洲區", "nhi" : true, "data_time" : "2026-05-03 03:11:08", "pharmacy_per_10k" : 3.27}}, {"type" : "Feature", "geometry" : {"type" : "Point", "coordinates" : [121.4798181, 25.08763027]}, "properties" : {"id" : 1307, "name" : "芯聯藥局", "address" : "新北市蘆洲區民族路210號", "telephone" : "0282866873", "city" : "新北市", "district" : "蘆洲區", "nhi" : true, "data_time" : "2026-05-03 03:11:08", "pharmacy_per_10k" : 3.27}}, {"type" : "Feature", "geometry" : {"type" : "Point", "coordinates" : [121.4572923, 25.0865504]}, "properties" : {"id" : 1308, "name" : "躍獅蘆洲藥局", "address" : "新北市蘆洲區長安街329號1樓", "telephone" : "0282824906", "city" : "新北市", "district" : "蘆洲區", "nhi" : true, "data_time" : "2026-05-03 03:11:08", "pharmacy_per_10k" : 3.27}}, {"type" : "Feature", "geometry" : {"type" : "Point", "coordinates" : [121.4789544, 25.08540656]}, "properties" : {"id" : 1309, "name" : "三鐵藥局", "address" : "新北市蘆洲區信義路226號1樓", "telephone" : "0282822729", "city" : "新北市", "district" : "蘆洲區", "nhi" : true, "data_time" : "2026-05-03 03:11:08", "pharmacy_per_10k" : 3.27}}, {"type" : "Feature", "geometry" : {"type" : "Point", "coordinates" : [121.4779315, 25.08494489]}, "properties" : {"id" : 1310, "name" : "華粲藥局", "address" : "新北市蘆洲區民族路90號2樓", "telephone" : "0282822026", "city" : "新北市", "district" : "蘆洲區", "nhi" : true, "data_time" : "2026-05-03 03:11:08", "pharmacy_per_10k" : 3.27}}, {"type" : "Feature", "geometry" : {"type" : "Point", "coordinates" : [121.4816703, 25.08740449]}, "properties" : {"id" : 1311, "name" : "安而健藥局", "address" : "新北市蘆洲區樓厝里中興街54號1樓", "telephone" : "0282821862", "city" : "新北市", "district" : "蘆洲區", "nhi" : true, "data_time" : "2026-05-03 03:11:08", "pharmacy_per_10k" : 3.27}}, {"type" : "Feature", "geometry" : {"type" : "Point", "coordinates" : [121.4820851, 25.08453754]}, "properties" : {"id" : 1346, "name" : "陽光幸福藥局", "address" : "新北市蘆洲區重陽街88號1樓", "telephone" : "0228486566", "city" : "新北市", "district" : "蘆洲區", "nhi" : true, "data_time" : "2026-05-03 03:11:08", "pharmacy_per_10k" : 3.27}}, {"type" : "Feature", "geometry" : {"type" : "Point", "coordinates" : [121.463304, 25.07972479]}, "properties" : {"id" : 1355, "name" : "華安大藥局", "address" : "新北市蘆洲區長安街48號1樓", "telephone" : "0222881168", "city" : "新北市", "district" : "蘆洲區", "nhi" : true, "data_time" : "2026-05-03 03:11:08", "pharmacy_per_10k" : 3.27}}, {"type" : "Feature", "geometry" : {"type" : "Point", "coordinates" : [121.4592458, 25.08947399]}, "properties" : {"id" : 1358, "name" : "宥安藥局", "address" : "新北市蘆洲區長榮路381號2樓", "telephone" : "0222823556", "city" : "新北市", "district" : "蘆洲區", "nhi" : true, "data_time" : "2026-05-03 03:11:08", "pharmacy_per_10k" : 3.27}}, {"type" : "Feature", "geometry" : {"type" : "Point", "coordinates" : [121.4591616, 25.08832945]}, "properties" : {"id" : 1394, "name" : "快樂藥局長榮店", "address" : "新北市蘆洲區永樂街2號1樓", "telephone" : "9.22E+08", "city" : "新北市", "district" : "蘆洲區", "nhi" : true, "data_time" : "2026-05-03 03:11:08", "pharmacy_per_10k" : 3.27}}, {"type" : "Feature", "geometry" : {"type" : "Point", "coordinates" : [121.4581327, 25.08433098]}, "properties" : {"id" : 1400, "name" : "吉安藥局", "address" : "新北市蘆洲區長安街285巷1號1樓", "telephone" : "9.11E+08", "city" : "新北市", "district" : "蘆洲區", "nhi" : true, "data_time" : "2026-05-03 03:11:08", "pharmacy_per_10k" : 3.27}}, {"type" : "Feature", "geometry" : {"type" : "Point", "coordinates" : [121.4697562, 25.08409563]}, "properties" : {"id" : 1412, "name" : "康群生活藥局", "address" : "新北市蘆洲區中正路105號1樓", "telephone" : "0282835630", "city" : "新北市", "district" : "蘆洲區", "nhi" : true, "data_time" : "2026-05-03 03:11:08", "pharmacy_per_10k" : 3.27}}, {"type" : "Feature", "geometry" : {"type" : "Point", "coordinates" : [121.4623496, 25.08073755]}, "properties" : {"id" : 1478, "name" : "長安藥局", "address" : "新北市蘆洲區中華街67號1樓", "telephone" : "0228485560", "city" : "新北市", "district" : "蘆洲區", "nhi" : true, "data_time" : "2026-05-03 03:11:08", "pharmacy_per_10k" : 3.27}}, {"type" : "Feature", "geometry" : {"type" : "Point", "coordinates" : [121.4584679, 25.08436249]}, "properties" : {"id" : 1479, "name" : "慧安藥局", "address" : "新北市蘆洲區長安街214號1樓", "telephone" : "0228477845", "city" : "新北市", "district" : "蘆洲區", "nhi" : true, "data_time" : "2026-05-03 03:11:08", "pharmacy_per_10k" : 3.27}}, {"type" : "Feature", "geometry" : {"type" : "Point", "coordinates" : [121.4734205, 25.07902861]}, "properties" : {"id" : 1518, "name" : "弘大藥局", "address" : "新北市蘆洲區信義路2號", "telephone" : "0222893949", "city" : "新北市", "district" : "蘆洲區", "nhi" : true, "data_time" : "2026-05-03 03:11:08", "pharmacy_per_10k" : 3.27}}, {"type" : "Feature", "geometry" : {"type" : "Point", "coordinates" : [121.4627839, 25.07986884]}, "properties" : {"id" : 1519, "name" : "理方藥局", "address" : "新北市蘆洲區長安街67號", "telephone" : "0222893949", "city" : "新北市", "district" : "蘆洲區", "nhi" : true, "data_time" : "2026-05-03 03:11:08", "pharmacy_per_10k" : 3.27}}, {"type" : "Feature", "geometry" : {"type" : "Point", "coordinates" : [121.4595555, 25.09054733]}, "properties" : {"id" : 1520, "name" : "謚安中西藥局", "address" : "新北市蘆洲區永平街6號", "telephone" : "0222893949", "city" : "新北市", "district" : "蘆洲區", "nhi" : true, "data_time" : "2026-05-03 03:11:08", "pharmacy_per_10k" : 3.27}}, {"type" : "Feature", "geometry" : {"type" : "Point", "coordinates" : [121.4588049, 25.08351937]}, "properties" : {"id" : 1521, "name" : "成安藥局", "address" : "新北市蘆洲區長安街257號1樓", "telephone" : "0222892918", "city" : "新北市", "district" : "蘆洲區", "nhi" : true, "data_time" : "2026-05-03 03:11:08", "pharmacy_per_10k" : 3.27}}, {"type" : "Feature", "geometry" : {"type" : "Point", "coordinates" : [121.4742567, 25.08099742]}, "properties" : {"id" : 1524, "name" : "全民藥局", "address" : "新北市蘆洲區中山一路201、203號", "telephone" : "0222837168", "city" : "新北市", "district" : "蘆洲區", "nhi" : true, "data_time" : "2026-05-03 03:11:08", "pharmacy_per_10k" : 3.27}}, {"type" : "Feature", "geometry" : {"type" : "Point", "coordinates" : [121.4756754, 25.0818542]}, "properties" : {"id" : 1525, "name" : "松伯藥局", "address" : "新北市蘆洲區中山二路2號", "telephone" : "0222818160", "city" : "新北市", "district" : "蘆洲區", "nhi" : true, "data_time" : "2026-05-03 03:11:08", "pharmacy_per_10k" : 3.27}}, {"type" : "Feature", "geometry" : {"type" : "Point", "coordinates" : [121.4676824, 25.08511647]}, "properties" : {"id" : 1526, "name" : "威良藥局", "address" : "新北市蘆洲區中正路185巷34號1樓", "telephone" : "0222817873", "city" : "新北市", "district" : "蘆洲區", "nhi" : true, "data_time" : "2026-05-03 03:11:08", "pharmacy_per_10k" : 3.27}}, {"type" : "Feature", "geometry" : {"type" : "Point", "coordinates" : [121.4625774, 25.08306727]}, "properties" : {"id" : 1605, "name" : "長榮大藥局", "address" : "新北市蘆洲區長榮路51號", "telephone" : "0282863837", "city" : "新北市", "district" : "蘆洲區", "nhi" : true, "data_time" : "2026-05-03 03:11:08", "pharmacy_per_10k" : 3.27}}, {"type" : "Feature", "geometry" : {"type" : "Point", "coordinates" : [121.4579521, 25.08615391]}, "properties" : {"id" : 1606, "name" : "福您安中西藥局", "address" : "新北市蘆洲區長安街246巷6號1樓", "telephone" : "0282858322", "city" : "新北市", "district" : "蘆洲區", "nhi" : true, "data_time" : "2026-05-03 03:11:08", "pharmacy_per_10k" : 3.27}}, {"type" : "Feature", "geometry" : {"type" : "Point", "coordinates" : [121.477829, 25.08489745]}, "properties" : {"id" : 1607, "name" : "杏昌藥局", "address" : "新北市蘆洲區民族路86號1樓", "telephone" : "0282831985", "city" : "新北市", "district" : "蘆洲區", "nhi" : true, "data_time" : "2026-05-03 03:11:08", "pharmacy_per_10k" : 3.27}}, {"type" : "Feature", "geometry" : {"type" : "Point", "coordinates" : [121.4746304, 25.08628673]}, "properties" : {"id" : 1608, "name" : "達特藥局", "address" : "新北市蘆洲區復興路62號", "telephone" : "0282825004", "city" : "新北市", "district" : "蘆洲區", "nhi" : true, "data_time" : "2026-05-03 03:11:08", "pharmacy_per_10k" : 3.27}}, {"type" : "Feature", "geometry" : {"type" : "Point", "coordinates" : [121.4627181, 25.0810732]}, "properties" : {"id" : 1743, "name" : "保成藥局", "address" : "新北市蘆洲區中華街49號", "telephone" : "0228479802", "city" : "新北市", "district" : "蘆洲區", "nhi" : true, "data_time" : "2026-05-03 03:11:08", "pharmacy_per_10k" : 3.27}}, {"type" : "Feature", "geometry" : {"type" : "Point", "coordinates" : [121.4621958, 25.08350867]}, "properties" : {"id" : 1824, "name" : "泰明藥局", "address" : "新北市蘆洲區長榮路67號", "telephone" : "0222898655", "city" : "新北市", "district" : "蘆洲區", "nhi" : true, "data_time" : "2026-05-03 03:11:08", "pharmacy_per_10k" : 3.27}}, {"type" : "Feature", "geometry" : {"type" : "Point", "coordinates" : [121.4754919, 25.09096117]}, "properties" : {"id" : 1825, "name" : "上群藥師藥局", "address" : "新北市蘆洲區民族路287號1樓", "telephone" : "0222898275", "city" : "新北市", "district" : "蘆洲區", "nhi" : true, "data_time" : "2026-05-03 03:11:08", "pharmacy_per_10k" : 3.27}}, {"type" : "Feature", "geometry" : {"type" : "Point", "coordinates" : [121.478752, 25.08586142]}, "properties" : {"id" : 1826, "name" : "施藥局", "address" : "新北市蘆洲區信義路230號", "telephone" : "0222898116", "city" : "新北市", "district" : "蘆洲區", "nhi" : true, "data_time" : "2026-05-03 03:11:08", "pharmacy_per_10k" : 3.27}}, {"type" : "Feature", "geometry" : {"type" : "Point", "coordinates" : [121.4795946, 25.08611155]}, "properties" : {"id" : 1827, "name" : "華信藥局", "address" : "新北市蘆洲區民族路154號1樓", "telephone" : "0222898116", "city" : "新北市", "district" : "蘆洲區", "nhi" : true, "data_time" : "2026-05-03 03:11:08", "pharmacy_per_10k" : 3.27}}, {"type" : "Feature", "geometry" : {"type" : "Point", "coordinates" : [121.460722, 25.08172346]}, "properties" : {"id" : 1828, "name" : "群欣藥局", "address" : "新北市蘆洲區長安街118號2樓", "telephone" : "0222894815", "city" : "新北市", "district" : "蘆洲區", "nhi" : true, "data_time" : "2026-05-03 03:11:08", "pharmacy_per_10k" : 3.27}}, {"type" : "Feature", "geometry" : {"type" : "Point", "coordinates" : [121.4738682, 25.08104304]}, "properties" : {"id" : 1829, "name" : "華興藥師藥局", "address" : "新北市蘆洲區中山一路184號1樓", "telephone" : "0222893899", "city" : "新北市", "district" : "蘆洲區", "nhi" : true, "data_time" : "2026-05-03 03:11:08", "pharmacy_per_10k" : 3.27}}, {"type" : "Feature", "geometry" : {"type" : "Point", "coordinates" : [121.473914, 25.08224867]}, "properties" : {"id" : 1830, "name" : "百分百藥局", "address" : "新北市蘆洲區中山二路48號2樓", "telephone" : "0222890237", "city" : "新北市", "district" : "蘆洲區", "nhi" : true, "data_time" : "2026-05-03 03:11:08", "pharmacy_per_10k" : 3.27}}, {"type" : "Feature", "geometry" : {"type" : "Point", "coordinates" : [121.4606518, 25.08157632]}, "properties" : {"id" : 1831, "name" : "乙安藥局", "address" : "新北市蘆洲區長安街179號1樓", "telephone" : "0222888277", "city" : "新北市", "district" : "蘆洲區", "nhi" : true, "data_time" : "2026-05-03 03:11:08", "pharmacy_per_10k" : 3.27}}, {"type" : "Feature", "geometry" : {"type" : "Point", "coordinates" : [121.4793328, 25.08816463]}, "properties" : {"id" : 1832, "name" : "松展多利日式連鎖藥粧藥局", "address" : "新北市蘆洲區民族路161號", "telephone" : "0222882586", "city" : "新北市", "district" : "蘆洲區", "nhi" : true, "data_time" : "2026-05-03 03:11:08", "pharmacy_per_10k" : 3.27}}, {"type" : "Feature", "geometry" : {"type" : "Point", "coordinates" : [121.4760443, 25.08732746]}, "properties" : {"id" : 1839, "name" : "和泰藥師藥局", "address" : "新北市蘆洲區復興路69號1樓", "telephone" : "0222859818", "city" : "新北市", "district" : "蘆洲區", "nhi" : true, "data_time" : "2026-05-03 03:11:08", "pharmacy_per_10k" : 3.27}}, {"type" : "Feature", "geometry" : {"type" : "Point", "coordinates" : [121.4760049, 25.08730847]}, "properties" : {"id" : 1840, "name" : "龍安藥局", "address" : "新北市蘆洲區復興路67號1樓", "telephone" : "0222850310", "city" : "新北市", "district" : "蘆洲區", "nhi" : true, "data_time" : "2026-05-03 03:11:08", "pharmacy_per_10k" : 3.27}}, {"type" : "Feature", "geometry" : {"type" : "Point", "coordinates" : [121.475695, 25.08217065]}, "properties" : {"id" : 1841, "name" : "全佑藥局", "address" : "新北市蘆洲區三民路11號1樓", "telephone" : "0222833032", "city" : "新北市", "district" : "蘆洲區", "nhi" : true, "data_time" : "2026-05-03 03:11:08", "pharmacy_per_10k" : 3.27}}, {"type" : "Feature", "geometry" : {"type" : "Point", "coordinates" : [121.4712665, 25.0823679]}, "properties" : {"id" : 1842, "name" : "天士藥局", "address" : "新北市蘆洲區中正路36號", "telephone" : "0222818227", "city" : "新北市", "district" : "蘆洲區", "nhi" : true, "data_time" : "2026-05-03 03:11:08", "pharmacy_per_10k" : 3.27}}, {"type" : "Feature", "geometry" : {"type" : "Point", "coordinates" : [121.4725348, 25.07918076]}, "properties" : {"id" : 1843, "name" : "世全藥局", "address" : "新北市蘆洲區民生街133號1樓", "telephone" : "0222817386", "city" : "新北市", "district" : "蘆洲區", "nhi" : true, "data_time" : "2026-05-03 03:11:08", "pharmacy_per_10k" : 3.27}}, {"type" : "Feature", "geometry" : {"type" : "Point", "coordinates" : [121.4652248, 25.08221558]}, "properties" : {"id" : 1844, "name" : "蘋果藥妝藥局", "address" : "新北市蘆洲區光華路172號1樓", "telephone" : "0222812162", "city" : "新北市", "district" : "蘆洲區", "nhi" : true, "data_time" : "2026-05-03 03:11:08", "pharmacy_per_10k" : 3.27}}, {"type" : "Feature", "geometry" : {"type" : "Point", "coordinates" : [121.4733037, 25.0819003]}, "properties" : {"id" : 1845, "name" : "大政藥局", "address" : "新北市蘆洲區中山二路75號１樓", "telephone" : "0222811126", "city" : "新北市", "district" : "蘆洲區", "nhi" : true, "data_time" : "2026-05-03 03:11:08", "pharmacy_per_10k" : 3.27}}, {"type" : "Feature", "geometry" : {"type" : "Point", "coordinates" : [121.4690425, 25.08979205]}, "properties" : {"id" : 1846, "name" : "欣泰藥局", "address" : "新北市蘆洲區民族路407號", "telephone" : "0222810177", "city" : "新北市", "district" : "蘆洲區", "nhi" : true, "data_time" : "2026-05-03 03:11:08", "pharmacy_per_10k" : 3.27}}, {"type" : "Feature", "geometry" : {"type" : "Point", "coordinates" : [121.4618674, 25.08050002]}, "properties" : {"id" : 2033, "name" : "蘆洲陳大藥局", "address" : "新北市蘆洲區長安街95號", "telephone" : "0222836224", "city" : "新北市", "district" : "蘆洲區", "nhi" : true, "data_time" : "2026-05-03 03:11:08", "pharmacy_per_10k" : 3.27}}, {"type" : "Feature", "geometry" : {"type" : "Point", "coordinates" : [121.4647249, 25.08116129]}, "properties" : {"id" : 2034, "name" : "蓁美健康藥局", "address" : "新北市蘆洲區九芎街90巷21號", "telephone" : "0222827527", "city" : "新北市", "district" : "蘆洲區", "nhi" : true, "data_time" : "2026-05-03 03:11:08", "pharmacy_per_10k" : 3.27}}, {"type" : "Feature", "geometry" : {"type" : "Point", "coordinates" : [121.4690956, 25.0852445]}, "properties" : {"id" : 2035, "name" : "常喜藥局", "address" : "新北市蘆洲區中正路140號", "telephone" : "0282862976", "city" : "新北市", "district" : "蘆洲區", "nhi" : true, "data_time" : "2026-05-03 03:11:08", "pharmacy_per_10k" : 3.27}}, {"type" : "Feature", "geometry" : {"type" : "Point", "coordinates" : [121.6398114, 25.21912049]}, "properties" : {"id" : 1401, "name" : "躍獅五福藥局", "address" : "新北市金山區中山路99號1樓", "telephone" : "9.11E+08", "city" : "新北市", "district" : "金山區", "nhi" : true, "data_time" : "2026-05-03 03:11:08", "pharmacy_per_10k" : 2.26}}, {"type" : "Feature", "geometry" : {"type" : "Point", "coordinates" : [121.6381963, 25.22173575]}, "properties" : {"id" : 1506, "name" : "金宏仁藥局", "address" : "新北市金山區中山路190巷2號", "telephone" : "0224982402", "city" : "新北市", "district" : "金山區", "nhi" : true, "data_time" : "2026-05-03 03:11:08", "pharmacy_per_10k" : 2.26}}, {"type" : "Feature", "geometry" : {"type" : "Point", "coordinates" : [121.637324, 25.22090807]}, "properties" : {"id" : 1811, "name" : "仁又堂藥局", "address" : "新北市金山區信義路17號", "telephone" : "0224982368", "city" : "新北市", "district" : "金山區", "nhi" : true, "data_time" : "2026-05-03 03:11:08", "pharmacy_per_10k" : 2.26}}, {"type" : "Feature", "geometry" : {"type" : "Point", "coordinates" : [121.6373, 25.220908]}, "properties" : {"id" : 2054, "name" : "仁又堂藥局", "address" : "新北市金山區信義路１７號", "telephone" : "0224982468", "city" : "新北市", "district" : "金山區", "nhi" : false, "data_time" : "2026-05-03 03:11:08", "pharmacy_per_10k" : 2.26}}, {"type" : "Feature", "geometry" : {"type" : "Point", "coordinates" : [121.6376, 25.221504]}, "properties" : {"id" : 2055, "name" : "裕發藥局", "address" : "新北市金山區中山路２１９號", "telephone" : "0224982213", "city" : "新北市", "district" : "金山區", "nhi" : false, "data_time" : "2026-05-03 03:11:08", "pharmacy_per_10k" : 2.26}}, {"type" : "Feature", "geometry" : {"type" : "Point", "coordinates" : [121.8659916, 25.03761074]}, "properties" : {"id" : 1510, "name" : "信芳藥局", "address" : "新北市雙溪區中華路50號", "telephone" : "0224931301", "city" : "新北市", "district" : "雙溪區", "nhi" : true, "data_time" : "2026-05-03 03:11:08", "pharmacy_per_10k" : 2.04}}, {"type" : "Feature", "geometry" : {"type" : "Point", "coordinates" : [121.8660562, 25.03718079]}, "properties" : {"id" : 1814, "name" : "松南藥局", "address" : "新北市雙溪區中華路29號", "telephone" : "0224931085", "city" : "新北市", "district" : "雙溪區", "nhi" : true, "data_time" : "2026-05-03 03:11:08", "pharmacy_per_10k" : 2.04}}, {"type" : "Feature", "geometry" : {"type" : "Point", "coordinates" : [121.3258462, 24.97204958]}, "properties" : {"id" : 909, "name" : "鶯歌藥局", "address" : "新北市鶯歌區鶯桃路2段11號1樓", "telephone" : "0286778778", "city" : "新北市", "district" : "鶯歌區", "nhi" : true, "data_time" : "2026-05-03 03:11:08", "pharmacy_per_10k" : 2.74}}, {"type" : "Feature", "geometry" : {"type" : "Point", "coordinates" : [121.3384687, 24.95548137]}, "properties" : {"id" : 1003, "name" : "萊爾康健保藥局", "address" : "新北市鶯歌區永明街17號1樓", "telephone" : "0286782232", "city" : "新北市", "district" : "鶯歌區", "nhi" : true, "data_time" : "2026-05-03 03:11:08", "pharmacy_per_10k" : 2.74}}, {"type" : "Feature", "geometry" : {"type" : "Point", "coordinates" : [121.3298879, 24.96834566]}, "properties" : {"id" : 1004, "name" : "華昇藥局", "address" : "新北市鶯歌區鶯桃路567號", "telephone" : "0286777961", "city" : "新北市", "district" : "鶯歌區", "nhi" : true, "data_time" : "2026-05-03 03:11:08", "pharmacy_per_10k" : 2.74}}, {"type" : "Feature", "geometry" : {"type" : "Point", "coordinates" : [121.3514394, 24.95270375]}, "properties" : {"id" : 1162, "name" : "純安大藥局", "address" : "新北市鶯歌區國慶街179號1樓", "telephone" : "0226791791", "city" : "新北市", "district" : "鶯歌區", "nhi" : true, "data_time" : "2026-05-03 03:11:08", "pharmacy_per_10k" : 2.74}}, {"type" : "Feature", "geometry" : {"type" : "Point", "coordinates" : [121.3454507, 24.95591641]}, "properties" : {"id" : 1163, "name" : "小樹藥師藥局", "address" : "新北市鶯歌區光明街126號1樓", "telephone" : "0226785107", "city" : "新北市", "district" : "鶯歌區", "nhi" : true, "data_time" : "2026-05-03 03:11:08", "pharmacy_per_10k" : 2.74}}, {"type" : "Feature", "geometry" : {"type" : "Point", "coordinates" : [121.3559865, 24.95595728]}, "properties" : {"id" : 1164, "name" : "祐康藥局", "address" : "新北市鶯歌區建國路36號", "telephone" : "0226771223", "city" : "新北市", "district" : "鶯歌區", "nhi" : true, "data_time" : "2026-05-03 03:11:08", "pharmacy_per_10k" : 2.74}}, {"type" : "Feature", "geometry" : {"type" : "Point", "coordinates" : [121.350806, 24.95346713]}, "properties" : {"id" : 1243, "name" : "鶯歌宏達藥局", "address" : "新北市鶯歌區國慶街138號1樓", "telephone" : "0222528993", "city" : "新北市", "district" : "鶯歌區", "nhi" : true, "data_time" : "2026-05-03 03:11:08", "pharmacy_per_10k" : 2.74}}, {"type" : "Feature", "geometry" : {"type" : "Point", "coordinates" : [121.3367226, 24.94006767]}, "properties" : {"id" : 1274, "name" : "佑家藥局", "address" : "新北市鶯歌區中正三路151號1樓", "telephone" : "0216798282", "city" : "新北市", "district" : "鶯歌區", "nhi" : true, "data_time" : "2026-05-03 03:11:08", "pharmacy_per_10k" : 2.74}}, {"type" : "Feature", "geometry" : {"type" : "Point", "coordinates" : [121.3510955, 24.95296803]}, "properties" : {"id" : 1385, "name" : "食在好健康藥局", "address" : "新北市鶯歌區國慶街165號1樓", "telephone" : "9.73E+08", "city" : "新北市", "district" : "鶯歌區", "nhi" : true, "data_time" : "2026-05-03 03:11:08", "pharmacy_per_10k" : 2.74}}, {"type" : "Feature", "geometry" : {"type" : "Point", "coordinates" : [121.3523758, 24.95476417]}, "properties" : {"id" : 1483, "name" : "快安藥師藥局", "address" : "新北市鶯歌區中正一路94、96號", "telephone" : "0226792356", "city" : "新北市", "district" : "鶯歌區", "nhi" : true, "data_time" : "2026-05-03 03:11:08", "pharmacy_per_10k" : 2.74}}, {"type" : "Feature", "geometry" : {"type" : "Point", "coordinates" : [121.349661, 24.95365582]}, "properties" : {"id" : 1484, "name" : "安新藥局", "address" : "新北市鶯歌區建國路180號", "telephone" : "0226777850", "city" : "新北市", "district" : "鶯歌區", "nhi" : true, "data_time" : "2026-05-03 03:11:08", "pharmacy_per_10k" : 2.74}}, {"type" : "Feature", "geometry" : {"type" : "Point", "coordinates" : [121.3378371, 24.95475902]}, "properties" : {"id" : 1494, "name" : "民和藥局", "address" : "新北市鶯歌區鶯桃路137號", "telephone" : "0226705858", "city" : "新北市", "district" : "鶯歌區", "nhi" : true, "data_time" : "2026-05-03 03:11:08", "pharmacy_per_10k" : 2.74}}, {"type" : "Feature", "geometry" : {"type" : "Point", "coordinates" : [121.3503233, 24.95344668]}, "properties" : {"id" : 1593, "name" : "唯新示範藥局", "address" : "新北市鶯歌區建國路161號", "telephone" : "0286775363", "city" : "新北市", "district" : "鶯歌區", "nhi" : true, "data_time" : "2026-05-03 03:11:08", "pharmacy_per_10k" : 2.74}}, {"type" : "Feature", "geometry" : {"type" : "Point", "coordinates" : [121.3509111, 24.95328033]}, "properties" : {"id" : 1761, "name" : "藥濟藥局", "address" : "新北市鶯歌區國慶街１50號", "telephone" : "0226783377", "city" : "新北市", "district" : "鶯歌區", "nhi" : true, "data_time" : "2026-05-03 03:11:08", "pharmacy_per_10k" : 2.74}}, {"type" : "Feature", "geometry" : {"type" : "Point", "coordinates" : [121.3476674, 24.95354031]}, "properties" : {"id" : 1762, "name" : "林政德西藥局", "address" : "新北市鶯歌區建國路256號1樓", "telephone" : "0226781412", "city" : "新北市", "district" : "鶯歌區", "nhi" : true, "data_time" : "2026-05-03 03:11:08", "pharmacy_per_10k" : 2.74}}, {"type" : "Feature", "geometry" : {"type" : "Point", "coordinates" : [121.340605, 24.94436967]}, "properties" : {"id" : 1763, "name" : "文瑞藥局", "address" : "新北市鶯歌區尖山路296號", "telephone" : "0226780589", "city" : "新北市", "district" : "鶯歌區", "nhi" : true, "data_time" : "2026-05-03 03:11:08", "pharmacy_per_10k" : 2.74}}, {"type" : "Feature", "geometry" : {"type" : "Point", "coordinates" : [121.3253717, 24.97248284]}, "properties" : {"id" : 2006, "name" : "嘉泰藥師藥局", "address" : "新北市鶯歌區鶯桃路2段31號1樓", "telephone" : "0226709668", "city" : "新北市", "district" : "鶯歌區", "nhi" : true, "data_time" : "2026-05-03 03:11:08", "pharmacy_per_10k" : 2.74}}, {"type" : "Feature", "geometry" : {"type" : "Point", "coordinates" : [121.3500346, 24.95339499]}, "properties" : {"id" : 2007, "name" : "祐兒藥局", "address" : "新北市鶯歌區南鶯里建國路171號1樓", "telephone" : "0286781907", "city" : "新北市", "district" : "鶯歌區", "nhi" : true, "data_time" : "2026-05-03 03:11:08", "pharmacy_per_10k" : 2.74}}, {"type" : "Feature", "geometry" : {"type" : "Point", "coordinates" : [121.3378, 24.954759]}, "properties" : {"id" : 2104, "name" : "民和藥局", "address" : "新北市鶯歌區鶯桃路１３７號", "telephone" : "0226705858", "city" : "新北市", "district" : "鶯歌區", "nhi" : false, "data_time" : "2026-05-03 03:11:08", "pharmacy_per_10k" : 2.74}}, {"type" : "Feature", "geometry" : {"type" : "Point", "coordinates" : [121.3443, 24.955852]}, "properties" : {"id" : 2105, "name" : "上大藥師藥局", "address" : "新北市鶯歌區光明街176號", "telephone" : "0226788428", "city" : "新北市", "district" : "鶯歌區", "nhi" : false, "data_time" : "2026-05-03 03:11:08", "pharmacy_per_10k" : 2.74}}, {"type" : "Feature", "geometry" : {"type" : "Point", "coordinates" : [121.3448, 24.947637]}, "properties" : {"id" : 2106, "name" : "金山大藥局", "address" : "新北市鶯歌區尖山路176-1號1樓", "telephone" : "226789488", "city" : "新北市", "district" : "鶯歌區", "nhi" : false, "data_time" : "2026-05-03 03:11:08", "pharmacy_per_10k" : 2.74}}, {"type" : "Feature", "geometry" : {"type" : "Point", "coordinates" : [121.3497, 24.949549]}, "properties" : {"id" : 2107, "name" : "豪安藥局", "address" : "新北市鶯歌區尖山路６１之１號", "telephone" : "0226786937", "city" : "新北市", "district" : "鶯歌區", "nhi" : false, "data_time" : "2026-05-03 03:11:08", "pharmacy_per_10k" : 2.74}}, {"type" : "Feature", "geometry" : {"type" : "Point", "coordinates" : [121.3497, 24.953655]}, "properties" : {"id" : 2108, "name" : "安新藥局", "address" : "新北市鶯歌區建國路一八○號", "telephone" : "0226776616", "city" : "新北市", "district" : "鶯歌區", "nhi" : false, "data_time" : "2026-05-03 03:11:08", "pharmacy_per_10k" : 2.74}}, {"type" : "Feature", "geometry" : {"type" : "Point", "coordinates" : [121.5335125, 25.048345]}, "properties" : {"id" : 110, "name" : "弘元中西藥局", "address" : "臺北市中山區長安東路2段64號1樓", "telephone" : "(02)25185688", "city" : "臺北市", "district" : "中山區", "nhi" : true, "data_time" : "2026-05-03 03:11:08", "pharmacy_per_10k" : 5.15}}, {"type" : "Feature", "geometry" : {"type" : "Point", "coordinates" : [121.5215743, 25.06024008]}, "properties" : {"id" : 111, "name" : "錦西春天生活藥局", "address" : "臺北市中山區錦西街10號1樓", "telephone" : "(02)25312658", "city" : "臺北市", "district" : "中山區", "nhi" : true, "data_time" : "2026-05-03 03:11:08", "pharmacy_per_10k" : 5.15}}, {"type" : "Feature", "geometry" : {"type" : "Point", "coordinates" : [121.5311529, 25.06041838]}, "properties" : {"id" : 112, "name" : "喜康中西藥局", "address" : "臺北市中山區錦州街185號1樓", "telephone" : "(02)25222488", "city" : "臺北市", "district" : "中山區", "nhi" : true, "data_time" : "2026-05-03 03:11:08", "pharmacy_per_10k" : 5.15}}, {"type" : "Feature", "geometry" : {"type" : "Point", "coordinates" : [121.5256357, 25.0556793]}, "properties" : {"id" : 113, "name" : "沛久藥局", "address" : "臺北市中山區林森北路291號(1樓)", "telephone" : "", "city" : "臺北市", "district" : "中山區", "nhi" : true, "data_time" : "2026-05-03 03:11:08", "pharmacy_per_10k" : 5.15}}, {"type" : "Feature", "geometry" : {"type" : "Point", "coordinates" : [121.546436, 25.08352992]}, "properties" : {"id" : 114, "name" : "艾禾藥局", "address" : "臺北市中山區大直街63號1樓", "telephone" : "", "city" : "臺北市", "district" : "中山區", "nhi" : true, "data_time" : "2026-05-03 03:11:08", "pharmacy_per_10k" : 5.15}}, {"type" : "Feature", "geometry" : {"type" : "Point", "coordinates" : [121.542655, 25.047402]}, "properties" : {"id" : 115, "name" : "中崙藥局", "address" : "臺北市中山區八德路2段307號(1樓)", "telephone" : "(02)27114971", "city" : "臺北市", "district" : "中山區", "nhi" : true, "data_time" : "2026-05-03 03:11:08", "pharmacy_per_10k" : 5.15}}, {"type" : "Feature", "geometry" : {"type" : "Point", "coordinates" : [121.5338696, 25.06026262]}, "properties" : {"id" : 116, "name" : "錦州藥局", "address" : "臺北市中山區錦州街244號1樓", "telephone" : "(02)25026650", "city" : "臺北市", "district" : "中山區", "nhi" : true, "data_time" : "2026-05-03 03:11:08", "pharmacy_per_10k" : 5.15}}, {"type" : "Feature", "geometry" : {"type" : "Point", "coordinates" : [121.5247732, 25.06483218]}, "properties" : {"id" : 117, "name" : "農安藥局", "address" : "臺北市中山區農安街18之1號1樓", "telephone" : "(02)25959293", "city" : "臺北市", "district" : "中山區", "nhi" : true, "data_time" : "2026-05-03 03:11:08", "pharmacy_per_10k" : 5.15}}, {"type" : "Feature", "geometry" : {"type" : "Point", "coordinates" : [121.5304933, 25.0650386]}, "properties" : {"id" : 118, "name" : "吉林藥局", "address" : "臺北市中山區吉林路371號(1樓)", "telephone" : "(02)25865990", "city" : "臺北市", "district" : "中山區", "nhi" : true, "data_time" : "2026-05-03 03:11:08", "pharmacy_per_10k" : 5.15}}, {"type" : "Feature", "geometry" : {"type" : "Point", "coordinates" : [121.5346392, 25.0514481]}, "properties" : {"id" : 119, "name" : "滿順藥局", "address" : "臺北市中山區伊通街54號(1樓)", "telephone" : "(02)25075283", "city" : "臺北市", "district" : "中山區", "nhi" : true, "data_time" : "2026-05-03 03:11:08", "pharmacy_per_10k" : 5.15}}, {"type" : "Feature", "geometry" : {"type" : "Point", "coordinates" : [121.5289329, 25.05585818]}, "properties" : {"id" : 120, "name" : "躍獅冠冠藥局", "address" : "臺北市中山區中原街17號1樓", "telephone" : "(02)25433431", "city" : "臺北市", "district" : "中山區", "nhi" : true, "data_time" : "2026-05-03 03:11:08", "pharmacy_per_10k" : 5.15}}, {"type" : "Feature", "geometry" : {"type" : "Point", "coordinates" : [121.5482952, 25.08192618]}, "properties" : {"id" : 121, "name" : "永直藥局", "address" : "臺北市中山區北安路595巷2弄6號1樓", "telephone" : "(02)85098059", "city" : "臺北市", "district" : "中山區", "nhi" : true, "data_time" : "2026-05-03 03:11:08", "pharmacy_per_10k" : 5.15}}, {"type" : "Feature", "geometry" : {"type" : "Point", "coordinates" : [121.5348936, 25.05317459]}, "properties" : {"id" : 122, "name" : "中山伊通藥局", "address" : "臺北市中山區伊通街97之2號", "telephone" : "", "city" : "臺北市", "district" : "中山區", "nhi" : true, "data_time" : "2026-05-03 03:11:08", "pharmacy_per_10k" : 5.15}}, {"type" : "Feature", "geometry" : {"type" : "Point", "coordinates" : [121.5408299, 25.05973159]}, "properties" : {"id" : 123, "name" : "杏一龍錦藥局", "address" : "臺北市中山區龍江路279號1樓", "telephone" : "(02)25174618", "city" : "臺北市", "district" : "中山區", "nhi" : true, "data_time" : "2026-05-03 03:11:08", "pharmacy_per_10k" : 5.15}}, {"type" : "Feature", "geometry" : {"type" : "Point", "coordinates" : [121.5579856, 25.07958071]}, "properties" : {"id" : 124, "name" : "十二願湛藥局", "address" : "臺北市中山區樂群二路178號1樓", "telephone" : "(02)85022178", "city" : "臺北市", "district" : "中山區", "nhi" : true, "data_time" : "2026-05-03 03:11:08", "pharmacy_per_10k" : 5.15}}, {"type" : "Feature", "geometry" : {"type" : "Point", "coordinates" : [121.5508491, 25.08301872]}, "properties" : {"id" : 125, "name" : "明水藥局", "address" : "臺北市中山區明水路651號1樓", "telephone" : "(02)25331121", "city" : "臺北市", "district" : "中山區", "nhi" : true, "data_time" : "2026-05-03 03:11:08", "pharmacy_per_10k" : 5.15}}, {"type" : "Feature", "geometry" : {"type" : "Point", "coordinates" : [121.5252291, 25.06326224]}, "properties" : {"id" : 126, "name" : "起點藥局", "address" : "臺北市中山區雙城街3巷18號1樓", "telephone" : "", "city" : "臺北市", "district" : "中山區", "nhi" : true, "data_time" : "2026-05-03 03:11:08", "pharmacy_per_10k" : 5.15}}, {"type" : "Feature", "geometry" : {"type" : "Point", "coordinates" : [121.5305078, 25.06587178]}, "properties" : {"id" : 127, "name" : "吉林台安藥局", "address" : "臺北市中山區吉林路399號1樓", "telephone" : "(02)25969580", "city" : "臺北市", "district" : "中山區", "nhi" : true, "data_time" : "2026-05-03 03:11:08", "pharmacy_per_10k" : 5.15}}, {"type" : "Feature", "geometry" : {"type" : "Point", "coordinates" : [121.5358091, 25.06476458]}, "properties" : {"id" : 128, "name" : "農安台安藥局", "address" : "臺北市中山區農安街267號1樓", "telephone" : "(02)25038205", "city" : "臺北市", "district" : "中山區", "nhi" : true, "data_time" : "2026-05-03 03:11:08", "pharmacy_per_10k" : 5.15}}, {"type" : "Feature", "geometry" : {"type" : "Point", "coordinates" : [121.5490517, 25.0824259]}, "properties" : {"id" : 129, "name" : "美康正康藥局", "address" : "臺北市中山區北安路616之1號(1樓) 、618號2樓之1", "telephone" : "(02)25323077", "city" : "臺北市", "district" : "中山區", "nhi" : true, "data_time" : "2026-05-03 03:11:08", "pharmacy_per_10k" : 5.15}}, {"type" : "Feature", "geometry" : {"type" : "Point", "coordinates" : [121.5643243, 25.0783725]}, "properties" : {"id" : 130, "name" : "易康藥局", "address" : "臺北市中山區堤頂大道2段302號(1樓)、304號(1樓)", "telephone" : "(02)85029138", "city" : "臺北市", "district" : "中山區", "nhi" : true, "data_time" : "2026-05-03 03:11:08", "pharmacy_per_10k" : 5.15}}, {"type" : "Feature", "geometry" : {"type" : "Point", "coordinates" : [121.5406644, 25.06084117]}, "properties" : {"id" : 131, "name" : "星安藥局", "address" : "臺北市中山區龍江路278號1樓", "telephone" : "(02)25168112", "city" : "臺北市", "district" : "中山區", "nhi" : true, "data_time" : "2026-05-03 03:11:08", "pharmacy_per_10k" : 5.15}}, {"type" : "Feature", "geometry" : {"type" : "Point", "coordinates" : [121.5421421, 25.0469978]}, "properties" : {"id" : 132, "name" : "躍健康藥局", "address" : "臺北市中山區八德路2段298號(1樓)", "telephone" : "(02)27772715", "city" : "臺北市", "district" : "中山區", "nhi" : true, "data_time" : "2026-05-03 03:11:08", "pharmacy_per_10k" : 5.15}}, {"type" : "Feature", "geometry" : {"type" : "Point", "coordinates" : [121.5255415, 25.05169934]}, "properties" : {"id" : 133, "name" : "大信藥局", "address" : "臺北市中山區林森北路159巷6號", "telephone" : "(02)25719080", "city" : "臺北市", "district" : "中山區", "nhi" : true, "data_time" : "2026-05-03 03:11:08", "pharmacy_per_10k" : 5.15}}, {"type" : "Feature", "geometry" : {"type" : "Point", "coordinates" : [121.5269316, 25.05036026]}, "properties" : {"id" : 134, "name" : "承恩藥局", "address" : "臺北市中山區林森北路119巷55號1樓", "telephone" : "(02)25625117", "city" : "臺北市", "district" : "中山區", "nhi" : true, "data_time" : "2026-05-03 03:11:08", "pharmacy_per_10k" : 5.15}}, {"type" : "Feature", "geometry" : {"type" : "Point", "coordinates" : [121.5265867, 25.0550218]}, "properties" : {"id" : 135, "name" : "明美藥局", "address" : "臺北市中山區長春路６９號１樓", "telephone" : "(02)25365419", "city" : "臺北市", "district" : "中山區", "nhi" : true, "data_time" : "2026-05-03 03:11:08", "pharmacy_per_10k" : 5.15}}, {"type" : "Feature", "geometry" : {"type" : "Point", "coordinates" : [121.5313135, 25.06206744]}, "properties" : {"id" : 136, "name" : "長生藥局", "address" : "臺北市中山區松江路３６２巷５５號１樓", "telephone" : "(02)25816210", "city" : "臺北市", "district" : "中山區", "nhi" : true, "data_time" : "2026-05-03 03:11:08", "pharmacy_per_10k" : 5.15}}, {"type" : "Feature", "geometry" : {"type" : "Point", "coordinates" : [121.5256293, 25.05481774]}, "properties" : {"id" : 137, "name" : "能康藥局", "address" : "臺北市中山區長春路４６號", "telephone" : "(02)25429426", "city" : "臺北市", "district" : "中山區", "nhi" : true, "data_time" : "2026-05-03 03:11:08", "pharmacy_per_10k" : 5.15}}, {"type" : "Feature", "geometry" : {"type" : "Point", "coordinates" : [121.5319628, 25.06039407]}, "properties" : {"id" : 138, "name" : "貢玄藥局", "address" : "臺北市中山區錦州街２0７號", "telephone" : "(02)25637847", "city" : "臺北市", "district" : "中山區", "nhi" : true, "data_time" : "2026-05-03 03:11:08", "pharmacy_per_10k" : 5.15}}, {"type" : "Feature", "geometry" : {"type" : "Point", "coordinates" : [121.5284529, 25.0670582]}, "properties" : {"id" : 139, "name" : "建元藥局", "address" : "臺北市中山區德惠街79巷8號", "telephone" : "(02)25986171", "city" : "臺北市", "district" : "中山區", "nhi" : true, "data_time" : "2026-05-03 03:11:08", "pharmacy_per_10k" : 5.15}}, {"type" : "Feature", "geometry" : {"type" : "Point", "coordinates" : [121.5244152, 25.06463068]}, "properties" : {"id" : 140, "name" : "榮昌藥局", "address" : "臺北市中山區雙城街十七之三號", "telephone" : "", "city" : "臺北市", "district" : "中山區", "nhi" : true, "data_time" : "2026-05-03 03:11:08", "pharmacy_per_10k" : 5.15}}, {"type" : "Feature", "geometry" : {"type" : "Point", "coordinates" : [121.5398617, 25.06607623]}, "properties" : {"id" : 141, "name" : "華友藥局", "address" : "臺北市中山區龍江路３５６巷２７號１樓", "telephone" : "(02)25007159", "city" : "臺北市", "district" : "中山區", "nhi" : true, "data_time" : "2026-05-03 03:11:08", "pharmacy_per_10k" : 5.15}}, {"type" : "Feature", "geometry" : {"type" : "Point", "coordinates" : [121.5314085, 25.05444439]}, "properties" : {"id" : 142, "name" : "惠友藥局", "address" : "臺北市中山區一江街６０號一樓", "telephone" : "(02)25712813", "city" : "臺北市", "district" : "中山區", "nhi" : true, "data_time" : "2026-05-03 03:11:08", "pharmacy_per_10k" : 5.15}}, {"type" : "Feature", "geometry" : {"type" : "Point", "coordinates" : [121.548865, 25.08063238]}, "properties" : {"id" : 143, "name" : "康仁藥局", "address" : "臺北市中山區北安路578巷8弄3號", "telephone" : "(02)25323739", "city" : "臺北市", "district" : "中山區", "nhi" : true, "data_time" : "2026-05-03 03:11:08", "pharmacy_per_10k" : 5.15}}, {"type" : "Feature", "geometry" : {"type" : "Point", "coordinates" : [121.5412817, 25.05620776]}, "properties" : {"id" : 144, "name" : "名章藥局", "address" : "臺北市中山區興安街５１－５號１樓", "telephone" : "(02)25034331", "city" : "臺北市", "district" : "中山區", "nhi" : true, "data_time" : "2026-05-03 03:11:08", "pharmacy_per_10k" : 5.15}}, {"type" : "Feature", "geometry" : {"type" : "Point", "coordinates" : [121.5488379, 25.08272832]}, "properties" : {"id" : 145, "name" : "大直藥局", "address" : "臺北市中山區北安路617號1樓", "telephone" : "(02)25320522", "city" : "臺北市", "district" : "中山區", "nhi" : true, "data_time" : "2026-05-03 03:11:08", "pharmacy_per_10k" : 5.15}}, {"type" : "Feature", "geometry" : {"type" : "Point", "coordinates" : [121.5291312, 25.06427377]}, "properties" : {"id" : 146, "name" : "慈海藥局", "address" : "臺北市中山區中原街一四三號", "telephone" : "(02)25940989", "city" : "臺北市", "district" : "中山區", "nhi" : true, "data_time" : "2026-05-03 03:11:08", "pharmacy_per_10k" : 5.15}}, {"type" : "Feature", "geometry" : {"type" : "Point", "coordinates" : [121.53911, 25.05845421]}, "properties" : {"id" : 147, "name" : "蓁榛健康生活藥局", "address" : "臺北市中山區合江街100之2號1樓", "telephone" : "(02)25097780", "city" : "臺北市", "district" : "中山區", "nhi" : true, "data_time" : "2026-05-03 03:11:08", "pharmacy_per_10k" : 5.15}}, {"type" : "Feature", "geometry" : {"type" : "Point", "coordinates" : [121.5427089, 25.04818087]}, "properties" : {"id" : 148, "name" : "中興藥局", "address" : "臺北市中山區長安東路2段226號", "telephone" : "(02)27774628", "city" : "臺北市", "district" : "中山區", "nhi" : true, "data_time" : "2026-05-03 03:11:08", "pharmacy_per_10k" : 5.15}}, {"type" : "Feature", "geometry" : {"type" : "Point", "coordinates" : [121.5408259, 25.05955642]}, "properties" : {"id" : 149, "name" : "王中興藥局", "address" : "臺北市中山區龍江路273號", "telephone" : "(02)25034281", "city" : "臺北市", "district" : "中山區", "nhi" : true, "data_time" : "2026-05-03 03:11:08", "pharmacy_per_10k" : 5.15}}, {"type" : "Feature", "geometry" : {"type" : "Point", "coordinates" : [121.5256883, 25.0593503]}, "properties" : {"id" : 150, "name" : "興耀生活藥局", "address" : "臺北市中山區林森北路405號(1樓)", "telephone" : "(02)25818210", "city" : "臺北市", "district" : "中山區", "nhi" : true, "data_time" : "2026-05-03 03:11:08", "pharmacy_per_10k" : 5.15}}, {"type" : "Feature", "geometry" : {"type" : "Point", "coordinates" : [121.5423043, 25.06160802]}, "properties" : {"id" : 151, "name" : "視美藥局", "address" : "臺北市中山區民權東路三段６０巷８號１樓", "telephone" : "(02)25019597", "city" : "臺北市", "district" : "中山區", "nhi" : true, "data_time" : "2026-05-03 03:11:08", "pharmacy_per_10k" : 5.15}}, {"type" : "Feature", "geometry" : {"type" : "Point", "coordinates" : [121.5322474, 25.04857182]}, "properties" : {"id" : 152, "name" : "百源堂大藥局", "address" : "臺北市中山區長安東路二段四十七之五號一樓", "telephone" : "(02)25630711", "city" : "臺北市", "district" : "中山區", "nhi" : true, "data_time" : "2026-05-03 03:11:08", "pharmacy_per_10k" : 5.15}}, {"type" : "Feature", "geometry" : {"type" : "Point", "coordinates" : [121.5404011, 25.05505954]}, "properties" : {"id" : 153, "name" : "名祥藥局", "address" : "臺北市中山區龍江路１６６號", "telephone" : "(02)25036265", "city" : "臺北市", "district" : "中山區", "nhi" : true, "data_time" : "2026-05-03 03:11:08", "pharmacy_per_10k" : 5.15}}, {"type" : "Feature", "geometry" : {"type" : "Point", "coordinates" : [121.5347502, 25.06025322]}, "properties" : {"id" : 154, "name" : "順泰藥局", "address" : "臺北市中山區錦州街266號1樓", "telephone" : "(02)25038916", "city" : "臺北市", "district" : "中山區", "nhi" : true, "data_time" : "2026-05-03 03:11:08", "pharmacy_per_10k" : 5.15}}, {"type" : "Feature", "geometry" : {"type" : "Point", "coordinates" : [121.524223, 25.05793492]}, "properties" : {"id" : 155, "name" : "優豐藥局", "address" : "臺北市中山區民生東路一段三十二號", "telephone" : "(02)25602565", "city" : "臺北市", "district" : "中山區", "nhi" : true, "data_time" : "2026-05-03 03:11:08", "pharmacy_per_10k" : 5.15}}, {"type" : "Feature", "geometry" : {"type" : "Point", "coordinates" : [121.5263361, 25.05613101]}, "properties" : {"id" : 156, "name" : "泰興藥局", "address" : "臺北市中山區新生北路二段６２巷３２號", "telephone" : "(02)25371586", "city" : "臺北市", "district" : "中山區", "nhi" : true, "data_time" : "2026-05-03 03:11:08", "pharmacy_per_10k" : 5.15}}, {"type" : "Feature", "geometry" : {"type" : "Point", "coordinates" : [121.5341938, 25.06039343]}, "properties" : {"id" : 157, "name" : "阿里藥局", "address" : "臺北市中山區錦州街251號1樓", "telephone" : "(02)25020638", "city" : "臺北市", "district" : "中山區", "nhi" : true, "data_time" : "2026-05-03 03:11:08", "pharmacy_per_10k" : 5.15}}, {"type" : "Feature", "geometry" : {"type" : "Point", "coordinates" : [121.5214126, 25.06365813]}, "properties" : {"id" : 158, "name" : "良佑藥局", "address" : "臺北市中山區撫順街６之２號１樓", "telephone" : "(02)25916402", "city" : "臺北市", "district" : "中山區", "nhi" : true, "data_time" : "2026-05-03 03:11:08", "pharmacy_per_10k" : 5.15}}, {"type" : "Feature", "geometry" : {"type" : "Point", "coordinates" : [121.5394128, 25.05510083]}, "properties" : {"id" : 159, "name" : "第一藥局", "address" : "臺北市中山區合江街１７巷６號", "telephone" : "(02)25030124", "city" : "臺北市", "district" : "中山區", "nhi" : true, "data_time" : "2026-05-03 03:11:08", "pharmacy_per_10k" : 5.15}}, {"type" : "Feature", "geometry" : {"type" : "Point", "coordinates" : [121.5295776, 25.05598437]}, "properties" : {"id" : 160, "name" : "立大藥局", "address" : "臺北市中山區吉林路144巷14號", "telephone" : "(02)25313844", "city" : "臺北市", "district" : "中山區", "nhi" : true, "data_time" : "2026-05-03 03:11:08", "pharmacy_per_10k" : 5.15}}, {"type" : "Feature", "geometry" : {"type" : "Point", "coordinates" : [121.5418871, 25.05620708]}, "properties" : {"id" : 161, "name" : "長青藥局", "address" : "臺北市中山區興安街５５號１樓", "telephone" : "(02)25053160", "city" : "臺北市", "district" : "中山區", "nhi" : true, "data_time" : "2026-05-03 03:11:08", "pharmacy_per_10k" : 5.15}}, {"type" : "Feature", "geometry" : {"type" : "Point", "coordinates" : [121.5258586, 25.0670343]}, "properties" : {"id" : 162, "name" : "晏晟藥局", "address" : "臺北市中山區林森北路６２５號", "telephone" : "(02)25851445", "city" : "臺北市", "district" : "中山區", "nhi" : true, "data_time" : "2026-05-03 03:11:08", "pharmacy_per_10k" : 5.15}}, {"type" : "Feature", "geometry" : {"type" : "Point", "coordinates" : [121.5232742, 25.05136434]}, "properties" : {"id" : 163, "name" : "美日藥局", "address" : "臺北市中山區天津街六十六號一樓", "telephone" : "(02)25631662", "city" : "臺北市", "district" : "中山區", "nhi" : true, "data_time" : "2026-05-03 03:11:08", "pharmacy_per_10k" : 5.15}}, {"type" : "Feature", "geometry" : {"type" : "Point", "coordinates" : [121.5303983, 25.06208985]}, "properties" : {"id" : 164, "name" : "人人藥局", "address" : "臺北市中山區吉林路二六七號一樓", "telephone" : "(02)25630798", "city" : "臺北市", "district" : "中山區", "nhi" : true, "data_time" : "2026-05-03 03:11:08", "pharmacy_per_10k" : 5.15}}, {"type" : "Feature", "geometry" : {"type" : "Point", "coordinates" : [121.5399659, 25.065915]}, "properties" : {"id" : 165, "name" : "文德藥局", "address" : "臺北市中山區龍江路356巷22號1樓", "telephone" : "(02)25181178", "city" : "臺北市", "district" : "中山區", "nhi" : true, "data_time" : "2026-05-03 03:11:08", "pharmacy_per_10k" : 5.15}}, {"type" : "Feature", "geometry" : {"type" : "Point", "coordinates" : [121.5317112, 25.05472764]}, "properties" : {"id" : 166, "name" : "展佑藥局", "address" : "臺北市中山區長春路一四六之一號", "telephone" : "(02)25232803", "city" : "臺北市", "district" : "中山區", "nhi" : true, "data_time" : "2026-05-03 03:11:08", "pharmacy_per_10k" : 5.15}}, {"type" : "Feature", "geometry" : {"type" : "Point", "coordinates" : [121.5250871, 25.05141934]}, "properties" : {"id" : 167, "name" : "祥泰藥局", "address" : "臺北市中山區林森北路136號", "telephone" : "(02)25614200", "city" : "臺北市", "district" : "中山區", "nhi" : true, "data_time" : "2026-05-03 03:11:08", "pharmacy_per_10k" : 5.15}}, {"type" : "Feature", "geometry" : {"type" : "Point", "coordinates" : [121.538508, 25.06032598]}, "properties" : {"id" : 168, "name" : "嘉恩藥局", "address" : "臺北市中山區錦州街321號", "telephone" : "(02)25181418", "city" : "臺北市", "district" : "中山區", "nhi" : true, "data_time" : "2026-05-03 03:11:08", "pharmacy_per_10k" : 5.15}}, {"type" : "Feature", "geometry" : {"type" : "Point", "coordinates" : [121.547952, 25.08014025]}, "properties" : {"id" : 169, "name" : "樂活苑藥局", "address" : "臺北市中山區北安路546號1樓", "telephone" : "(02)25323296", "city" : "臺北市", "district" : "中山區", "nhi" : true, "data_time" : "2026-05-03 03:11:08", "pharmacy_per_10k" : 5.15}}, {"type" : "Feature", "geometry" : {"type" : "Point", "coordinates" : [121.5242361, 25.06634085]}, "properties" : {"id" : 170, "name" : "麗亞藥局", "address" : "臺北市中山區雙城街32號", "telephone" : "(02)25981065", "city" : "臺北市", "district" : "中山區", "nhi" : true, "data_time" : "2026-05-03 03:11:08", "pharmacy_per_10k" : 5.15}}, {"type" : "Feature", "geometry" : {"type" : "Point", "coordinates" : [121.5303915, 25.06164733]}, "properties" : {"id" : 171, "name" : "大愛藥師藥局", "address" : "臺北市中山區吉林路255號", "telephone" : "(02)25424723", "city" : "臺北市", "district" : "中山區", "nhi" : true, "data_time" : "2026-05-03 03:11:08", "pharmacy_per_10k" : 5.15}}, {"type" : "Feature", "geometry" : {"type" : "Point", "coordinates" : [121.5254776, 25.06126938]}, "properties" : {"id" : 172, "name" : "久大藥局", "address" : "臺北市中山區林森北路480號", "telephone" : "(02)25111594", "city" : "臺北市", "district" : "中山區", "nhi" : true, "data_time" : "2026-05-03 03:11:08", "pharmacy_per_10k" : 5.15}}, {"type" : "Feature", "geometry" : {"type" : "Point", "coordinates" : [121.5347251, 25.0542576]}, "properties" : {"id" : 173, "name" : "專心藥局", "address" : "臺北市中山區伊通街112之2號", "telephone" : "(02)25155847", "city" : "臺北市", "district" : "中山區", "nhi" : true, "data_time" : "2026-05-03 03:11:08", "pharmacy_per_10k" : 5.15}}, {"type" : "Feature", "geometry" : {"type" : "Point", "coordinates" : [121.5437701, 25.05616582]}, "properties" : {"id" : 174, "name" : "康林藥局", "address" : "臺北市中山區興安街105號", "telephone" : "(02)25171867", "city" : "臺北市", "district" : "中山區", "nhi" : true, "data_time" : "2026-05-03 03:11:08", "pharmacy_per_10k" : 5.15}}, {"type" : "Feature", "geometry" : {"type" : "Point", "coordinates" : [121.543538, 25.05745882]}, "properties" : {"id" : 175, "name" : "民生興安藥局", "address" : "臺北市中山區民生東路3段90之1號", "telephone" : "(02)25018310", "city" : "臺北市", "district" : "中山區", "nhi" : true, "data_time" : "2026-05-03 03:11:08", "pharmacy_per_10k" : 5.15}}, {"type" : "Feature", "geometry" : {"type" : "Point", "coordinates" : [121.5352375, 25.06023864]}, "properties" : {"id" : 176, "name" : "啟美藥師藥局", "address" : "臺北市中山區錦州街282號", "telephone" : "(02)25178032", "city" : "臺北市", "district" : "中山區", "nhi" : true, "data_time" : "2026-05-03 03:11:08", "pharmacy_per_10k" : 5.15}}, {"type" : "Feature", "geometry" : {"type" : "Point", "coordinates" : [121.5402935, 25.06591256]}, "properties" : {"id" : 177, "name" : "龍江藥局", "address" : "臺北市中山區龍江路356巷14號", "telephone" : "(02)25023724", "city" : "臺北市", "district" : "中山區", "nhi" : true, "data_time" : "2026-05-03 03:11:08", "pharmacy_per_10k" : 5.15}}, {"type" : "Feature", "geometry" : {"type" : "Point", "coordinates" : [121.5245403, 25.06500749]}, "properties" : {"id" : 178, "name" : "躍獅晴光藥局", "address" : "臺北市中山區農安街23之2號", "telephone" : "(02)25951393", "city" : "臺北市", "district" : "中山區", "nhi" : true, "data_time" : "2026-05-03 03:11:08", "pharmacy_per_10k" : 5.15}}, {"type" : "Feature", "geometry" : {"type" : "Point", "coordinates" : [121.5300424, 25.06652212]}, "properties" : {"id" : 179, "name" : "德惠藥局", "address" : "臺北市中山區德惠街122號", "telephone" : "(02)25971131", "city" : "臺北市", "district" : "中山區", "nhi" : true, "data_time" : "2026-05-03 03:11:08", "pharmacy_per_10k" : 5.15}}, {"type" : "Feature", "geometry" : {"type" : "Point", "coordinates" : [121.5406803, 25.04842621]}, "properties" : {"id" : 180, "name" : "金生藥局", "address" : "臺北市中山區長安東路2段167之1號", "telephone" : "(02)87729808", "city" : "臺北市", "district" : "中山區", "nhi" : true, "data_time" : "2026-05-03 03:11:08", "pharmacy_per_10k" : 5.15}}, {"type" : "Feature", "geometry" : {"type" : "Point", "coordinates" : [121.5214016, 25.05143389]}, "properties" : {"id" : 181, "name" : "興康源藥局", "address" : "臺北市中山區中山北路1段140巷8號", "telephone" : "(02)25311248", "city" : "臺北市", "district" : "中山區", "nhi" : true, "data_time" : "2026-05-03 03:11:08", "pharmacy_per_10k" : 5.15}}, {"type" : "Feature", "geometry" : {"type" : "Point", "coordinates" : [121.5496274, 25.08262868]}, "properties" : {"id" : 182, "name" : "富宥康藥局", "address" : "臺北市中山區北安路608巷5弄22號", "telephone" : "(02)25324769", "city" : "臺北市", "district" : "中山區", "nhi" : true, "data_time" : "2026-05-03 03:11:08", "pharmacy_per_10k" : 5.15}}, {"type" : "Feature", "geometry" : {"type" : "Point", "coordinates" : [121.548559, 25.080761]}, "properties" : {"id" : 183, "name" : "淮濟藥師藥局", "address" : "臺北市中山區北安路570號(實際營業地址:1樓及地下1樓)", "telephone" : "(02)85098636", "city" : "臺北市", "district" : "中山區", "nhi" : true, "data_time" : "2026-05-03 03:11:08", "pharmacy_per_10k" : 5.15}}, {"type" : "Feature", "geometry" : {"type" : "Point", "coordinates" : [121.5312441, 25.0604171]}, "properties" : {"id" : 184, "name" : "逸帆藥局", "address" : "臺北市中山區錦州街189號", "telephone" : "", "city" : "臺北市", "district" : "中山區", "nhi" : true, "data_time" : "2026-05-03 03:11:08", "pharmacy_per_10k" : 5.15}}, {"type" : "Feature", "geometry" : {"type" : "Point", "coordinates" : [121.5425691, 25.04838455]}, "properties" : {"id" : 185, "name" : "正傑健保藥局", "address" : "臺北市中山區長安東路二段181號", "telephone" : "(02)27310181", "city" : "臺北市", "district" : "中山區", "nhi" : true, "data_time" : "2026-05-03 03:11:08", "pharmacy_per_10k" : 5.15}}, {"type" : "Feature", "geometry" : {"type" : "Point", "coordinates" : [121.5250397, 25.05124953]}, "properties" : {"id" : 186, "name" : "中山藥局", "address" : "臺北市中山區林森北路128號", "telephone" : "(02)25236979", "city" : "臺北市", "district" : "中山區", "nhi" : true, "data_time" : "2026-05-03 03:11:08", "pharmacy_per_10k" : 5.15}}, {"type" : "Feature", "geometry" : {"type" : "Point", "coordinates" : [121.5492907, 25.08191229]}, "properties" : {"id" : 187, "name" : "保德明水藥局", "address" : "臺北市中山區北安路608巷4弄1號", "telephone" : "(02)85097769", "city" : "臺北市", "district" : "中山區", "nhi" : true, "data_time" : "2026-05-03 03:11:08", "pharmacy_per_10k" : 5.15}}, {"type" : "Feature", "geometry" : {"type" : "Point", "coordinates" : [121.5416596, 25.06011408]}, "properties" : {"id" : 188, "name" : "廣福中西藥局", "address" : "臺北市中山區錦州街406號", "telephone" : "(02)25189489", "city" : "臺北市", "district" : "中山區", "nhi" : true, "data_time" : "2026-05-03 03:11:08", "pharmacy_per_10k" : 5.15}}, {"type" : "Feature", "geometry" : {"type" : "Point", "coordinates" : [121.5486435, 25.08194407]}, "properties" : {"id" : 189, "name" : "大直健康藥局", "address" : "臺北市中山區北安路591號", "telephone" : "(02)25323310", "city" : "臺北市", "district" : "中山區", "nhi" : true, "data_time" : "2026-05-03 03:11:08", "pharmacy_per_10k" : 5.15}}, {"type" : "Feature", "geometry" : {"type" : "Point", "coordinates" : [121.5348918, 25.0530723]}, "properties" : {"id" : 190, "name" : "娸淇藥局", "address" : "臺北市中山區伊通街95號", "telephone" : "(02)25082762", "city" : "臺北市", "district" : "中山區", "nhi" : true, "data_time" : "2026-05-03 03:11:08", "pharmacy_per_10k" : 5.15}}, {"type" : "Feature", "geometry" : {"type" : "Point", "coordinates" : [121.5434646, 25.05615461]}, "properties" : {"id" : 191, "name" : "OK藥師藥局", "address" : "臺北市中山區興安街95號", "telephone" : "(02)25170068", "city" : "臺北市", "district" : "中山區", "nhi" : true, "data_time" : "2026-05-03 03:11:08", "pharmacy_per_10k" : 5.15}}, {"type" : "Feature", "geometry" : {"type" : "Point", "coordinates" : [121.5258714, 25.0504071]}, "properties" : {"id" : 192, "name" : "昶青林森藥局", "address" : "臺北市中山區林森北路119巷18號(1樓)", "telephone" : "(02)25639939", "city" : "臺北市", "district" : "中山區", "nhi" : true, "data_time" : "2026-05-03 03:11:08", "pharmacy_per_10k" : 5.15}}, {"type" : "Feature", "geometry" : {"type" : "Point", "coordinates" : [121.5257983, 25.06529877]}, "properties" : {"id" : 193, "name" : "麗恩藥局", "address" : "臺北市中山區林森北路575之5號", "telephone" : "(02)25981982", "city" : "臺北市", "district" : "中山區", "nhi" : true, "data_time" : "2026-05-03 03:11:08", "pharmacy_per_10k" : 5.15}}, {"type" : "Feature", "geometry" : {"type" : "Point", "coordinates" : [121.5410461, 25.06510644]}, "properties" : {"id" : 194, "name" : "建誠中西藥局", "address" : "臺北市中山區龍江路385之1號", "telephone" : "(02)25158608", "city" : "臺北市", "district" : "中山區", "nhi" : true, "data_time" : "2026-05-03 03:11:08", "pharmacy_per_10k" : 5.15}}, {"type" : "Feature", "geometry" : {"type" : "Point", "coordinates" : [121.5258246, 25.06647284]}, "properties" : {"id" : 195, "name" : "誠意中西藥局", "address" : "臺北市中山區林森北路613號", "telephone" : "(02)25950951", "city" : "臺北市", "district" : "中山區", "nhi" : true, "data_time" : "2026-05-03 03:11:08", "pharmacy_per_10k" : 5.15}}, {"type" : "Feature", "geometry" : {"type" : "Point", "coordinates" : [121.521914, 25.049564]}, "properties" : {"id" : 196, "name" : "長安藥局", "address" : "臺北市中山區長安東路2段171之2號(1樓)", "telephone" : "(02)27772740", "city" : "臺北市", "district" : "中山區", "nhi" : true, "data_time" : "2026-05-03 03:11:08", "pharmacy_per_10k" : 5.15}}, {"type" : "Feature", "geometry" : {"type" : "Point", "coordinates" : [121.5255056, 25.06232638]}, "properties" : {"id" : 197, "name" : "仁一藥局", "address" : "臺北市中山區林森北路520號", "telephone" : "(02)25711742", "city" : "臺北市", "district" : "中山區", "nhi" : true, "data_time" : "2026-05-03 03:11:08", "pharmacy_per_10k" : 5.15}}, {"type" : "Feature", "geometry" : {"type" : "Point", "coordinates" : [121.5487621, 25.08240974]}, "properties" : {"id" : 198, "name" : "大直小太陽藥局", "address" : "臺北市中山區北安路607-1號", "telephone" : "(02)85093208", "city" : "臺北市", "district" : "中山區", "nhi" : true, "data_time" : "2026-05-03 03:11:08", "pharmacy_per_10k" : 5.15}}, {"type" : "Feature", "geometry" : {"type" : "Point", "coordinates" : [121.5481721, 25.08072835]}, "properties" : {"id" : 199, "name" : "大直永安藥局", "address" : "臺北市中山區北安路567之2號", "telephone" : "(02)25332125", "city" : "臺北市", "district" : "中山區", "nhi" : true, "data_time" : "2026-05-03 03:11:08", "pharmacy_per_10k" : 5.15}}, {"type" : "Feature", "geometry" : {"type" : "Point", "coordinates" : [121.5464584, 25.07940104]}, "properties" : {"id" : 200, "name" : "元宏藥局", "address" : "臺北市中山區北安路458巷41弄49號", "telephone" : "(02)25339728", "city" : "臺北市", "district" : "中山區", "nhi" : true, "data_time" : "2026-05-03 03:11:08", "pharmacy_per_10k" : 5.15}}, {"type" : "Feature", "geometry" : {"type" : "Point", "coordinates" : [121.5321651, 25.06471241]}, "properties" : {"id" : 201, "name" : "聖晨藥局", "address" : "臺北市中山區農安街140號", "telephone" : "", "city" : "臺北市", "district" : "中山區", "nhi" : true, "data_time" : "2026-05-03 03:11:08", "pharmacy_per_10k" : 5.15}}, {"type" : "Feature", "geometry" : {"type" : "Point", "coordinates" : [121.532133, 25.0604103]}, "properties" : {"id" : 202, "name" : "錦州春天生活藥局", "address" : "臺北市中山區錦州街213號、213號2樓", "telephone" : "(02)25213586", "city" : "臺北市", "district" : "中山區", "nhi" : true, "data_time" : "2026-05-03 03:11:08", "pharmacy_per_10k" : 5.15}}, {"type" : "Feature", "geometry" : {"type" : "Point", "coordinates" : [121.5323456, 25.05495168]}, "properties" : {"id" : 203, "name" : "佳頤中西藥局", "address" : "臺北市中山區長春路147之1號", "telephone" : "(02)25641479", "city" : "臺北市", "district" : "中山區", "nhi" : true, "data_time" : "2026-05-03 03:11:08", "pharmacy_per_10k" : 5.15}}, {"type" : "Feature", "geometry" : {"type" : "Point", "coordinates" : [121.5346414, 25.06456845]}, "properties" : {"id" : 204, "name" : "康銓藥局", "address" : "臺北市中山區農安街174號", "telephone" : "(02)25039393", "city" : "臺北市", "district" : "中山區", "nhi" : true, "data_time" : "2026-05-03 03:11:08", "pharmacy_per_10k" : 5.15}}, {"type" : "Feature", "geometry" : {"type" : "Point", "coordinates" : [121.5408713, 25.06532285]}, "properties" : {"id" : 205, "name" : "禾全藥局", "address" : "臺北市中山區龍江路332號", "telephone" : "(02)25165721", "city" : "臺北市", "district" : "中山區", "nhi" : true, "data_time" : "2026-05-03 03:11:08", "pharmacy_per_10k" : 5.15}}, {"type" : "Feature", "geometry" : {"type" : "Point", "coordinates" : [121.5255679, 25.05588048]}, "properties" : {"id" : 206, "name" : "十二願藥局", "address" : "臺北市中山區林森北路309號", "telephone" : "", "city" : "臺北市", "district" : "中山區", "nhi" : true, "data_time" : "2026-05-03 03:11:08", "pharmacy_per_10k" : 5.15}}, {"type" : "Feature", "geometry" : {"type" : "Point", "coordinates" : [121.561177, 25.0812457]}, "properties" : {"id" : 207, "name" : "禾康藥局", "address" : "臺北市中山區植福路296號(實際營業地址:1層)", "telephone" : "", "city" : "臺北市", "district" : "中山區", "nhi" : true, "data_time" : "2026-05-03 03:11:08", "pharmacy_per_10k" : 5.15}}, {"type" : "Feature", "geometry" : {"type" : "Point", "coordinates" : [121.5406119, 25.05888538]}, "properties" : {"id" : 208, "name" : "大樹龍江藥局", "address" : "臺北市中山區龍江路242號", "telephone" : "(02)25035666", "city" : "臺北市", "district" : "中山區", "nhi" : true, "data_time" : "2026-05-03 03:11:08", "pharmacy_per_10k" : 5.15}}, {"type" : "Feature", "geometry" : {"type" : "Point", "coordinates" : [121.5303558, 25.05970358]}, "properties" : {"id" : 209, "name" : "安悅藥局", "address" : "臺北市中山區吉林路189號", "telephone" : "(02)25419879", "city" : "臺北市", "district" : "中山區", "nhi" : true, "data_time" : "2026-05-03 03:11:08", "pharmacy_per_10k" : 5.15}}, {"type" : "Feature", "geometry" : {"type" : "Point", "coordinates" : [121.5407535, 25.05476915]}, "properties" : {"id" : 210, "name" : "東東藥局", "address" : "臺北市中山區長春路257之2號1樓", "telephone" : "(02)25031730", "city" : "臺北市", "district" : "中山區", "nhi" : true, "data_time" : "2026-05-03 03:11:08", "pharmacy_per_10k" : 5.15}}, {"type" : "Feature", "geometry" : {"type" : "Point", "coordinates" : [121.5302839, 25.05618779]}, "properties" : {"id" : 211, "name" : "誠果中西藥局", "address" : "臺北市中山區吉林路101號1樓", "telephone" : "(02)25238563", "city" : "臺北市", "district" : "中山區", "nhi" : true, "data_time" : "2026-05-03 03:11:08", "pharmacy_per_10k" : 5.15}}, {"type" : "Feature", "geometry" : {"type" : "Point", "coordinates" : [121.5593333, 25.07951739]}, "properties" : {"id" : 212, "name" : "永育康暉藥局", "address" : "臺北市中山區樂群二路210之2號1樓", "telephone" : "(02)85012268", "city" : "臺北市", "district" : "中山區", "nhi" : true, "data_time" : "2026-05-03 03:11:08", "pharmacy_per_10k" : 5.15}}, {"type" : "Feature", "geometry" : {"type" : "Point", "coordinates" : [121.5257301, 25.0582221]}, "properties" : {"id" : 213, "name" : "可康藥局", "address" : "臺北市中山區林森北路373號(1樓)", "telephone" : "(02)25361078", "city" : "臺北市", "district" : "中山區", "nhi" : true, "data_time" : "2026-05-03 03:11:08", "pharmacy_per_10k" : 5.15}}, {"type" : "Feature", "geometry" : {"type" : "Point", "coordinates" : [121.5408634, 25.06127156]}, "properties" : {"id" : 214, "name" : "專品龍江藥局", "address" : "臺北市中山區龍江路311號1樓", "telephone" : "(02)25178870", "city" : "臺北市", "district" : "中山區", "nhi" : true, "data_time" : "2026-05-03 03:11:08", "pharmacy_per_10k" : 5.15}}, {"type" : "Feature", "geometry" : {"type" : "Point", "coordinates" : [121.5173744, 25.0308592]}, "properties" : {"id" : 1, "name" : "南昌大藥局", "address" : "臺北市中正區南昌路一段８６號一樓", "telephone" : "(02)23510322", "city" : "臺北市", "district" : "中正區", "nhi" : true, "data_time" : "2026-05-03 03:11:08", "pharmacy_per_10k" : 4.56}}, {"type" : "Feature", "geometry" : {"type" : "Point", "coordinates" : [121.5135504, 25.02623632]}, "properties" : {"id" : 2, "name" : "仁杏藥局", "address" : "臺北市中正區汀州路一段３８４號", "telephone" : "(02)23013621", "city" : "臺北市", "district" : "中正區", "nhi" : true, "data_time" : "2026-05-03 03:11:08", "pharmacy_per_10k" : 4.56}}, {"type" : "Feature", "geometry" : {"type" : "Point", "coordinates" : [121.5067622, 25.02999357]}, "properties" : {"id" : 3, "name" : "永興藥局", "address" : "臺北市中正區汀州路一段９２巷２８號", "telephone" : "(02)23050986", "city" : "臺北市", "district" : "中正區", "nhi" : true, "data_time" : "2026-05-03 03:11:08", "pharmacy_per_10k" : 4.56}}, {"type" : "Feature", "geometry" : {"type" : "Point", "coordinates" : [121.5243315, 25.02275147]}, "properties" : {"id" : 4, "name" : "華大藥局", "address" : "臺北市中正區金門街８號", "telephone" : "(02)23682425", "city" : "臺北市", "district" : "中正區", "nhi" : true, "data_time" : "2026-05-03 03:11:08", "pharmacy_per_10k" : 4.56}}, {"type" : "Feature", "geometry" : {"type" : "Point", "coordinates" : [121.5237191, 25.02236086]}, "properties" : {"id" : 5, "name" : "怡誠藥局", "address" : "臺北市中正區汀州路二段二一二號", "telephone" : "(02)23625100", "city" : "臺北市", "district" : "中正區", "nhi" : true, "data_time" : "2026-05-03 03:11:08", "pharmacy_per_10k" : 4.56}}, {"type" : "Feature", "geometry" : {"type" : "Point", "coordinates" : [121.512123, 25.04415718]}, "properties" : {"id" : 6, "name" : "建祥武昌藥局", "address" : "臺北市中正區武昌街1段29號1樓", "telephone" : "(02)23314038", "city" : "臺北市", "district" : "中正區", "nhi" : true, "data_time" : "2026-05-03 03:11:08", "pharmacy_per_10k" : 4.56}}, {"type" : "Feature", "geometry" : {"type" : "Point", "coordinates" : [121.5076476, 25.03025745]}, "properties" : {"id" : 7, "name" : "日生大藥局", "address" : "臺北市中正區汀州路一段５３號１樓", "telephone" : "(02)23031393", "city" : "臺北市", "district" : "中正區", "nhi" : true, "data_time" : "2026-05-03 03:11:08", "pharmacy_per_10k" : 4.56}}, {"type" : "Feature", "geometry" : {"type" : "Point", "coordinates" : [121.5108721, 25.02800107]}, "properties" : {"id" : 8, "name" : "三元藥局", "address" : "臺北市中正區三元街１５８號", "telephone" : "(02)23052839", "city" : "臺北市", "district" : "中正區", "nhi" : true, "data_time" : "2026-05-03 03:11:08", "pharmacy_per_10k" : 4.56}}, {"type" : "Feature", "geometry" : {"type" : "Point", "coordinates" : [121.5325212, 25.0411213]}, "properties" : {"id" : 9, "name" : "大安藥局", "address" : "臺北市中正區新生南路1段56巷2號(1樓)", "telephone" : "(02)23213186", "city" : "臺北市", "district" : "中正區", "nhi" : true, "data_time" : "2026-05-03 03:11:08", "pharmacy_per_10k" : 4.56}}, {"type" : "Feature", "geometry" : {"type" : "Point", "coordinates" : [121.5126292, 25.04220631]}, "properties" : {"id" : 10, "name" : "上海聯合藥局", "address" : "臺北市中正區衡陽路３２號１樓", "telephone" : "(02)23714797", "city" : "臺北市", "district" : "中正區", "nhi" : true, "data_time" : "2026-05-03 03:11:08", "pharmacy_per_10k" : 4.56}}, {"type" : "Feature", "geometry" : {"type" : "Point", "coordinates" : [121.5302985, 25.01654511]}, "properties" : {"id" : 11, "name" : "中心藥局", "address" : "臺北市中正區汀州路三段１２１號", "telephone" : "(02)23689889", "city" : "臺北市", "district" : "中正區", "nhi" : true, "data_time" : "2026-05-03 03:11:08", "pharmacy_per_10k" : 4.56}}, {"type" : "Feature", "geometry" : {"type" : "Point", "coordinates" : [121.530796, 25.03984849]}, "properties" : {"id" : 12, "name" : "楊藥局", "address" : "臺北市中正區臨沂街２９巷１８號", "telephone" : "(02)23414449", "city" : "臺北市", "district" : "中正區", "nhi" : true, "data_time" : "2026-05-03 03:11:08", "pharmacy_per_10k" : 4.56}}, {"type" : "Feature", "geometry" : {"type" : "Point", "coordinates" : [121.5239625, 25.04446127]}, "properties" : {"id" : 13, "name" : "和康大藥局", "address" : "臺北市中正區忠孝東路一段７８號１樓", "telephone" : "(02)23958181", "city" : "臺北市", "district" : "中正區", "nhi" : true, "data_time" : "2026-05-03 03:11:08", "pharmacy_per_10k" : 4.56}}, {"type" : "Feature", "geometry" : {"type" : "Point", "coordinates" : [121.5301226, 25.01666815]}, "properties" : {"id" : 14, "name" : "古亭藥局", "address" : "臺北市中正區汀州路三段１１７號", "telephone" : "", "city" : "臺北市", "district" : "中正區", "nhi" : true, "data_time" : "2026-05-03 03:11:08", "pharmacy_per_10k" : 4.56}}, {"type" : "Feature", "geometry" : {"type" : "Point", "coordinates" : [121.5182188, 25.03316149]}, "properties" : {"id" : 15, "name" : "新獻安藥局", "address" : "臺北市中正區羅斯福路一段１５號", "telephone" : "(02)23519891", "city" : "臺北市", "district" : "中正區", "nhi" : true, "data_time" : "2026-05-03 03:11:08", "pharmacy_per_10k" : 4.56}}, {"type" : "Feature", "geometry" : {"type" : "Point", "coordinates" : [121.5078466, 25.0348694]}, "properties" : {"id" : 16, "name" : "國杏藥師示範藥局", "address" : "臺北市中正區延平南路１７１巷３號", "telephone" : "(02)23811322", "city" : "臺北市", "district" : "中正區", "nhi" : true, "data_time" : "2026-05-03 03:11:08", "pharmacy_per_10k" : 4.56}}, {"type" : "Feature", "geometry" : {"type" : "Point", "coordinates" : [121.5300303, 25.01673271]}, "properties" : {"id" : 17, "name" : "東華藥局", "address" : "臺北市中正區汀州路三段一一三號", "telephone" : "(02)23640852", "city" : "臺北市", "district" : "中正區", "nhi" : true, "data_time" : "2026-05-03 03:11:08", "pharmacy_per_10k" : 4.56}}, {"type" : "Feature", "geometry" : {"type" : "Point", "coordinates" : [121.5301606, 25.03436039]}, "properties" : {"id" : 18, "name" : "連雲藥局", "address" : "臺北市中正區連雲街79號", "telephone" : "(02)23410504", "city" : "臺北市", "district" : "中正區", "nhi" : true, "data_time" : "2026-05-03 03:11:08", "pharmacy_per_10k" : 4.56}}, {"type" : "Feature", "geometry" : {"type" : "Point", "coordinates" : [121.512863, 25.04220736]}, "properties" : {"id" : 19, "name" : "合泰大藥局", "address" : "臺北市中正區衡陽路26號", "telephone" : "(02)23899977", "city" : "臺北市", "district" : "中正區", "nhi" : true, "data_time" : "2026-05-03 03:11:08", "pharmacy_per_10k" : 4.56}}, {"type" : "Feature", "geometry" : {"type" : "Point", "coordinates" : [121.5153922, 25.04349251]}, "properties" : {"id" : 20, "name" : "吉星藥局", "address" : "臺北市中正區襄陽路１９號１樓", "telephone" : "(02)23117779", "city" : "臺北市", "district" : "中正區", "nhi" : true, "data_time" : "2026-05-03 03:11:08", "pharmacy_per_10k" : 4.56}}, {"type" : "Feature", "geometry" : {"type" : "Point", "coordinates" : [121.517267, 25.030983]}, "properties" : {"id" : 21, "name" : "丞良藥局", "address" : "臺北市中正區南昌路一段７８號地下一樓", "telephone" : "(02)33938868", "city" : "臺北市", "district" : "中正區", "nhi" : true, "data_time" : "2026-05-03 03:11:08", "pharmacy_per_10k" : 4.56}}, {"type" : "Feature", "geometry" : {"type" : "Point", "coordinates" : [121.5234096, 25.04061204]}, "properties" : {"id" : 22, "name" : "慶安藥局", "address" : "臺北市中正區徐州路26號", "telephone" : "(02)23582385", "city" : "臺北市", "district" : "中正區", "nhi" : true, "data_time" : "2026-05-03 03:11:08", "pharmacy_per_10k" : 4.56}}, {"type" : "Feature", "geometry" : {"type" : "Point", "coordinates" : [121.5116217, 25.0269163]}, "properties" : {"id" : 23, "name" : "達昌藥局", "address" : "臺北市中正區汀州路一段207號", "telephone" : "(02)23390109", "city" : "臺北市", "district" : "中正區", "nhi" : true, "data_time" : "2026-05-03 03:11:08", "pharmacy_per_10k" : 4.56}}, {"type" : "Feature", "geometry" : {"type" : "Point", "coordinates" : [121.5242627, 25.02189463]}, "properties" : {"id" : 24, "name" : "大愛生活藥局", "address" : "臺北市中正區汀州路二段232號", "telephone" : "(02)23661155", "city" : "臺北市", "district" : "中正區", "nhi" : true, "data_time" : "2026-05-03 03:11:08", "pharmacy_per_10k" : 4.56}}, {"type" : "Feature", "geometry" : {"type" : "Point", "coordinates" : [121.5165555, 25.04416104]}, "properties" : {"id" : 25, "name" : "台醫藥局", "address" : "臺北市中正區公園路30巷4號", "telephone" : "(02)23141202", "city" : "臺北市", "district" : "中正區", "nhi" : true, "data_time" : "2026-05-03 03:11:08", "pharmacy_per_10k" : 4.56}}, {"type" : "Feature", "geometry" : {"type" : "Point", "coordinates" : [121.5189322, 25.02520581]}, "properties" : {"id" : 26, "name" : "佑康大藥局", "address" : "臺北市中正區汀州路2段115號1樓", "telephone" : "(02)23683602", "city" : "臺北市", "district" : "中正區", "nhi" : true, "data_time" : "2026-05-03 03:11:08", "pharmacy_per_10k" : 4.56}}, {"type" : "Feature", "geometry" : {"type" : "Point", "coordinates" : [121.5168566, 25.0444824]}, "properties" : {"id" : 27, "name" : "佳和藥局", "address" : "臺北市中正區黎明里公園路30號", "telephone" : "", "city" : "臺北市", "district" : "中正區", "nhi" : true, "data_time" : "2026-05-03 03:11:08", "pharmacy_per_10k" : 4.56}}, {"type" : "Feature", "geometry" : {"type" : "Point", "coordinates" : [121.5142319, 25.04507378]}, "properties" : {"id" : 28, "name" : "正康藥局", "address" : "臺北市中正區漢口街1段22號", "telephone" : "(02)23712831", "city" : "臺北市", "district" : "中正區", "nhi" : true, "data_time" : "2026-05-03 03:11:08", "pharmacy_per_10k" : 4.56}}, {"type" : "Feature", "geometry" : {"type" : "Point", "coordinates" : [121.5096102, 25.02490113]}, "properties" : {"id" : 29, "name" : "進達健保藥局", "address" : "臺北市中正區中華路二段453號", "telephone" : "(02)23039829", "city" : "臺北市", "district" : "中正區", "nhi" : true, "data_time" : "2026-05-03 03:11:08", "pharmacy_per_10k" : 4.56}}, {"type" : "Feature", "geometry" : {"type" : "Point", "coordinates" : [121.5061962, 25.02794934]}, "properties" : {"id" : 30, "name" : "活力健康藥妝藥局", "address" : "臺北市中正區中華路二段315巷1號", "telephone" : "(02)23392625", "city" : "臺北市", "district" : "中正區", "nhi" : true, "data_time" : "2026-05-03 03:11:08", "pharmacy_per_10k" : 4.56}}, {"type" : "Feature", "geometry" : {"type" : "Point", "coordinates" : [121.5185922, 25.0295324]}, "properties" : {"id" : 31, "name" : "信康藥局", "address" : "臺北市中正區南昌路一段143號", "telephone" : "(02)23961979", "city" : "臺北市", "district" : "中正區", "nhi" : true, "data_time" : "2026-05-03 03:11:08", "pharmacy_per_10k" : 4.56}}, {"type" : "Feature", "geometry" : {"type" : "Point", "coordinates" : [121.5042504, 25.03101283]}, "properties" : {"id" : 32, "name" : "保德中華藥局", "address" : "臺北市中正區中華路二段159號", "telephone" : "(02)23027720", "city" : "臺北市", "district" : "中正區", "nhi" : true, "data_time" : "2026-05-03 03:11:08", "pharmacy_per_10k" : 4.56}}, {"type" : "Feature", "geometry" : {"type" : "Point", "coordinates" : [121.5263958, 25.034666]}, "properties" : {"id" : 33, "name" : "71恩典藥局", "address" : "臺北市中正區信義路二段71號", "telephone" : "(02)23223371", "city" : "臺北市", "district" : "中正區", "nhi" : true, "data_time" : "2026-05-03 03:11:08", "pharmacy_per_10k" : 4.56}}, {"type" : "Feature", "geometry" : {"type" : "Point", "coordinates" : [121.5109466, 25.02735594]}, "properties" : {"id" : 34, "name" : "豐仁藥局", "address" : "臺北市中正區寧波西街161號", "telephone" : "(02)23033908", "city" : "臺北市", "district" : "中正區", "nhi" : true, "data_time" : "2026-05-03 03:11:08", "pharmacy_per_10k" : 4.56}}, {"type" : "Feature", "geometry" : {"type" : "Point", "coordinates" : [121.5326126, 25.04322641]}, "properties" : {"id" : 35, "name" : "立赫健保藥局", "address" : "臺北市中正區新生南路一段16之2號", "telephone" : "(02)33223231", "city" : "臺北市", "district" : "中正區", "nhi" : true, "data_time" : "2026-05-03 03:11:08", "pharmacy_per_10k" : 4.56}}, {"type" : "Feature", "geometry" : {"type" : "Point", "coordinates" : [121.506273, 25.02782978]}, "properties" : {"id" : 36, "name" : "宏越藥局", "address" : "臺北市中正區中華路2段319號1樓", "telephone" : "(02)23050880", "city" : "臺北市", "district" : "中正區", "nhi" : true, "data_time" : "2026-05-03 03:11:08", "pharmacy_per_10k" : 4.56}}, {"type" : "Feature", "geometry" : {"type" : "Point", "coordinates" : [121.5105356, 25.04645058]}, "properties" : {"id" : 37, "name" : "大盛藥局", "address" : "臺北市中正區中華路一段21巷16號", "telephone" : "(02)23316807", "city" : "臺北市", "district" : "中正區", "nhi" : true, "data_time" : "2026-05-03 03:11:08", "pharmacy_per_10k" : 4.56}}, {"type" : "Feature", "geometry" : {"type" : "Point", "coordinates" : [121.5177666, 25.04498758]}, "properties" : {"id" : 38, "name" : "北車維康藥局", "address" : "臺北市中正區青島西路11號", "telephone" : "(02)23613509", "city" : "臺北市", "district" : "中正區", "nhi" : true, "data_time" : "2026-05-03 03:11:08", "pharmacy_per_10k" : 4.56}}, {"type" : "Feature", "geometry" : {"type" : "Point", "coordinates" : [121.5180284, 25.04582575]}, "properties" : {"id" : 39, "name" : "和眾藥局", "address" : "臺北市中正區忠孝西路一段6號", "telephone" : "(02)23911393", "city" : "臺北市", "district" : "中正區", "nhi" : true, "data_time" : "2026-05-03 03:11:08", "pharmacy_per_10k" : 4.56}}, {"type" : "Feature", "geometry" : {"type" : "Point", "coordinates" : [121.5073633, 25.03483495]}, "properties" : {"id" : 40, "name" : "躍獅南門藥局", "address" : "臺北市中正區中華路二段39巷10號", "telephone" : "(02)23141111", "city" : "臺北市", "district" : "中正區", "nhi" : true, "data_time" : "2026-05-03 03:11:08", "pharmacy_per_10k" : 4.56}}, {"type" : "Feature", "geometry" : {"type" : "Point", "coordinates" : [121.5202152, 25.03175306]}, "properties" : {"id" : 41, "name" : "桐心藥局", "address" : "臺北市中正區金華街18之6號1樓", "telephone" : "(02)23581663", "city" : "臺北市", "district" : "中正區", "nhi" : true, "data_time" : "2026-05-03 03:11:08", "pharmacy_per_10k" : 4.56}}, {"type" : "Feature", "geometry" : {"type" : "Point", "coordinates" : [121.517452, 25.03106799]}, "properties" : {"id" : 42, "name" : "珍忻藥局", "address" : "臺北市中正區南昌路一段65號", "telephone" : "(02)23965115", "city" : "臺北市", "district" : "中正區", "nhi" : true, "data_time" : "2026-05-03 03:11:08", "pharmacy_per_10k" : 4.56}}, {"type" : "Feature", "geometry" : {"type" : "Point", "coordinates" : [121.5299712, 25.03454651]}, "properties" : {"id" : 43, "name" : "博昱連雲藥局", "address" : "臺北市中正區連雲街72號、72之1號", "telephone" : "(02)23581898", "city" : "臺北市", "district" : "中正區", "nhi" : true, "data_time" : "2026-05-03 03:11:08", "pharmacy_per_10k" : 4.56}}, {"type" : "Feature", "geometry" : {"type" : "Point", "coordinates" : [121.5088598, 25.02539709]}, "properties" : {"id" : 44, "name" : "鈞安藥局", "address" : "臺北市中正區中華路2段425號1樓", "telephone" : "(02)23098282", "city" : "臺北市", "district" : "中正區", "nhi" : true, "data_time" : "2026-05-03 03:11:08", "pharmacy_per_10k" : 4.56}}, {"type" : "Feature", "geometry" : {"type" : "Point", "coordinates" : [121.5198716, 25.0421407]}, "properties" : {"id" : 45, "name" : "躍獅東門藥局", "address" : "臺北市中正區金山南路1段108之1號(1樓)", "telephone" : "(02)23920339", "city" : "臺北市", "district" : "中正區", "nhi" : true, "data_time" : "2026-05-03 03:11:08", "pharmacy_per_10k" : 4.56}}, {"type" : "Feature", "geometry" : {"type" : "Point", "coordinates" : [121.5219845, 25.02403149]}, "properties" : {"id" : 46, "name" : "康呈安藥局", "address" : "臺北市中正區汀州路2段187號1樓", "telephone" : "(02)23672215", "city" : "臺北市", "district" : "中正區", "nhi" : true, "data_time" : "2026-05-03 03:11:08", "pharmacy_per_10k" : 4.56}}, {"type" : "Feature", "geometry" : {"type" : "Point", "coordinates" : [121.511146, 25.0269395]}, "properties" : {"id" : 47, "name" : "汀州藥局", "address" : "臺北市中正區汀州路1段187、189、191號(1樓)", "telephone" : "(02)23090705", "city" : "臺北市", "district" : "中正區", "nhi" : true, "data_time" : "2026-05-03 03:11:08", "pharmacy_per_10k" : 4.56}}, {"type" : "Feature", "geometry" : {"type" : "Point", "coordinates" : [121.5111801, 25.04299801]}, "properties" : {"id" : 48, "name" : "中英大藥局", "address" : "臺北市中正區永綏街6號1樓", "telephone" : "(02)23615654", "city" : "臺北市", "district" : "中正區", "nhi" : true, "data_time" : "2026-05-03 03:11:08", "pharmacy_per_10k" : 4.56}}, {"type" : "Feature", "geometry" : {"type" : "Point", "coordinates" : [121.5115032, 25.04591542]}, "properties" : {"id" : 49, "name" : "子榕藥局", "address" : "臺北市中正區博愛路9號3樓", "telephone" : "(02)23116993", "city" : "臺北市", "district" : "中正區", "nhi" : true, "data_time" : "2026-05-03 03:11:08", "pharmacy_per_10k" : 4.56}}, {"type" : "Feature", "geometry" : {"type" : "Point", "coordinates" : [121.5074698, 25.0347608]}, "properties" : {"id" : 50, "name" : "愛國藥局", "address" : "臺北市中正區延平南路210號(1樓)", "telephone" : "(02)23826211", "city" : "臺北市", "district" : "中正區", "nhi" : true, "data_time" : "2026-05-03 03:11:08", "pharmacy_per_10k" : 4.56}}, {"type" : "Feature", "geometry" : {"type" : "Point", "coordinates" : [121.5155382, 25.04349556]}, "properties" : {"id" : 51, "name" : "中力藥局", "address" : "臺北市中正區襄陽路13之5號1樓、15號(1樓)", "telephone" : "(02)23313768", "city" : "臺北市", "district" : "中正區", "nhi" : true, "data_time" : "2026-05-03 03:11:08", "pharmacy_per_10k" : 4.56}}, {"type" : "Feature", "geometry" : {"type" : "Point", "coordinates" : [121.516754, 25.04410123]}, "properties" : {"id" : 52, "name" : "專品公園藥局", "address" : "臺北市中正區公園路32號1樓", "telephone" : "(02)23142338", "city" : "臺北市", "district" : "中正區", "nhi" : true, "data_time" : "2026-05-03 03:11:08", "pharmacy_per_10k" : 4.56}}, {"type" : "Feature", "geometry" : {"type" : "Point", "coordinates" : [121.5131885, 25.02632858]}, "properties" : {"id" : 53, "name" : "日上藥局", "address" : "臺北市中正區汀州路1段366號1樓、368號1樓", "telephone" : "(02)23378096", "city" : "臺北市", "district" : "中正區", "nhi" : true, "data_time" : "2026-05-03 03:11:08", "pharmacy_per_10k" : 4.56}}, {"type" : "Feature", "geometry" : {"type" : "Point", "coordinates" : [121.506759, 25.03496529]}, "properties" : {"id" : 54, "name" : "博醫和平藥局", "address" : "臺北市中正區中華路2段75巷1弄39號1樓", "telephone" : "(02)23120053", "city" : "臺北市", "district" : "中正區", "nhi" : true, "data_time" : "2026-05-03 03:11:08", "pharmacy_per_10k" : 4.56}}, {"type" : "Feature", "geometry" : {"type" : "Point", "coordinates" : [121.5268527, 25.043762]}, "properties" : {"id" : 55, "name" : "臨沂中西藥局", "address" : "臺北市中正區忠孝東路2段134巷26號(1樓)", "telephone" : "", "city" : "臺北市", "district" : "中正區", "nhi" : true, "data_time" : "2026-05-03 03:11:08", "pharmacy_per_10k" : 4.56}}, {"type" : "Feature", "geometry" : {"type" : "Point", "coordinates" : [121.5178122, 25.03057386]}, "properties" : {"id" : 56, "name" : "躍獅南寧藥局", "address" : "臺北市中正區南昌路1段81號1樓", "telephone" : "(02)23967072", "city" : "臺北市", "district" : "中正區", "nhi" : true, "data_time" : "2026-05-03 03:11:08", "pharmacy_per_10k" : 4.56}}, {"type" : "Feature", "geometry" : {"type" : "Point", "coordinates" : [121.5171172, 25.03120561]}, "properties" : {"id" : 57, "name" : "專品南昌藥局", "address" : "臺北市中正區南昌路1段66號1樓", "telephone" : "(02)23560069", "city" : "臺北市", "district" : "中正區", "nhi" : true, "data_time" : "2026-05-03 03:11:08", "pharmacy_per_10k" : 4.56}}, {"type" : "Feature", "geometry" : {"type" : "Point", "coordinates" : [121.5115032, 25.04591542]}, "properties" : {"id" : 58, "name" : "利保肝博愛藥局", "address" : "臺北市中正區博愛路9號1樓", "telephone" : "(02)23123119", "city" : "臺北市", "district" : "中正區", "nhi" : true, "data_time" : "2026-05-03 03:11:08", "pharmacy_per_10k" : 4.56}}, {"type" : "Feature", "geometry" : {"type" : "Point", "coordinates" : [121.5187816, 25.0292682]}, "properties" : {"id" : 59, "name" : "南昌春天藥局", "address" : "臺北市中正區南昌路1段157號1樓", "telephone" : "(02)23972886", "city" : "臺北市", "district" : "中正區", "nhi" : true, "data_time" : "2026-05-03 03:11:08", "pharmacy_per_10k" : 4.56}}, {"type" : "Feature", "geometry" : {"type" : "Point", "coordinates" : [121.5275891, 25.0351731]}, "properties" : {"id" : 60, "name" : "健歆藥局", "address" : "臺北市中正區金山南路1段139號1樓", "telephone" : "(02)23912858", "city" : "臺北市", "district" : "中正區", "nhi" : true, "data_time" : "2026-05-03 03:11:08", "pharmacy_per_10k" : 4.56}}, {"type" : "Feature", "geometry" : {"type" : "Point", "coordinates" : [121.5063729, 25.03508199]}, "properties" : {"id" : 61, "name" : "和平藥局", "address" : "臺北市中正區中華路2段43號1樓", "telephone" : "(02)23755303", "city" : "臺北市", "district" : "中正區", "nhi" : true, "data_time" : "2026-05-03 03:11:08", "pharmacy_per_10k" : 4.56}}, {"type" : "Feature", "geometry" : {"type" : "Point", "coordinates" : [121.516969, 25.04485133]}, "properties" : {"id" : 62, "name" : "立赫景福藥局", "address" : "臺北市中正區公園路28號1樓", "telephone" : "(02)23616162", "city" : "臺北市", "district" : "中正區", "nhi" : true, "data_time" : "2026-05-03 03:11:08", "pharmacy_per_10k" : 4.56}}, {"type" : "Feature", "geometry" : {"type" : "Point", "coordinates" : [121.5170434, 25.0454278]}, "properties" : {"id" : 63, "name" : "十二願禮藥局", "address" : "臺北市中正區許昌街4號(1樓)", "telephone" : "(02)23143004", "city" : "臺北市", "district" : "中正區", "nhi" : true, "data_time" : "2026-05-03 03:11:08", "pharmacy_per_10k" : 4.56}}, {"type" : "Feature", "geometry" : {"type" : "Point", "coordinates" : [121.5183291, 25.0295693]}, "properties" : {"id" : 64, "name" : "森詠藥局", "address" : "臺北市中正區南昌路1段130號1樓", "telephone" : "(02)23962120", "city" : "臺北市", "district" : "中正區", "nhi" : true, "data_time" : "2026-05-03 03:11:08", "pharmacy_per_10k" : 4.56}}, {"type" : "Feature", "geometry" : {"type" : "Point", "coordinates" : [121.5289806, 25.04071163]}, "properties" : {"id" : 65, "name" : "華山原美學藥局", "address" : "臺北市中正區金山南路1段58號6樓", "telephone" : "(02)23940150", "city" : "臺北市", "district" : "中正區", "nhi" : true, "data_time" : "2026-05-03 03:11:08", "pharmacy_per_10k" : 4.56}}, {"type" : "Feature", "geometry" : {"type" : "Point", "coordinates" : [121.5271509, 25.04162388]}, "properties" : {"id" : 66, "name" : "崇信藥局", "address" : "臺北市中正區齊東街８８號", "telephone" : "(02)23417557", "city" : "臺北市", "district" : "中正區", "nhi" : true, "data_time" : "2026-05-03 03:11:08", "pharmacy_per_10k" : 4.56}}, {"type" : "Feature", "geometry" : {"type" : "Point", "coordinates" : [121.5305404, 25.040599]}, "properties" : {"id" : 67, "name" : "民生藥局", "address" : "臺北市中正區濟南路二段45之1號", "telephone" : "(02)23416470", "city" : "臺北市", "district" : "中正區", "nhi" : true, "data_time" : "2026-05-03 03:11:08", "pharmacy_per_10k" : 4.56}}, {"type" : "Feature", "geometry" : {"type" : "Point", "coordinates" : [121.5168723, 25.04469998]}, "properties" : {"id" : 68, "name" : "新德星中西藥局", "address" : "臺北市中正區信陽街３號１樓", "telephone" : "(02)23614598", "city" : "臺北市", "district" : "中正區", "nhi" : true, "data_time" : "2026-05-03 03:11:08", "pharmacy_per_10k" : 4.56}}, {"type" : "Feature", "geometry" : {"type" : "Point", "coordinates" : [121.5283109, 25.0353619]}, "properties" : {"id" : 69, "name" : "東鴻藥局", "address" : "臺北市中正區臨沂街７１巷３號", "telephone" : "(02)23218648", "city" : "臺北市", "district" : "中正區", "nhi" : true, "data_time" : "2026-05-03 03:11:08", "pharmacy_per_10k" : 4.56}}, {"type" : "Feature", "geometry" : {"type" : "Point", "coordinates" : [121.5269142, 25.035225]}, "properties" : {"id" : 70, "name" : "祥全藥局", "address" : "臺北市中正區信義路二段７９巷１５號之８一樓", "telephone" : "(02)23939339", "city" : "臺北市", "district" : "中正區", "nhi" : true, "data_time" : "2026-05-03 03:11:08", "pharmacy_per_10k" : 4.56}}, {"type" : "Feature", "geometry" : {"type" : "Point", "coordinates" : [121.5778396, 25.03890046]}, "properties" : {"id" : 462, "name" : "詠晴中西藥局", "address" : "臺北市信義區松山路484之4號1樓(含夾層)", "telephone" : "(02)27266890", "city" : "臺北市", "district" : "信義區", "nhi" : true, "data_time" : "2026-05-03 03:11:08", "pharmacy_per_10k" : 4.11}}, {"type" : "Feature", "geometry" : {"type" : "Point", "coordinates" : [121.5652968, 25.0406521]}, "properties" : {"id" : 463, "name" : "康楊藥局", "address" : "臺北市信義區忠孝東路5段412之1號(1樓)", "telephone" : "", "city" : "臺北市", "district" : "信義區", "nhi" : true, "data_time" : "2026-05-03 03:11:08", "pharmacy_per_10k" : 4.11}}, {"type" : "Feature", "geometry" : {"type" : "Point", "coordinates" : [121.5563493, 25.02751012]}, "properties" : {"id" : 464, "name" : "柏愛藥局", "address" : "臺北市信義區基隆路2段131之20號1樓", "telephone" : "(02)27325472", "city" : "臺北市", "district" : "信義區", "nhi" : true, "data_time" : "2026-05-03 03:11:08", "pharmacy_per_10k" : 4.11}}, {"type" : "Feature", "geometry" : {"type" : "Point", "coordinates" : [121.5775776, 25.03597844]}, "properties" : {"id" : 465, "name" : "保順大藥局", "address" : "臺北市信義區信義路6段93號1樓", "telephone" : "(02)27270799", "city" : "臺北市", "district" : "信義區", "nhi" : true, "data_time" : "2026-05-03 03:11:08", "pharmacy_per_10k" : 4.11}}, {"type" : "Feature", "geometry" : {"type" : "Point", "coordinates" : [121.5652968, 25.0406521]}, "properties" : {"id" : 466, "name" : "十二願玥藥局", "address" : "臺北市信義區忠孝東路5段21號(1樓)", "telephone" : "(02)27563123", "city" : "臺北市", "district" : "信義區", "nhi" : true, "data_time" : "2026-05-03 03:11:08", "pharmacy_per_10k" : 4.11}}, {"type" : "Feature", "geometry" : {"type" : "Point", "coordinates" : [121.57957, 25.0373999]}, "properties" : {"id" : 467, "name" : "上禾藥師藥局", "address" : "臺北市信義區林口街24巷4號", "telephone" : "(02)27611133", "city" : "臺北市", "district" : "信義區", "nhi" : true, "data_time" : "2026-05-03 03:11:08", "pharmacy_per_10k" : 4.11}}, {"type" : "Feature", "geometry" : {"type" : "Point", "coordinates" : [121.5666938, 25.04064778]}, "properties" : {"id" : 468, "name" : "健生活國泰置地藥局", "address" : "臺北市信義區忠孝東路5段68號24樓", "telephone" : "(02)87862222", "city" : "臺北市", "district" : "信義區", "nhi" : true, "data_time" : "2026-05-03 03:11:08", "pharmacy_per_10k" : 4.11}}, {"type" : "Feature", "geometry" : {"type" : "Point", "coordinates" : [121.5718249, 25.04354912]}, "properties" : {"id" : 469, "name" : "新資生北信義大藥局", "address" : "臺北市信義區永吉路180巷67弄5號1樓", "telephone" : "(02)77505125", "city" : "臺北市", "district" : "信義區", "nhi" : true, "data_time" : "2026-05-03 03:11:08", "pharmacy_per_10k" : 4.11}}, {"type" : "Feature", "geometry" : {"type" : "Point", "coordinates" : [121.5576928, 25.03529704]}, "properties" : {"id" : 470, "name" : "合生光復藥局", "address" : "臺北市信義區光復南路447號1樓", "telephone" : "(02)27582932", "city" : "臺北市", "district" : "信義區", "nhi" : true, "data_time" : "2026-05-03 03:11:08", "pharmacy_per_10k" : 4.11}}, {"type" : "Feature", "geometry" : {"type" : "Point", "coordinates" : [121.5657863, 25.02799173]}, "properties" : {"id" : 471, "name" : "呼嚕嚕藥局", "address" : "臺北市信義區莊敬路391巷6號1樓", "telephone" : "(02)27200003", "city" : "臺北市", "district" : "信義區", "nhi" : true, "data_time" : "2026-05-03 03:11:08", "pharmacy_per_10k" : 4.11}}, {"type" : "Feature", "geometry" : {"type" : "Point", "coordinates" : [121.576686, 25.0389681]}, "properties" : {"id" : 472, "name" : "松德台安藥局", "address" : "臺北市信義區松德路40號(1樓)", "telephone" : "(02)87891622", "city" : "臺北市", "district" : "信義區", "nhi" : true, "data_time" : "2026-05-03 03:11:08", "pharmacy_per_10k" : 4.11}}, {"type" : "Feature", "geometry" : {"type" : "Point", "coordinates" : [121.5752404, 25.03919527]}, "properties" : {"id" : 473, "name" : "永樂藥局", "address" : "臺北市信義區忠孝東路5段372巷27弄64號1樓", "telephone" : "(02)86475177", "city" : "臺北市", "district" : "信義區", "nhi" : true, "data_time" : "2026-05-03 03:11:08", "pharmacy_per_10k" : 4.11}}, {"type" : "Feature", "geometry" : {"type" : "Point", "coordinates" : [121.5783271, 25.0375812]}, "properties" : {"id" : 474, "name" : "天康文豐藥局", "address" : "臺北市信義區松山路543之1號(1樓)", "telephone" : "(02)28200106", "city" : "臺北市", "district" : "信義區", "nhi" : true, "data_time" : "2026-05-03 03:11:08", "pharmacy_per_10k" : 4.11}}, {"type" : "Feature", "geometry" : {"type" : "Point", "coordinates" : [121.5697489, 25.02369281]}, "properties" : {"id" : 475, "name" : "康怡健保藥局", "address" : "臺北市信義區吳興街467巷2弄18號1樓", "telephone" : "(02)27206193", "city" : "臺北市", "district" : "信義區", "nhi" : true, "data_time" : "2026-05-03 03:11:08", "pharmacy_per_10k" : 4.11}}, {"type" : "Feature", "geometry" : {"type" : "Point", "coordinates" : [121.569584, 25.02425301]}, "properties" : {"id" : 476, "name" : "必欣藥局", "address" : "臺北市信義區松仁路２６４號", "telephone" : "(02)27225060", "city" : "臺北市", "district" : "信義區", "nhi" : true, "data_time" : "2026-05-03 03:11:08", "pharmacy_per_10k" : 4.11}}, {"type" : "Feature", "geometry" : {"type" : "Point", "coordinates" : [121.5823358, 25.04135926]}, "properties" : {"id" : 477, "name" : "臺陽藥局", "address" : "臺北市信義區大道路６１號", "telephone" : "(02)27283403", "city" : "臺北市", "district" : "信義區", "nhi" : true, "data_time" : "2026-05-03 03:11:08", "pharmacy_per_10k" : 4.11}}, {"type" : "Feature", "geometry" : {"type" : "Point", "coordinates" : [121.5770735, 25.04604214]}, "properties" : {"id" : 478, "name" : "松隆藥局", "address" : "臺北市信義區虎林街65號", "telephone" : "(02)27684033", "city" : "臺北市", "district" : "信義區", "nhi" : true, "data_time" : "2026-05-03 03:11:08", "pharmacy_per_10k" : 4.11}}, {"type" : "Feature", "geometry" : {"type" : "Point", "coordinates" : [121.5752982, 25.03975607]}, "properties" : {"id" : 479, "name" : "杏康藥局", "address" : "臺北市信義區忠孝東路五段３７２巷２７弄６８－２號１樓", "telephone" : "(02)23457422", "city" : "臺北市", "district" : "信義區", "nhi" : true, "data_time" : "2026-05-03 03:11:08", "pharmacy_per_10k" : 4.11}}, {"type" : "Feature", "geometry" : {"type" : "Point", "coordinates" : [121.5776571, 25.04256147]}, "properties" : {"id" : 480, "name" : "慧生藥局", "address" : "臺北市信義區松山路３１０號", "telephone" : "(02)27647138", "city" : "臺北市", "district" : "信義區", "nhi" : true, "data_time" : "2026-05-03 03:11:08", "pharmacy_per_10k" : 4.11}}, {"type" : "Feature", "geometry" : {"type" : "Point", "coordinates" : [121.5653361, 25.04221567]}, "properties" : {"id" : 481, "name" : "鼎泰藥局", "address" : "臺北市信義區基隆路一段１５５號１樓", "telephone" : "(02)27620617", "city" : "臺北市", "district" : "信義區", "nhi" : true, "data_time" : "2026-05-03 03:11:08", "pharmacy_per_10k" : 4.11}}, {"type" : "Feature", "geometry" : {"type" : "Point", "coordinates" : [121.5781324, 25.04526447]}, "properties" : {"id" : 482, "name" : "松山大藥局", "address" : "臺北市信義區永吉路４３６號", "telephone" : "(02)27600097", "city" : "臺北市", "district" : "信義區", "nhi" : true, "data_time" : "2026-05-03 03:11:08", "pharmacy_per_10k" : 4.11}}, {"type" : "Feature", "geometry" : {"type" : "Point", "coordinates" : [121.560471, 25.03703621]}, "properties" : {"id" : 483, "name" : "信隆藥局", "address" : "臺北市信義區仁愛路四段496巷5號", "telephone" : "(02)27296953", "city" : "臺北市", "district" : "信義區", "nhi" : true, "data_time" : "2026-05-03 03:11:08", "pharmacy_per_10k" : 4.11}}, {"type" : "Feature", "geometry" : {"type" : "Point", "coordinates" : [121.5620058, 25.02895804]}, "properties" : {"id" : 484, "name" : "力康藥局", "address" : "臺北市信義區吳興街１６６－１號１樓", "telephone" : "(02)27375368", "city" : "臺北市", "district" : "信義區", "nhi" : true, "data_time" : "2026-05-03 03:11:08", "pharmacy_per_10k" : 4.11}}, {"type" : "Feature", "geometry" : {"type" : "Point", "coordinates" : [121.5641935, 25.02658092]}, "properties" : {"id" : 485, "name" : "吳興藥局", "address" : "臺北市信義區吳興街二七九號一樓", "telephone" : "(02)27208328", "city" : "臺北市", "district" : "信義區", "nhi" : true, "data_time" : "2026-05-03 03:11:08", "pharmacy_per_10k" : 4.11}}, {"type" : "Feature", "geometry" : {"type" : "Point", "coordinates" : [121.5854369, 25.04032985]}, "properties" : {"id" : 486, "name" : "良美藥局", "address" : "臺北市信義區福德街268巷37號", "telephone" : "(02)27593659", "city" : "臺北市", "district" : "信義區", "nhi" : true, "data_time" : "2026-05-03 03:11:08", "pharmacy_per_10k" : 4.11}}, {"type" : "Feature", "geometry" : {"type" : "Point", "coordinates" : [121.5643486, 25.0265588]}, "properties" : {"id" : 487, "name" : "福華藥局", "address" : "臺北市信義區吳興街２８１巷３號１樓", "telephone" : "(02)27208527", "city" : "臺北市", "district" : "信義區", "nhi" : true, "data_time" : "2026-05-03 03:11:08", "pharmacy_per_10k" : 4.11}}, {"type" : "Feature", "geometry" : {"type" : "Point", "coordinates" : [121.5782134, 25.03609127]}, "properties" : {"id" : 488, "name" : "老上德藥局", "address" : "臺北市信義區信義路六段１１８號", "telephone" : "(02)27273864", "city" : "臺北市", "district" : "信義區", "nhi" : true, "data_time" : "2026-05-03 03:11:08", "pharmacy_per_10k" : 4.11}}, {"type" : "Feature", "geometry" : {"type" : "Point", "coordinates" : [121.5577405, 25.03448509]}, "properties" : {"id" : 489, "name" : "光成藥局", "address" : "臺北市信義區光復南路４５７號之３", "telephone" : "(02)27587069", "city" : "臺北市", "district" : "信義區", "nhi" : true, "data_time" : "2026-05-03 03:11:08", "pharmacy_per_10k" : 4.11}}, {"type" : "Feature", "geometry" : {"type" : "Point", "coordinates" : [121.5606311, 25.03056223]}, "properties" : {"id" : 490, "name" : "大順安藥局", "address" : "臺北市信義區吳興街８４號", "telephone" : "(02)27360639", "city" : "臺北市", "district" : "信義區", "nhi" : true, "data_time" : "2026-05-03 03:11:08", "pharmacy_per_10k" : 4.11}}, {"type" : "Feature", "geometry" : {"type" : "Point", "coordinates" : [121.5779913, 25.04144301]}, "properties" : {"id" : 491, "name" : "立信藥局", "address" : "臺北市信義區松山路４０３號１樓", "telephone" : "(02)27687754", "city" : "臺北市", "district" : "信義區", "nhi" : true, "data_time" : "2026-05-03 03:11:08", "pharmacy_per_10k" : 4.11}}, {"type" : "Feature", "geometry" : {"type" : "Point", "coordinates" : [121.5752869, 25.03751627]}, "properties" : {"id" : 492, "name" : "喜樂藥局", "address" : "臺北市信義區松德路125號", "telephone" : "(02)27275797", "city" : "臺北市", "district" : "信義區", "nhi" : true, "data_time" : "2026-05-03 03:11:08", "pharmacy_per_10k" : 4.11}}, {"type" : "Feature", "geometry" : {"type" : "Point", "coordinates" : [121.5763774, 25.04336423]}, "properties" : {"id" : 493, "name" : "馨馨藥局", "address" : "臺北市信義區虎林街82巷19號", "telephone" : "", "city" : "臺北市", "district" : "信義區", "nhi" : true, "data_time" : "2026-05-03 03:11:08", "pharmacy_per_10k" : 4.11}}, {"type" : "Feature", "geometry" : {"type" : "Point", "coordinates" : [121.5744261, 25.0453699]}, "properties" : {"id" : 494, "name" : "信義盛康藥局", "address" : "臺北市信義區永吉路286號（1樓）", "telephone" : "(02)23460521", "city" : "臺北市", "district" : "信義區", "nhi" : true, "data_time" : "2026-05-03 03:11:08", "pharmacy_per_10k" : 4.11}}, {"type" : "Feature", "geometry" : {"type" : "Point", "coordinates" : [121.5635133, 25.02442146]}, "properties" : {"id" : 495, "name" : "新資生北醫大藥局", "address" : "臺北市信義區吳興街284巷24弄1之1號1樓", "telephone" : "(02)23777588", "city" : "臺北市", "district" : "信義區", "nhi" : true, "data_time" : "2026-05-03 03:11:08", "pharmacy_per_10k" : 4.11}}, {"type" : "Feature", "geometry" : {"type" : "Point", "coordinates" : [121.5769301, 25.04716841]}, "properties" : {"id" : 496, "name" : "小熊藥局", "address" : "臺北市信義區虎林街57之1號1樓", "telephone" : "(02)27495833", "city" : "臺北市", "district" : "信義區", "nhi" : true, "data_time" : "2026-05-03 03:11:08", "pharmacy_per_10k" : 4.11}}, {"type" : "Feature", "geometry" : {"type" : "Point", "coordinates" : [121.5797196, 25.0487903]}, "properties" : {"id" : 497, "name" : "松美藥局", "address" : "臺北市信義區市民大道6段320號(1樓)", "telephone" : "(02)27651099", "city" : "臺北市", "district" : "信義區", "nhi" : true, "data_time" : "2026-05-03 03:11:08", "pharmacy_per_10k" : 4.11}}, {"type" : "Feature", "geometry" : {"type" : "Point", "coordinates" : [121.5776119, 25.047023]}, "properties" : {"id" : 498, "name" : "上好松山藥局", "address" : "臺北市信義區松山路144號1樓", "telephone" : "(02)27568012", "city" : "臺北市", "district" : "信義區", "nhi" : true, "data_time" : "2026-05-03 03:11:08", "pharmacy_per_10k" : 4.11}}, {"type" : "Feature", "geometry" : {"type" : "Point", "coordinates" : [121.5687687, 25.02617413]}, "properties" : {"id" : 499, "name" : "躍獅松仁藥局", "address" : "臺北市信義區松仁路233號1樓", "telephone" : "(02)27238626", "city" : "臺北市", "district" : "信義區", "nhi" : true, "data_time" : "2026-05-03 03:11:08", "pharmacy_per_10k" : 4.11}}, {"type" : "Feature", "geometry" : {"type" : "Point", "coordinates" : [121.5834462, 25.03900907]}, "properties" : {"id" : 500, "name" : "杏仁藥局", "address" : "臺北市信義區大道路１３５號", "telephone" : "(02)27262541", "city" : "臺北市", "district" : "信義區", "nhi" : true, "data_time" : "2026-05-03 03:11:08", "pharmacy_per_10k" : 4.11}}, {"type" : "Feature", "geometry" : {"type" : "Point", "coordinates" : [121.5787179, 25.04075495]}, "properties" : {"id" : 501, "name" : "佑華藥局", "address" : "臺北市信義區忠孝東路五段五0八之四號一樓", "telephone" : "(02)27595719", "city" : "臺北市", "district" : "信義區", "nhi" : true, "data_time" : "2026-05-03 03:11:08", "pharmacy_per_10k" : 4.11}}, {"type" : "Feature", "geometry" : {"type" : "Point", "coordinates" : [121.5768828, 25.03844073]}, "properties" : {"id" : 502, "name" : "新和平藥局", "address" : "臺北市信義區虎林街一九八號一樓", "telephone" : "(02)23460951", "city" : "臺北市", "district" : "信義區", "nhi" : true, "data_time" : "2026-05-03 03:11:08", "pharmacy_per_10k" : 4.11}}, {"type" : "Feature", "geometry" : {"type" : "Point", "coordinates" : [121.5794808, 25.0483231]}, "properties" : {"id" : 503, "name" : "華泰藥局", "address" : "臺北市信義區虎林街八十二巷五號", "telephone" : "(02)27601992", "city" : "臺北市", "district" : "信義區", "nhi" : true, "data_time" : "2026-05-03 03:11:08", "pharmacy_per_10k" : 4.11}}, {"type" : "Feature", "geometry" : {"type" : "Point", "coordinates" : [121.5783212, 25.0492016]}, "properties" : {"id" : 504, "name" : "德康大藥局", "address" : "臺北市信義區松山路五四一巷二十一號", "telephone" : "(02)27272502", "city" : "臺北市", "district" : "信義區", "nhi" : true, "data_time" : "2026-05-03 03:11:08", "pharmacy_per_10k" : 4.11}}, {"type" : "Feature", "geometry" : {"type" : "Point", "coordinates" : [121.579105, 25.03796036]}, "properties" : {"id" : 505, "name" : "皇佳大藥局", "address" : "臺北市信義區松山路541巷25號1樓、27號1樓", "telephone" : "(02)27262555", "city" : "臺北市", "district" : "信義區", "nhi" : true, "data_time" : "2026-05-03 03:11:08", "pharmacy_per_10k" : 4.11}}, {"type" : "Feature", "geometry" : {"type" : "Point", "coordinates" : [121.566199, 25.0271568]}, "properties" : {"id" : 506, "name" : "好康藥局", "address" : "臺北市信義區莊敬路414號", "telephone" : "(02)27232979", "city" : "臺北市", "district" : "信義區", "nhi" : true, "data_time" : "2026-05-03 03:11:08", "pharmacy_per_10k" : 4.11}}, {"type" : "Feature", "geometry" : {"type" : "Point", "coordinates" : [121.5847403, 25.03840938]}, "properties" : {"id" : 507, "name" : "麗中藥局", "address" : "臺北市信義區福德街217號", "telephone" : "(02)27594416", "city" : "臺北市", "district" : "信義區", "nhi" : true, "data_time" : "2026-05-03 03:11:08", "pharmacy_per_10k" : 4.11}}, {"type" : "Feature", "geometry" : {"type" : "Point", "coordinates" : [121.5858573, 25.03873939]}, "properties" : {"id" : 508, "name" : "文興藥局", "address" : "臺北市信義區福德街245號", "telephone" : "(02)27590989", "city" : "臺北市", "district" : "信義區", "nhi" : true, "data_time" : "2026-05-03 03:11:08", "pharmacy_per_10k" : 4.11}}, {"type" : "Feature", "geometry" : {"type" : "Point", "coordinates" : [121.5873598, 25.03930647]}, "properties" : {"id" : 509, "name" : "康杏藥局", "address" : "臺北市信義區福德街306號1樓", "telephone" : "(02)27591510", "city" : "臺北市", "district" : "信義區", "nhi" : true, "data_time" : "2026-05-03 03:11:08", "pharmacy_per_10k" : 4.11}}, {"type" : "Feature", "geometry" : {"type" : "Point", "coordinates" : [121.5813126, 25.04247952]}, "properties" : {"id" : 510, "name" : "昆陽藥局", "address" : "臺北市信義區林口街230號", "telephone" : "(02)27274814", "city" : "臺北市", "district" : "信義區", "nhi" : true, "data_time" : "2026-05-03 03:11:08", "pharmacy_per_10k" : 4.11}}, {"type" : "Feature", "geometry" : {"type" : "Point", "coordinates" : [121.5634929, 25.02745032]}, "properties" : {"id" : 511, "name" : "綠杏大藥局", "address" : "臺北市信義區吳興街241號", "telephone" : "(02)27582378", "city" : "臺北市", "district" : "信義區", "nhi" : true, "data_time" : "2026-05-03 03:11:08", "pharmacy_per_10k" : 4.11}}, {"type" : "Feature", "geometry" : {"type" : "Point", "coordinates" : [121.5753908, 25.04506854]}, "properties" : {"id" : 512, "name" : "鴻濟藥局", "address" : "臺北市信義區永吉路326巷2號1樓", "telephone" : "(02)27645331", "city" : "臺北市", "district" : "信義區", "nhi" : true, "data_time" : "2026-05-03 03:11:08", "pharmacy_per_10k" : 4.11}}, {"type" : "Feature", "geometry" : {"type" : "Point", "coordinates" : [121.5620883, 25.02959805]}, "properties" : {"id" : 513, "name" : "信桉藥局", "address" : "臺北市信義區莊敬路236號", "telephone" : "(02)87860005", "city" : "臺北市", "district" : "信義區", "nhi" : true, "data_time" : "2026-05-03 03:11:08", "pharmacy_per_10k" : 4.11}}, {"type" : "Feature", "geometry" : {"type" : "Point", "coordinates" : [121.5635901, 25.02733059]}, "properties" : {"id" : 514, "name" : "安佑藥局", "address" : "臺北市信義區吳興街247號1樓", "telephone" : "(02)27222236", "city" : "臺北市", "district" : "信義區", "nhi" : true, "data_time" : "2026-05-03 03:11:08", "pharmacy_per_10k" : 4.11}}, {"type" : "Feature", "geometry" : {"type" : "Point", "coordinates" : [121.5685441, 25.04265751]}, "properties" : {"id" : 515, "name" : "安心藥局", "address" : "臺北市信義區永吉路30巷148弄4之1號", "telephone" : "(02)27474992", "city" : "臺北市", "district" : "信義區", "nhi" : true, "data_time" : "2026-05-03 03:11:08", "pharmacy_per_10k" : 4.11}}, {"type" : "Feature", "geometry" : {"type" : "Point", "coordinates" : [121.5543153, 25.02293626]}, "properties" : {"id" : 516, "name" : "九州藥局", "address" : "臺北市信義區和平東路三段239號", "telephone" : "(02)87323331", "city" : "臺北市", "district" : "信義區", "nhi" : true, "data_time" : "2026-05-03 03:11:08", "pharmacy_per_10k" : 4.11}}, {"type" : "Feature", "geometry" : {"type" : "Point", "coordinates" : [121.5738721, 25.04571477]}, "properties" : {"id" : 517, "name" : "永吉藥局", "address" : "臺北市信義區永吉路213號", "telephone" : "(02)87874043", "city" : "臺北市", "district" : "信義區", "nhi" : true, "data_time" : "2026-05-03 03:11:08", "pharmacy_per_10k" : 4.11}}, {"type" : "Feature", "geometry" : {"type" : "Point", "coordinates" : [121.5599212, 25.0365281]}, "properties" : {"id" : 518, "name" : "榮泰藥局", "address" : "臺北市信義區光復南路419巷117號1樓", "telephone" : "(02)77296777", "city" : "臺北市", "district" : "信義區", "nhi" : true, "data_time" : "2026-05-03 03:11:08", "pharmacy_per_10k" : 4.11}}, {"type" : "Feature", "geometry" : {"type" : "Point", "coordinates" : [121.5776333, 25.04508792]}, "properties" : {"id" : 519, "name" : "皇昇大藥局", "address" : "臺北市信義區松山路210號", "telephone" : "(02)27663886", "city" : "臺北市", "district" : "信義區", "nhi" : true, "data_time" : "2026-05-03 03:11:08", "pharmacy_per_10k" : 4.11}}, {"type" : "Feature", "geometry" : {"type" : "Point", "coordinates" : [121.5755456, 25.04457386]}, "properties" : {"id" : 520, "name" : "貴臨藥局", "address" : "臺北市信義區永吉路326巷19號", "telephone" : "(02)27493768", "city" : "臺北市", "district" : "信義區", "nhi" : true, "data_time" : "2026-05-03 03:11:08", "pharmacy_per_10k" : 4.11}}, {"type" : "Feature", "geometry" : {"type" : "Point", "coordinates" : [121.5643416, 25.02771676]}, "properties" : {"id" : 521, "name" : "大鳥藥局", "address" : "臺北市信義區莊敬路354號", "telephone" : "(02)23455025", "city" : "臺北市", "district" : "信義區", "nhi" : true, "data_time" : "2026-05-03 03:11:08", "pharmacy_per_10k" : 4.11}}, {"type" : "Feature", "geometry" : {"type" : "Point", "coordinates" : [121.5541989, 25.0243633]}, "properties" : {"id" : 522, "name" : "濟生中西藥局", "address" : "臺北市信義區崇德街41號", "telephone" : "(02)27358452", "city" : "臺北市", "district" : "信義區", "nhi" : true, "data_time" : "2026-05-03 03:11:08", "pharmacy_per_10k" : 4.11}}, {"type" : "Feature", "geometry" : {"type" : "Point", "coordinates" : [121.5634533, 25.02783749]}, "properties" : {"id" : 523, "name" : "正和藥局", "address" : "臺北市信義區吳興街225巷6號", "telephone" : "(02)23455186", "city" : "臺北市", "district" : "信義區", "nhi" : true, "data_time" : "2026-05-03 03:11:08", "pharmacy_per_10k" : 4.11}}, {"type" : "Feature", "geometry" : {"type" : "Point", "coordinates" : [121.5770353, 25.04447892]}, "properties" : {"id" : 524, "name" : "荐荃藥師藥局", "address" : "臺北市信義區虎林街68之3號", "telephone" : "(02)27492866", "city" : "臺北市", "district" : "信義區", "nhi" : true, "data_time" : "2026-05-03 03:11:08", "pharmacy_per_10k" : 4.11}}, {"type" : "Feature", "geometry" : {"type" : "Point", "coordinates" : [121.5752643, 25.04126297]}, "properties" : {"id" : 525, "name" : "新永春藥局", "address" : "臺北市信義區忠孝東路5段423巷1號", "telephone" : "", "city" : "臺北市", "district" : "信義區", "nhi" : true, "data_time" : "2026-05-03 03:11:08", "pharmacy_per_10k" : 4.11}}, {"type" : "Feature", "geometry" : {"type" : "Point", "coordinates" : [121.5744502, 25.03957979]}, "properties" : {"id" : 526, "name" : "大浲藥局", "address" : "臺北市信義區忠孝東路5段372巷27弄18號", "telephone" : "(02)87896835", "city" : "臺北市", "district" : "信義區", "nhi" : true, "data_time" : "2026-05-03 03:11:08", "pharmacy_per_10k" : 4.11}}, {"type" : "Feature", "geometry" : {"type" : "Point", "coordinates" : [121.5688674, 25.0432416]}, "properties" : {"id" : 527, "name" : "新興健保藥局", "address" : "臺北市信義區永吉路30巷113號", "telephone" : "(02)27494892", "city" : "臺北市", "district" : "信義區", "nhi" : true, "data_time" : "2026-05-03 03:11:08", "pharmacy_per_10k" : 4.11}}, {"type" : "Feature", "geometry" : {"type" : "Point", "coordinates" : [121.5695448, 25.02431912]}, "properties" : {"id" : 528, "name" : "富熙藥局", "address" : "臺北市信義區松仁路260號1樓", "telephone" : "(02)27587608", "city" : "臺北市", "district" : "信義區", "nhi" : true, "data_time" : "2026-05-03 03:11:08", "pharmacy_per_10k" : 4.11}}, {"type" : "Feature", "geometry" : {"type" : "Point", "coordinates" : [121.5564304, 25.02127393]}, "properties" : {"id" : 529, "name" : "洪暘藥局", "address" : "臺北市信義區富陽街86號", "telephone" : "(02)27337099", "city" : "臺北市", "district" : "信義區", "nhi" : true, "data_time" : "2026-05-03 03:11:08", "pharmacy_per_10k" : 4.11}}, {"type" : "Feature", "geometry" : {"type" : "Point", "coordinates" : [121.5576703, 25.03383787]}, "properties" : {"id" : 530, "name" : "專品光復藥局", "address" : "臺北市信義區光復南路467之1號", "telephone" : "(02)27586682", "city" : "臺北市", "district" : "信義區", "nhi" : true, "data_time" : "2026-05-03 03:11:08", "pharmacy_per_10k" : 4.11}}, {"type" : "Feature", "geometry" : {"type" : "Point", "coordinates" : [121.5554087, 25.02289299]}, "properties" : {"id" : 531, "name" : "仁聖藥局", "address" : "臺北市信義區信安街151號", "telephone" : "(02)87324166", "city" : "臺北市", "district" : "信義區", "nhi" : true, "data_time" : "2026-05-03 03:11:08", "pharmacy_per_10k" : 4.11}}, {"type" : "Feature", "geometry" : {"type" : "Point", "coordinates" : [121.5767206, 25.03959377]}, "properties" : {"id" : 532, "name" : "尚頤中西藥局", "address" : "臺北市信義區虎林街145號", "telephone" : "", "city" : "臺北市", "district" : "信義區", "nhi" : true, "data_time" : "2026-05-03 03:11:08", "pharmacy_per_10k" : 4.11}}, {"type" : "Feature", "geometry" : {"type" : "Point", "coordinates" : [121.5637344, 25.02715286]}, "properties" : {"id" : 533, "name" : "北一健康人生藥局", "address" : "臺北市信義區吳興街255號", "telephone" : "(02)27583945", "city" : "臺北市", "district" : "信義區", "nhi" : true, "data_time" : "2026-05-03 03:11:08", "pharmacy_per_10k" : 4.11}}, {"type" : "Feature", "geometry" : {"type" : "Point", "coordinates" : [121.567728, 25.02671857]}, "properties" : {"id" : 534, "name" : "博亞藥局", "address" : "臺北市信義區莊敬路462號", "telephone" : "(02)27580506", "city" : "臺北市", "district" : "信義區", "nhi" : true, "data_time" : "2026-05-03 03:11:08", "pharmacy_per_10k" : 4.11}}, {"type" : "Feature", "geometry" : {"type" : "Point", "coordinates" : [121.5803549, 25.0452117]}, "properties" : {"id" : 535, "name" : "躍獅永吉藥局", "address" : "臺北市信義區永吉路520號", "telephone" : "(02)27059791", "city" : "臺北市", "district" : "信義區", "nhi" : true, "data_time" : "2026-05-03 03:11:08", "pharmacy_per_10k" : 4.11}}, {"type" : "Feature", "geometry" : {"type" : "Point", "coordinates" : [121.559898, 25.03006474]}, "properties" : {"id" : 536, "name" : "立赫北醫藥局", "address" : "臺北市信義區吳興街118巷26弄17號", "telephone" : "(02)27320100", "city" : "臺北市", "district" : "信義區", "nhi" : true, "data_time" : "2026-05-03 03:11:08", "pharmacy_per_10k" : 4.11}}, {"type" : "Feature", "geometry" : {"type" : "Point", "coordinates" : [121.5741541, 25.04213337]}, "properties" : {"id" : 537, "name" : "壹間藥師藥局", "address" : "臺北市信義區虎林街120巷148號", "telephone" : "(02)27672833", "city" : "臺北市", "district" : "信義區", "nhi" : true, "data_time" : "2026-05-03 03:11:08", "pharmacy_per_10k" : 4.11}}, {"type" : "Feature", "geometry" : {"type" : "Point", "coordinates" : [121.5577258, 25.03681858]}, "properties" : {"id" : 538, "name" : "躍獅光復藥局", "address" : "臺北市信義區光復南路417之8號", "telephone" : "(02)87862307", "city" : "臺北市", "district" : "信義區", "nhi" : true, "data_time" : "2026-05-03 03:11:08", "pharmacy_per_10k" : 4.11}}, {"type" : "Feature", "geometry" : {"type" : "Point", "coordinates" : [121.5701025, 25.04343133]}, "properties" : {"id" : 539, "name" : "上好藥師藥局", "address" : "臺北市信義區永吉路30巷101弄48號", "telephone" : "(02)27677088", "city" : "臺北市", "district" : "信義區", "nhi" : true, "data_time" : "2026-05-03 03:11:08", "pharmacy_per_10k" : 4.11}}, {"type" : "Feature", "geometry" : {"type" : "Point", "coordinates" : [121.5801512, 25.04133527]}, "properties" : {"id" : 540, "name" : "北一忠孝藥局", "address" : "臺北市信義區忠孝東路5段524巷1弄16號1樓", "telephone" : "(02)23464572", "city" : "臺北市", "district" : "信義區", "nhi" : true, "data_time" : "2026-05-03 03:11:08", "pharmacy_per_10k" : 4.11}}, {"type" : "Feature", "geometry" : {"type" : "Point", "coordinates" : [121.5793666, 25.03718525]}, "properties" : {"id" : 541, "name" : "富凱藥師藥局", "address" : "臺北市信義區林口街18號1樓", "telephone" : "(02)27282685", "city" : "臺北市", "district" : "信義區", "nhi" : true, "data_time" : "2026-05-03 03:11:08", "pharmacy_per_10k" : 4.11}}, {"type" : "Feature", "geometry" : {"type" : "Point", "coordinates" : [121.561798, 25.02947464]}, "properties" : {"id" : 542, "name" : "吳興春天藥局", "address" : "臺北市信義區吳興街137號1樓", "telephone" : "(02)27585617", "city" : "臺北市", "district" : "信義區", "nhi" : true, "data_time" : "2026-05-03 03:11:08", "pharmacy_per_10k" : 4.11}}, {"type" : "Feature", "geometry" : {"type" : "Point", "coordinates" : [121.5770952, 25.04111935]}, "properties" : {"id" : 543, "name" : "寶春藥局", "address" : "臺北市信義區虎林街119之19號1樓", "telephone" : "", "city" : "臺北市", "district" : "信義區", "nhi" : true, "data_time" : "2026-05-03 03:11:08", "pharmacy_per_10k" : 4.11}}, {"type" : "Feature", "geometry" : {"type" : "Point", "coordinates" : [121.5690991, 25.02453977]}, "properties" : {"id" : 544, "name" : "日安藥局", "address" : "臺北市信義區松仁路240巷13號1樓", "telephone" : "(02)27203775", "city" : "臺北市", "district" : "信義區", "nhi" : true, "data_time" : "2026-05-03 03:11:08", "pharmacy_per_10k" : 4.11}}, {"type" : "Feature", "geometry" : {"type" : "Point", "coordinates" : [121.5627071, 25.02882297]}, "properties" : {"id" : 545, "name" : "愛維喜藥局", "address" : "臺北市信義區莊敬路278號", "telephone" : "(02)27586989", "city" : "臺北市", "district" : "信義區", "nhi" : true, "data_time" : "2026-05-03 03:11:08", "pharmacy_per_10k" : 4.11}}, {"type" : "Feature", "geometry" : {"type" : "Point", "coordinates" : [121.5688097, 25.04119897]}, "properties" : {"id" : 546, "name" : "市政藥局", "address" : "臺北市信義區忠孝東路5段169號1樓、171號1樓", "telephone" : "(02)27560050", "city" : "臺北市", "district" : "信義區", "nhi" : true, "data_time" : "2026-05-03 03:11:08", "pharmacy_per_10k" : 4.11}}, {"type" : "Feature", "geometry" : {"type" : "Point", "coordinates" : [121.5815662, 25.04340073]}, "properties" : {"id" : 547, "name" : "杏一後山埤藥局", "address" : "臺北市信義區忠孝東路5段778號1樓", "telephone" : "(02)27274357", "city" : "臺北市", "district" : "信義區", "nhi" : true, "data_time" : "2026-05-03 03:11:08", "pharmacy_per_10k" : 4.11}}, {"type" : "Feature", "geometry" : {"type" : "Point", "coordinates" : [121.5682102, 25.02843911]}, "properties" : {"id" : 548, "name" : "光點信義松仁藥局", "address" : "臺北市信義區松仁路160號1樓", "telephone" : "(02)27581850", "city" : "臺北市", "district" : "信義區", "nhi" : true, "data_time" : "2026-05-03 03:11:08", "pharmacy_per_10k" : 4.11}}, {"type" : "Feature", "geometry" : {"type" : "Point", "coordinates" : [121.5744817, 25.03734142]}, "properties" : {"id" : 549, "name" : "躍獅興雅藥局", "address" : "臺北市信義區松德路128號1樓", "telephone" : "(02)87808429", "city" : "臺北市", "district" : "信義區", "nhi" : true, "data_time" : "2026-05-03 03:11:08", "pharmacy_per_10k" : 4.11}}, {"type" : "Feature", "geometry" : {"type" : "Point", "coordinates" : [121.592713, 25.07908205]}, "properties" : {"id" : 723, "name" : "順欣藥局", "address" : "臺北市內湖區星雲街73號", "telephone" : "(02)27916562", "city" : "臺北市", "district" : "內湖區", "nhi" : true, "data_time" : "2026-05-03 03:11:08", "pharmacy_per_10k" : 2.61}}, {"type" : "Feature", "geometry" : {"type" : "Point", "coordinates" : [121.5876984, 25.068664]}, "properties" : {"id" : 724, "name" : "展恩藥局", "address" : "臺北市內湖區民權東路六段136巷4號", "telephone" : "(02)27953041", "city" : "臺北市", "district" : "內湖區", "nhi" : true, "data_time" : "2026-05-03 03:11:08", "pharmacy_per_10k" : 2.61}}, {"type" : "Feature", "geometry" : {"type" : "Point", "coordinates" : [121.5902646, 25.08035315]}, "properties" : {"id" : 725, "name" : "大內湖藥局", "address" : "臺北市內湖區成功路3段164號1樓", "telephone" : "(02)27956286", "city" : "臺北市", "district" : "內湖區", "nhi" : true, "data_time" : "2026-05-03 03:11:08", "pharmacy_per_10k" : 2.61}}, {"type" : "Feature", "geometry" : {"type" : "Point", "coordinates" : [121.5680996, 25.08291439]}, "properties" : {"id" : 726, "name" : "健成藥局", "address" : "臺北市內湖區內湖路1段323巷5弄1號1樓", "telephone" : "(02)27986969", "city" : "臺北市", "district" : "內湖區", "nhi" : true, "data_time" : "2026-05-03 03:11:08", "pharmacy_per_10k" : 2.61}}, {"type" : "Feature", "geometry" : {"type" : "Point", "coordinates" : [121.6157878, 25.06785039]}, "properties" : {"id" : 727, "name" : "安康藥局", "address" : "臺北市內湖區安康路482號1樓", "telephone" : "(02)26327675", "city" : "臺北市", "district" : "內湖區", "nhi" : true, "data_time" : "2026-05-03 03:11:08", "pharmacy_per_10k" : 2.61}}, {"type" : "Feature", "geometry" : {"type" : "Point", "coordinates" : [121.6180575, 25.0702934]}, "properties" : {"id" : 728, "name" : "赫得藥局", "address" : "臺北市內湖區康樂街七十二巷十七弄四號一樓", "telephone" : "(02)26328642", "city" : "臺北市", "district" : "內湖區", "nhi" : true, "data_time" : "2026-05-03 03:11:08", "pharmacy_per_10k" : 2.61}}, {"type" : "Feature", "geometry" : {"type" : "Point", "coordinates" : [121.5728334, 25.08168028]}, "properties" : {"id" : 729, "name" : "富山藥局", "address" : "臺北市內湖區麗山街３６４巷２號１樓", "telephone" : "(02)27996446", "city" : "臺北市", "district" : "內湖區", "nhi" : true, "data_time" : "2026-05-03 03:11:08", "pharmacy_per_10k" : 2.61}}, {"type" : "Feature", "geometry" : {"type" : "Point", "coordinates" : [121.5677784, 25.08442727]}, "properties" : {"id" : 730, "name" : "新資生西湖大藥局", "address" : "臺北市內湖區內湖路1段285巷65弄17號1樓", "telephone" : "(02)77231850", "city" : "臺北市", "district" : "內湖區", "nhi" : true, "data_time" : "2026-05-03 03:11:08", "pharmacy_per_10k" : 2.61}}, {"type" : "Feature", "geometry" : {"type" : "Point", "coordinates" : [121.5781384, 25.07785849]}, "properties" : {"id" : 731, "name" : "江楠欣辰藥局", "address" : "臺北市內湖區江南街37號1樓", "telephone" : "(02)87510260", "city" : "臺北市", "district" : "內湖區", "nhi" : true, "data_time" : "2026-05-03 03:11:08", "pharmacy_per_10k" : 2.61}}, {"type" : "Feature", "geometry" : {"type" : "Point", "coordinates" : [121.6141484, 25.06908763]}, "properties" : {"id" : 732, "name" : "東湖藥局", "address" : "臺北市內湖區東湖路43巷2號1樓", "telephone" : "(02)26330112", "city" : "臺北市", "district" : "內湖區", "nhi" : true, "data_time" : "2026-05-03 03:11:08", "pharmacy_per_10k" : 2.61}}, {"type" : "Feature", "geometry" : {"type" : "Point", "coordinates" : [121.5828919, 25.0783117]}, "properties" : {"id" : 733, "name" : "瑞陽藥局", "address" : "臺北市內湖區文德路102號1樓", "telephone" : "(02)26581551", "city" : "臺北市", "district" : "內湖區", "nhi" : true, "data_time" : "2026-05-03 03:11:08", "pharmacy_per_10k" : 2.61}}, {"type" : "Feature", "geometry" : {"type" : "Point", "coordinates" : [121.5940049, 25.08313056]}, "properties" : {"id" : 734, "name" : "芳茂藥局", "address" : "臺北市內湖區成功路四段151號", "telephone" : "(02)27924711", "city" : "臺北市", "district" : "內湖區", "nhi" : true, "data_time" : "2026-05-03 03:11:08", "pharmacy_per_10k" : 2.61}}, {"type" : "Feature", "geometry" : {"type" : "Point", "coordinates" : [121.5898508, 25.08685341]}, "properties" : {"id" : 735, "name" : "泰成藥局", "address" : "臺北市內湖區內湖路三段１３５號１樓", "telephone" : "(02)27921231", "city" : "臺北市", "district" : "內湖區", "nhi" : true, "data_time" : "2026-05-03 03:11:08", "pharmacy_per_10k" : 2.61}}, {"type" : "Feature", "geometry" : {"type" : "Point", "coordinates" : [121.5926347, 25.08037514]}, "properties" : {"id" : 736, "name" : "富盛藥局", "address" : "臺北市內湖區成功路四段６１巷２５弄１２號１樓", "telephone" : "(02)27908667", "city" : "臺北市", "district" : "內湖區", "nhi" : true, "data_time" : "2026-05-03 03:11:08", "pharmacy_per_10k" : 2.61}}, {"type" : "Feature", "geometry" : {"type" : "Point", "coordinates" : [121.5851909, 25.07722798]}, "properties" : {"id" : 737, "name" : "永安藥局", "address" : "臺北市內湖區文德路210巷30弄48號", "telephone" : "(02)26586658", "city" : "臺北市", "district" : "內湖區", "nhi" : true, "data_time" : "2026-05-03 03:11:08", "pharmacy_per_10k" : 2.61}}, {"type" : "Feature", "geometry" : {"type" : "Point", "coordinates" : [121.6124682, 25.06970472]}, "properties" : {"id" : 738, "name" : "明湖藥局", "address" : "臺北市內湖區東湖路７巷２７號１樓", "telephone" : "(02)26313515", "city" : "臺北市", "district" : "內湖區", "nhi" : true, "data_time" : "2026-05-03 03:11:08", "pharmacy_per_10k" : 2.61}}, {"type" : "Feature", "geometry" : {"type" : "Point", "coordinates" : [121.6156741, 25.06827722]}, "properties" : {"id" : 739, "name" : "清白藥局", "address" : "臺北市內湖區東湖路108號", "telephone" : "(02)26305743", "city" : "臺北市", "district" : "內湖區", "nhi" : true, "data_time" : "2026-05-03 03:11:08", "pharmacy_per_10k" : 2.61}}, {"type" : "Feature", "geometry" : {"type" : "Point", "coordinates" : [121.5726944, 25.08154382]}, "properties" : {"id" : 740, "name" : "正心藥局", "address" : "臺北市內湖區麗山街３６８號１樓", "telephone" : "(02)27972771", "city" : "臺北市", "district" : "內湖區", "nhi" : true, "data_time" : "2026-05-03 03:11:08", "pharmacy_per_10k" : 2.61}}, {"type" : "Feature", "geometry" : {"type" : "Point", "coordinates" : [121.5908548, 25.06737828]}, "properties" : {"id" : 741, "name" : "宏光藥局", "address" : "臺北市內湖區成功路二段２２１號１樓", "telephone" : "(02)27919068", "city" : "臺北市", "district" : "內湖區", "nhi" : true, "data_time" : "2026-05-03 03:11:08", "pharmacy_per_10k" : 2.61}}, {"type" : "Feature", "geometry" : {"type" : "Point", "coordinates" : [121.5746259, 25.08328294]}, "properties" : {"id" : 742, "name" : "麗安藥局", "address" : "臺北市內湖區港華街８１號１樓", "telephone" : "(02)26580146", "city" : "臺北市", "district" : "內湖區", "nhi" : true, "data_time" : "2026-05-03 03:11:08", "pharmacy_per_10k" : 2.61}}, {"type" : "Feature", "geometry" : {"type" : "Point", "coordinates" : [121.6113254, 25.0671244]}, "properties" : {"id" : 743, "name" : "盧狄聯合藥局", "address" : "臺北市內湖區康寧路三段一八九巷五十七號", "telephone" : "(02)26308897", "city" : "臺北市", "district" : "內湖區", "nhi" : true, "data_time" : "2026-05-03 03:11:08", "pharmacy_per_10k" : 2.61}}, {"type" : "Feature", "geometry" : {"type" : "Point", "coordinates" : [121.606229, 25.0720308]}, "properties" : {"id" : 744, "name" : "康信藥局", "address" : "臺北市內湖區民權東路六段296巷29號", "telephone" : "(02)26342088", "city" : "臺北市", "district" : "內湖區", "nhi" : true, "data_time" : "2026-05-03 03:11:08", "pharmacy_per_10k" : 2.61}}, {"type" : "Feature", "geometry" : {"type" : "Point", "coordinates" : [121.6188594, 25.07014656]}, "properties" : {"id" : 745, "name" : "康健藥局", "address" : "臺北市內湖區康樂街80號", "telephone" : "(02)26305825", "city" : "臺北市", "district" : "內湖區", "nhi" : true, "data_time" : "2026-05-03 03:11:08", "pharmacy_per_10k" : 2.61}}, {"type" : "Feature", "geometry" : {"type" : "Point", "coordinates" : [121.6170025, 25.06987934]}, "properties" : {"id" : 746, "name" : "富康東湖藥局", "address" : "臺北市內湖區東湖路119巷49弄16號", "telephone" : "(02)26323222", "city" : "臺北市", "district" : "內湖區", "nhi" : true, "data_time" : "2026-05-03 03:11:08", "pharmacy_per_10k" : 2.61}}, {"type" : "Feature", "geometry" : {"type" : "Point", "coordinates" : [121.5786133, 25.07236251]}, "properties" : {"id" : 747, "name" : "高昱藥局", "address" : "臺北市內湖區陽光街321巷26號2樓之15", "telephone" : "(02)87519962", "city" : "臺北市", "district" : "內湖區", "nhi" : true, "data_time" : "2026-05-03 03:11:08", "pharmacy_per_10k" : 2.61}}, {"type" : "Feature", "geometry" : {"type" : "Point", "coordinates" : [121.590978, 25.08230202]}, "properties" : {"id" : 748, "name" : "樂活藥師藥局", "address" : "臺北市內湖區內湖路2段368號", "telephone" : "(02)27968052", "city" : "臺北市", "district" : "內湖區", "nhi" : true, "data_time" : "2026-05-03 03:11:08", "pharmacy_per_10k" : 2.61}}, {"type" : "Feature", "geometry" : {"type" : "Point", "coordinates" : [121.584052, 25.07870436]}, "properties" : {"id" : 749, "name" : "樂康藥妝藥局", "address" : "臺北市內湖區文德路117號", "telephone" : "(02)26562110", "city" : "臺北市", "district" : "內湖區", "nhi" : true, "data_time" : "2026-05-03 03:11:08", "pharmacy_per_10k" : 2.61}}, {"type" : "Feature", "geometry" : {"type" : "Point", "coordinates" : [121.5932258, 25.0812065]}, "properties" : {"id" : 750, "name" : "思恩藥局", "address" : "臺北市內湖區成功路4段61巷26號", "telephone" : "(02)27965808", "city" : "臺北市", "district" : "內湖區", "nhi" : true, "data_time" : "2026-05-03 03:11:08", "pharmacy_per_10k" : 2.61}}, {"type" : "Feature", "geometry" : {"type" : "Point", "coordinates" : [121.5920845, 25.08166562]}, "properties" : {"id" : 751, "name" : "早安元氣藥局", "address" : "臺北市內湖區成功路4段53號1樓", "telephone" : "(02)27923633", "city" : "臺北市", "district" : "內湖區", "nhi" : true, "data_time" : "2026-05-03 03:11:08", "pharmacy_per_10k" : 2.61}}, {"type" : "Feature", "geometry" : {"type" : "Point", "coordinates" : [121.5996376, 25.08487859]}, "properties" : {"id" : 752, "name" : "壹零捌藥局", "address" : "臺北市內湖區成功路4段344號", "telephone" : "(02)27910061", "city" : "臺北市", "district" : "內湖區", "nhi" : true, "data_time" : "2026-05-03 03:11:08", "pharmacy_per_10k" : 2.61}}, {"type" : "Feature", "geometry" : {"type" : "Point", "coordinates" : [121.5762695, 25.07524933]}, "properties" : {"id" : 753, "name" : "瑞光藥局", "address" : "臺北市內湖區瑞光路212號", "telephone" : "(02)87513365", "city" : "臺北市", "district" : "內湖區", "nhi" : true, "data_time" : "2026-05-03 03:11:08", "pharmacy_per_10k" : 2.61}}, {"type" : "Feature", "geometry" : {"type" : "Point", "coordinates" : [121.6173049, 25.06812176]}, "properties" : {"id" : 754, "name" : "昇龍藥局", "address" : "臺北市內湖區東湖路151號", "telephone" : "(02)26316783", "city" : "臺北市", "district" : "內湖區", "nhi" : true, "data_time" : "2026-05-03 03:11:08", "pharmacy_per_10k" : 2.61}}, {"type" : "Feature", "geometry" : {"type" : "Point", "coordinates" : [121.5916673, 25.08318532]}, "properties" : {"id" : 755, "name" : "桔子藥局", "address" : "臺北市內湖區內湖路二段333號", "telephone" : "(02)27930052", "city" : "臺北市", "district" : "內湖區", "nhi" : true, "data_time" : "2026-05-03 03:11:08", "pharmacy_per_10k" : 2.61}}, {"type" : "Feature", "geometry" : {"type" : "Point", "coordinates" : [121.590203, 25.08593489]}, "properties" : {"id" : 756, "name" : "晟安藥局", "address" : "臺北市內湖區金龍路135號", "telephone" : "(02)87919320", "city" : "臺北市", "district" : "內湖區", "nhi" : true, "data_time" : "2026-05-03 03:11:08", "pharmacy_per_10k" : 2.61}}, {"type" : "Feature", "geometry" : {"type" : "Point", "coordinates" : [121.6117906, 25.07081493]}, "properties" : {"id" : 757, "name" : "宜昇優良藥局", "address" : "臺北市內湖區康寧路三段165巷10號", "telephone" : "(02)26327817", "city" : "臺北市", "district" : "內湖區", "nhi" : true, "data_time" : "2026-05-03 03:11:08", "pharmacy_per_10k" : 2.61}}, {"type" : "Feature", "geometry" : {"type" : "Point", "coordinates" : [121.5928164, 25.07009764]}, "properties" : {"id" : 758, "name" : "躍獅寶湖藥局", "address" : "臺北市內湖區民權東路六段123巷28號", "telephone" : "(02)87928335", "city" : "臺北市", "district" : "內湖區", "nhi" : true, "data_time" : "2026-05-03 03:11:08", "pharmacy_per_10k" : 2.61}}, {"type" : "Feature", "geometry" : {"type" : "Point", "coordinates" : [121.5890454, 25.08180262]}, "properties" : {"id" : 759, "name" : "傑昇藥局", "address" : "臺北市內湖區內湖路二段227號", "telephone" : "(02)27925957", "city" : "臺北市", "district" : "內湖區", "nhi" : true, "data_time" : "2026-05-03 03:11:08", "pharmacy_per_10k" : 2.61}}, {"type" : "Feature", "geometry" : {"type" : "Point", "coordinates" : [121.5796932, 25.05465735]}, "properties" : {"id" : 760, "name" : "新安健保藥局", "address" : "臺北市內湖區新明路402號", "telephone" : "(02)27932289", "city" : "臺北市", "district" : "內湖區", "nhi" : true, "data_time" : "2026-05-03 03:11:08", "pharmacy_per_10k" : 2.61}}, {"type" : "Feature", "geometry" : {"type" : "Point", "coordinates" : [121.5846466, 25.05711399]}, "properties" : {"id" : 761, "name" : "仕德安藥局", "address" : "臺北市內湖區新明路210號", "telephone" : "(02)27961683", "city" : "臺北市", "district" : "內湖區", "nhi" : true, "data_time" : "2026-05-03 03:11:08", "pharmacy_per_10k" : 2.61}}, {"type" : "Feature", "geometry" : {"type" : "Point", "coordinates" : [121.6046726, 25.0736172]}, "properties" : {"id" : 762, "name" : "躍獅東湖藥局", "address" : "臺北市內湖區金湖路378號", "telephone" : "", "city" : "臺北市", "district" : "內湖區", "nhi" : true, "data_time" : "2026-05-03 03:11:08", "pharmacy_per_10k" : 2.61}}, {"type" : "Feature", "geometry" : {"type" : "Point", "coordinates" : [121.5909003, 25.08640847]}, "properties" : {"id" : 763, "name" : "樂齡藥師藥局", "address" : "臺北市內湖區內湖路三段103號", "telephone" : "(02)27919707", "city" : "臺北市", "district" : "內湖區", "nhi" : true, "data_time" : "2026-05-03 03:11:08", "pharmacy_per_10k" : 2.61}}, {"type" : "Feature", "geometry" : {"type" : "Point", "coordinates" : [121.5673304, 25.08376702]}, "properties" : {"id" : 764, "name" : "喜越藥局", "address" : "臺北市內湖區內湖路一段285巷59弄7號", "telephone" : "(02)26271955", "city" : "臺北市", "district" : "內湖區", "nhi" : true, "data_time" : "2026-05-03 03:11:08", "pharmacy_per_10k" : 2.61}}, {"type" : "Feature", "geometry" : {"type" : "Point", "coordinates" : [121.5791186, 25.07655418]}, "properties" : {"id" : 765, "name" : "江南大藥局", "address" : "臺北市內湖區文德路22巷9弄56號", "telephone" : "(02)26595430", "city" : "臺北市", "district" : "內湖區", "nhi" : true, "data_time" : "2026-05-03 03:11:08", "pharmacy_per_10k" : 2.61}}, {"type" : "Feature", "geometry" : {"type" : "Point", "coordinates" : [121.5989758, 25.08453684]}, "properties" : {"id" : 766, "name" : "躍獅大湖藥局", "address" : "臺北市內湖區成功路四段329號", "telephone" : "(02)27945376", "city" : "臺北市", "district" : "內湖區", "nhi" : true, "data_time" : "2026-05-03 03:11:08", "pharmacy_per_10k" : 2.61}}, {"type" : "Feature", "geometry" : {"type" : "Point", "coordinates" : [121.5653911, 25.08288233]}, "properties" : {"id" : 767, "name" : "澴山藥局", "address" : "臺北市內湖區環山路一段四號", "telephone" : "(02)87978793", "city" : "臺北市", "district" : "內湖區", "nhi" : true, "data_time" : "2026-05-03 03:11:08", "pharmacy_per_10k" : 2.61}}, {"type" : "Feature", "geometry" : {"type" : "Point", "coordinates" : [121.5836889, 25.07870207]}, "properties" : {"id" : 768, "name" : "瑞暉藥局", "address" : "臺北市內湖區文德路105號", "telephone" : "(02)26276828", "city" : "臺北市", "district" : "內湖區", "nhi" : true, "data_time" : "2026-05-03 03:11:08", "pharmacy_per_10k" : 2.61}}, {"type" : "Feature", "geometry" : {"type" : "Point", "coordinates" : [121.5961049, 25.08456557]}, "properties" : {"id" : 769, "name" : "晶龍藥局", "address" : "臺北市內湖區成功路四段218號", "telephone" : "(02)27956255", "city" : "臺北市", "district" : "內湖區", "nhi" : true, "data_time" : "2026-05-03 03:11:08", "pharmacy_per_10k" : 2.61}}, {"type" : "Feature", "geometry" : {"type" : "Point", "coordinates" : [121.60787, 25.0726591]}, "properties" : {"id" : 770, "name" : "佑全內湖康寧藥局", "address" : "臺北市內湖區康寧路三段39號、39號2樓、41號、43號", "telephone" : "(02)26346578", "city" : "臺北市", "district" : "內湖區", "nhi" : true, "data_time" : "2026-05-03 03:11:08", "pharmacy_per_10k" : 2.61}}, {"type" : "Feature", "geometry" : {"type" : "Point", "coordinates" : [121.5817806, 25.07720303]}, "properties" : {"id" : 771, "name" : "和康健保藥局", "address" : "臺北市內湖區文德路66巷41號", "telephone" : "(02)27997202", "city" : "臺北市", "district" : "內湖區", "nhi" : true, "data_time" : "2026-05-03 03:11:08", "pharmacy_per_10k" : 2.61}}, {"type" : "Feature", "geometry" : {"type" : "Point", "coordinates" : [121.6192412, 25.07262737]}, "properties" : {"id" : 772, "name" : "耀元藥局", "address" : "臺北市內湖區康樂街150號", "telephone" : "(02)26337369", "city" : "臺北市", "district" : "內湖區", "nhi" : true, "data_time" : "2026-05-03 03:11:08", "pharmacy_per_10k" : 2.61}}, {"type" : "Feature", "geometry" : {"type" : "Point", "coordinates" : [121.5692618, 25.0822]}, "properties" : {"id" : 773, "name" : "西湖藥局", "address" : "臺北市內湖區內湖路一段355號", "telephone" : "", "city" : "臺北市", "district" : "內湖區", "nhi" : true, "data_time" : "2026-05-03 03:11:08", "pharmacy_per_10k" : 2.61}}, {"type" : "Feature", "geometry" : {"type" : "Point", "coordinates" : [121.5906365, 25.08143424]}, "properties" : {"id" : 774, "name" : "維安藥局", "address" : "臺北市內湖區成功路三段174巷23號", "telephone" : "(02)27944520", "city" : "臺北市", "district" : "內湖區", "nhi" : true, "data_time" : "2026-05-03 03:11:08", "pharmacy_per_10k" : 2.61}}, {"type" : "Feature", "geometry" : {"type" : "Point", "coordinates" : [121.5800004, 25.07659464]}, "properties" : {"id" : 775, "name" : "富康文德藥局", "address" : "臺北市內湖區文德路22巷27弄4號1樓", "telephone" : "(02)26272000", "city" : "臺北市", "district" : "內湖區", "nhi" : true, "data_time" : "2026-05-03 03:11:08", "pharmacy_per_10k" : 2.61}}, {"type" : "Feature", "geometry" : {"type" : "Point", "coordinates" : [121.6171948, 25.06814536]}, "properties" : {"id" : 776, "name" : "博昱東福藥局", "address" : "臺北市內湖區東湖路147號", "telephone" : "(02)26308599", "city" : "臺北市", "district" : "內湖區", "nhi" : true, "data_time" : "2026-05-03 03:11:08", "pharmacy_per_10k" : 2.61}}, {"type" : "Feature", "geometry" : {"type" : "Point", "coordinates" : [121.5907588, 25.07804238]}, "properties" : {"id" : 777, "name" : "加一藥師藥局", "address" : "臺北市內湖區星雲街24號1樓", "telephone" : "(02)87912653", "city" : "臺北市", "district" : "內湖區", "nhi" : true, "data_time" : "2026-05-03 03:11:08", "pharmacy_per_10k" : 2.61}}, {"type" : "Feature", "geometry" : {"type" : "Point", "coordinates" : [121.5934021, 25.07948429]}, "properties" : {"id" : 778, "name" : "內湖藥局", "address" : "臺北市內湖區康寧路1段116號1樓", "telephone" : "(02)27940545", "city" : "臺北市", "district" : "內湖區", "nhi" : true, "data_time" : "2026-05-03 03:11:08", "pharmacy_per_10k" : 2.61}}, {"type" : "Feature", "geometry" : {"type" : "Point", "coordinates" : [121.6089927, 25.07167879]}, "properties" : {"id" : 779, "name" : "葫光藥局", "address" : "臺北市內湖區康寧路3段54巷6號1樓", "telephone" : "(02)26341000", "city" : "臺北市", "district" : "內湖區", "nhi" : true, "data_time" : "2026-05-03 03:11:08", "pharmacy_per_10k" : 2.61}}, {"type" : "Feature", "geometry" : {"type" : "Point", "coordinates" : [121.5816571, 25.06774006]}, "properties" : {"id" : 780, "name" : "禾馨民權藥局", "address" : "臺北市內湖區民權東路6段42號1樓", "telephone" : "(02)27910373", "city" : "臺北市", "district" : "內湖區", "nhi" : true, "data_time" : "2026-05-03 03:11:08", "pharmacy_per_10k" : 2.61}}, {"type" : "Feature", "geometry" : {"type" : "Point", "coordinates" : [121.5780524, 25.0808066]}, "properties" : {"id" : 781, "name" : "杏一港墘藥局", "address" : "臺北市內湖區港墘路83號(1樓)", "telephone" : "(02)27997406", "city" : "臺北市", "district" : "內湖區", "nhi" : true, "data_time" : "2026-05-03 03:11:08", "pharmacy_per_10k" : 2.61}}, {"type" : "Feature", "geometry" : {"type" : "Point", "coordinates" : [121.5919957, 25.08033035]}, "properties" : {"id" : 782, "name" : "杏佳藥師藥局", "address" : "臺北市內湖區康寧路1段51號1樓", "telephone" : "(02)27949181", "city" : "臺北市", "district" : "內湖區", "nhi" : true, "data_time" : "2026-05-03 03:11:08", "pharmacy_per_10k" : 2.61}}, {"type" : "Feature", "geometry" : {"type" : "Point", "coordinates" : [121.6075531, 25.07206637]}, "properties" : {"id" : 783, "name" : "富田藥局", "address" : "臺北市內湖區康寧路3段16巷31號1樓", "telephone" : "(02)26338699", "city" : "臺北市", "district" : "內湖區", "nhi" : true, "data_time" : "2026-05-03 03:11:08", "pharmacy_per_10k" : 2.61}}, {"type" : "Feature", "geometry" : {"type" : "Point", "coordinates" : [121.6162769, 25.06811129]}, "properties" : {"id" : 784, "name" : "佑全內湖東湖藥局", "address" : "臺北市內湖區東湖路122號1樓", "telephone" : "(02)26337125", "city" : "臺北市", "district" : "內湖區", "nhi" : true, "data_time" : "2026-05-03 03:11:08", "pharmacy_per_10k" : 2.61}}, {"type" : "Feature", "geometry" : {"type" : "Point", "coordinates" : [121.6115845, 25.07060178]}, "properties" : {"id" : 785, "name" : "佳德健保藥局", "address" : "臺北市內湖區康寧路3段151號1樓", "telephone" : "(02)26315910", "city" : "臺北市", "district" : "內湖區", "nhi" : true, "data_time" : "2026-05-03 03:11:08", "pharmacy_per_10k" : 2.61}}, {"type" : "Feature", "geometry" : {"type" : "Point", "coordinates" : [121.5913985, 25.08061675]}, "properties" : {"id" : 786, "name" : "富康活力湖光藥局", "address" : "臺北市內湖區康寧路1段25號1樓", "telephone" : "(02)87927999", "city" : "臺北市", "district" : "內湖區", "nhi" : true, "data_time" : "2026-05-03 03:11:08", "pharmacy_per_10k" : 2.61}}, {"type" : "Feature", "geometry" : {"type" : "Point", "coordinates" : [121.5796375, 25.07887841]}, "properties" : {"id" : 787, "name" : "六本熊藥局", "address" : "臺北市內湖區內湖路2段27號1樓", "telephone" : "(02)26590017", "city" : "臺北市", "district" : "內湖區", "nhi" : true, "data_time" : "2026-05-03 03:11:08", "pharmacy_per_10k" : 2.61}}, {"type" : "Feature", "geometry" : {"type" : "Point", "coordinates" : [121.5788115, 25.08057767]}, "properties" : {"id" : 788, "name" : "原大藥局", "address" : "臺北市內湖區內湖路1段737巷50弄5號1樓", "telephone" : "(02)26596358", "city" : "臺北市", "district" : "內湖區", "nhi" : true, "data_time" : "2026-05-03 03:11:08", "pharmacy_per_10k" : 2.61}}, {"type" : "Feature", "geometry" : {"type" : "Point", "coordinates" : [121.5760212, 25.08017362]}, "properties" : {"id" : 789, "name" : "德威藥局", "address" : "臺北市內湖區內湖路1段667巷1號1樓", "telephone" : "(02)27975018", "city" : "臺北市", "district" : "內湖區", "nhi" : true, "data_time" : "2026-05-03 03:11:08", "pharmacy_per_10k" : 2.61}}, {"type" : "Feature", "geometry" : {"type" : "Point", "coordinates" : [121.6159573, 25.06719087]}, "properties" : {"id" : 790, "name" : "五分藥局", "address" : "臺北市內湖區五分街64號1樓及66號1樓", "telephone" : "(02)26336122", "city" : "臺北市", "district" : "內湖區", "nhi" : true, "data_time" : "2026-05-03 03:11:08", "pharmacy_per_10k" : 2.61}}, {"type" : "Feature", "geometry" : {"type" : "Point", "coordinates" : [121.5916214, 25.08235036]}, "properties" : {"id" : 791, "name" : "富康活力誠功藥局", "address" : "臺北市內湖區成功路4段30巷20號1樓", "telephone" : "(02)27960222", "city" : "臺北市", "district" : "內湖區", "nhi" : true, "data_time" : "2026-05-03 03:11:08", "pharmacy_per_10k" : 2.61}}, {"type" : "Feature", "geometry" : {"type" : "Point", "coordinates" : [121.5735281, 25.0835943]}, "properties" : {"id" : 792, "name" : "知壹藥局", "address" : "臺北市內湖區港華街101之1號(1樓)", "telephone" : "(02)87519894", "city" : "臺北市", "district" : "內湖區", "nhi" : true, "data_time" : "2026-05-03 03:11:08", "pharmacy_per_10k" : 2.61}}, {"type" : "Feature", "geometry" : {"type" : "Point", "coordinates" : [121.5784893, 25.0791626]}, "properties" : {"id" : 793, "name" : "康是美麗湖藥局", "address" : "臺北市內湖區內湖路1段737巷3之1號1樓、19弄1號1樓及19弄3號1樓", "telephone" : "(02)26570408", "city" : "臺北市", "district" : "內湖區", "nhi" : true, "data_time" : "2026-05-03 03:11:08", "pharmacy_per_10k" : 2.61}}, {"type" : "Feature", "geometry" : {"type" : "Point", "coordinates" : [121.5911758, 25.0805699]}, "properties" : {"id" : 794, "name" : "安安藥局", "address" : "臺北市內湖區康寧路1段4號1樓", "telephone" : "(02)87912187", "city" : "臺北市", "district" : "內湖區", "nhi" : true, "data_time" : "2026-05-03 03:11:08", "pharmacy_per_10k" : 2.61}}, {"type" : "Feature", "geometry" : {"type" : "Point", "coordinates" : [121.5784164, 25.07907931]}, "properties" : {"id" : 795, "name" : "內湖春天藥局", "address" : "臺北市內湖區內湖路1段737巷1號1樓及3號1、2樓", "telephone" : "(02)87523085", "city" : "臺北市", "district" : "內湖區", "nhi" : true, "data_time" : "2026-05-03 03:11:08", "pharmacy_per_10k" : 2.61}}, {"type" : "Feature", "geometry" : {"type" : "Point", "coordinates" : [121.5683655, 25.0823089]}, "properties" : {"id" : 796, "name" : "躍獅麗湖藥局", "address" : "臺北市內湖區內湖路1段401之1號(1樓)", "telephone" : "(02)26276160", "city" : "臺北市", "district" : "內湖區", "nhi" : true, "data_time" : "2026-05-03 03:11:08", "pharmacy_per_10k" : 2.61}}, {"type" : "Feature", "geometry" : {"type" : "Point", "coordinates" : [121.5898874, 25.0755119]}, "properties" : {"id" : 797, "name" : "成功啄木鳥藥局", "address" : "臺北市內湖區成功路3段8號(1樓)", "telephone" : "(02)87927509", "city" : "臺北市", "district" : "內湖區", "nhi" : true, "data_time" : "2026-05-03 03:11:08", "pharmacy_per_10k" : 2.61}}, {"type" : "Feature", "geometry" : {"type" : "Point", "coordinates" : [121.5231461, 25.1216861]}, "properties" : {"id" : 649, "name" : "石牌有間藥局", "address" : "臺北市北投區石牌路2段313號1樓", "telephone" : "(02)28760111", "city" : "臺北市", "district" : "北投區", "nhi" : true, "data_time" : "2026-05-03 03:11:08", "pharmacy_per_10k" : 2.92}}, {"type" : "Feature", "geometry" : {"type" : "Point", "coordinates" : [121.5127873, 25.11729753]}, "properties" : {"id" : 650, "name" : "致遠台安藥局", "address" : "臺北市北投區致遠二路141號1樓", "telephone" : "(02)28263580", "city" : "臺北市", "district" : "北投區", "nhi" : true, "data_time" : "2026-05-03 03:11:08", "pharmacy_per_10k" : 2.92}}, {"type" : "Feature", "geometry" : {"type" : "Point", "coordinates" : [121.4670676, 25.12073577]}, "properties" : {"id" : 651, "name" : "關渡松藥局", "address" : "臺北市北投區知行路247號1樓", "telephone" : "(02)28584824", "city" : "臺北市", "district" : "北投區", "nhi" : true, "data_time" : "2026-05-03 03:11:08", "pharmacy_per_10k" : 2.92}}, {"type" : "Feature", "geometry" : {"type" : "Point", "coordinates" : [121.5068156, 25.11850949]}, "properties" : {"id" : 652, "name" : "吉利春天生活藥局", "address" : "臺北市北投區吉利街120號1樓", "telephone" : "(02)28253256", "city" : "臺北市", "district" : "北投區", "nhi" : true, "data_time" : "2026-05-03 03:11:08", "pharmacy_per_10k" : 2.92}}, {"type" : "Feature", "geometry" : {"type" : "Point", "coordinates" : [121.5185604, 25.11584546]}, "properties" : {"id" : 653, "name" : "赫爾振華藥局", "address" : "臺北市北投區振華街34號1樓", "telephone" : "(02)28233730", "city" : "臺北市", "district" : "北投區", "nhi" : true, "data_time" : "2026-05-03 03:11:08", "pharmacy_per_10k" : 2.92}}, {"type" : "Feature", "geometry" : {"type" : "Point", "coordinates" : [121.4992872, 25.13485327]}, "properties" : {"id" : 654, "name" : "中北生活藥局", "address" : "臺北市北投區中央北路1段113號1樓", "telephone" : "", "city" : "臺北市", "district" : "北投區", "nhi" : true, "data_time" : "2026-05-03 03:11:08", "pharmacy_per_10k" : 2.92}}, {"type" : "Feature", "geometry" : {"type" : "Point", "coordinates" : [121.5128171, 25.11306117]}, "properties" : {"id" : 655, "name" : "心樂藥局", "address" : "臺北市北投區致遠一路2段105號1樓", "telephone" : "(02)28210261", "city" : "臺北市", "district" : "北投區", "nhi" : true, "data_time" : "2026-05-03 03:11:08", "pharmacy_per_10k" : 2.92}}, {"type" : "Feature", "geometry" : {"type" : "Point", "coordinates" : [121.5130564, 25.1131307]}, "properties" : {"id" : 656, "name" : "祐民藥局", "address" : "臺北市北投區中央南路1段209號(1樓)", "telephone" : "(02)28975339", "city" : "臺北市", "district" : "北投區", "nhi" : true, "data_time" : "2026-05-03 03:11:08", "pharmacy_per_10k" : 2.92}}, {"type" : "Feature", "geometry" : {"type" : "Point", "coordinates" : [121.5155151, 25.11191768]}, "properties" : {"id" : 657, "name" : "天蓮藥局", "address" : "臺北市北投區石牌路一段１６６巷１１５號", "telephone" : "(02)28211824", "city" : "臺北市", "district" : "北投區", "nhi" : true, "data_time" : "2026-05-03 03:11:08", "pharmacy_per_10k" : 2.92}}, {"type" : "Feature", "geometry" : {"type" : "Point", "coordinates" : [121.5152668, 25.11085944]}, "properties" : {"id" : 658, "name" : "丸三大藥局", "address" : "臺北市北投區自強街１０５號", "telephone" : "(02)28230637", "city" : "臺北市", "district" : "北投區", "nhi" : true, "data_time" : "2026-05-03 03:11:08", "pharmacy_per_10k" : 2.92}}, {"type" : "Feature", "geometry" : {"type" : "Point", "coordinates" : [121.5105831, 25.11329731]}, "properties" : {"id" : 659, "name" : "石牌藥局", "address" : "臺北市北投區石牌路一段４９號", "telephone" : "(02)28214986", "city" : "臺北市", "district" : "北投區", "nhi" : true, "data_time" : "2026-05-03 03:11:08", "pharmacy_per_10k" : 2.92}}, {"type" : "Feature", "geometry" : {"type" : "Point", "coordinates" : [121.5206425, 25.11086327]}, "properties" : {"id" : 660, "name" : "進春藥局", "address" : "臺北市北投區明德路１５１號", "telephone" : "(02)28216938", "city" : "臺北市", "district" : "北投區", "nhi" : true, "data_time" : "2026-05-03 03:11:08", "pharmacy_per_10k" : 2.92}}, {"type" : "Feature", "geometry" : {"type" : "Point", "coordinates" : [121.5143913, 25.11093276]}, "properties" : {"id" : 661, "name" : "石牌大眾藥局", "address" : "臺北市北投區致遠一路二段７號", "telephone" : "(02)28232565", "city" : "臺北市", "district" : "北投區", "nhi" : true, "data_time" : "2026-05-03 03:11:08", "pharmacy_per_10k" : 2.92}}, {"type" : "Feature", "geometry" : {"type" : "Point", "coordinates" : [121.5169424, 25.11599154]}, "properties" : {"id" : 662, "name" : "德昇藥局", "address" : "臺北市北投區裕民二路２０號", "telephone" : "(02)28217565", "city" : "臺北市", "district" : "北投區", "nhi" : true, "data_time" : "2026-05-03 03:11:08", "pharmacy_per_10k" : 2.92}}, {"type" : "Feature", "geometry" : {"type" : "Point", "coordinates" : [121.4959357, 25.13651029]}, "properties" : {"id" : 663, "name" : "福德大藥局", "address" : "臺北市北投區中央北路二段１９號", "telephone" : "(02)28920294", "city" : "臺北市", "district" : "北投區", "nhi" : true, "data_time" : "2026-05-03 03:11:08", "pharmacy_per_10k" : 2.92}}, {"type" : "Feature", "geometry" : {"type" : "Point", "coordinates" : [121.4668199, 25.11935203]}, "properties" : {"id" : 664, "name" : "新祥藥局", "address" : "臺北市北投區知行路２０８號之１", "telephone" : "(02)28582551", "city" : "臺北市", "district" : "北投區", "nhi" : true, "data_time" : "2026-05-03 03:11:08", "pharmacy_per_10k" : 2.92}}, {"type" : "Feature", "geometry" : {"type" : "Point", "coordinates" : [121.5017015, 25.12529909]}, "properties" : {"id" : 665, "name" : "啟春藥局", "address" : "臺北市北投區崇仁路一段１０２號１樓", "telephone" : "(02)28918244", "city" : "臺北市", "district" : "北投區", "nhi" : true, "data_time" : "2026-05-03 03:11:08", "pharmacy_per_10k" : 2.92}}, {"type" : "Feature", "geometry" : {"type" : "Point", "coordinates" : [121.501323, 25.12845753]}, "properties" : {"id" : 666, "name" : "東陽西藥局", "address" : "臺北市北投區中央南路一段２０３號", "telephone" : "(02)28914208", "city" : "臺北市", "district" : "北投區", "nhi" : true, "data_time" : "2026-05-03 03:11:08", "pharmacy_per_10k" : 2.92}}, {"type" : "Feature", "geometry" : {"type" : "Point", "coordinates" : [121.4671484, 25.12129881]}, "properties" : {"id" : 667, "name" : "世全藥局", "address" : "臺北市北投區知行路２7３號", "telephone" : "(02)28585378", "city" : "臺北市", "district" : "北投區", "nhi" : true, "data_time" : "2026-05-03 03:11:08", "pharmacy_per_10k" : 2.92}}, {"type" : "Feature", "geometry" : {"type" : "Point", "coordinates" : [121.5199112, 25.11230786]}, "properties" : {"id" : 668, "name" : "名山藥局", "address" : "臺北市北投區東陽街４７５號１樓", "telephone" : "(02)28226101", "city" : "臺北市", "district" : "北投區", "nhi" : true, "data_time" : "2026-05-03 03:11:08", "pharmacy_per_10k" : 2.92}}, {"type" : "Feature", "geometry" : {"type" : "Point", "coordinates" : [121.5194585, 25.11123428]}, "properties" : {"id" : 669, "name" : "正仁藥局", "address" : "臺北市北投區建民路１６１之９號", "telephone" : "(02)28212985", "city" : "臺北市", "district" : "北投區", "nhi" : true, "data_time" : "2026-05-03 03:11:08", "pharmacy_per_10k" : 2.92}}, {"type" : "Feature", "geometry" : {"type" : "Point", "coordinates" : [121.511331, 25.11202629]}, "properties" : {"id" : 670, "name" : "石牌日春藥局", "address" : "臺北市北投區自強街５巷１０７號", "telephone" : "(02)28270455", "city" : "臺北市", "district" : "北投區", "nhi" : true, "data_time" : "2026-05-03 03:11:08", "pharmacy_per_10k" : 2.92}}, {"type" : "Feature", "geometry" : {"type" : "Point", "coordinates" : [121.5099133, 25.11293027]}, "properties" : {"id" : 671, "name" : "聯合藥局", "address" : "臺北市北投區石牌路一段二十三號", "telephone" : "(02)28270306", "city" : "臺北市", "district" : "北投區", "nhi" : true, "data_time" : "2026-05-03 03:11:08", "pharmacy_per_10k" : 2.92}}, {"type" : "Feature", "geometry" : {"type" : "Point", "coordinates" : [121.5052942, 25.1362139]}, "properties" : {"id" : 672, "name" : "玉山藥局", "address" : "臺北市北投區光明路一四五號", "telephone" : "(02)28917161", "city" : "臺北市", "district" : "北投區", "nhi" : true, "data_time" : "2026-05-03 03:11:08", "pharmacy_per_10k" : 2.92}}, {"type" : "Feature", "geometry" : {"type" : "Point", "coordinates" : [121.5076995, 25.11486057]}, "properties" : {"id" : 673, "name" : "實踐藥局", "address" : "臺北市北投區實踐街十三號", "telephone" : "(02)28210435", "city" : "臺北市", "district" : "北投區", "nhi" : true, "data_time" : "2026-05-03 03:11:08", "pharmacy_per_10k" : 2.92}}, {"type" : "Feature", "geometry" : {"type" : "Point", "coordinates" : [121.5013713, 25.1288423]}, "properties" : {"id" : 674, "name" : "妮妮藥局", "address" : "臺北市北投區中央南路一段187號", "telephone" : "", "city" : "臺北市", "district" : "北投區", "nhi" : true, "data_time" : "2026-05-03 03:11:08", "pharmacy_per_10k" : 2.92}}, {"type" : "Feature", "geometry" : {"type" : "Point", "coordinates" : [121.5014754, 25.14002974]}, "properties" : {"id" : 675, "name" : "明正藥局", "address" : "臺北市北投區永興路二段19號", "telephone" : "(02)28949409", "city" : "臺北市", "district" : "北投區", "nhi" : true, "data_time" : "2026-05-03 03:11:08", "pharmacy_per_10k" : 2.92}}, {"type" : "Feature", "geometry" : {"type" : "Point", "coordinates" : [121.5002149, 25.14065697]}, "properties" : {"id" : 676, "name" : "新資生北投中和大藥局", "address" : "臺北市北投區中和街294號1樓", "telephone" : "(02)77565117", "city" : "臺北市", "district" : "北投區", "nhi" : true, "data_time" : "2026-05-03 03:11:08", "pharmacy_per_10k" : 2.92}}, {"type" : "Feature", "geometry" : {"type" : "Point", "coordinates" : [121.514563, 25.1175365]}, "properties" : {"id" : 677, "name" : "川秀藥局", "address" : "臺北市北投區石牌路二段九九巷九號一樓", "telephone" : "(02)28212290", "city" : "臺北市", "district" : "北投區", "nhi" : true, "data_time" : "2026-05-03 03:11:08", "pharmacy_per_10k" : 2.92}}, {"type" : "Feature", "geometry" : {"type" : "Point", "coordinates" : [121.5035939, 25.1358781]}, "properties" : {"id" : 678, "name" : "建民藥局", "address" : "臺北市北投區光明路200號(1樓)", "telephone" : "(02)28912339", "city" : "臺北市", "district" : "北投區", "nhi" : true, "data_time" : "2026-05-03 03:11:08", "pharmacy_per_10k" : 2.92}}, {"type" : "Feature", "geometry" : {"type" : "Point", "coordinates" : [121.4692331, 25.12842617]}, "properties" : {"id" : 679, "name" : "昌源藥局", "address" : "臺北市北投區中央北路四段４８５號", "telephone" : "(02)28928695", "city" : "臺北市", "district" : "北投區", "nhi" : true, "data_time" : "2026-05-03 03:11:08", "pharmacy_per_10k" : 2.92}}, {"type" : "Feature", "geometry" : {"type" : "Point", "coordinates" : [121.5013167, 25.13309349]}, "properties" : {"id" : 680, "name" : "益元藥局", "address" : "臺北市北投區光明路１０６號", "telephone" : "(02)28912675", "city" : "臺北市", "district" : "北投區", "nhi" : true, "data_time" : "2026-05-03 03:11:08", "pharmacy_per_10k" : 2.92}}, {"type" : "Feature", "geometry" : {"type" : "Point", "coordinates" : [121.508028, 25.126094]}, "properties" : {"id" : 681, "name" : "九福藥局", "address" : "臺北市北投區公館路２３６號", "telephone" : "(02)28953009", "city" : "臺北市", "district" : "北投區", "nhi" : true, "data_time" : "2026-05-03 03:11:08", "pharmacy_per_10k" : 2.92}}, {"type" : "Feature", "geometry" : {"type" : "Point", "coordinates" : [121.5193377, 25.11218841]}, "properties" : {"id" : 682, "name" : "弘安藥局", "address" : "臺北市北投區懷德街３３號１樓", "telephone" : "(02)28206390", "city" : "臺北市", "district" : "北投區", "nhi" : true, "data_time" : "2026-05-03 03:11:08", "pharmacy_per_10k" : 2.92}}, {"type" : "Feature", "geometry" : {"type" : "Point", "coordinates" : [121.5065625, 25.11817333]}, "properties" : {"id" : 683, "name" : "黎明藥局", "address" : "臺北市北投區尊賢街２５３之１號", "telephone" : "(02)28223795", "city" : "臺北市", "district" : "北投區", "nhi" : true, "data_time" : "2026-05-03 03:11:08", "pharmacy_per_10k" : 2.92}}, {"type" : "Feature", "geometry" : {"type" : "Point", "coordinates" : [121.5014574, 25.1315735]}, "properties" : {"id" : 684, "name" : "明華藥局", "address" : "臺北市北投區清江路8號(實際使用:1樓)", "telephone" : "(02)28971056", "city" : "臺北市", "district" : "北投區", "nhi" : true, "data_time" : "2026-05-03 03:11:08", "pharmacy_per_10k" : 2.92}}, {"type" : "Feature", "geometry" : {"type" : "Point", "coordinates" : [121.5196068, 25.10939934]}, "properties" : {"id" : 685, "name" : "美康藥局", "address" : "臺北市北投區明德路９０號１樓", "telephone" : "(02)28281176", "city" : "臺北市", "district" : "北投區", "nhi" : true, "data_time" : "2026-05-03 03:11:08", "pharmacy_per_10k" : 2.92}}, {"type" : "Feature", "geometry" : {"type" : "Point", "coordinates" : [121.5003904, 25.14046594]}, "properties" : {"id" : 686, "name" : "良興藥局", "address" : "臺北市北投區中和街286號", "telephone" : "", "city" : "臺北市", "district" : "北投區", "nhi" : true, "data_time" : "2026-05-03 03:11:08", "pharmacy_per_10k" : 2.92}}, {"type" : "Feature", "geometry" : {"type" : "Point", "coordinates" : [121.4999972, 25.14085774]}, "properties" : {"id" : 687, "name" : "康揚藥局", "address" : "臺北市北投區中和街308號1樓", "telephone" : "(02)28946520", "city" : "臺北市", "district" : "北投區", "nhi" : true, "data_time" : "2026-05-03 03:11:08", "pharmacy_per_10k" : 2.92}}, {"type" : "Feature", "geometry" : {"type" : "Point", "coordinates" : [121.5007619, 25.14009979]}, "properties" : {"id" : 688, "name" : "嘉禾大藥局", "address" : "臺北市北投區中和街二六四號", "telephone" : "(02)28984758", "city" : "臺北市", "district" : "北投區", "nhi" : true, "data_time" : "2026-05-03 03:11:08", "pharmacy_per_10k" : 2.92}}, {"type" : "Feature", "geometry" : {"type" : "Point", "coordinates" : [121.5072858, 25.11707035]}, "properties" : {"id" : 689, "name" : "祐鄰藥局", "address" : "臺北市北投區尊賢街二五○號", "telephone" : "", "city" : "臺北市", "district" : "北投區", "nhi" : true, "data_time" : "2026-05-03 03:11:08", "pharmacy_per_10k" : 2.92}}, {"type" : "Feature", "geometry" : {"type" : "Point", "coordinates" : [121.5013678, 25.1314467]}, "properties" : {"id" : 690, "name" : "小明藥局", "address" : "臺北市北投區中央南路一段六九號二樓", "telephone" : "(02)28967136", "city" : "臺北市", "district" : "北投區", "nhi" : true, "data_time" : "2026-05-03 03:11:08", "pharmacy_per_10k" : 2.92}}, {"type" : "Feature", "geometry" : {"type" : "Point", "coordinates" : [121.4996709, 25.14097008]}, "properties" : {"id" : 691, "name" : "上頤藥局", "address" : "臺北市北投區中和街327號1樓", "telephone" : "(02)28981210", "city" : "臺北市", "district" : "北投區", "nhi" : true, "data_time" : "2026-05-03 03:11:08", "pharmacy_per_10k" : 2.92}}, {"type" : "Feature", "geometry" : {"type" : "Point", "coordinates" : [121.5161219, 25.11113558]}, "properties" : {"id" : 692, "name" : "國泰藥師藥局", "address" : "臺北市北投區自強街139-1號", "telephone" : "(02)28223995", "city" : "臺北市", "district" : "北投區", "nhi" : true, "data_time" : "2026-05-03 03:11:08", "pharmacy_per_10k" : 2.92}}, {"type" : "Feature", "geometry" : {"type" : "Point", "coordinates" : [121.5154228, 25.1107518]}, "properties" : {"id" : 693, "name" : "長宜藥局", "address" : "臺北市北投區自強街112號(1樓)", "telephone" : "(02)28216605", "city" : "臺北市", "district" : "北投區", "nhi" : true, "data_time" : "2026-05-03 03:11:08", "pharmacy_per_10k" : 2.92}}, {"type" : "Feature", "geometry" : {"type" : "Point", "coordinates" : [121.5032945, 25.13566318]}, "properties" : {"id" : 694, "name" : "大家藥局", "address" : "臺北市北投區光明路182號", "telephone" : "(02)28959000", "city" : "臺北市", "district" : "北投區", "nhi" : true, "data_time" : "2026-05-03 03:11:08", "pharmacy_per_10k" : 2.92}}, {"type" : "Feature", "geometry" : {"type" : "Point", "coordinates" : [121.5210654, 25.1188824]}, "properties" : {"id" : 695, "name" : "維康藥局", "address" : "臺北市北投區石牌路2段191.193號", "telephone" : "(02)28206343", "city" : "臺北市", "district" : "北投區", "nhi" : true, "data_time" : "2026-05-03 03:11:08", "pharmacy_per_10k" : 2.92}}, {"type" : "Feature", "geometry" : {"type" : "Point", "coordinates" : [121.5017036, 25.13044328]}, "properties" : {"id" : 696, "name" : "杏嘉藥局", "address" : "臺北市北投區清江路68號", "telephone" : "(02)28982340", "city" : "臺北市", "district" : "北投區", "nhi" : true, "data_time" : "2026-05-03 03:11:08", "pharmacy_per_10k" : 2.92}}, {"type" : "Feature", "geometry" : {"type" : "Point", "coordinates" : [121.5176331, 25.1124743]}, "properties" : {"id" : 697, "name" : "冠亞藥局", "address" : "臺北市北投區東陽街403號(1樓)", "telephone" : "(02)28217099", "city" : "臺北市", "district" : "北投區", "nhi" : true, "data_time" : "2026-05-03 03:11:08", "pharmacy_per_10k" : 2.92}}, {"type" : "Feature", "geometry" : {"type" : "Point", "coordinates" : [121.5011948, 25.13015116]}, "properties" : {"id" : 698, "name" : "鴻恩藥局", "address" : "臺北市北投區中央南路一段129號", "telephone" : "(02)28926410", "city" : "臺北市", "district" : "北投區", "nhi" : true, "data_time" : "2026-05-03 03:11:08", "pharmacy_per_10k" : 2.92}}, {"type" : "Feature", "geometry" : {"type" : "Point", "coordinates" : [121.5012179, 25.13309534]}, "properties" : {"id" : 699, "name" : "昱仁藥局", "address" : "臺北市北投區光明路102號2樓", "telephone" : "(02)28979050", "city" : "臺北市", "district" : "北投區", "nhi" : true, "data_time" : "2026-05-03 03:11:08", "pharmacy_per_10k" : 2.92}}, {"type" : "Feature", "geometry" : {"type" : "Point", "coordinates" : [121.5207644, 25.11046372]}, "properties" : {"id" : 700, "name" : "佳祈健保藥局", "address" : "臺北市北投區明德路144號", "telephone" : "(02)28232535", "city" : "臺北市", "district" : "北投區", "nhi" : true, "data_time" : "2026-05-03 03:11:08", "pharmacy_per_10k" : 2.92}}, {"type" : "Feature", "geometry" : {"type" : "Point", "coordinates" : [121.508706, 25.11520921]}, "properties" : {"id" : 701, "name" : "天禧大藥局", "address" : "臺北市北投區實踐街35號", "telephone" : "(02)28213558", "city" : "臺北市", "district" : "北投區", "nhi" : true, "data_time" : "2026-05-03 03:11:08", "pharmacy_per_10k" : 2.92}}, {"type" : "Feature", "geometry" : {"type" : "Point", "coordinates" : [121.5111381, 25.1136388]}, "properties" : {"id" : 702, "name" : "秝安藥局", "address" : "臺北市北投區石牌路一段69之1號(實際使用:1樓)", "telephone" : "(02)28215399", "city" : "臺北市", "district" : "北投區", "nhi" : true, "data_time" : "2026-05-03 03:11:08", "pharmacy_per_10k" : 2.92}}, {"type" : "Feature", "geometry" : {"type" : "Point", "coordinates" : [121.4671918, 25.12214405]}, "properties" : {"id" : 703, "name" : "萬信藥局", "address" : "臺北市北投區知行路305號", "telephone" : "(02)28583083", "city" : "臺北市", "district" : "北投區", "nhi" : true, "data_time" : "2026-05-03 03:11:08", "pharmacy_per_10k" : 2.92}}, {"type" : "Feature", "geometry" : {"type" : "Point", "coordinates" : [121.501084, 25.13140614]}, "properties" : {"id" : 704, "name" : "北投春天藥局", "address" : "臺北市北投區中央南路一段76號", "telephone" : "(02)28916668", "city" : "臺北市", "district" : "北投區", "nhi" : true, "data_time" : "2026-05-03 03:11:08", "pharmacy_per_10k" : 2.92}}, {"type" : "Feature", "geometry" : {"type" : "Point", "coordinates" : [121.5148634, 25.1105069]}, "properties" : {"id" : 705, "name" : "致遠春天藥局", "address" : "臺北市北投區致遠一路一段132號1、2樓", "telephone" : "(02)28253258", "city" : "臺北市", "district" : "北投區", "nhi" : true, "data_time" : "2026-05-03 03:11:08", "pharmacy_per_10k" : 2.92}}, {"type" : "Feature", "geometry" : {"type" : "Point", "coordinates" : [121.5080306, 25.11550738]}, "properties" : {"id" : 706, "name" : "尊賢藥局", "address" : "臺北市北投區尊賢街212號", "telephone" : "(02)28270505", "city" : "臺北市", "district" : "北投區", "nhi" : true, "data_time" : "2026-05-03 03:11:08", "pharmacy_per_10k" : 2.92}}, {"type" : "Feature", "geometry" : {"type" : "Point", "coordinates" : [121.5012377, 25.13044771]}, "properties" : {"id" : 707, "name" : "漢藥局", "address" : "臺北市北投區中央南路1段115號1樓", "telephone" : "(02)28236598", "city" : "臺北市", "district" : "北投區", "nhi" : true, "data_time" : "2026-05-03 03:11:08", "pharmacy_per_10k" : 2.92}}, {"type" : "Feature", "geometry" : {"type" : "Point", "coordinates" : [121.4847979, 25.1378103]}, "properties" : {"id" : 708, "name" : "振生大藥局", "address" : "臺北市北投區中央北路三段61號", "telephone" : "(02)28977292", "city" : "臺北市", "district" : "北投區", "nhi" : true, "data_time" : "2026-05-03 03:11:08", "pharmacy_per_10k" : 2.92}}, {"type" : "Feature", "geometry" : {"type" : "Point", "coordinates" : [121.5168179, 25.111248]}, "properties" : {"id" : 709, "name" : "怡人藥局", "address" : "臺北市北投區自強街141巷2之1號(1樓)", "telephone" : "(02)28211598", "city" : "臺北市", "district" : "北投區", "nhi" : true, "data_time" : "2026-05-03 03:11:08", "pharmacy_per_10k" : 2.92}}, {"type" : "Feature", "geometry" : {"type" : "Point", "coordinates" : [121.5026935, 25.13508442]}, "properties" : {"id" : 710, "name" : "全家藥粧藥局", "address" : "臺北市北投區光明路166之2號", "telephone" : "(02)28988685", "city" : "臺北市", "district" : "北投區", "nhi" : true, "data_time" : "2026-05-03 03:11:08", "pharmacy_per_10k" : 2.92}}, {"type" : "Feature", "geometry" : {"type" : "Point", "coordinates" : [121.5037609, 25.1361901]}, "properties" : {"id" : 711, "name" : "生活藥局", "address" : "臺北市北投區光明路213號", "telephone" : "(02)28933312", "city" : "臺北市", "district" : "北投區", "nhi" : true, "data_time" : "2026-05-03 03:11:08", "pharmacy_per_10k" : 2.92}}, {"type" : "Feature", "geometry" : {"type" : "Point", "coordinates" : [121.5131036, 25.11425877]}, "properties" : {"id" : 712, "name" : "理得藥局", "address" : "臺北市北投區石牌路一段150號", "telephone" : "(02)28289680", "city" : "臺北市", "district" : "北投區", "nhi" : true, "data_time" : "2026-05-03 03:11:08", "pharmacy_per_10k" : 2.92}}, {"type" : "Feature", "geometry" : {"type" : "Point", "coordinates" : [121.5014269, 25.1319197]}, "properties" : {"id" : 713, "name" : "天康大藥局", "address" : "臺北市北投區中央南路一段57號", "telephone" : "(02)28930168", "city" : "臺北市", "district" : "北投區", "nhi" : true, "data_time" : "2026-05-03 03:11:08", "pharmacy_per_10k" : 2.92}}, {"type" : "Feature", "geometry" : {"type" : "Point", "coordinates" : [121.4997292, 25.1328887]}, "properties" : {"id" : 714, "name" : "躍獅光明藥局", "address" : "臺北市北投區光明路51號(實際使用:1樓)及53號(實際使用:1樓)", "telephone" : "(02)28915993", "city" : "臺北市", "district" : "北投區", "nhi" : true, "data_time" : "2026-05-03 03:11:08", "pharmacy_per_10k" : 2.92}}, {"type" : "Feature", "geometry" : {"type" : "Point", "coordinates" : [121.4947023, 25.1451972]}, "properties" : {"id" : 715, "name" : "永欣中西藥局", "address" : "臺北市北投區中和街501號", "telephone" : "(02)28910307", "city" : "臺北市", "district" : "北投區", "nhi" : true, "data_time" : "2026-05-03 03:11:08", "pharmacy_per_10k" : 2.92}}, {"type" : "Feature", "geometry" : {"type" : "Point", "coordinates" : [121.4997272, 25.1313032]}, "properties" : {"id" : 716, "name" : "陳藥師藥局", "address" : "臺北市北投區光明路2巷13之2號(實際使用:1樓)", "telephone" : "(02)28921971", "city" : "臺北市", "district" : "北投區", "nhi" : true, "data_time" : "2026-05-03 03:11:08", "pharmacy_per_10k" : 2.92}}, {"type" : "Feature", "geometry" : {"type" : "Point", "coordinates" : [121.4980687, 25.1336154]}, "properties" : {"id" : 717, "name" : "江南育仁大藥局", "address" : "臺北市北投區育仁路55號1樓", "telephone" : "(02)28981850", "city" : "臺北市", "district" : "北投區", "nhi" : true, "data_time" : "2026-05-03 03:11:08", "pharmacy_per_10k" : 2.92}}, {"type" : "Feature", "geometry" : {"type" : "Point", "coordinates" : [121.5153138, 25.11428828]}, "properties" : {"id" : 718, "name" : "康賢藥局", "address" : "臺北市北投區西安街1段359號1樓", "telephone" : "(02)28219295", "city" : "臺北市", "district" : "北投區", "nhi" : true, "data_time" : "2026-05-03 03:11:08", "pharmacy_per_10k" : 2.92}}, {"type" : "Feature", "geometry" : {"type" : "Point", "coordinates" : [121.5130564, 25.1131307]}, "properties" : {"id" : 719, "name" : "合宸藥局", "address" : "臺北市北投區中央南路1段59號(1樓)", "telephone" : "(02)28913120", "city" : "臺北市", "district" : "北投區", "nhi" : true, "data_time" : "2026-05-03 03:11:08", "pharmacy_per_10k" : 2.92}}, {"type" : "Feature", "geometry" : {"type" : "Point", "coordinates" : [121.5205735, 25.1111579]}, "properties" : {"id" : 720, "name" : "良哲藥局", "address" : "臺北市北投區明德路157之4號(1樓)", "telephone" : "(02)28285516", "city" : "臺北市", "district" : "北投區", "nhi" : true, "data_time" : "2026-05-03 03:11:08", "pharmacy_per_10k" : 2.92}}, {"type" : "Feature", "geometry" : {"type" : "Point", "coordinates" : [121.500971, 25.13963778]}, "properties" : {"id" : 721, "name" : "康是美北投藥局", "address" : "臺北市北投區中和街249號1樓、2樓及3樓", "telephone" : "(02)28949542", "city" : "臺北市", "district" : "北投區", "nhi" : true, "data_time" : "2026-05-03 03:11:08", "pharmacy_per_10k" : 2.92}}, {"type" : "Feature", "geometry" : {"type" : "Point", "coordinates" : [121.5159513, 25.1159294]}, "properties" : {"id" : 722, "name" : "石牌春天藥局", "address" : "臺北市北投區石牌路2段52號(1樓)", "telephone" : "(02)28250060", "city" : "臺北市", "district" : "北投區", "nhi" : true, "data_time" : "2026-05-03 03:11:08", "pharmacy_per_10k" : 2.92}}, {"type" : "Feature", "geometry" : {"type" : "Point", "coordinates" : [121.6055424, 25.05660779]}, "properties" : {"id" : 798, "name" : "旭村藥局", "address" : "臺北市南港區興華路１１２號", "telephone" : "(02)27820948", "city" : "臺北市", "district" : "南港區", "nhi" : true, "data_time" : "2026-05-03 03:11:08", "pharmacy_per_10k" : 3.48}}, {"type" : "Feature", "geometry" : {"type" : "Point", "coordinates" : [121.5847535, 25.04564134]}, "properties" : {"id" : 799, "name" : "麗康藥局", "address" : "臺北市南港區同德路51號1樓", "telephone" : "(02)26515236", "city" : "臺北市", "district" : "南港區", "nhi" : true, "data_time" : "2026-05-03 03:11:08", "pharmacy_per_10k" : 3.48}}, {"type" : "Feature", "geometry" : {"type" : "Point", "coordinates" : [121.6165702, 25.05401416]}, "properties" : {"id" : 800, "name" : "健園藥局", "address" : "臺北市南港區研究院路一段19號1樓", "telephone" : "(02)27851567", "city" : "臺北市", "district" : "南港區", "nhi" : true, "data_time" : "2026-05-03 03:11:08", "pharmacy_per_10k" : 3.48}}, {"type" : "Feature", "geometry" : {"type" : "Point", "coordinates" : [121.6152335, 25.04688584]}, "properties" : {"id" : 801, "name" : "可可藥局", "address" : "臺北市南港區研究院路二段36號", "telephone" : "(02)27886667", "city" : "臺北市", "district" : "南港區", "nhi" : true, "data_time" : "2026-05-03 03:11:08", "pharmacy_per_10k" : 3.48}}, {"type" : "Feature", "geometry" : {"type" : "Point", "coordinates" : [121.5834483, 25.04433432]}, "properties" : {"id" : 802, "name" : "裕成藥局", "address" : "臺北市南港區玉成街１６６巷１３號", "telephone" : "(02)27851227", "city" : "臺北市", "district" : "南港區", "nhi" : true, "data_time" : "2026-05-03 03:11:08", "pharmacy_per_10k" : 3.48}}, {"type" : "Feature", "geometry" : {"type" : "Point", "coordinates" : [121.5922164, 25.05429245]}, "properties" : {"id" : 803, "name" : "新錦安藥局", "address" : "臺北市南港區南港路三段３４號", "telephone" : "(02)27825218", "city" : "臺北市", "district" : "南港區", "nhi" : true, "data_time" : "2026-05-03 03:11:08", "pharmacy_per_10k" : 3.48}}, {"type" : "Feature", "geometry" : {"type" : "Point", "coordinates" : [121.5840858, 25.04510802]}, "properties" : {"id" : 804, "name" : "仁泰藥局", "address" : "臺北市南港區同德路２８號", "telephone" : "(02)27855464", "city" : "臺北市", "district" : "南港區", "nhi" : true, "data_time" : "2026-05-03 03:11:08", "pharmacy_per_10k" : 3.48}}, {"type" : "Feature", "geometry" : {"type" : "Point", "coordinates" : [121.6053979, 25.05425119]}, "properties" : {"id" : 805, "name" : "加欣藥局", "address" : "臺北市南港區南港路二段26號", "telephone" : "(02)27836222", "city" : "臺北市", "district" : "南港區", "nhi" : true, "data_time" : "2026-05-03 03:11:08", "pharmacy_per_10k" : 3.48}}, {"type" : "Feature", "geometry" : {"type" : "Point", "coordinates" : [121.5831681, 25.04328798]}, "properties" : {"id" : 806, "name" : "祥安藥局", "address" : "臺北市南港區中坡南路25號", "telephone" : "(02)26547322", "city" : "臺北市", "district" : "南港區", "nhi" : true, "data_time" : "2026-05-03 03:11:08", "pharmacy_per_10k" : 3.48}}, {"type" : "Feature", "geometry" : {"type" : "Point", "coordinates" : [121.5841124, 25.04465957]}, "properties" : {"id" : 807, "name" : "德鴻藥局", "address" : "臺北市南港區玉成街１６８號１樓", "telephone" : "(02)27893016", "city" : "臺北市", "district" : "南港區", "nhi" : true, "data_time" : "2026-05-03 03:11:08", "pharmacy_per_10k" : 3.48}}, {"type" : "Feature", "geometry" : {"type" : "Point", "coordinates" : [121.5882673, 25.04091936]}, "properties" : {"id" : 808, "name" : "新東發藥局", "address" : "臺北市南港區成福路１９８號", "telephone" : "(02)27855190", "city" : "臺北市", "district" : "南港區", "nhi" : true, "data_time" : "2026-05-03 03:11:08", "pharmacy_per_10k" : 3.48}}, {"type" : "Feature", "geometry" : {"type" : "Point", "coordinates" : [121.6165119, 25.05180935]}, "properties" : {"id" : 809, "name" : "富康活力藥局", "address" : "臺北市南港區研究院路1段101巷8號1樓", "telephone" : "(02)27828810", "city" : "臺北市", "district" : "南港區", "nhi" : true, "data_time" : "2026-05-03 03:11:08", "pharmacy_per_10k" : 3.48}}, {"type" : "Feature", "geometry" : {"type" : "Point", "coordinates" : [121.6060585, 25.05544707]}, "properties" : {"id" : 810, "name" : "亞博藥師藥局", "address" : "臺北市南港區興華路81號", "telephone" : "(02)27838090", "city" : "臺北市", "district" : "南港區", "nhi" : true, "data_time" : "2026-05-03 03:11:08", "pharmacy_per_10k" : 3.48}}, {"type" : "Feature", "geometry" : {"type" : "Point", "coordinates" : [121.6152004, 25.04539707]}, "properties" : {"id" : 811, "name" : "佳龍藥局", "address" : "臺北市南港區研究院路2段80號", "telephone" : "(02)27885951", "city" : "臺北市", "district" : "南港區", "nhi" : true, "data_time" : "2026-05-03 03:11:08", "pharmacy_per_10k" : 3.48}}, {"type" : "Feature", "geometry" : {"type" : "Point", "coordinates" : [121.616618, 25.05177546]}, "properties" : {"id" : 812, "name" : "湳港藥局", "address" : "臺北市南港區研究院路1段101巷10號1樓", "telephone" : "(02)27892200", "city" : "臺北市", "district" : "南港區", "nhi" : true, "data_time" : "2026-05-03 03:11:08", "pharmacy_per_10k" : 3.48}}, {"type" : "Feature", "geometry" : {"type" : "Point", "coordinates" : [121.6157001, 25.05030868]}, "properties" : {"id" : 813, "name" : "進慧藥局", "address" : "臺北市南港區研究院路一段163號", "telephone" : "", "city" : "臺北市", "district" : "南港區", "nhi" : true, "data_time" : "2026-05-03 03:11:08", "pharmacy_per_10k" : 3.48}}, {"type" : "Feature", "geometry" : {"type" : "Point", "coordinates" : [121.5852902, 25.04569787]}, "properties" : {"id" : 814, "name" : "儀安健保藥局", "address" : "臺北市南港區同德路74號", "telephone" : "(02)27893839", "city" : "臺北市", "district" : "南港區", "nhi" : true, "data_time" : "2026-05-03 03:11:08", "pharmacy_per_10k" : 3.48}}, {"type" : "Feature", "geometry" : {"type" : "Point", "coordinates" : [121.6061283, 25.05516682]}, "properties" : {"id" : 815, "name" : "泓安藥局", "address" : "臺北市南港區興華路75號", "telephone" : "(02)27861083", "city" : "臺北市", "district" : "南港區", "nhi" : true, "data_time" : "2026-05-03 03:11:08", "pharmacy_per_10k" : 3.48}}, {"type" : "Feature", "geometry" : {"type" : "Point", "coordinates" : [121.6205027, 25.03985358]}, "properties" : {"id" : 816, "name" : "健涵藥局", "address" : "臺北市南港區舊莊街一段147號", "telephone" : "(02)27837285", "city" : "臺北市", "district" : "南港區", "nhi" : true, "data_time" : "2026-05-03 03:11:08", "pharmacy_per_10k" : 3.48}}, {"type" : "Feature", "geometry" : {"type" : "Point", "coordinates" : [121.6118829, 25.0553586]}, "properties" : {"id" : 817, "name" : "南港藥局", "address" : "臺北市南港區南港路一段166號", "telephone" : "(02)27829137", "city" : "臺北市", "district" : "南港區", "nhi" : true, "data_time" : "2026-05-03 03:11:08", "pharmacy_per_10k" : 3.48}}, {"type" : "Feature", "geometry" : {"type" : "Point", "coordinates" : [121.616894, 25.03784937]}, "properties" : {"id" : 818, "name" : "順翔藥局", "address" : "臺北市南港區研究院路二段170號", "telephone" : "(02)27824332", "city" : "臺北市", "district" : "南港區", "nhi" : true, "data_time" : "2026-05-03 03:11:08", "pharmacy_per_10k" : 3.48}}, {"type" : "Feature", "geometry" : {"type" : "Point", "coordinates" : [121.5923991, 25.05434158]}, "properties" : {"id" : 819, "name" : "景星藥局", "address" : "臺北市南港區南港路三段26號", "telephone" : "(02)27838816", "city" : "臺北市", "district" : "南港區", "nhi" : true, "data_time" : "2026-05-03 03:11:08", "pharmacy_per_10k" : 3.48}}, {"type" : "Feature", "geometry" : {"type" : "Point", "coordinates" : [121.586734, 25.04472686]}, "properties" : {"id" : 820, "name" : "成恩藥局", "address" : "臺北市南港區成福路23號", "telephone" : "(02)27856602", "city" : "臺北市", "district" : "南港區", "nhi" : true, "data_time" : "2026-05-03 03:11:08", "pharmacy_per_10k" : 3.48}}, {"type" : "Feature", "geometry" : {"type" : "Point", "coordinates" : [121.5879838, 25.03948317]}, "properties" : {"id" : 821, "name" : "小藥師健保藥局", "address" : "臺北市南港區福德街320之1號", "telephone" : "", "city" : "臺北市", "district" : "南港區", "nhi" : true, "data_time" : "2026-05-03 03:11:08", "pharmacy_per_10k" : 3.48}}, {"type" : "Feature", "geometry" : {"type" : "Point", "coordinates" : [121.581777, 25.04692213]}, "properties" : {"id" : 822, "name" : "心亮藥局", "address" : "臺北市南港區玉成街66之7號", "telephone" : "(02)27881677", "city" : "臺北市", "district" : "南港區", "nhi" : true, "data_time" : "2026-05-03 03:11:08", "pharmacy_per_10k" : 3.48}}, {"type" : "Feature", "geometry" : {"type" : "Point", "coordinates" : [121.6211172, 25.0394908]}, "properties" : {"id" : 823, "name" : "勝安藥局", "address" : "臺北市南港區舊莊街一段165號", "telephone" : "", "city" : "臺北市", "district" : "南港區", "nhi" : true, "data_time" : "2026-05-03 03:11:08", "pharmacy_per_10k" : 3.48}}, {"type" : "Feature", "geometry" : {"type" : "Point", "coordinates" : [121.6048022, 25.05470165]}, "properties" : {"id" : 824, "name" : "開欣藥局", "address" : "臺北市南港區南港路二段38巷6之1號", "telephone" : "(02)26532986", "city" : "臺北市", "district" : "南港區", "nhi" : true, "data_time" : "2026-05-03 03:11:08", "pharmacy_per_10k" : 3.48}}, {"type" : "Feature", "geometry" : {"type" : "Point", "coordinates" : [121.585978, 25.04561188]}, "properties" : {"id" : 825, "name" : "躍獅忠孝藥局", "address" : "臺北市南港區成福路16號", "telephone" : "(02)27862829", "city" : "臺北市", "district" : "南港區", "nhi" : true, "data_time" : "2026-05-03 03:11:08", "pharmacy_per_10k" : 3.48}}, {"type" : "Feature", "geometry" : {"type" : "Point", "coordinates" : [121.615133, 25.04551573]}, "properties" : {"id" : 826, "name" : "心心藥局", "address" : "臺北市南港區研究院路2段76號1樓", "telephone" : "(02)27862586", "city" : "臺北市", "district" : "南港區", "nhi" : true, "data_time" : "2026-05-03 03:11:08", "pharmacy_per_10k" : 3.48}}, {"type" : "Feature", "geometry" : {"type" : "Point", "coordinates" : [121.5937912, 25.04969297]}, "properties" : {"id" : 827, "name" : "杏安藥局", "address" : "臺北市南港區昆陽街140巷16號1樓", "telephone" : "(02)27864119", "city" : "臺北市", "district" : "南港區", "nhi" : true, "data_time" : "2026-05-03 03:11:08", "pharmacy_per_10k" : 3.48}}, {"type" : "Feature", "geometry" : {"type" : "Point", "coordinates" : [121.5808634, 25.0516999]}, "properties" : {"id" : 828, "name" : "民昇藥局", "address" : "臺北市南港區南港路3段338號(1樓)", "telephone" : "(02)27835778", "city" : "臺北市", "district" : "南港區", "nhi" : true, "data_time" : "2026-05-03 03:11:08", "pharmacy_per_10k" : 3.48}}, {"type" : "Feature", "geometry" : {"type" : "Point", "coordinates" : [121.6054746, 25.05612818]}, "properties" : {"id" : 829, "name" : "東明藥局", "address" : "臺北市南港區東明街3號1樓", "telephone" : "(02)26559663", "city" : "臺北市", "district" : "南港區", "nhi" : true, "data_time" : "2026-05-03 03:11:08", "pharmacy_per_10k" : 3.48}}, {"type" : "Feature", "geometry" : {"type" : "Point", "coordinates" : [121.58587, 25.04577656]}, "properties" : {"id" : 830, "name" : "成福大藥局", "address" : "臺北市南港區成福路8號1樓", "telephone" : "(02)27859221", "city" : "臺北市", "district" : "南港區", "nhi" : true, "data_time" : "2026-05-03 03:11:08", "pharmacy_per_10k" : 3.48}}, {"type" : "Feature", "geometry" : {"type" : "Point", "coordinates" : [121.583236, 25.044788]}, "properties" : {"id" : 831, "name" : "群悅藥局", "address" : "臺北市南港區玉成街140巷7號(1樓)", "telephone" : "(02)26537635", "city" : "臺北市", "district" : "南港區", "nhi" : true, "data_time" : "2026-05-03 03:11:08", "pharmacy_per_10k" : 3.48}}, {"type" : "Feature", "geometry" : {"type" : "Point", "coordinates" : [121.5858942, 25.04573965]}, "properties" : {"id" : 832, "name" : "上丞藥師藥局", "address" : "臺北市南港區成福路10號1樓", "telephone" : "(02)26535589", "city" : "臺北市", "district" : "南港區", "nhi" : true, "data_time" : "2026-05-03 03:11:08", "pharmacy_per_10k" : 3.48}}, {"type" : "Feature", "geometry" : {"type" : "Point", "coordinates" : [121.5939938, 25.04973903]}, "properties" : {"id" : 833, "name" : "富凱昆陽藥局", "address" : "臺北市南港區昆陽街140巷8號1樓", "telephone" : "", "city" : "臺北市", "district" : "南港區", "nhi" : true, "data_time" : "2026-05-03 03:11:08", "pharmacy_per_10k" : 3.48}}, {"type" : "Feature", "geometry" : {"type" : "Point", "coordinates" : [121.5838874, 25.04493705]}, "properties" : {"id" : 834, "name" : "日出藥局", "address" : "臺北市南港區玉成街158號1樓", "telephone" : "(02)27886005", "city" : "臺北市", "district" : "南港區", "nhi" : true, "data_time" : "2026-05-03 03:11:08", "pharmacy_per_10k" : 3.48}}, {"type" : "Feature", "geometry" : {"type" : "Point", "coordinates" : [121.5829655, 25.04345339]}, "properties" : {"id" : 835, "name" : "富康活力眾坡藥局", "address" : "臺北市南港區中坡南路15號1樓", "telephone" : "(02)27822666", "city" : "臺北市", "district" : "南港區", "nhi" : true, "data_time" : "2026-05-03 03:11:08", "pharmacy_per_10k" : 3.48}}, {"type" : "Feature", "geometry" : {"type" : "Point", "coordinates" : [121.6163716, 25.05230491]}, "properties" : {"id" : 836, "name" : "康是美港研藥局", "address" : "臺北市南港區研究院路1段99號地下1層之1至3、之5至28", "telephone" : "(02)27836804", "city" : "臺北市", "district" : "南港區", "nhi" : true, "data_time" : "2026-05-03 03:11:08", "pharmacy_per_10k" : 3.48}}, {"type" : "Feature", "geometry" : {"type" : "Point", "coordinates" : [121.6171386, 25.05199936]}, "properties" : {"id" : 837, "name" : "志銘藥局", "address" : "臺北市南港區研究院路一段１０１巷１１號", "telephone" : "(02)27835216", "city" : "臺北市", "district" : "南港區", "nhi" : true, "data_time" : "2026-05-03 03:11:08", "pharmacy_per_10k" : 3.48}}, {"type" : "Feature", "geometry" : {"type" : "Point", "coordinates" : [121.5196328, 25.08498315]}, "properties" : {"id" : 550, "name" : "宜家藥局", "address" : "臺北市士林區前港街86號1樓", "telephone" : "(02)28833677", "city" : "臺北市", "district" : "士林區", "nhi" : true, "data_time" : "2026-05-03 03:11:08", "pharmacy_per_10k" : 3.54}}, {"type" : "Feature", "geometry" : {"type" : "Point", "coordinates" : [121.5254001, 25.10860067]}, "properties" : {"id" : 551, "name" : "家赫宇盛藥局", "address" : "臺北市士林區中山北路6段222號1樓", "telephone" : "(02)28328728", "city" : "臺北市", "district" : "士林區", "nhi" : true, "data_time" : "2026-05-03 03:11:08", "pharmacy_per_10k" : 3.54}}, {"type" : "Feature", "geometry" : {"type" : "Point", "coordinates" : [121.5220506, 25.08459299]}, "properties" : {"id" : 552, "name" : "前港台安藥局", "address" : "臺北市士林區前港街28號1樓", "telephone" : "(02)28831079", "city" : "臺北市", "district" : "士林區", "nhi" : true, "data_time" : "2026-05-03 03:11:08", "pharmacy_per_10k" : 3.54}}, {"type" : "Feature", "geometry" : {"type" : "Point", "coordinates" : [121.532763, 25.10934708]}, "properties" : {"id" : 553, "name" : "向宇藥局", "address" : "臺北市士林區德行東路217號1樓", "telephone" : "(02)88661101", "city" : "臺北市", "district" : "士林區", "nhi" : true, "data_time" : "2026-05-03 03:11:08", "pharmacy_per_10k" : 3.54}}, {"type" : "Feature", "geometry" : {"type" : "Point", "coordinates" : [121.5268437, 25.11835063]}, "properties" : {"id" : 554, "name" : "天母藥局", "address" : "臺北市士林區天母西路26號1樓", "telephone" : "(02)28771202", "city" : "臺北市", "district" : "士林區", "nhi" : true, "data_time" : "2026-05-03 03:11:08", "pharmacy_per_10k" : 3.54}}, {"type" : "Feature", "geometry" : {"type" : "Point", "coordinates" : [121.5292096, 25.10808845]}, "properties" : {"id" : 555, "name" : "大田大藥局", "address" : "臺北市士林區德行東路133號1樓", "telephone" : "(02)28326112", "city" : "臺北市", "district" : "士林區", "nhi" : true, "data_time" : "2026-05-03 03:11:08", "pharmacy_per_10k" : 3.54}}, {"type" : "Feature", "geometry" : {"type" : "Point", "coordinates" : [121.5241792, 25.0960516]}, "properties" : {"id" : 556, "name" : "有為藥局", "address" : "臺北市士林區文林路477號(1樓)", "telephone" : "(02)28366898", "city" : "臺北市", "district" : "士林區", "nhi" : true, "data_time" : "2026-05-03 03:11:08", "pharmacy_per_10k" : 3.54}}, {"type" : "Feature", "geometry" : {"type" : "Point", "coordinates" : [121.5315264, 25.10600093]}, "properties" : {"id" : 557, "name" : "忠義台安藥局", "address" : "臺北市士林區忠義街72號1樓", "telephone" : "(02)28380685", "city" : "臺北市", "district" : "士林區", "nhi" : true, "data_time" : "2026-05-03 03:11:08", "pharmacy_per_10k" : 3.54}}, {"type" : "Feature", "geometry" : {"type" : "Point", "coordinates" : [121.5270814, 25.10415332]}, "properties" : {"id" : 558, "name" : "芝山藥局", "address" : "臺北市士林區忠誠路1段27號1樓及地下1層、29號1樓及地下1層", "telephone" : "(02)28330353", "city" : "臺北市", "district" : "士林區", "nhi" : true, "data_time" : "2026-05-03 03:11:08", "pharmacy_per_10k" : 3.54}}, {"type" : "Feature", "geometry" : {"type" : "Point", "coordinates" : [121.5208017, 25.08104434]}, "properties" : {"id" : 559, "name" : "富康活力通河藥局", "address" : "臺北市士林區通河街141巷1號1樓", "telephone" : "(02)28862866", "city" : "臺北市", "district" : "士林區", "nhi" : true, "data_time" : "2026-05-03 03:11:08", "pharmacy_per_10k" : 3.54}}, {"type" : "Feature", "geometry" : {"type" : "Point", "coordinates" : [121.5205427, 25.0811004]}, "properties" : {"id" : 560, "name" : "通河藥局", "address" : "臺北市士林區通河街147號1樓", "telephone" : "(02)28861332", "city" : "臺北市", "district" : "士林區", "nhi" : true, "data_time" : "2026-05-03 03:11:08", "pharmacy_per_10k" : 3.54}}, {"type" : "Feature", "geometry" : {"type" : "Point", "coordinates" : [121.5225385, 25.0970569]}, "properties" : {"id" : 561, "name" : "南風藥局", "address" : "臺北市士林區美崙街45號1樓", "telephone" : "(02)28320375", "city" : "臺北市", "district" : "士林區", "nhi" : true, "data_time" : "2026-05-03 03:11:08", "pharmacy_per_10k" : 3.54}}, {"type" : "Feature", "geometry" : {"type" : "Point", "coordinates" : [121.5236314, 25.09718206]}, "properties" : {"id" : 562, "name" : "菁安藥局", "address" : "臺北市士林區美崙街5號1樓", "telephone" : "(02)28323951", "city" : "臺北市", "district" : "士林區", "nhi" : true, "data_time" : "2026-05-03 03:11:08", "pharmacy_per_10k" : 3.54}}, {"type" : "Feature", "geometry" : {"type" : "Point", "coordinates" : [121.5178302, 25.08753114]}, "properties" : {"id" : 563, "name" : "景正藥師中西藥局", "address" : "臺北市士林區福港街１５２號", "telephone" : "(02)28838762", "city" : "臺北市", "district" : "士林區", "nhi" : true, "data_time" : "2026-05-03 03:11:08", "pharmacy_per_10k" : 3.54}}, {"type" : "Feature", "geometry" : {"type" : "Point", "coordinates" : [121.5213792, 25.09604928]}, "properties" : {"id" : 564, "name" : "佳赫藥局", "address" : "臺北市士林區文昌路62號", "telephone" : "(02)28367202", "city" : "臺北市", "district" : "士林區", "nhi" : true, "data_time" : "2026-05-03 03:11:08", "pharmacy_per_10k" : 3.54}}, {"type" : "Feature", "geometry" : {"type" : "Point", "coordinates" : [121.5260087, 25.08898084]}, "properties" : {"id" : 565, "name" : "士林三安藥局", "address" : "臺北市士林區大南路１１號", "telephone" : "(02)28812631", "city" : "臺北市", "district" : "士林區", "nhi" : true, "data_time" : "2026-05-03 03:11:08", "pharmacy_per_10k" : 3.54}}, {"type" : "Feature", "geometry" : {"type" : "Point", "coordinates" : [121.5256281, 25.09145851]}, "properties" : {"id" : 566, "name" : "啓宏藥局", "address" : "臺北市士林區大東路９０之１號", "telephone" : "(02)28825811", "city" : "臺北市", "district" : "士林區", "nhi" : true, "data_time" : "2026-05-03 03:11:08", "pharmacy_per_10k" : 3.54}}, {"type" : "Feature", "geometry" : {"type" : "Point", "coordinates" : [121.5101238, 25.08255769]}, "properties" : {"id" : 567, "name" : "太安藥局", "address" : "臺北市士林區延平北路五段157號", "telephone" : "(02)28111468", "city" : "臺北市", "district" : "士林區", "nhi" : true, "data_time" : "2026-05-03 03:11:08", "pharmacy_per_10k" : 3.54}}, {"type" : "Feature", "geometry" : {"type" : "Point", "coordinates" : [121.5300746, 25.11218957]}, "properties" : {"id" : 568, "name" : "田倉藥局", "address" : "臺北市士林區士東路122號1樓", "telephone" : "(02)88662188", "city" : "臺北市", "district" : "士林區", "nhi" : true, "data_time" : "2026-05-03 03:11:08", "pharmacy_per_10k" : 3.54}}, {"type" : "Feature", "geometry" : {"type" : "Point", "coordinates" : [121.5267369, 25.11167788]}, "properties" : {"id" : 569, "name" : "日康藥局", "address" : "臺北市士林區士東路１２號１樓", "telephone" : "(02)28358558", "city" : "臺北市", "district" : "士林區", "nhi" : true, "data_time" : "2026-05-03 03:11:08", "pharmacy_per_10k" : 3.54}}, {"type" : "Feature", "geometry" : {"type" : "Point", "coordinates" : [121.5194293, 25.08266817]}, "properties" : {"id" : 570, "name" : "正陽藥局", "address" : "臺北市士林區華齡街１１號１樓", "telephone" : "(02)28815711", "city" : "臺北市", "district" : "士林區", "nhi" : true, "data_time" : "2026-05-03 03:11:08", "pharmacy_per_10k" : 3.54}}, {"type" : "Feature", "geometry" : {"type" : "Point", "coordinates" : [121.5269353, 25.11854332]}, "properties" : {"id" : 571, "name" : "麗森藥局", "address" : "臺北市士林區天母西路51號", "telephone" : "(02)28714152", "city" : "臺北市", "district" : "士林區", "nhi" : true, "data_time" : "2026-05-03 03:11:08", "pharmacy_per_10k" : 3.54}}, {"type" : "Feature", "geometry" : {"type" : "Point", "coordinates" : [121.5316648, 25.10896733]}, "properties" : {"id" : 572, "name" : "天母大和藥師藥局", "address" : "臺北市士林區德行東路189之1號１樓", "telephone" : "(02)28310142", "city" : "臺北市", "district" : "士林區", "nhi" : true, "data_time" : "2026-05-03 03:11:08", "pharmacy_per_10k" : 3.54}}, {"type" : "Feature", "geometry" : {"type" : "Point", "coordinates" : [121.5468874, 25.13797206]}, "properties" : {"id" : 573, "name" : "陽明藥局", "address" : "臺北市士林區菁山路十號一樓", "telephone" : "(02)28612863", "city" : "臺北市", "district" : "士林區", "nhi" : true, "data_time" : "2026-05-03 03:11:08", "pharmacy_per_10k" : 3.54}}, {"type" : "Feature", "geometry" : {"type" : "Point", "coordinates" : [121.532611, 25.11489766]}, "properties" : {"id" : 574, "name" : "康鈺藥局", "address" : "臺北市士林區忠誠路2段150號1樓", "telephone" : "(02)28313915", "city" : "臺北市", "district" : "士林區", "nhi" : true, "data_time" : "2026-05-03 03:11:08", "pharmacy_per_10k" : 3.54}}, {"type" : "Feature", "geometry" : {"type" : "Point", "coordinates" : [121.5273756, 25.11931282]}, "properties" : {"id" : 575, "name" : "今欣藥局", "address" : "臺北市士林區天母西路41巷9號1樓", "telephone" : "(02)28713129", "city" : "臺北市", "district" : "士林區", "nhi" : true, "data_time" : "2026-05-03 03:11:08", "pharmacy_per_10k" : 3.54}}, {"type" : "Feature", "geometry" : {"type" : "Point", "coordinates" : [121.5220223, 25.08107202]}, "properties" : {"id" : 576, "name" : "資生堂藥局", "address" : "臺北市士林區承德路四段40巷17號1樓", "telephone" : "(02)28857588", "city" : "臺北市", "district" : "士林區", "nhi" : true, "data_time" : "2026-05-03 03:11:08", "pharmacy_per_10k" : 3.54}}, {"type" : "Feature", "geometry" : {"type" : "Point", "coordinates" : [121.5105655, 25.0816936]}, "properties" : {"id" : 577, "name" : "社子全民藥局", "address" : "臺北市士林區延平北路五段120號", "telephone" : "(02)28127412", "city" : "臺北市", "district" : "士林區", "nhi" : true, "data_time" : "2026-05-03 03:11:08", "pharmacy_per_10k" : 3.54}}, {"type" : "Feature", "geometry" : {"type" : "Point", "coordinates" : [121.5310729, 25.1186355]}, "properties" : {"id" : 578, "name" : "康華藥局", "address" : "臺北市士林區中山北路七段14巷二號二樓", "telephone" : "(02)28743223", "city" : "臺北市", "district" : "士林區", "nhi" : true, "data_time" : "2026-05-03 03:11:08", "pharmacy_per_10k" : 3.54}}, {"type" : "Feature", "geometry" : {"type" : "Point", "coordinates" : [121.5087034, 25.0884662]}, "properties" : {"id" : 579, "name" : "安泰藥師藥局", "address" : "臺北市士林區延平北路六段83號(實際使用：1、2樓)", "telephone" : "(02)28166977", "city" : "臺北市", "district" : "士林區", "nhi" : true, "data_time" : "2026-05-03 03:11:08", "pharmacy_per_10k" : 3.54}}, {"type" : "Feature", "geometry" : {"type" : "Point", "coordinates" : [121.5317167, 25.10614065]}, "properties" : {"id" : 580, "name" : "家赫藥局", "address" : "臺北市士林區忠義街80號1樓", "telephone" : "(02)28346453", "city" : "臺北市", "district" : "士林區", "nhi" : true, "data_time" : "2026-05-03 03:11:08", "pharmacy_per_10k" : 3.54}}, {"type" : "Feature", "geometry" : {"type" : "Point", "coordinates" : [121.5269004, 25.08977728]}, "properties" : {"id" : 581, "name" : "得安藥局", "address" : "臺北市士林區文林路195號1樓", "telephone" : "(02)28836336", "city" : "臺北市", "district" : "士林區", "nhi" : true, "data_time" : "2026-05-03 03:11:08", "pharmacy_per_10k" : 3.54}}, {"type" : "Feature", "geometry" : {"type" : "Point", "coordinates" : [121.5099011, 25.08877112]}, "properties" : {"id" : 582, "name" : "達揚藥局", "address" : "臺北市士林區社正路36號1樓", "telephone" : "(02)88115559", "city" : "臺北市", "district" : "士林區", "nhi" : true, "data_time" : "2026-05-03 03:11:08", "pharmacy_per_10k" : 3.54}}, {"type" : "Feature", "geometry" : {"type" : "Point", "coordinates" : [121.5227724, 25.08443801]}, "properties" : {"id" : 583, "name" : "和樹藥局", "address" : "臺北市士林區後港街45巷1號1樓", "telephone" : "(02)28821188", "city" : "臺北市", "district" : "士林區", "nhi" : true, "data_time" : "2026-05-03 03:11:08", "pharmacy_per_10k" : 3.54}}, {"type" : "Feature", "geometry" : {"type" : "Point", "coordinates" : [121.5087636, 25.08787771]}, "properties" : {"id" : 584, "name" : "博信藥局", "address" : "臺北市士林區延平北路六段61號", "telephone" : "(02)28128295", "city" : "臺北市", "district" : "士林區", "nhi" : true, "data_time" : "2026-05-03 03:11:08", "pharmacy_per_10k" : 3.54}}, {"type" : "Feature", "geometry" : {"type" : "Point", "coordinates" : [121.5206205, 25.10397683]}, "properties" : {"id" : 585, "name" : "新興藥局", "address" : "臺北市士林區德行西路１１７號", "telephone" : "(02)28362643", "city" : "臺北市", "district" : "士林區", "nhi" : true, "data_time" : "2026-05-03 03:11:08", "pharmacy_per_10k" : 3.54}}, {"type" : "Feature", "geometry" : {"type" : "Point", "coordinates" : [121.532249, 25.11763699]}, "properties" : {"id" : 586, "name" : "杏城藥局", "address" : "臺北市士林區天母東路２４號", "telephone" : "(02)28725144", "city" : "臺北市", "district" : "士林區", "nhi" : true, "data_time" : "2026-05-03 03:11:08", "pharmacy_per_10k" : 3.54}}, {"type" : "Feature", "geometry" : {"type" : "Point", "coordinates" : [121.5420468, 25.13749085]}, "properties" : {"id" : 587, "name" : "文祥藥局", "address" : "臺北市士林區光華路２６巷２弄２號", "telephone" : "(02)28623487", "city" : "臺北市", "district" : "士林區", "nhi" : true, "data_time" : "2026-05-03 03:11:08", "pharmacy_per_10k" : 3.54}}, {"type" : "Feature", "geometry" : {"type" : "Point", "coordinates" : [121.5295563, 25.10803806]}, "properties" : {"id" : 588, "name" : "建芳藥局", "address" : "臺北市士林區德行東路１４８號", "telephone" : "(02)28357172", "city" : "臺北市", "district" : "士林區", "nhi" : true, "data_time" : "2026-05-03 03:11:08", "pharmacy_per_10k" : 3.54}}, {"type" : "Feature", "geometry" : {"type" : "Point", "coordinates" : [121.5236017, 25.09548634]}, "properties" : {"id" : 589, "name" : "博惠藥局", "address" : "臺北市士林區華榮街１６號", "telephone" : "(02)28320379", "city" : "臺北市", "district" : "士林區", "nhi" : true, "data_time" : "2026-05-03 03:11:08", "pharmacy_per_10k" : 3.54}}, {"type" : "Feature", "geometry" : {"type" : "Point", "coordinates" : [121.5251151, 25.10888445]}, "properties" : {"id" : 590, "name" : "有德堂大藥局", "address" : "臺北市士林區中山北路六段２２７號", "telephone" : "(02)28318387", "city" : "臺北市", "district" : "士林區", "nhi" : true, "data_time" : "2026-05-03 03:11:08", "pharmacy_per_10k" : 3.54}}, {"type" : "Feature", "geometry" : {"type" : "Point", "coordinates" : [121.5199092, 25.0828459]}, "properties" : {"id" : 591, "name" : "安寧藥局", "address" : "臺北市士林區劍潭路91號", "telephone" : "(02)28803319", "city" : "臺北市", "district" : "士林區", "nhi" : true, "data_time" : "2026-05-03 03:11:08", "pharmacy_per_10k" : 3.54}}, {"type" : "Feature", "geometry" : {"type" : "Point", "coordinates" : [121.5038113, 25.09222541]}, "properties" : {"id" : 592, "name" : "博泰藥局", "address" : "臺北市士林區社中街３６７號", "telephone" : "(02)28128612", "city" : "臺北市", "district" : "士林區", "nhi" : true, "data_time" : "2026-05-03 03:11:08", "pharmacy_per_10k" : 3.54}}, {"type" : "Feature", "geometry" : {"type" : "Point", "coordinates" : [121.5055151, 25.09151994]}, "properties" : {"id" : 593, "name" : "華倫藥局", "address" : "臺北市士林區永平街８０巷１０號１樓", "telephone" : "(02)28116545", "city" : "臺北市", "district" : "士林區", "nhi" : true, "data_time" : "2026-05-03 03:11:08", "pharmacy_per_10k" : 3.54}}, {"type" : "Feature", "geometry" : {"type" : "Point", "coordinates" : [121.5095752, 25.08619268]}, "properties" : {"id" : 594, "name" : "詠恩藥局", "address" : "臺北市士林區延平北路五段316號1樓", "telephone" : "(02)28119479", "city" : "臺北市", "district" : "士林區", "nhi" : true, "data_time" : "2026-05-03 03:11:08", "pharmacy_per_10k" : 3.54}}, {"type" : "Feature", "geometry" : {"type" : "Point", "coordinates" : [121.5083331, 25.08769049]}, "properties" : {"id" : 595, "name" : "仁大藥局", "address" : "臺北市士林區社子街13號1樓", "telephone" : "(02)88113793", "city" : "臺北市", "district" : "士林區", "nhi" : true, "data_time" : "2026-05-03 03:11:08", "pharmacy_per_10k" : 3.54}}, {"type" : "Feature", "geometry" : {"type" : "Point", "coordinates" : [121.5095485, 25.08627942]}, "properties" : {"id" : 596, "name" : "三光藥局", "address" : "臺北市士林區延平北路五段320號1樓", "telephone" : "(02)28123786", "city" : "臺北市", "district" : "士林區", "nhi" : true, "data_time" : "2026-05-03 03:11:08", "pharmacy_per_10k" : 3.54}}, {"type" : "Feature", "geometry" : {"type" : "Point", "coordinates" : [121.5092776, 25.0885376]}, "properties" : {"id" : 597, "name" : "社正藥局", "address" : "臺北市士林區社正路12號1樓", "telephone" : "(02)28118704", "city" : "臺北市", "district" : "士林區", "nhi" : true, "data_time" : "2026-05-03 03:11:08", "pharmacy_per_10k" : 3.54}}, {"type" : "Feature", "geometry" : {"type" : "Point", "coordinates" : [121.5079664, 25.08749539]}, "properties" : {"id" : 598, "name" : "芳圓藥局", "address" : "臺北市士林區社子街26之1號", "telephone" : "(02)28168666", "city" : "臺北市", "district" : "士林區", "nhi" : true, "data_time" : "2026-05-03 03:11:08", "pharmacy_per_10k" : 3.54}}, {"type" : "Feature", "geometry" : {"type" : "Point", "coordinates" : [121.5226853, 25.10505772]}, "properties" : {"id" : 599, "name" : "柏雅大藥局", "address" : "臺北市士林區德行西路64號", "telephone" : "(02)88664398", "city" : "臺北市", "district" : "士林區", "nhi" : true, "data_time" : "2026-05-03 03:11:08", "pharmacy_per_10k" : 3.54}}, {"type" : "Feature", "geometry" : {"type" : "Point", "coordinates" : [121.5266532, 25.09108108]}, "properties" : {"id" : 600, "name" : "麗登藥局", "address" : "臺北市士林區文林路261號", "telephone" : "(02)28881414", "city" : "臺北市", "district" : "士林區", "nhi" : true, "data_time" : "2026-05-03 03:11:08", "pharmacy_per_10k" : 3.54}}, {"type" : "Feature", "geometry" : {"type" : "Point", "coordinates" : [121.5213576, 25.09619424]}, "properties" : {"id" : 601, "name" : "信光藥局", "address" : "臺北市士林區文昌路68號", "telephone" : "(02)28366277", "city" : "臺北市", "district" : "士林區", "nhi" : true, "data_time" : "2026-05-03 03:11:08", "pharmacy_per_10k" : 3.54}}, {"type" : "Feature", "geometry" : {"type" : "Point", "coordinates" : [121.5283942, 25.10812067]}, "properties" : {"id" : 602, "name" : "幸福藥局", "address" : "臺北市士林區德行東路109巷8號", "telephone" : "(02)28346650", "city" : "臺北市", "district" : "士林區", "nhi" : true, "data_time" : "2026-05-03 03:11:08", "pharmacy_per_10k" : 3.54}}, {"type" : "Feature", "geometry" : {"type" : "Point", "coordinates" : [121.5276386, 25.11424669]}, "properties" : {"id" : 603, "name" : "天爵藥局", "address" : "臺北市士林區中山北路6段450巷1號", "telephone" : "(02)28733759", "city" : "臺北市", "district" : "士林區", "nhi" : true, "data_time" : "2026-05-03 03:11:08", "pharmacy_per_10k" : 3.54}}, {"type" : "Feature", "geometry" : {"type" : "Point", "coordinates" : [121.53142, 25.1059435]}, "properties" : {"id" : 604, "name" : "石川藥師藥局", "address" : "臺北市士林區忠義街70號", "telephone" : "", "city" : "臺北市", "district" : "士林區", "nhi" : true, "data_time" : "2026-05-03 03:11:08", "pharmacy_per_10k" : 3.54}}, {"type" : "Feature", "geometry" : {"type" : "Point", "coordinates" : [121.5214694, 25.08044249]}, "properties" : {"id" : 605, "name" : "誼安藥局", "address" : "臺北市士林區通河街42號", "telephone" : "", "city" : "臺北市", "district" : "士林區", "nhi" : true, "data_time" : "2026-05-03 03:11:08", "pharmacy_per_10k" : 3.54}}, {"type" : "Feature", "geometry" : {"type" : "Point", "coordinates" : [121.5200325, 25.09056437]}, "properties" : {"id" : 606, "name" : "聖賢藥局", "address" : "臺北市士林區士商路58號", "telephone" : "(02)28833046", "city" : "臺北市", "district" : "士林區", "nhi" : true, "data_time" : "2026-05-03 03:11:08", "pharmacy_per_10k" : 3.54}}, {"type" : "Feature", "geometry" : {"type" : "Point", "coordinates" : [121.5256719, 25.09131395]}, "properties" : {"id" : 607, "name" : "大東健保藥局", "address" : "臺北市士林區大東路86之4號", "telephone" : "(02)28834672", "city" : "臺北市", "district" : "士林區", "nhi" : true, "data_time" : "2026-05-03 03:11:08", "pharmacy_per_10k" : 3.54}}, {"type" : "Feature", "geometry" : {"type" : "Point", "coordinates" : [121.5103454, 25.08990134]}, "properties" : {"id" : 608, "name" : "光榮藥局", "address" : "臺北市士林區社中街118號", "telephone" : "(02)28136060", "city" : "臺北市", "district" : "士林區", "nhi" : true, "data_time" : "2026-05-03 03:11:08", "pharmacy_per_10k" : 3.54}}, {"type" : "Feature", "geometry" : {"type" : "Point", "coordinates" : [121.5245315, 25.10890703]}, "properties" : {"id" : 609, "name" : "天母康甯健保藥局", "address" : "臺北市士林區克強路8號", "telephone" : "(02)28366631", "city" : "臺北市", "district" : "士林區", "nhi" : true, "data_time" : "2026-05-03 03:11:08", "pharmacy_per_10k" : 3.54}}, {"type" : "Feature", "geometry" : {"type" : "Point", "coordinates" : [121.5180056, 25.0888786]}, "properties" : {"id" : 610, "name" : "大南春天生活藥局", "address" : "臺北市士林區大南路317、319號", "telephone" : "(02)28882196", "city" : "臺北市", "district" : "士林區", "nhi" : true, "data_time" : "2026-05-03 03:11:08", "pharmacy_per_10k" : 3.54}}, {"type" : "Feature", "geometry" : {"type" : "Point", "coordinates" : [121.5040515, 25.09242095]}, "properties" : {"id" : 611, "name" : "和謙藥局", "address" : "臺北市士林區社中街362號", "telephone" : "(02)28165678", "city" : "臺北市", "district" : "士林區", "nhi" : true, "data_time" : "2026-05-03 03:11:08", "pharmacy_per_10k" : 3.54}}, {"type" : "Feature", "geometry" : {"type" : "Point", "coordinates" : [121.53142, 25.1059435]}, "properties" : {"id" : 612, "name" : "躍獅忠誠藥局", "address" : "臺北市士林區忠義街70號", "telephone" : "(02)28387948", "city" : "臺北市", "district" : "士林區", "nhi" : true, "data_time" : "2026-05-03 03:11:08", "pharmacy_per_10k" : 3.54}}, {"type" : "Feature", "geometry" : {"type" : "Point", "coordinates" : [121.5067454, 25.08751342]}, "properties" : {"id" : 613, "name" : "祥新藥局", "address" : "臺北市士林區社子街65號", "telephone" : "(02)28110906", "city" : "臺北市", "district" : "士林區", "nhi" : true, "data_time" : "2026-05-03 03:11:08", "pharmacy_per_10k" : 3.54}}, {"type" : "Feature", "geometry" : {"type" : "Point", "coordinates" : [121.5262169, 25.11834825]}, "properties" : {"id" : 614, "name" : "天母台安藥局", "address" : "臺北市士林區天母西路34號", "telephone" : "(02)28728017", "city" : "臺北市", "district" : "士林區", "nhi" : true, "data_time" : "2026-05-03 03:11:08", "pharmacy_per_10k" : 3.54}}, {"type" : "Feature", "geometry" : {"type" : "Point", "coordinates" : [121.5195045, 25.0836715]}, "properties" : {"id" : 615, "name" : "華齡春天生活藥局", "address" : "臺北市士林區華齡街36、38號", "telephone" : "(02)28882156", "city" : "臺北市", "district" : "士林區", "nhi" : true, "data_time" : "2026-05-03 03:11:08", "pharmacy_per_10k" : 3.54}}, {"type" : "Feature", "geometry" : {"type" : "Point", "coordinates" : [121.5274641, 25.10730213]}, "properties" : {"id" : 616, "name" : "德行春天生活藥局", "address" : "臺北市士林區德行東路76號", "telephone" : "(02)28380306", "city" : "臺北市", "district" : "士林區", "nhi" : true, "data_time" : "2026-05-03 03:11:08", "pharmacy_per_10k" : 3.54}}, {"type" : "Feature", "geometry" : {"type" : "Point", "coordinates" : [121.5287782, 25.11156217]}, "properties" : {"id" : 617, "name" : "家安健保藥局", "address" : "臺北市士林區德行東路109巷119號", "telephone" : "(02)28322182", "city" : "臺北市", "district" : "士林區", "nhi" : true, "data_time" : "2026-05-03 03:11:08", "pharmacy_per_10k" : 3.54}}, {"type" : "Feature", "geometry" : {"type" : "Point", "coordinates" : [121.5191837, 25.08278827]}, "properties" : {"id" : 618, "name" : "後港五代全民藥局", "address" : "臺北市士林區和豐街6號", "telephone" : "(02)28818914", "city" : "臺北市", "district" : "士林區", "nhi" : true, "data_time" : "2026-05-03 03:11:08", "pharmacy_per_10k" : 3.54}}, {"type" : "Feature", "geometry" : {"type" : "Point", "coordinates" : [121.5102874, 25.08299467]}, "properties" : {"id" : 619, "name" : "康佑藥局", "address" : "臺北市士林區延平北路五段176號", "telephone" : "(02)28119981", "city" : "臺北市", "district" : "士林區", "nhi" : true, "data_time" : "2026-05-03 03:11:08", "pharmacy_per_10k" : 3.54}}, {"type" : "Feature", "geometry" : {"type" : "Point", "coordinates" : [121.5214727, 25.08850168]}, "properties" : {"id" : 620, "name" : "愛佳藥局", "address" : "臺北市士林區承德路四段222之1號", "telephone" : "(02)28811199", "city" : "臺北市", "district" : "士林區", "nhi" : true, "data_time" : "2026-05-03 03:11:08", "pharmacy_per_10k" : 3.54}}, {"type" : "Feature", "geometry" : {"type" : "Point", "coordinates" : [121.5099306, 25.08033752]}, "properties" : {"id" : 621, "name" : "安奕藥局", "address" : "臺北市士林區葫蘆街30巷12號", "telephone" : "(02)28133289", "city" : "臺北市", "district" : "士林區", "nhi" : true, "data_time" : "2026-05-03 03:11:08", "pharmacy_per_10k" : 3.54}}, {"type" : "Feature", "geometry" : {"type" : "Point", "coordinates" : [121.5257822, 25.0903464]}, "properties" : {"id" : 622, "name" : "太和堂中西藥局", "address" : "臺北市士林區大東路74號(實際使用:1樓)", "telephone" : "(02)28814122", "city" : "臺北市", "district" : "士林區", "nhi" : true, "data_time" : "2026-05-03 03:11:08", "pharmacy_per_10k" : 3.54}}, {"type" : "Feature", "geometry" : {"type" : "Point", "coordinates" : [121.5252009, 25.10758681]}, "properties" : {"id" : 623, "name" : "佩佩藥局", "address" : "臺北市士林區中山北路六段182號", "telephone" : "(02)28382662", "city" : "臺北市", "district" : "士林區", "nhi" : true, "data_time" : "2026-05-03 03:11:08", "pharmacy_per_10k" : 3.54}}, {"type" : "Feature", "geometry" : {"type" : "Point", "coordinates" : [121.522764, 25.1036122]}, "properties" : {"id" : 624, "name" : "躍獅芝山藥局", "address" : "臺北市士林區福華路154號(實際使用:1樓)", "telephone" : "(02)28365822", "city" : "臺北市", "district" : "士林區", "nhi" : true, "data_time" : "2026-05-03 03:11:08", "pharmacy_per_10k" : 3.54}}, {"type" : "Feature", "geometry" : {"type" : "Point", "coordinates" : [121.5094168, 25.085893]}, "properties" : {"id" : 625, "name" : "三原藥局", "address" : "臺北市士林區延平北路五段293號(實際使用:1樓)", "telephone" : "(02)28111888", "city" : "臺北市", "district" : "士林區", "nhi" : true, "data_time" : "2026-05-03 03:11:08", "pharmacy_per_10k" : 3.54}}, {"type" : "Feature", "geometry" : {"type" : "Point", "coordinates" : [121.5290591, 25.11256439]}, "properties" : {"id" : 626, "name" : "士東藥局", "address" : "臺北市士林區士東路91巷3號", "telephone" : "(02)28760588", "city" : "臺北市", "district" : "士林區", "nhi" : true, "data_time" : "2026-05-03 03:11:08", "pharmacy_per_10k" : 3.54}}, {"type" : "Feature", "geometry" : {"type" : "Point", "coordinates" : [121.5100118, 25.0847227]}, "properties" : {"id" : 627, "name" : "杏一士林延平藥局", "address" : "臺北市士林區延平北路5段250號(1樓)、252號1樓", "telephone" : "(02)28112937", "city" : "臺北市", "district" : "士林區", "nhi" : true, "data_time" : "2026-05-03 03:11:08", "pharmacy_per_10k" : 3.54}}, {"type" : "Feature", "geometry" : {"type" : "Point", "coordinates" : [121.5212651, 25.09634087]}, "properties" : {"id" : 628, "name" : "文昌大藥局", "address" : "臺北市士林區文昌路72號1樓", "telephone" : "(02)28376196", "city" : "臺北市", "district" : "士林區", "nhi" : true, "data_time" : "2026-05-03 03:11:08", "pharmacy_per_10k" : 3.54}}, {"type" : "Feature", "geometry" : {"type" : "Point", "coordinates" : [121.53271, 25.12416526]}, "properties" : {"id" : 629, "name" : "中山盛康藥局", "address" : "臺北市士林區中山北路7段162號1樓", "telephone" : "(02)28771887", "city" : "臺北市", "district" : "士林區", "nhi" : true, "data_time" : "2026-05-03 03:11:08", "pharmacy_per_10k" : 3.54}}, {"type" : "Feature", "geometry" : {"type" : "Point", "coordinates" : [121.5327738, 25.11884507]}, "properties" : {"id" : 630, "name" : "藥本家藥局", "address" : "臺北市士林區中山北路7段14巷26號1樓", "telephone" : "(02)28766682", "city" : "臺北市", "district" : "士林區", "nhi" : true, "data_time" : "2026-05-03 03:11:08", "pharmacy_per_10k" : 3.54}}, {"type" : "Feature", "geometry" : {"type" : "Point", "coordinates" : [121.5050936, 25.08995764]}, "properties" : {"id" : 631, "name" : "誠泰中西藥局", "address" : "臺北市士林區永平街13號1樓", "telephone" : "(02)88112352", "city" : "臺北市", "district" : "士林區", "nhi" : true, "data_time" : "2026-05-03 03:11:08", "pharmacy_per_10k" : 3.54}}, {"type" : "Feature", "geometry" : {"type" : "Point", "coordinates" : [121.5212148, 25.09646283]}, "properties" : {"id" : 632, "name" : "加赫藥局", "address" : "臺北市士林區文昌路76號1樓", "telephone" : "(02)28336362", "city" : "臺北市", "district" : "士林區", "nhi" : true, "data_time" : "2026-05-03 03:11:08", "pharmacy_per_10k" : 3.54}}, {"type" : "Feature", "geometry" : {"type" : "Point", "coordinates" : [121.520436, 25.08090076]}, "properties" : {"id" : 633, "name" : "美麗田藥局", "address" : "臺北市士林區通河街78號1樓", "telephone" : "(02)28855990", "city" : "臺北市", "district" : "士林區", "nhi" : true, "data_time" : "2026-05-03 03:11:08", "pharmacy_per_10k" : 3.54}}, {"type" : "Feature", "geometry" : {"type" : "Point", "coordinates" : [121.5245433, 25.0948515]}, "properties" : {"id" : 634, "name" : "慈航藥局", "address" : "臺北市士林區文林路441號(1樓)", "telephone" : "(02)28813168", "city" : "臺北市", "district" : "士林區", "nhi" : true, "data_time" : "2026-05-03 03:11:08", "pharmacy_per_10k" : 3.54}}, {"type" : "Feature", "geometry" : {"type" : "Point", "coordinates" : [121.531987, 25.1088979]}, "properties" : {"id" : 635, "name" : "德行盛康藥局", "address" : "臺北市士林區德行東路206之1號1樓", "telephone" : "(02)28348756", "city" : "臺北市", "district" : "士林區", "nhi" : true, "data_time" : "2026-05-03 03:11:08", "pharmacy_per_10k" : 3.54}}, {"type" : "Feature", "geometry" : {"type" : "Point", "coordinates" : [121.5214307, 25.08456521]}, "properties" : {"id" : 636, "name" : "劍潭藥局", "address" : "臺北市士林區劍潭路55巷22號1樓", "telephone" : "(02)28826998", "city" : "臺北市", "district" : "士林區", "nhi" : true, "data_time" : "2026-05-03 03:11:08", "pharmacy_per_10k" : 3.54}}, {"type" : "Feature", "geometry" : {"type" : "Point", "coordinates" : [121.5225295, 25.08365682]}, "properties" : {"id" : 637, "name" : "心晴藥局", "address" : "臺北市士林區劍潭路28號1樓", "telephone" : "(02)28856572", "city" : "臺北市", "district" : "士林區", "nhi" : true, "data_time" : "2026-05-03 03:11:08", "pharmacy_per_10k" : 3.54}}, {"type" : "Feature", "geometry" : {"type" : "Point", "coordinates" : [121.5277355, 25.1185034]}, "properties" : {"id" : 638, "name" : "向謙未來藥局", "address" : "臺北市士林區天母西路33號1樓", "telephone" : "(02)28760058", "city" : "臺北市", "district" : "士林區", "nhi" : true, "data_time" : "2026-05-03 03:11:08", "pharmacy_per_10k" : 3.54}}, {"type" : "Feature", "geometry" : {"type" : "Point", "coordinates" : [121.5319189, 25.11819156]}, "properties" : {"id" : 639, "name" : "沐光中西藥局", "address" : "臺北市士林區天母東路29號1樓", "telephone" : "(02)28761312", "city" : "臺北市", "district" : "士林區", "nhi" : true, "data_time" : "2026-05-03 03:11:08", "pharmacy_per_10k" : 3.54}}, {"type" : "Feature", "geometry" : {"type" : "Point", "coordinates" : [121.521552, 25.095632]}, "properties" : {"id" : 640, "name" : "文昌春天藥局", "address" : "臺北市士林區文昌路44號(1樓)", "telephone" : "(02)28838539", "city" : "臺北市", "district" : "士林區", "nhi" : true, "data_time" : "2026-05-03 03:11:08", "pharmacy_per_10k" : 3.54}}, {"type" : "Feature", "geometry" : {"type" : "Point", "coordinates" : [121.509683, 25.08482656]}, "properties" : {"id" : 641, "name" : "健揚藥局", "address" : "臺北市士林區延平北路5段251號1樓", "telephone" : "(02)28163698", "city" : "臺北市", "district" : "士林區", "nhi" : true, "data_time" : "2026-05-03 03:11:08", "pharmacy_per_10k" : 3.54}}, {"type" : "Feature", "geometry" : {"type" : "Point", "coordinates" : [121.5289417, 25.11234071]}, "properties" : {"id" : 642, "name" : "康是美士東藥局", "address" : "臺北市士林區士東路91巷1號1樓及1之1號1樓", "telephone" : "(02)28746085", "city" : "臺北市", "district" : "士林區", "nhi" : true, "data_time" : "2026-05-03 03:11:08", "pharmacy_per_10k" : 3.54}}, {"type" : "Feature", "geometry" : {"type" : "Point", "coordinates" : [121.5086985, 25.08758667]}, "properties" : {"id" : 643, "name" : "社子藥局", "address" : "臺北市士林區社子街4號1樓", "telephone" : "(02)28166135", "city" : "臺北市", "district" : "士林區", "nhi" : true, "data_time" : "2026-05-03 03:11:08", "pharmacy_per_10k" : 3.54}}, {"type" : "Feature", "geometry" : {"type" : "Point", "coordinates" : [121.5255863, 25.1095898]}, "properties" : {"id" : 644, "name" : "天養藥局", "address" : "臺北市士林區中山北路6段262號(1樓)", "telephone" : "", "city" : "臺北市", "district" : "士林區", "nhi" : true, "data_time" : "2026-05-03 03:11:08", "pharmacy_per_10k" : 3.54}}, {"type" : "Feature", "geometry" : {"type" : "Point", "coordinates" : [121.5253291, 25.0893469]}, "properties" : {"id" : 645, "name" : "士林泰安藥局", "address" : "臺北市士林區大東路36號(1樓)", "telephone" : "(02)28813509", "city" : "臺北市", "district" : "士林區", "nhi" : true, "data_time" : "2026-05-03 03:11:08", "pharmacy_per_10k" : 3.54}}, {"type" : "Feature", "geometry" : {"type" : "Point", "coordinates" : [121.5278368, 25.1118739]}, "properties" : {"id" : 646, "name" : "晨熙藥局", "address" : "臺北市士林區士東路48號1樓", "telephone" : "(02)28316333", "city" : "臺北市", "district" : "士林區", "nhi" : true, "data_time" : "2026-05-03 03:11:08", "pharmacy_per_10k" : 3.54}}, {"type" : "Feature", "geometry" : {"type" : "Point", "coordinates" : [121.5304328, 25.11483515]}, "properties" : {"id" : 647, "name" : "千盛台安藥局", "address" : "臺北市士林區天母東路8巷84號1樓", "telephone" : "(02)28720208", "city" : "臺北市", "district" : "士林區", "nhi" : true, "data_time" : "2026-05-03 03:11:08", "pharmacy_per_10k" : 3.54}}, {"type" : "Feature", "geometry" : {"type" : "Point", "coordinates" : [121.5176933, 25.08706843]}, "properties" : {"id" : 648, "name" : "躍獅福港藥局", "address" : "臺北市士林區福港街162號1樓", "telephone" : "(02)28836209", "city" : "臺北市", "district" : "士林區", "nhi" : true, "data_time" : "2026-05-03 03:11:08", "pharmacy_per_10k" : 3.54}}, {"type" : "Feature", "geometry" : {"type" : "Point", "coordinates" : [121.5117089, 25.07201415]}, "properties" : {"id" : 71, "name" : "新介春藥局", "address" : "臺北市大同區酒泉街１６６號", "telephone" : "(02)25862265", "city" : "臺北市", "district" : "大同區", "nhi" : true, "data_time" : "2026-05-03 03:11:08", "pharmacy_per_10k" : 3.38}}, {"type" : "Feature", "geometry" : {"type" : "Point", "coordinates" : [121.5136876, 25.070191]}, "properties" : {"id" : 72, "name" : "惠眾藥局", "address" : "臺北市大同區重慶北路三段三三五巷四十三號", "telephone" : "(02)25981269", "city" : "臺北市", "district" : "大同區", "nhi" : true, "data_time" : "2026-05-03 03:11:08", "pharmacy_per_10k" : 3.38}}, {"type" : "Feature", "geometry" : {"type" : "Point", "coordinates" : [121.5143673, 25.0745193]}, "properties" : {"id" : 73, "name" : "柯藥局", "address" : "臺北市大同區重慶北路三段３３５巷６號", "telephone" : "(02)25948515", "city" : "臺北市", "district" : "大同區", "nhi" : true, "data_time" : "2026-05-03 03:11:08", "pharmacy_per_10k" : 3.38}}, {"type" : "Feature", "geometry" : {"type" : "Point", "coordinates" : [121.5191148, 25.05355692]}, "properties" : {"id" : 74, "name" : "時春藥局", "address" : "臺北市大同區赤峰街４號", "telephone" : "(02)25597918", "city" : "臺北市", "district" : "大同區", "nhi" : true, "data_time" : "2026-05-03 03:11:08", "pharmacy_per_10k" : 3.38}}, {"type" : "Feature", "geometry" : {"type" : "Point", "coordinates" : [121.5114585, 25.07068401]}, "properties" : {"id" : 75, "name" : "裕仁藥局", "address" : "臺北市大同區迪化街二段270之1號", "telephone" : "(02)25910064", "city" : "臺北市", "district" : "大同區", "nhi" : true, "data_time" : "2026-05-03 03:11:08", "pharmacy_per_10k" : 3.38}}, {"type" : "Feature", "geometry" : {"type" : "Point", "coordinates" : [121.5151234, 25.05512088]}, "properties" : {"id" : 76, "name" : "健康藥局", "address" : "臺北市大同區寧夏路２３號之４", "telephone" : "(02)25551219", "city" : "臺北市", "district" : "大同區", "nhi" : true, "data_time" : "2026-05-03 03:11:08", "pharmacy_per_10k" : 3.38}}, {"type" : "Feature", "geometry" : {"type" : "Point", "coordinates" : [121.5146192, 25.0730297]}, "properties" : {"id" : 77, "name" : "泰元藥局", "address" : "臺北市大同區哈密街九十一號", "telephone" : "(02)25914592", "city" : "臺北市", "district" : "大同區", "nhi" : true, "data_time" : "2026-05-03 03:11:08", "pharmacy_per_10k" : 3.38}}, {"type" : "Feature", "geometry" : {"type" : "Point", "coordinates" : [121.5142206, 25.0687427]}, "properties" : {"id" : 78, "name" : "正中藥局", "address" : "臺北市大同區民族西路二一三號", "telephone" : "(02)25976937", "city" : "臺北市", "district" : "大同區", "nhi" : true, "data_time" : "2026-05-03 03:11:08", "pharmacy_per_10k" : 3.38}}, {"type" : "Feature", "geometry" : {"type" : "Point", "coordinates" : [121.5129438, 25.05925826]}, "properties" : {"id" : 79, "name" : "保慶藥局", "address" : "臺北市大同區保安街21號", "telephone" : "(02)25538988", "city" : "臺北市", "district" : "大同區", "nhi" : true, "data_time" : "2026-05-03 03:11:08", "pharmacy_per_10k" : 3.38}}, {"type" : "Feature", "geometry" : {"type" : "Point", "coordinates" : [121.514593, 25.0534849]}, "properties" : {"id" : 80, "name" : "快安藥局", "address" : "臺北市大同區南京西路282、284號", "telephone" : "(02)25561925", "city" : "臺北市", "district" : "大同區", "nhi" : true, "data_time" : "2026-05-03 03:11:08", "pharmacy_per_10k" : 3.38}}, {"type" : "Feature", "geometry" : {"type" : "Point", "coordinates" : [121.5114674, 25.0602889]}, "properties" : {"id" : 81, "name" : "得意藥師藥局", "address" : "臺北市大同區延平北路二段229號", "telephone" : "(02)25534294", "city" : "臺北市", "district" : "大同區", "nhi" : true, "data_time" : "2026-05-03 03:11:08", "pharmacy_per_10k" : 3.38}}, {"type" : "Feature", "geometry" : {"type" : "Point", "coordinates" : [121.515522, 25.06872156]}, "properties" : {"id" : 82, "name" : "健康美藥局", "address" : "臺北市大同區民族西路165號", "telephone" : "(02)25976707", "city" : "臺北市", "district" : "大同區", "nhi" : true, "data_time" : "2026-05-03 03:11:08", "pharmacy_per_10k" : 3.38}}, {"type" : "Feature", "geometry" : {"type" : "Point", "coordinates" : [121.5146752, 25.07212952]}, "properties" : {"id" : 83, "name" : "宏泰藥師藥局", "address" : "臺北市大同區酒泉街123號1樓", "telephone" : "(02)25957025", "city" : "臺北市", "district" : "大同區", "nhi" : true, "data_time" : "2026-05-03 03:11:08", "pharmacy_per_10k" : 3.38}}, {"type" : "Feature", "geometry" : {"type" : "Point", "coordinates" : [121.5158324, 25.06065271]}, "properties" : {"id" : 84, "name" : "儷安藥局", "address" : "臺北市大同區錦西街53巷16號", "telephone" : "(02)25578033", "city" : "臺北市", "district" : "大同區", "nhi" : true, "data_time" : "2026-05-03 03:11:08", "pharmacy_per_10k" : 3.38}}, {"type" : "Feature", "geometry" : {"type" : "Point", "coordinates" : [121.5114593, 25.05733357]}, "properties" : {"id" : 85, "name" : "富康藥局", "address" : "臺北市大同區延平北路二段126號", "telephone" : "(02)25537782", "city" : "臺北市", "district" : "大同區", "nhi" : true, "data_time" : "2026-05-03 03:11:08", "pharmacy_per_10k" : 3.38}}, {"type" : "Feature", "geometry" : {"type" : "Point", "coordinates" : [121.5158326, 25.07060943]}, "properties" : {"id" : 86, "name" : "佳禾藥局", "address" : "臺北市大同區大龍街262號", "telephone" : "(02)25953806", "city" : "臺北市", "district" : "大同區", "nhi" : true, "data_time" : "2026-05-03 03:11:08", "pharmacy_per_10k" : 3.38}}, {"type" : "Feature", "geometry" : {"type" : "Point", "coordinates" : [121.5146778, 25.0607761]}, "properties" : {"id" : 87, "name" : "躍獅雙蓮藥局", "address" : "臺北市大同區涼州街4號", "telephone" : "(02)25537551", "city" : "臺北市", "district" : "大同區", "nhi" : true, "data_time" : "2026-05-03 03:11:08", "pharmacy_per_10k" : 3.38}}, {"type" : "Feature", "geometry" : {"type" : "Point", "coordinates" : [121.5112006, 25.06474679]}, "properties" : {"id" : 88, "name" : "延平新聖安藥局", "address" : "臺北市大同區延平北路三段35號", "telephone" : "(02)25923399", "city" : "臺北市", "district" : "大同區", "nhi" : true, "data_time" : "2026-05-03 03:11:08", "pharmacy_per_10k" : 3.38}}, {"type" : "Feature", "geometry" : {"type" : "Point", "coordinates" : [121.5151208, 25.06582371]}, "properties" : {"id" : 89, "name" : "旭豐藥局", "address" : "臺北市大同區昌吉街96號", "telephone" : "(02)25853880", "city" : "臺北市", "district" : "大同區", "nhi" : true, "data_time" : "2026-05-03 03:11:08", "pharmacy_per_10k" : 3.38}}, {"type" : "Feature", "geometry" : {"type" : "Point", "coordinates" : [121.5108035, 25.050385]}, "properties" : {"id" : 90, "name" : "中興聯合藥局", "address" : "臺北市大同區鄭州路127號(實際營業地址：1樓)", "telephone" : "(02)25502952", "city" : "臺北市", "district" : "大同區", "nhi" : true, "data_time" : "2026-05-03 03:11:08", "pharmacy_per_10k" : 3.38}}, {"type" : "Feature", "geometry" : {"type" : "Point", "coordinates" : [121.519676, 25.05740036]}, "properties" : {"id" : 91, "name" : "躍獅文昌藥局", "address" : "臺北市大同區民生西路108號(實際營業:一層)", "telephone" : "(02)25586189", "city" : "臺北市", "district" : "大同區", "nhi" : true, "data_time" : "2026-05-03 03:11:08", "pharmacy_per_10k" : 3.38}}, {"type" : "Feature", "geometry" : {"type" : "Point", "coordinates" : [121.5142818, 25.06583938]}, "properties" : {"id" : 92, "name" : "新聖安藥局", "address" : "臺北市大同區昌吉街130號", "telephone" : "(02)25977877", "city" : "臺北市", "district" : "大同區", "nhi" : true, "data_time" : "2026-05-03 03:11:08", "pharmacy_per_10k" : 3.38}}, {"type" : "Feature", "geometry" : {"type" : "Point", "coordinates" : [121.5191196, 25.0573343]}, "properties" : {"id" : 93, "name" : "大同民生藥局", "address" : "臺北市大同區民生西路128號(1樓、2樓)及130號(1樓、2樓)", "telephone" : "(02)25558886", "city" : "臺北市", "district" : "大同區", "nhi" : true, "data_time" : "2026-05-03 03:11:08", "pharmacy_per_10k" : 3.38}}, {"type" : "Feature", "geometry" : {"type" : "Point", "coordinates" : [121.510881, 25.050355]}, "properties" : {"id" : 94, "name" : "123宅藥局", "address" : "臺北市大同區鄭州路123號(1樓)", "telephone" : "", "city" : "臺北市", "district" : "大同區", "nhi" : true, "data_time" : "2026-05-03 03:11:08", "pharmacy_per_10k" : 3.38}}, {"type" : "Feature", "geometry" : {"type" : "Point", "coordinates" : [121.5104049, 25.0539876]}, "properties" : {"id" : 95, "name" : "慶福藥局", "address" : "臺北市大同區南京西路 233巷2號(1樓)", "telephone" : "(02)25503628", "city" : "臺北市", "district" : "大同區", "nhi" : true, "data_time" : "2026-05-03 03:11:08", "pharmacy_per_10k" : 3.38}}, {"type" : "Feature", "geometry" : {"type" : "Point", "coordinates" : [121.5110505, 25.06343661]}, "properties" : {"id" : 96, "name" : "延平藥局", "address" : "臺北市大同區延平北路3段4號1樓", "telephone" : "(02)25986800", "city" : "臺北市", "district" : "大同區", "nhi" : true, "data_time" : "2026-05-03 03:11:08", "pharmacy_per_10k" : 3.38}}, {"type" : "Feature", "geometry" : {"type" : "Point", "coordinates" : [121.5159775, 25.0716743]}, "properties" : {"id" : 97, "name" : "立赫大龍藥局", "address" : "臺北市大同區大龍街263號(1樓)", "telephone" : "(02)25953233", "city" : "臺北市", "district" : "大同區", "nhi" : true, "data_time" : "2026-05-03 03:11:08", "pharmacy_per_10k" : 3.38}}, {"type" : "Feature", "geometry" : {"type" : "Point", "coordinates" : [121.5133706, 25.0522164]}, "properties" : {"id" : 98, "name" : "春鄰藥局", "address" : "臺北市大同區華亭街1號(1樓)", "telephone" : "(02)25526289", "city" : "臺北市", "district" : "大同區", "nhi" : true, "data_time" : "2026-05-03 03:11:08", "pharmacy_per_10k" : 3.38}}, {"type" : "Feature", "geometry" : {"type" : "Point", "coordinates" : [121.5193694, 25.05761803]}, "properties" : {"id" : 99, "name" : "德芳藥局", "address" : "臺北市大同區民生西路91號1樓", "telephone" : "(02)25576869", "city" : "臺北市", "district" : "大同區", "nhi" : true, "data_time" : "2026-05-03 03:11:08", "pharmacy_per_10k" : 3.38}}, {"type" : "Feature", "geometry" : {"type" : "Point", "coordinates" : [121.5121469, 25.06853408]}, "properties" : {"id" : 100, "name" : "光年藥局", "address" : "臺北市大同區民族西路258號1樓", "telephone" : "", "city" : "臺北市", "district" : "大同區", "nhi" : true, "data_time" : "2026-05-03 03:11:08", "pharmacy_per_10k" : 3.38}}, {"type" : "Feature", "geometry" : {"type" : "Point", "coordinates" : [121.5144821, 25.0721497]}, "properties" : {"id" : 101, "name" : "圓保藥局", "address" : "臺北市大同區酒泉街131號(1樓)", "telephone" : "(02)25850045", "city" : "臺北市", "district" : "大同區", "nhi" : true, "data_time" : "2026-05-03 03:11:08", "pharmacy_per_10k" : 3.38}}, {"type" : "Feature", "geometry" : {"type" : "Point", "coordinates" : [121.5101298, 25.05832209]}, "properties" : {"id" : 102, "name" : "慈仁藥局", "address" : "臺北市大同區歸綏街２６１號１樓", "telephone" : "(02)25572733", "city" : "臺北市", "district" : "大同區", "nhi" : true, "data_time" : "2026-05-03 03:11:08", "pharmacy_per_10k" : 3.38}}, {"type" : "Feature", "geometry" : {"type" : "Point", "coordinates" : [121.510236, 25.06926528]}, "properties" : {"id" : 103, "name" : "三省大藥局", "address" : "臺北市大同區民族西路３０３巷１９號１樓", "telephone" : "(02)25353540", "city" : "臺北市", "district" : "大同區", "nhi" : true, "data_time" : "2026-05-03 03:11:08", "pharmacy_per_10k" : 3.38}}, {"type" : "Feature", "geometry" : {"type" : "Point", "coordinates" : [121.509909, 25.05580837]}, "properties" : {"id" : 104, "name" : "三銘大藥局", "address" : "臺北市大同區迪化街一段80號", "telephone" : "(02)25583392", "city" : "臺北市", "district" : "大同區", "nhi" : true, "data_time" : "2026-05-03 03:11:08", "pharmacy_per_10k" : 3.38}}, {"type" : "Feature", "geometry" : {"type" : "Point", "coordinates" : [121.5138797, 25.05756886]}, "properties" : {"id" : 105, "name" : "弘仁全民藥局", "address" : "臺北市大同區重慶北路2段119號1樓", "telephone" : "(02)225579235", "city" : "臺北市", "district" : "大同區", "nhi" : true, "data_time" : "2026-05-03 03:11:08", "pharmacy_per_10k" : 3.38}}, {"type" : "Feature", "geometry" : {"type" : "Point", "coordinates" : [121.5150437, 25.05485023]}, "properties" : {"id" : 106, "name" : "建祥藥局", "address" : "臺北市大同區寧夏路17號、17-1號", "telephone" : "(02)25564339", "city" : "臺北市", "district" : "大同區", "nhi" : true, "data_time" : "2026-05-03 03:11:08", "pharmacy_per_10k" : 3.38}}, {"type" : "Feature", "geometry" : {"type" : "Point", "coordinates" : [121.5116909, 25.07036682]}, "properties" : {"id" : 107, "name" : "華南藥局", "address" : "臺北市大同區迪化街二段二一五號之一", "telephone" : "(02)25921093", "city" : "臺北市", "district" : "大同區", "nhi" : true, "data_time" : "2026-05-03 03:11:08", "pharmacy_per_10k" : 3.38}}, {"type" : "Feature", "geometry" : {"type" : "Point", "coordinates" : [121.5115042, 25.05973935]}, "properties" : {"id" : 108, "name" : "德葳藥局", "address" : "臺北市大同區延平北路二段二一一號一樓", "telephone" : "(02)25573474", "city" : "臺北市", "district" : "大同區", "nhi" : true, "data_time" : "2026-05-03 03:11:08", "pharmacy_per_10k" : 3.38}}, {"type" : "Feature", "geometry" : {"type" : "Point", "coordinates" : [121.514555, 25.07193436]}, "properties" : {"id" : 109, "name" : "酒泉春天藥局", "address" : "臺北市大同區酒泉街94號1樓、2樓", "telephone" : "(02)25977932", "city" : "臺北市", "district" : "大同區", "nhi" : true, "data_time" : "2026-05-03 03:11:08", "pharmacy_per_10k" : 3.38}}, {"type" : "Feature", "geometry" : {"type" : "Point", "coordinates" : [121.5458879, 25.03572592]}, "properties" : {"id" : 295, "name" : "奇異果大安藥局", "address" : "臺北市大安區大安路1段190號", "telephone" : "(02)23250891", "city" : "臺北市", "district" : "大安區", "nhi" : true, "data_time" : "2026-05-03 03:11:08", "pharmacy_per_10k" : 3.56}}, {"type" : "Feature", "geometry" : {"type" : "Point", "coordinates" : [121.5500224, 25.03424597]}, "properties" : {"id" : 296, "name" : "康維健保藥局", "address" : "臺北市大安區敦化南路1段329巷15號", "telephone" : "(02)27000120", "city" : "臺北市", "district" : "大安區", "nhi" : true, "data_time" : "2026-05-03 03:11:08", "pharmacy_per_10k" : 3.56}}, {"type" : "Feature", "geometry" : {"type" : "Point", "coordinates" : [121.5447391, 25.0249461]}, "properties" : {"id" : 297, "name" : "威康藥局", "address" : "臺北市大安區和平東路2段297號", "telephone" : "(02)27061149", "city" : "臺北市", "district" : "大安區", "nhi" : true, "data_time" : "2026-05-03 03:11:08", "pharmacy_per_10k" : 3.56}}, {"type" : "Feature", "geometry" : {"type" : "Point", "coordinates" : [121.5512826, 25.02298927]}, "properties" : {"id" : 298, "name" : "專品六張犁藥局", "address" : "臺北市大安區基隆路2段217號1樓", "telephone" : "(02)87322226", "city" : "臺北市", "district" : "大安區", "nhi" : true, "data_time" : "2026-05-03 03:11:08", "pharmacy_per_10k" : 3.56}}, {"type" : "Feature", "geometry" : {"type" : "Point", "coordinates" : [121.5395782, 25.02864779]}, "properties" : {"id" : 299, "name" : "早安藥局", "address" : "臺北市大安區建國南路2段151巷42號1樓", "telephone" : "(02)27002209", "city" : "臺北市", "district" : "大安區", "nhi" : true, "data_time" : "2026-05-03 03:11:08", "pharmacy_per_10k" : 3.56}}, {"type" : "Feature", "geometry" : {"type" : "Point", "coordinates" : [121.5469927, 25.02452694]}, "properties" : {"id" : 300, "name" : "躍獅敦和藥局", "address" : "臺北市大安區和平東路3段10號", "telephone" : "(02)23785767", "city" : "臺北市", "district" : "大安區", "nhi" : true, "data_time" : "2026-05-03 03:11:08", "pharmacy_per_10k" : 3.56}}, {"type" : "Feature", "geometry" : {"type" : "Point", "coordinates" : [121.5539772, 25.02901029]}, "properties" : {"id" : 301, "name" : "弘昌藥局", "address" : "臺北市大安區通化街139號", "telephone" : "(02)27321616", "city" : "臺北市", "district" : "大安區", "nhi" : true, "data_time" : "2026-05-03 03:11:08", "pharmacy_per_10k" : 3.56}}, {"type" : "Feature", "geometry" : {"type" : "Point", "coordinates" : [121.5442928, 25.03749754]}, "properties" : {"id" : 302, "name" : "博醫仁愛藥局", "address" : "臺北市大安區仁愛路4段8巷2號1樓", "telephone" : "(02)27019107", "city" : "臺北市", "district" : "大安區", "nhi" : true, "data_time" : "2026-05-03 03:11:08", "pharmacy_per_10k" : 3.56}}, {"type" : "Feature", "geometry" : {"type" : "Point", "coordinates" : [121.5526808, 25.03488056]}, "properties" : {"id" : 303, "name" : "鎮安中西安和藥局", "address" : "臺北市大安區安和路1段123號1樓", "telephone" : "(02)27015201", "city" : "臺北市", "district" : "大安區", "nhi" : true, "data_time" : "2026-05-03 03:11:08", "pharmacy_per_10k" : 3.56}}, {"type" : "Feature", "geometry" : {"type" : "Point", "coordinates" : [121.52959, 25.03008262]}, "properties" : {"id" : 304, "name" : "十二願永藥局", "address" : "臺北市大安區永康街49號1樓", "telephone" : "(02)33433553", "city" : "臺北市", "district" : "大安區", "nhi" : true, "data_time" : "2026-05-03 03:11:08", "pharmacy_per_10k" : 3.56}}, {"type" : "Feature", "geometry" : {"type" : "Point", "coordinates" : [121.5492632, 25.04247291]}, "properties" : {"id" : 305, "name" : "佳鄰藥局", "address" : "臺北市大安區敦化南路1段191號地下之124至129", "telephone" : "(02)27211259", "city" : "臺北市", "district" : "大安區", "nhi" : true, "data_time" : "2026-05-03 03:11:08", "pharmacy_per_10k" : 3.56}}, {"type" : "Feature", "geometry" : {"type" : "Point", "coordinates" : [121.554487, 25.03408233]}, "properties" : {"id" : 306, "name" : "信義欣辰藥局", "address" : "臺北市大安區信義路4段265巷15號1樓", "telephone" : "", "city" : "臺北市", "district" : "大安區", "nhi" : true, "data_time" : "2026-05-03 03:11:08", "pharmacy_per_10k" : 3.56}}, {"type" : "Feature", "geometry" : {"type" : "Point", "coordinates" : [121.5449973, 25.03354393]}, "properties" : {"id" : 307, "name" : "中力信義藥局", "address" : "臺北市大安區信義路4段51號1樓", "telephone" : "(02)23250266", "city" : "臺北市", "district" : "大安區", "nhi" : true, "data_time" : "2026-05-03 03:11:08", "pharmacy_per_10k" : 3.56}}, {"type" : "Feature", "geometry" : {"type" : "Point", "coordinates" : [121.5516645, 25.03939343]}, "properties" : {"id" : 308, "name" : "伊生藥局", "address" : "臺北市大安區安和路1段21巷26號1樓", "telephone" : "(02)27755613", "city" : "臺北市", "district" : "大安區", "nhi" : true, "data_time" : "2026-05-03 03:11:08", "pharmacy_per_10k" : 3.56}}, {"type" : "Feature", "geometry" : {"type" : "Point", "coordinates" : [121.5459549, 25.03142561]}, "properties" : {"id" : 309, "name" : "宏大藥師藥局", "address" : "臺北市大安區大安路2段88號1樓", "telephone" : "", "city" : "臺北市", "district" : "大安區", "nhi" : true, "data_time" : "2026-05-03 03:11:08", "pharmacy_per_10k" : 3.56}}, {"type" : "Feature", "geometry" : {"type" : "Point", "coordinates" : [121.5334554, 25.04200329]}, "properties" : {"id" : 310, "name" : "康祥藥局", "address" : "臺北市大安區忠孝東路4段216巷21號1樓、216巷19弄2號(1樓)", "telephone" : "(02)27817891", "city" : "臺北市", "district" : "大安區", "nhi" : true, "data_time" : "2026-05-03 03:11:08", "pharmacy_per_10k" : 3.56}}, {"type" : "Feature", "geometry" : {"type" : "Point", "coordinates" : [121.5534066, 25.02099519]}, "properties" : {"id" : 311, "name" : "百立藥局", "address" : "臺北市大安區和平東路3段228巷66號1樓", "telephone" : "(02)27327211", "city" : "臺北市", "district" : "大安區", "nhi" : true, "data_time" : "2026-05-03 03:11:08", "pharmacy_per_10k" : 3.56}}, {"type" : "Feature", "geometry" : {"type" : "Point", "coordinates" : [121.5316651, 25.0256171]}, "properties" : {"id" : 312, "name" : "吉成藥局", "address" : "臺北市大安區泰順街7號（1樓）", "telephone" : "(02)23636475", "city" : "臺北市", "district" : "大安區", "nhi" : true, "data_time" : "2026-05-03 03:11:08", "pharmacy_per_10k" : 3.56}}, {"type" : "Feature", "geometry" : {"type" : "Point", "coordinates" : [121.5510403, 25.04219107]}, "properties" : {"id" : 313, "name" : "加佳藥局", "address" : "臺北市大安區忠孝東路4段181巷7弄5號1樓", "telephone" : "(02)27763759", "city" : "臺北市", "district" : "大安區", "nhi" : true, "data_time" : "2026-05-03 03:11:08", "pharmacy_per_10k" : 3.56}}, {"type" : "Feature", "geometry" : {"type" : "Point", "coordinates" : [121.5345834, 25.040096]}, "properties" : {"id" : 314, "name" : "昶青藥局", "address" : "臺北市大安區濟南路3段22之1號(1樓)", "telephone" : "(02)27515678", "city" : "臺北市", "district" : "大安區", "nhi" : true, "data_time" : "2026-05-03 03:11:08", "pharmacy_per_10k" : 3.56}}, {"type" : "Feature", "geometry" : {"type" : "Point", "coordinates" : [121.5542075, 25.0337323]}, "properties" : {"id" : 315, "name" : "吾家藥局", "address" : "臺北市大安區信義路4段265巷6之1號(1樓)", "telephone" : "(02)27066425", "city" : "臺北市", "district" : "大安區", "nhi" : true, "data_time" : "2026-05-03 03:11:08", "pharmacy_per_10k" : 3.56}}, {"type" : "Feature", "geometry" : {"type" : "Point", "coordinates" : [121.5574661, 25.04081187]}, "properties" : {"id" : 316, "name" : "康是美巨富藥局", "address" : "臺北市大安區光復南路238號1樓", "telephone" : "(02)27790474", "city" : "臺北市", "district" : "大安區", "nhi" : true, "data_time" : "2026-05-03 03:11:08", "pharmacy_per_10k" : 3.56}}, {"type" : "Feature", "geometry" : {"type" : "Point", "coordinates" : [121.5425603, 25.04276758]}, "properties" : {"id" : 317, "name" : "安東藥局", "address" : "臺北市大安區安東街50之5號1樓", "telephone" : "(02)27114175", "city" : "臺北市", "district" : "大安區", "nhi" : true, "data_time" : "2026-05-03 03:11:08", "pharmacy_per_10k" : 3.56}}, {"type" : "Feature", "geometry" : {"type" : "Point", "coordinates" : [121.526673, 25.0229598]}, "properties" : {"id" : 318, "name" : "頤品中西藥局", "address" : "臺北市大安區浦城街24之2號(1樓)", "telephone" : "(02)23685656", "city" : "臺北市", "district" : "大安區", "nhi" : true, "data_time" : "2026-05-03 03:11:08", "pharmacy_per_10k" : 3.56}}, {"type" : "Feature", "geometry" : {"type" : "Point", "coordinates" : [121.5412038, 25.04113613]}, "properties" : {"id" : 319, "name" : "美心藥局", "address" : "臺北市大安區忠孝東路3段248巷10號1樓", "telephone" : "(02)27219900", "city" : "臺北市", "district" : "大安區", "nhi" : true, "data_time" : "2026-05-03 03:11:08", "pharmacy_per_10k" : 3.56}}, {"type" : "Feature", "geometry" : {"type" : "Point", "coordinates" : [121.5280688, 25.02109005]}, "properties" : {"id" : 320, "name" : "博昱師大藥局", "address" : "臺北市大安區羅斯福路3段189號1樓", "telephone" : "(02)23696966", "city" : "臺北市", "district" : "大安區", "nhi" : true, "data_time" : "2026-05-03 03:11:08", "pharmacy_per_10k" : 3.56}}, {"type" : "Feature", "geometry" : {"type" : "Point", "coordinates" : [121.5476513, 25.0266168]}, "properties" : {"id" : 321, "name" : "博興藥局", "address" : "臺北市大安區四維路198巷28號(1樓)", "telephone" : "(02)23256668", "city" : "臺北市", "district" : "大安區", "nhi" : true, "data_time" : "2026-05-03 03:11:08", "pharmacy_per_10k" : 3.56}}, {"type" : "Feature", "geometry" : {"type" : "Point", "coordinates" : [121.5548779, 25.03669773]}, "properties" : {"id" : 322, "name" : "國泰藥局", "address" : "臺北市大安區仁愛路4段300巷17弄1號1樓", "telephone" : "(02)27086221", "city" : "臺北市", "district" : "大安區", "nhi" : true, "data_time" : "2026-05-03 03:11:08", "pharmacy_per_10k" : 3.56}}, {"type" : "Feature", "geometry" : {"type" : "Point", "coordinates" : [121.5513408, 25.030017]}, "properties" : {"id" : 323, "name" : "敦南春天藥局", "address" : "臺北市大安區敦化南路2段81巷63號(1樓)", "telephone" : "(02)27553266", "city" : "臺北市", "district" : "大安區", "nhi" : true, "data_time" : "2026-05-03 03:11:08", "pharmacy_per_10k" : 3.56}}, {"type" : "Feature", "geometry" : {"type" : "Point", "coordinates" : [121.53893, 25.02898304]}, "properties" : {"id" : 324, "name" : "安森藥局", "address" : "臺北市大安區信義路3段134巷100號1樓", "telephone" : "(02)27076003", "city" : "臺北市", "district" : "大安區", "nhi" : true, "data_time" : "2026-05-03 03:11:08", "pharmacy_per_10k" : 3.56}}, {"type" : "Feature", "geometry" : {"type" : "Point", "coordinates" : [121.5553014, 25.0212069]}, "properties" : {"id" : 325, "name" : "康是美安居藥局", "address" : "臺北市大安區安居街5號1樓、地下一層", "telephone" : "(02)87325064", "city" : "臺北市", "district" : "大安區", "nhi" : true, "data_time" : "2026-05-03 03:11:08", "pharmacy_per_10k" : 3.56}}, {"type" : "Feature", "geometry" : {"type" : "Point", "coordinates" : [121.528509, 25.02270966]}, "properties" : {"id" : 326, "name" : "師大藥局", "address" : "臺北市大安區師大路九十九號一樓", "telephone" : "(02)23623479", "city" : "臺北市", "district" : "大安區", "nhi" : true, "data_time" : "2026-05-03 03:11:08", "pharmacy_per_10k" : 3.56}}, {"type" : "Feature", "geometry" : {"type" : "Point", "coordinates" : [121.546722, 25.03761956]}, "properties" : {"id" : 327, "name" : "新廣生藥局", "address" : "臺北市大安區仁愛路4段34號", "telephone" : "(02)27071221", "city" : "臺北市", "district" : "大安區", "nhi" : true, "data_time" : "2026-05-03 03:11:08", "pharmacy_per_10k" : 3.56}}, {"type" : "Feature", "geometry" : {"type" : "Point", "coordinates" : [121.5532362, 25.03014203]}, "properties" : {"id" : 328, "name" : "徐榮三藥局", "address" : "臺北市大安區通安街八九號一樓", "telephone" : "(02)27383515", "city" : "臺北市", "district" : "大安區", "nhi" : true, "data_time" : "2026-05-03 03:11:08", "pharmacy_per_10k" : 3.56}}, {"type" : "Feature", "geometry" : {"type" : "Point", "coordinates" : [121.5292026, 25.02256383]}, "properties" : {"id" : 329, "name" : "順天堂藥局", "address" : "臺北市大安區龍泉街96號", "telephone" : "(02)23627149", "city" : "臺北市", "district" : "大安區", "nhi" : true, "data_time" : "2026-05-03 03:11:08", "pharmacy_per_10k" : 3.56}}, {"type" : "Feature", "geometry" : {"type" : "Point", "coordinates" : [121.5391987, 25.02624458]}, "properties" : {"id" : 330, "name" : "欣榮藥局", "address" : "臺北市大安區瑞安街二七０號一樓", "telephone" : "(02)27023710", "city" : "臺北市", "district" : "大安區", "nhi" : true, "data_time" : "2026-05-03 03:11:08", "pharmacy_per_10k" : 3.56}}, {"type" : "Feature", "geometry" : {"type" : "Point", "coordinates" : [121.5450594, 25.04139165]}, "properties" : {"id" : 331, "name" : "寶康大藥局", "address" : "臺北市大安區忠孝東路4段52號9樓", "telephone" : "(02)27217177", "city" : "臺北市", "district" : "大安區", "nhi" : true, "data_time" : "2026-05-03 03:11:08", "pharmacy_per_10k" : 3.56}}, {"type" : "Feature", "geometry" : {"type" : "Point", "coordinates" : [121.5556806, 25.03531617]}, "properties" : {"id" : 332, "name" : "青康藥局", "address" : "臺北市大安區延吉街二四八號一樓", "telephone" : "(02)27086623", "city" : "臺北市", "district" : "大安區", "nhi" : true, "data_time" : "2026-05-03 03:11:08", "pharmacy_per_10k" : 3.56}}, {"type" : "Feature", "geometry" : {"type" : "Point", "coordinates" : [121.5283029, 25.025735]}, "properties" : {"id" : 333, "name" : "太醫藥局", "address" : "臺北市大安區師大路12號(1樓)", "telephone" : "(02)23685125", "city" : "臺北市", "district" : "大安區", "nhi" : true, "data_time" : "2026-05-03 03:11:08", "pharmacy_per_10k" : 3.56}}, {"type" : "Feature", "geometry" : {"type" : "Point", "coordinates" : [121.5461126, 25.03618795]}, "properties" : {"id" : 334, "name" : "宏恩藥局", "address" : "臺北市大安區大安路一段一八一號一樓", "telephone" : "(02)27000956", "city" : "臺北市", "district" : "大安區", "nhi" : true, "data_time" : "2026-05-03 03:11:08", "pharmacy_per_10k" : 3.56}}, {"type" : "Feature", "geometry" : {"type" : "Point", "coordinates" : [121.5429214, 25.02254142]}, "properties" : {"id" : 335, "name" : "靜園藥局", "address" : "臺北市大安區和平東路2段118巷57之1號", "telephone" : "(02)27336390", "city" : "臺北市", "district" : "大安區", "nhi" : true, "data_time" : "2026-05-03 03:11:08", "pharmacy_per_10k" : 3.56}}, {"type" : "Feature", "geometry" : {"type" : "Point", "coordinates" : [121.5547915, 25.04065739]}, "properties" : {"id" : 336, "name" : "延吉大藥局", "address" : "臺北市大安區延吉街一五三號一樓", "telephone" : "(02)27819227", "city" : "臺北市", "district" : "大安區", "nhi" : true, "data_time" : "2026-05-03 03:11:08", "pharmacy_per_10k" : 3.56}}, {"type" : "Feature", "geometry" : {"type" : "Point", "coordinates" : [121.5558664, 25.02099834]}, "properties" : {"id" : 337, "name" : "北陸藥局", "address" : "臺北市大安區和平東路三段二七八號一樓", "telephone" : "(02)27323594", "city" : "臺北市", "district" : "大安區", "nhi" : true, "data_time" : "2026-05-03 03:11:08", "pharmacy_per_10k" : 3.56}}, {"type" : "Feature", "geometry" : {"type" : "Point", "coordinates" : [121.5435516, 25.027216]}, "properties" : {"id" : 338, "name" : "杏友藥局", "address" : "臺北市大安區復興南路二段一五一巷二五號", "telephone" : "(02)27079451", "city" : "臺北市", "district" : "大安區", "nhi" : true, "data_time" : "2026-05-03 03:11:08", "pharmacy_per_10k" : 3.56}}, {"type" : "Feature", "geometry" : {"type" : "Point", "coordinates" : [121.5326827, 25.0182474]}, "properties" : {"id" : 339, "name" : "燕福藥局", "address" : "臺北市大安區羅斯福路三段283巷14弄14號之3", "telephone" : "(02)23627307", "city" : "臺北市", "district" : "大安區", "nhi" : true, "data_time" : "2026-05-03 03:11:08", "pharmacy_per_10k" : 3.56}}, {"type" : "Feature", "geometry" : {"type" : "Point", "coordinates" : [121.5460635, 25.0393976]}, "properties" : {"id" : 340, "name" : "龍護大藥局", "address" : "臺北市大安區大安路一段二二四巷七號一樓", "telephone" : "(02)23250686", "city" : "臺北市", "district" : "大安區", "nhi" : true, "data_time" : "2026-05-03 03:11:08", "pharmacy_per_10k" : 3.56}}, {"type" : "Feature", "geometry" : {"type" : "Point", "coordinates" : [121.5523893, 25.02512378]}, "properties" : {"id" : 341, "name" : "寶德藥局", "address" : "臺北市大安區樂利路一０五號一樓", "telephone" : "(02)27364240", "city" : "臺北市", "district" : "大安區", "nhi" : true, "data_time" : "2026-05-03 03:11:08", "pharmacy_per_10k" : 3.56}}, {"type" : "Feature", "geometry" : {"type" : "Point", "coordinates" : [121.5517332, 25.03010716]}, "properties" : {"id" : 342, "name" : "泰佑藥局", "address" : "臺北市大安區安和路二段七二號一樓", "telephone" : "(02)27056841", "city" : "臺北市", "district" : "大安區", "nhi" : true, "data_time" : "2026-05-03 03:11:08", "pharmacy_per_10k" : 3.56}}, {"type" : "Feature", "geometry" : {"type" : "Point", "coordinates" : [121.5539181, 25.0414821]}, "properties" : {"id" : 343, "name" : "杏安堂藥局", "address" : "臺北市大安區忠孝東路四段七七巷三０號一樓", "telephone" : "(02)27517636", "city" : "臺北市", "district" : "大安區", "nhi" : true, "data_time" : "2026-05-03 03:11:08", "pharmacy_per_10k" : 3.56}}, {"type" : "Feature", "geometry" : {"type" : "Point", "coordinates" : [121.5427975, 25.0226197]}, "properties" : {"id" : 344, "name" : "四維藥局", "address" : "臺北市大安區復興南路二段一五一巷四三號一樓", "telephone" : "(02)27094222", "city" : "臺北市", "district" : "大安區", "nhi" : true, "data_time" : "2026-05-03 03:11:08", "pharmacy_per_10k" : 3.56}}, {"type" : "Feature", "geometry" : {"type" : "Point", "coordinates" : [121.5312952, 25.01903094]}, "properties" : {"id" : 345, "name" : "羅斯福藥局", "address" : "臺北市大安區羅斯福路3段283巷9弄3號", "telephone" : "(02)23699606", "city" : "臺北市", "district" : "大安區", "nhi" : true, "data_time" : "2026-05-03 03:11:08", "pharmacy_per_10k" : 3.56}}, {"type" : "Feature", "geometry" : {"type" : "Point", "coordinates" : [121.5391776, 25.0251348]}, "properties" : {"id" : 346, "name" : "赫慶藥局", "address" : "臺北市大安區瑞安街二０八巷一一弄五號一樓", "telephone" : "(02)27063497", "city" : "臺北市", "district" : "大安區", "nhi" : true, "data_time" : "2026-05-03 03:11:08", "pharmacy_per_10k" : 3.56}}, {"type" : "Feature", "geometry" : {"type" : "Point", "coordinates" : [121.554072, 25.029318]}, "properties" : {"id" : 347, "name" : "大興藥局", "address" : "臺北市大安區通化街三九巷五０弄一五號一樓", "telephone" : "(02)27053369", "city" : "臺北市", "district" : "大安區", "nhi" : true, "data_time" : "2026-05-03 03:11:08", "pharmacy_per_10k" : 3.56}}, {"type" : "Feature", "geometry" : {"type" : "Point", "coordinates" : [121.5530635, 25.0399669]}, "properties" : {"id" : 348, "name" : "永誠藥局", "address" : "臺北市大安區忠孝東路4段216巷25之1號", "telephone" : "(02)27520273", "city" : "臺北市", "district" : "大安區", "nhi" : true, "data_time" : "2026-05-03 03:11:08", "pharmacy_per_10k" : 3.56}}, {"type" : "Feature", "geometry" : {"type" : "Point", "coordinates" : [121.554072, 25.029318]}, "properties" : {"id" : 349, "name" : "正昌藥局", "address" : "臺北市大安區通化街三八巷九號一樓", "telephone" : "(02)27540070", "city" : "臺北市", "district" : "大安區", "nhi" : true, "data_time" : "2026-05-03 03:11:08", "pharmacy_per_10k" : 3.56}}, {"type" : "Feature", "geometry" : {"type" : "Point", "coordinates" : [121.5543423, 25.02174207]}, "properties" : {"id" : 350, "name" : "建如藥局", "address" : "臺北市大安區和平東路三段２２８巷１１號１樓", "telephone" : "(02)27331456", "city" : "臺北市", "district" : "大安區", "nhi" : true, "data_time" : "2026-05-03 03:11:08", "pharmacy_per_10k" : 3.56}}, {"type" : "Feature", "geometry" : {"type" : "Point", "coordinates" : [121.546163, 25.02486892]}, "properties" : {"id" : 351, "name" : "台安藥局", "address" : "臺北市大安區和平東路二段三五三號一樓", "telephone" : "(02)27549099", "city" : "臺北市", "district" : "大安區", "nhi" : true, "data_time" : "2026-05-03 03:11:08", "pharmacy_per_10k" : 3.56}}, {"type" : "Feature", "geometry" : {"type" : "Point", "coordinates" : [121.5381808, 25.0417673]}, "properties" : {"id" : 352, "name" : "生光藥局", "address" : "臺北市大安區忠孝東路三段二四八巷二號", "telephone" : "(02)27780862", "city" : "臺北市", "district" : "大安區", "nhi" : true, "data_time" : "2026-05-03 03:11:08", "pharmacy_per_10k" : 3.56}}, {"type" : "Feature", "geometry" : {"type" : "Point", "coordinates" : [121.5540705, 25.0413474]}, "properties" : {"id" : 353, "name" : "千福藥局", "address" : "臺北市大安區忠孝東路四段四十五號地下二樓", "telephone" : "(02)27403767", "city" : "臺北市", "district" : "大安區", "nhi" : true, "data_time" : "2026-05-03 03:11:08", "pharmacy_per_10k" : 3.56}}, {"type" : "Feature", "geometry" : {"type" : "Point", "coordinates" : [121.5289946, 25.03289118]}, "properties" : {"id" : 354, "name" : "永康藥局", "address" : "臺北市大安區麗水街6之2號", "telephone" : "(02)23279362", "city" : "臺北市", "district" : "大安區", "nhi" : true, "data_time" : "2026-05-03 03:11:08", "pharmacy_per_10k" : 3.56}}, {"type" : "Feature", "geometry" : {"type" : "Point", "coordinates" : [121.5460607, 25.0436955]}, "properties" : {"id" : 355, "name" : "祥瑞中西大藥局", "address" : "臺北市大安區復興南路1段107巷49號", "telephone" : "(02)27752551", "city" : "臺北市", "district" : "大安區", "nhi" : true, "data_time" : "2026-05-03 03:11:08", "pharmacy_per_10k" : 3.56}}, {"type" : "Feature", "geometry" : {"type" : "Point", "coordinates" : [121.5294068, 25.03315405]}, "properties" : {"id" : 356, "name" : "世中欣藥局", "address" : "臺北市大安區永康街2巷8號", "telephone" : "(02)23938947", "city" : "臺北市", "district" : "大安區", "nhi" : true, "data_time" : "2026-05-03 03:11:08", "pharmacy_per_10k" : 3.56}}, {"type" : "Feature", "geometry" : {"type" : "Point", "coordinates" : [121.540265, 25.04125473]}, "properties" : {"id" : 357, "name" : "加豐藥局", "address" : "臺北市大安區忠孝東路三段216巷3弄1號1樓", "telephone" : "(02)27219678", "city" : "臺北市", "district" : "大安區", "nhi" : true, "data_time" : "2026-05-03 03:11:08", "pharmacy_per_10k" : 3.56}}, {"type" : "Feature", "geometry" : {"type" : "Point", "coordinates" : [121.5435422, 25.0418867]}, "properties" : {"id" : 358, "name" : "崇光藥局", "address" : "臺北市大安區忠孝東路3段305號7樓之3", "telephone" : "(02)27217958", "city" : "臺北市", "district" : "大安區", "nhi" : true, "data_time" : "2026-05-03 03:11:08", "pharmacy_per_10k" : 3.56}}, {"type" : "Feature", "geometry" : {"type" : "Point", "coordinates" : [121.5519842, 25.0310315]}, "properties" : {"id" : 359, "name" : "大愛健康藥局", "address" : "臺北市大安區敦化南路2段63巷65號", "telephone" : "(02)27092156", "city" : "臺北市", "district" : "大安區", "nhi" : true, "data_time" : "2026-05-03 03:11:08", "pharmacy_per_10k" : 3.56}}, {"type" : "Feature", "geometry" : {"type" : "Point", "coordinates" : [121.5430571, 25.04121175]}, "properties" : {"id" : 360, "name" : "千瑞藥局", "address" : "臺北市大安區忠孝東路三段300號B3", "telephone" : "(02)77450558", "city" : "臺北市", "district" : "大安區", "nhi" : true, "data_time" : "2026-05-03 03:11:08", "pharmacy_per_10k" : 3.56}}, {"type" : "Feature", "geometry" : {"type" : "Point", "coordinates" : [121.5290384, 25.03224576]}, "properties" : {"id" : 361, "name" : "麗樺藥師藥局", "address" : "臺北市大安區麗水街3號", "telephone" : "(02)23952628", "city" : "臺北市", "district" : "大安區", "nhi" : true, "data_time" : "2026-05-03 03:11:08", "pharmacy_per_10k" : 3.56}}, {"type" : "Feature", "geometry" : {"type" : "Point", "coordinates" : [121.5519413, 25.03433167]}, "properties" : {"id" : 362, "name" : "安和藥局", "address" : "臺北市大安區安和路一段102巷3 號", "telephone" : "(02)27092349", "city" : "臺北市", "district" : "大安區", "nhi" : true, "data_time" : "2026-05-03 03:11:08", "pharmacy_per_10k" : 3.56}}, {"type" : "Feature", "geometry" : {"type" : "Point", "coordinates" : [121.5561296, 25.03708261]}, "properties" : {"id" : 363, "name" : "佑安藥局", "address" : "臺北市大安區延吉街233巷9號", "telephone" : "(02)27069339", "city" : "臺北市", "district" : "大安區", "nhi" : true, "data_time" : "2026-05-03 03:11:08", "pharmacy_per_10k" : 3.56}}, {"type" : "Feature", "geometry" : {"type" : "Point", "coordinates" : [121.5457872, 25.04349353]}, "properties" : {"id" : 364, "name" : "弘昇藥局", "address" : "臺北市大安區復興南路一段107巷32號", "telephone" : "(02)27110061", "city" : "臺北市", "district" : "大安區", "nhi" : true, "data_time" : "2026-05-03 03:11:08", "pharmacy_per_10k" : 3.56}}, {"type" : "Feature", "geometry" : {"type" : "Point", "coordinates" : [121.5530583, 25.0382044]}, "properties" : {"id" : 365, "name" : "長虹藥局", "address" : "臺北市大安區忠孝東路4段216巷63號", "telephone" : "(02)27210232", "city" : "臺北市", "district" : "大安區", "nhi" : true, "data_time" : "2026-05-03 03:11:08", "pharmacy_per_10k" : 3.56}}, {"type" : "Feature", "geometry" : {"type" : "Point", "coordinates" : [121.5411931, 25.02297057]}, "properties" : {"id" : 366, "name" : "惠盈藥局", "address" : "臺北市大安區辛亥路二段171巷31號", "telephone" : "(02)87321366", "city" : "臺北市", "district" : "大安區", "nhi" : true, "data_time" : "2026-05-03 03:11:08", "pharmacy_per_10k" : 3.56}}, {"type" : "Feature", "geometry" : {"type" : "Point", "coordinates" : [121.5463195, 25.03730778]}, "properties" : {"id" : 367, "name" : "聯合仁愛藥局", "address" : "臺北市大安區大安路1段157巷3號", "telephone" : "(02)27039269", "city" : "臺北市", "district" : "大安區", "nhi" : true, "data_time" : "2026-05-03 03:11:08", "pharmacy_per_10k" : 3.56}}, {"type" : "Feature", "geometry" : {"type" : "Point", "coordinates" : [121.5548764, 25.02190607]}, "properties" : {"id" : 368, "name" : "一心藥局", "address" : "臺北市大安區和平東路3段238號", "telephone" : "(02)27321818", "city" : "臺北市", "district" : "大安區", "nhi" : true, "data_time" : "2026-05-03 03:11:08", "pharmacy_per_10k" : 3.56}}, {"type" : "Feature", "geometry" : {"type" : "Point", "coordinates" : [121.5501167, 25.0339228]}, "properties" : {"id" : 369, "name" : "信安健康藥局", "address" : "臺北市大安區仁愛路4段122巷58號", "telephone" : "(02)27084858", "city" : "臺北市", "district" : "大安區", "nhi" : true, "data_time" : "2026-05-03 03:11:08", "pharmacy_per_10k" : 3.56}}, {"type" : "Feature", "geometry" : {"type" : "Point", "coordinates" : [121.5463924, 25.04302908]}, "properties" : {"id" : 370, "name" : "新富川藥局", "address" : "臺北市大安區大安路1段51巷4號", "telephone" : "(02)27114758", "city" : "臺北市", "district" : "大安區", "nhi" : true, "data_time" : "2026-05-03 03:11:08", "pharmacy_per_10k" : 3.56}}, {"type" : "Feature", "geometry" : {"type" : "Point", "coordinates" : [121.5539971, 25.03654169]}, "properties" : {"id" : 371, "name" : "聖英藥局", "address" : "臺北市大安區仁愛路4段266巷15弄18號", "telephone" : "(02)27055851", "city" : "臺北市", "district" : "大安區", "nhi" : true, "data_time" : "2026-05-03 03:11:08", "pharmacy_per_10k" : 3.56}}, {"type" : "Feature", "geometry" : {"type" : "Point", "coordinates" : [121.5338278, 25.03455197]}, "properties" : {"id" : 372, "name" : "元氣生活健保藥局", "address" : "臺北市大安區新生南路1段161巷6號", "telephone" : "(02)27060580", "city" : "臺北市", "district" : "大安區", "nhi" : true, "data_time" : "2026-05-03 03:11:08", "pharmacy_per_10k" : 3.56}}, {"type" : "Feature", "geometry" : {"type" : "Point", "coordinates" : [121.5382105, 25.03480596]}, "properties" : {"id" : 373, "name" : "康乃馨藥局", "address" : "臺北市大安區建國南路1段327號", "telephone" : "(02)23257097", "city" : "臺北市", "district" : "大安區", "nhi" : true, "data_time" : "2026-05-03 03:11:08", "pharmacy_per_10k" : 3.56}}, {"type" : "Feature", "geometry" : {"type" : "Point", "coordinates" : [121.5556048, 25.03549166]}, "properties" : {"id" : 374, "name" : "世康藥局", "address" : "臺北市大安區延吉街246號", "telephone" : "(02)27015758", "city" : "臺北市", "district" : "大安區", "nhi" : true, "data_time" : "2026-05-03 03:11:08", "pharmacy_per_10k" : 3.56}}, {"type" : "Feature", "geometry" : {"type" : "Point", "coordinates" : [121.5507273, 25.02461534]}, "properties" : {"id" : 375, "name" : "惠良藥局", "address" : "臺北市大安區和平東路3段93之1號", "telephone" : "(02)27387872", "city" : "臺北市", "district" : "大安區", "nhi" : true, "data_time" : "2026-05-03 03:11:08", "pharmacy_per_10k" : 3.56}}, {"type" : "Feature", "geometry" : {"type" : "Point", "coordinates" : [121.5470335, 25.02831743]}, "properties" : {"id" : 376, "name" : "愛維康生活藥局", "address" : "臺北市大安區四維路170巷21號", "telephone" : "(02)27059791", "city" : "臺北市", "district" : "大安區", "nhi" : true, "data_time" : "2026-05-03 03:11:08", "pharmacy_per_10k" : 3.56}}, {"type" : "Feature", "geometry" : {"type" : "Point", "coordinates" : [121.5236912, 25.02572337]}, "properties" : {"id" : 377, "name" : "古亭健康人生藥局", "address" : "臺北市大安區羅斯福路二段83號", "telephone" : "(02)23660895", "city" : "臺北市", "district" : "大安區", "nhi" : true, "data_time" : "2026-05-03 03:11:08", "pharmacy_per_10k" : 3.56}}, {"type" : "Feature", "geometry" : {"type" : "Point", "coordinates" : [121.5406467, 25.02866098]}, "properties" : {"id" : 378, "name" : "杏一瑞安藥局", "address" : "臺北市大安區瑞安街208巷11弄1號", "telephone" : "(02)27096710", "city" : "臺北市", "district" : "大安區", "nhi" : true, "data_time" : "2026-05-03 03:11:08", "pharmacy_per_10k" : 3.56}}, {"type" : "Feature", "geometry" : {"type" : "Point", "coordinates" : [121.5427315, 25.02516843]}, "properties" : {"id" : 379, "name" : "好安心藥局", "address" : "臺北市大安區和平東路二段223號1樓", "telephone" : "(02)23772166", "city" : "臺北市", "district" : "大安區", "nhi" : true, "data_time" : "2026-05-03 03:11:08", "pharmacy_per_10k" : 3.56}}, {"type" : "Feature", "geometry" : {"type" : "Point", "coordinates" : [121.5495794, 25.03642174]}, "properties" : {"id" : 380, "name" : "中山樂方藥局", "address" : "臺北市大安區仁愛路四段112巷12號", "telephone" : "(02)27050622", "city" : "臺北市", "district" : "大安區", "nhi" : true, "data_time" : "2026-05-03 03:11:08", "pharmacy_per_10k" : 3.56}}, {"type" : "Feature", "geometry" : {"type" : "Point", "coordinates" : [121.5389314, 25.04187632]}, "properties" : {"id" : 381, "name" : "誠心藥局", "address" : "臺北市大安區忠孝東路3段199之1號", "telephone" : "", "city" : "臺北市", "district" : "大安區", "nhi" : true, "data_time" : "2026-05-03 03:11:08", "pharmacy_per_10k" : 3.56}}, {"type" : "Feature", "geometry" : {"type" : "Point", "coordinates" : [121.5549354, 25.02085624]}, "properties" : {"id" : 382, "name" : "安居藥局", "address" : "臺北市大安區安居街19號", "telephone" : "(02)23773537", "city" : "臺北市", "district" : "大安區", "nhi" : true, "data_time" : "2026-05-03 03:11:08", "pharmacy_per_10k" : 3.56}}, {"type" : "Feature", "geometry" : {"type" : "Point", "coordinates" : [121.536221, 25.02566385]}, "properties" : {"id" : 383, "name" : "躍獅新生藥局", "address" : "臺北市大安區和平東路二段20號", "telephone" : "(02)23623367", "city" : "臺北市", "district" : "大安區", "nhi" : true, "data_time" : "2026-05-03 03:11:08", "pharmacy_per_10k" : 3.56}}, {"type" : "Feature", "geometry" : {"type" : "Point", "coordinates" : [121.5525685, 25.03062665]}, "properties" : {"id" : 384, "name" : "博大藥局", "address" : "臺北市大安區安和路2段65號", "telephone" : "(02)27027858", "city" : "臺北市", "district" : "大安區", "nhi" : true, "data_time" : "2026-05-03 03:11:08", "pharmacy_per_10k" : 3.56}}, {"type" : "Feature", "geometry" : {"type" : "Point", "coordinates" : [121.5468686, 25.03819422]}, "properties" : {"id" : 385, "name" : "博昱仁愛藥局", "address" : "臺北市大安區仁愛路4段65號", "telephone" : "(02)87739258", "city" : "臺北市", "district" : "大安區", "nhi" : true, "data_time" : "2026-05-03 03:11:08", "pharmacy_per_10k" : 3.56}}, {"type" : "Feature", "geometry" : {"type" : "Point", "coordinates" : [121.5443991, 25.04356503]}, "properties" : {"id" : 386, "name" : "忠孝康承健保藥局", "address" : "臺北市大安區復興南路1段107巷4號", "telephone" : "(02)87733378", "city" : "臺北市", "district" : "大安區", "nhi" : true, "data_time" : "2026-05-03 03:11:08", "pharmacy_per_10k" : 3.56}}, {"type" : "Feature", "geometry" : {"type" : "Point", "coordinates" : [121.5344583, 25.03400663]}, "properties" : {"id" : 387, "name" : "微笑藥師藥局", "address" : "臺北市大安區信義路3段31巷4號", "telephone" : "(02)27009655", "city" : "臺北市", "district" : "大安區", "nhi" : true, "data_time" : "2026-05-03 03:11:08", "pharmacy_per_10k" : 3.56}}, {"type" : "Feature", "geometry" : {"type" : "Point", "coordinates" : [121.5573747, 25.03618432]}, "properties" : {"id" : 388, "name" : "明星大藥局", "address" : "臺北市大安區光復南路430之1號", "telephone" : "(02)27023747", "city" : "臺北市", "district" : "大安區", "nhi" : true, "data_time" : "2026-05-03 03:11:08", "pharmacy_per_10k" : 3.56}}, {"type" : "Feature", "geometry" : {"type" : "Point", "coordinates" : [121.5536198, 25.03654728]}, "properties" : {"id" : 389, "name" : "國泰維康藥局", "address" : "臺北市大安區仁愛路4段266巷15弄12號1樓、14號1樓", "telephone" : "(02)27542185", "city" : "臺北市", "district" : "大安區", "nhi" : true, "data_time" : "2026-05-03 03:11:08", "pharmacy_per_10k" : 3.56}}, {"type" : "Feature", "geometry" : {"type" : "Point", "coordinates" : [121.5311519, 25.02338582]}, "properties" : {"id" : 390, "name" : "奇威藥局", "address" : "臺北市大安區雲和街93號", "telephone" : "(02)23651110", "city" : "臺北市", "district" : "大安區", "nhi" : true, "data_time" : "2026-05-03 03:11:08", "pharmacy_per_10k" : 3.56}}, {"type" : "Feature", "geometry" : {"type" : "Point", "coordinates" : [121.5452195, 25.02511373]}, "properties" : {"id" : 391, "name" : "百岳藥局", "address" : "臺北市大安區和平東路二段311巷11號", "telephone" : "(02)27551037", "city" : "臺北市", "district" : "大安區", "nhi" : true, "data_time" : "2026-05-03 03:11:08", "pharmacy_per_10k" : 3.56}}, {"type" : "Feature", "geometry" : {"type" : "Point", "coordinates" : [121.5447423, 25.03315881]}, "properties" : {"id" : 392, "name" : "大安健康人生藥局", "address" : "臺北市大安區信義路4段34號", "telephone" : "(02)27025553", "city" : "臺北市", "district" : "大安區", "nhi" : true, "data_time" : "2026-05-03 03:11:08", "pharmacy_per_10k" : 3.56}}, {"type" : "Feature", "geometry" : {"type" : "Point", "coordinates" : [121.55295, 25.01997791]}, "properties" : {"id" : 393, "name" : "博昱大藥局", "address" : "臺北市大安區樂業街148號、150號", "telephone" : "(02)23776199", "city" : "臺北市", "district" : "大安區", "nhi" : true, "data_time" : "2026-05-03 03:11:08", "pharmacy_per_10k" : 3.56}}, {"type" : "Feature", "geometry" : {"type" : "Point", "coordinates" : [121.5510939, 25.0183433]}, "properties" : {"id" : 394, "name" : "仁華藥局", "address" : "臺北市大安區臥龍街155號", "telephone" : "(02)27336762", "city" : "臺北市", "district" : "大安區", "nhi" : true, "data_time" : "2026-05-03 03:11:08", "pharmacy_per_10k" : 3.56}}, {"type" : "Feature", "geometry" : {"type" : "Point", "coordinates" : [121.5439977, 25.02831947]}, "properties" : {"id" : 395, "name" : "麗泰藥局", "address" : "臺北市大安區復興南路2段151巷4號", "telephone" : "(02)27079595", "city" : "臺北市", "district" : "大安區", "nhi" : true, "data_time" : "2026-05-03 03:11:08", "pharmacy_per_10k" : 3.56}}, {"type" : "Feature", "geometry" : {"type" : "Point", "coordinates" : [121.5534591, 25.01958538]}, "properties" : {"id" : 396, "name" : "杏一樂業藥局", "address" : "臺北市大安區樂業街162號", "telephone" : "(02)27383194", "city" : "臺北市", "district" : "大安區", "nhi" : true, "data_time" : "2026-05-03 03:11:08", "pharmacy_per_10k" : 3.56}}, {"type" : "Feature", "geometry" : {"type" : "Point", "coordinates" : [121.5531849, 25.03655373]}, "properties" : {"id" : 397, "name" : "杏一台北國泰藥局", "address" : "臺北市大安區仁愛路4段266巷15弄4號", "telephone" : "(02)27011785", "city" : "臺北市", "district" : "大安區", "nhi" : true, "data_time" : "2026-05-03 03:11:08", "pharmacy_per_10k" : 3.56}}, {"type" : "Feature", "geometry" : {"type" : "Point", "coordinates" : [121.5550771, 25.00187876]}, "properties" : {"id" : 838, "name" : "合欣藥局", "address" : "臺北市文山區辛亥路4段234號1樓", "telephone" : "(02)29357567", "city" : "臺北市", "district" : "文山區", "nhi" : true, "data_time" : "2026-05-03 03:11:08", "pharmacy_per_10k" : 2.56}}, {"type" : "Feature", "geometry" : {"type" : "Point", "coordinates" : [121.5446382, 24.9933198]}, "properties" : {"id" : 839, "name" : "健安藥局", "address" : "臺北市文山區景興路165號(1樓)", "telephone" : "(02)29323757", "city" : "臺北市", "district" : "文山區", "nhi" : true, "data_time" : "2026-05-03 03:11:08", "pharmacy_per_10k" : 2.56}}, {"type" : "Feature", "geometry" : {"type" : "Point", "coordinates" : [121.5396453, 24.99978391]}, "properties" : {"id" : 840, "name" : "躍獅景新藥局", "address" : "臺北市文山區羅斯福路6段30號1樓", "telephone" : "(02)29356221", "city" : "臺北市", "district" : "文山區", "nhi" : true, "data_time" : "2026-05-03 03:11:08", "pharmacy_per_10k" : 2.56}}, {"type" : "Feature", "geometry" : {"type" : "Point", "coordinates" : [121.541346, 24.99093024]}, "properties" : {"id" : 841, "name" : "康宜庭景文藥局", "address" : "臺北市文山區景文街97號1樓", "telephone" : "(02)29302280", "city" : "臺北市", "district" : "文山區", "nhi" : true, "data_time" : "2026-05-03 03:11:08", "pharmacy_per_10k" : 2.56}}, {"type" : "Feature", "geometry" : {"type" : "Point", "coordinates" : [121.5566845, 24.99969513]}, "properties" : {"id" : 842, "name" : "興隆藥局", "address" : "臺北市文山區興隆路3段84號2樓", "telephone" : "(02)29308099", "city" : "臺北市", "district" : "文山區", "nhi" : true, "data_time" : "2026-05-03 03:11:08", "pharmacy_per_10k" : 2.56}}, {"type" : "Feature", "geometry" : {"type" : "Point", "coordinates" : [121.5450412, 24.99524255]}, "properties" : {"id" : 843, "name" : "景華台安藥局", "address" : "臺北市文山區景華街69號1樓", "telephone" : "(02)29310188", "city" : "臺北市", "district" : "文山區", "nhi" : true, "data_time" : "2026-05-03 03:11:08", "pharmacy_per_10k" : 2.56}}, {"type" : "Feature", "geometry" : {"type" : "Point", "coordinates" : [121.5609698, 24.98888882]}, "properties" : {"id" : 844, "name" : "建興藥局", "address" : "臺北市文山區木柵路二段８１號１樓", "telephone" : "(02)29399993", "city" : "臺北市", "district" : "文山區", "nhi" : true, "data_time" : "2026-05-03 03:11:08", "pharmacy_per_10k" : 2.56}}, {"type" : "Feature", "geometry" : {"type" : "Point", "coordinates" : [121.5448382, 24.99717182]}, "properties" : {"id" : 845, "name" : "健群藥局", "address" : "臺北市文山區景興路４１號", "telephone" : "(02)29328898", "city" : "臺北市", "district" : "文山區", "nhi" : true, "data_time" : "2026-05-03 03:11:08", "pharmacy_per_10k" : 2.56}}, {"type" : "Feature", "geometry" : {"type" : "Point", "coordinates" : [121.539341, 24.99511967]}, "properties" : {"id" : 846, "name" : "瑞安藥局", "address" : "臺北市文山區溪口街６９之１號１樓", "telephone" : "(02)29312888", "city" : "臺北市", "district" : "文山區", "nhi" : true, "data_time" : "2026-05-03 03:11:08", "pharmacy_per_10k" : 2.56}}, {"type" : "Feature", "geometry" : {"type" : "Point", "coordinates" : [121.5550116, 24.9875579]}, "properties" : {"id" : 847, "name" : "新陽藥局", "address" : "臺北市文山區光輝路16號", "telephone" : "(02)22341190", "city" : "臺北市", "district" : "文山區", "nhi" : true, "data_time" : "2026-05-03 03:11:08", "pharmacy_per_10k" : 2.56}}, {"type" : "Feature", "geometry" : {"type" : "Point", "coordinates" : [121.5593449, 24.98324528]}, "properties" : {"id" : 848, "name" : "慈安藥局", "address" : "臺北市文山區忠順街一段２６巷１８號", "telephone" : "(02)29365629", "city" : "臺北市", "district" : "文山區", "nhi" : true, "data_time" : "2026-05-03 03:11:08", "pharmacy_per_10k" : 2.56}}, {"type" : "Feature", "geometry" : {"type" : "Point", "coordinates" : [121.5599613, 24.98416064]}, "properties" : {"id" : 849, "name" : "京城藥局", "address" : "臺北市文山區忠順街一段４２號１樓", "telephone" : "(02)29371210", "city" : "臺北市", "district" : "文山區", "nhi" : true, "data_time" : "2026-05-03 03:11:08", "pharmacy_per_10k" : 2.56}}, {"type" : "Feature", "geometry" : {"type" : "Point", "coordinates" : [121.544901, 24.99874928]}, "properties" : {"id" : 850, "name" : "永明大藥局", "address" : "臺北市文山區興隆路一段二九七號一樓", "telephone" : "(02)29314428", "city" : "臺北市", "district" : "文山區", "nhi" : true, "data_time" : "2026-05-03 03:11:08", "pharmacy_per_10k" : 2.56}}, {"type" : "Feature", "geometry" : {"type" : "Point", "coordinates" : [121.5534302, 25.00166147]}, "properties" : {"id" : 851, "name" : "銘依藥局", "address" : "臺北市文山區興隆路二段301巷4-1號", "telephone" : "(02)29308538", "city" : "臺北市", "district" : "文山區", "nhi" : true, "data_time" : "2026-05-03 03:11:08", "pharmacy_per_10k" : 2.56}}, {"type" : "Feature", "geometry" : {"type" : "Point", "coordinates" : [121.5585021, 24.9812831]}, "properties" : {"id" : 852, "name" : "巧康藥局", "address" : "臺北市文山區木新路3段262、264號", "telephone" : "(02)29372061", "city" : "臺北市", "district" : "文山區", "nhi" : true, "data_time" : "2026-05-03 03:11:08", "pharmacy_per_10k" : 2.56}}, {"type" : "Feature", "geometry" : {"type" : "Point", "coordinates" : [121.5468254, 24.99561119]}, "properties" : {"id" : 853, "name" : "安誠藥局", "address" : "臺北市文山區景華街124之1號", "telephone" : "(02)29308542", "city" : "臺北市", "district" : "文山區", "nhi" : true, "data_time" : "2026-05-03 03:11:08", "pharmacy_per_10k" : 2.56}}, {"type" : "Feature", "geometry" : {"type" : "Point", "coordinates" : [121.5476371, 24.99945314]}, "properties" : {"id" : 854, "name" : "景豐藥局", "address" : "臺北市文山區興隆路2段54號1樓", "telephone" : "(02)29330888", "city" : "臺北市", "district" : "文山區", "nhi" : true, "data_time" : "2026-05-03 03:11:08", "pharmacy_per_10k" : 2.56}}, {"type" : "Feature", "geometry" : {"type" : "Point", "coordinates" : [121.541192, 24.99033056]}, "properties" : {"id" : 855, "name" : "景美藥局", "address" : "臺北市文山區景文街１２５號", "telephone" : "(02)29335741", "city" : "臺北市", "district" : "文山區", "nhi" : true, "data_time" : "2026-05-03 03:11:08", "pharmacy_per_10k" : 2.56}}, {"type" : "Feature", "geometry" : {"type" : "Point", "coordinates" : [121.5372983, 25.00075085]}, "properties" : {"id" : 856, "name" : "錫東藥局", "address" : "臺北市文山區萬隆街５６號", "telephone" : "(02)29341550", "city" : "臺北市", "district" : "文山區", "nhi" : true, "data_time" : "2026-05-03 03:11:08", "pharmacy_per_10k" : 2.56}}, {"type" : "Feature", "geometry" : {"type" : "Point", "coordinates" : [121.5625274, 24.98906005]}, "properties" : {"id" : 857, "name" : "日信專業藥局", "address" : "臺北市文山區木柵路二段一三九號一樓", "telephone" : "(02)86618322", "city" : "臺北市", "district" : "文山區", "nhi" : true, "data_time" : "2026-05-03 03:11:08", "pharmacy_per_10k" : 2.56}}, {"type" : "Feature", "geometry" : {"type" : "Point", "coordinates" : [121.5524418, 25.00148169]}, "properties" : {"id" : 858, "name" : "逸仙藥師藥局", "address" : "臺北市文山區興隆路二段２１８之１號１樓", "telephone" : "(02)29312597", "city" : "臺北市", "district" : "文山區", "nhi" : true, "data_time" : "2026-05-03 03:11:08", "pharmacy_per_10k" : 2.56}}, {"type" : "Feature", "geometry" : {"type" : "Point", "coordinates" : [121.5613254, 24.98514197]}, "properties" : {"id" : 859, "name" : "康宜庭生活藥局", "address" : "臺北市文山區興隆路四段64號", "telephone" : "(02)29385363", "city" : "臺北市", "district" : "文山區", "nhi" : true, "data_time" : "2026-05-03 03:11:08", "pharmacy_per_10k" : 2.56}}, {"type" : "Feature", "geometry" : {"type" : "Point", "coordinates" : [121.5444236, 24.99280187]}, "properties" : {"id" : 860, "name" : "博揚藥局", "address" : "臺北市文山區景興路一八一號", "telephone" : "(02)89321707", "city" : "臺北市", "district" : "文山區", "nhi" : true, "data_time" : "2026-05-03 03:11:08", "pharmacy_per_10k" : 2.56}}, {"type" : "Feature", "geometry" : {"type" : "Point", "coordinates" : [121.5587023, 25.00683841]}, "properties" : {"id" : 861, "name" : "東京晟藥局", "address" : "臺北市文山區辛亥路四段97號", "telephone" : "(02)29356354", "city" : "臺北市", "district" : "文山區", "nhi" : true, "data_time" : "2026-05-03 03:11:08", "pharmacy_per_10k" : 2.56}}, {"type" : "Feature", "geometry" : {"type" : "Point", "coordinates" : [121.547879, 24.99693269]}, "properties" : {"id" : 862, "name" : "仙瑩藥局", "address" : "臺北市文山區景華街166號", "telephone" : "(02)89321817", "city" : "臺北市", "district" : "文山區", "nhi" : true, "data_time" : "2026-05-03 03:11:08", "pharmacy_per_10k" : 2.56}}, {"type" : "Feature", "geometry" : {"type" : "Point", "coordinates" : [121.5492175, 25.0005901]}, "properties" : {"id" : 863, "name" : "舒博威藥局", "address" : "臺北市文山區興隆路二段九十五巷三號", "telephone" : "(02)29306805", "city" : "臺北市", "district" : "文山區", "nhi" : true, "data_time" : "2026-05-03 03:11:08", "pharmacy_per_10k" : 2.56}}, {"type" : "Feature", "geometry" : {"type" : "Point", "coordinates" : [121.5398439, 24.991001]}, "properties" : {"id" : 864, "name" : "佳醫景美藥局", "address" : "臺北市文山區羅斯福路六段二九0號", "telephone" : "(02)86636659", "city" : "臺北市", "district" : "文山區", "nhi" : true, "data_time" : "2026-05-03 03:11:08", "pharmacy_per_10k" : 2.56}}, {"type" : "Feature", "geometry" : {"type" : "Point", "coordinates" : [121.5615649, 24.9853556]}, "properties" : {"id" : 865, "name" : "慶豐好藥局", "address" : "臺北市文山區興隆路四段135號1樓", "telephone" : "(02)29384775", "city" : "臺北市", "district" : "文山區", "nhi" : true, "data_time" : "2026-05-03 03:11:08", "pharmacy_per_10k" : 2.56}}, {"type" : "Feature", "geometry" : {"type" : "Point", "coordinates" : [121.5477628, 24.99955373]}, "properties" : {"id" : 866, "name" : "華君藥局", "address" : "臺北市文山區興隆路二段60號", "telephone" : "(02)29319510", "city" : "臺北市", "district" : "文山區", "nhi" : true, "data_time" : "2026-05-03 03:11:08", "pharmacy_per_10k" : 2.56}}, {"type" : "Feature", "geometry" : {"type" : "Point", "coordinates" : [121.5584276, 24.9983535]}, "properties" : {"id" : 867, "name" : "永原大藥局", "address" : "臺北市文山區興隆路三段166號", "telephone" : "(02)22305729", "city" : "臺北市", "district" : "文山區", "nhi" : true, "data_time" : "2026-05-03 03:11:08", "pharmacy_per_10k" : 2.56}}, {"type" : "Feature", "geometry" : {"type" : "Point", "coordinates" : [121.5620665, 24.98900741]}, "properties" : {"id" : 868, "name" : "皇興藥師藥局", "address" : "臺北市文山區木柵路2段121號", "telephone" : "(02)29365553", "city" : "臺北市", "district" : "文山區", "nhi" : true, "data_time" : "2026-05-03 03:11:08", "pharmacy_per_10k" : 2.56}}, {"type" : "Feature", "geometry" : {"type" : "Point", "coordinates" : [121.568694, 24.98785759]}, "properties" : {"id" : 869, "name" : "人人健保藥局", "address" : "臺北市文山區保儀路39號", "telephone" : "(02)86610761", "city" : "臺北市", "district" : "文山區", "nhi" : true, "data_time" : "2026-05-03 03:11:08", "pharmacy_per_10k" : 2.56}}, {"type" : "Feature", "geometry" : {"type" : "Point", "coordinates" : [121.5395045, 25.00115071]}, "properties" : {"id" : 870, "name" : "杏隆藥局", "address" : "臺北市文山區羅斯福路5段261號", "telephone" : "(02)29313151", "city" : "臺北市", "district" : "文山區", "nhi" : true, "data_time" : "2026-05-03 03:11:08", "pharmacy_per_10k" : 2.56}}, {"type" : "Feature", "geometry" : {"type" : "Point", "coordinates" : [121.5587971, 24.99312436]}, "properties" : {"id" : 871, "name" : "永源大藥局", "address" : "臺北市文山區興隆路3段302號", "telephone" : "(02)22396166", "city" : "臺北市", "district" : "文山區", "nhi" : true, "data_time" : "2026-05-03 03:11:08", "pharmacy_per_10k" : 2.56}}, {"type" : "Feature", "geometry" : {"type" : "Point", "coordinates" : [121.5384483, 25.00322085]}, "properties" : {"id" : 872, "name" : "康宜庭萬隆藥局", "address" : "臺北市文山區羅斯福路五段202號", "telephone" : "(02)29348662", "city" : "臺北市", "district" : "文山區", "nhi" : true, "data_time" : "2026-05-03 03:11:08", "pharmacy_per_10k" : 2.56}}, {"type" : "Feature", "geometry" : {"type" : "Point", "coordinates" : [121.5687107, 24.98814733]}, "properties" : {"id" : 873, "name" : "美迦藥局", "address" : "臺北市文山區保儀路23號", "telephone" : "(02)29362815", "city" : "臺北市", "district" : "文山區", "nhi" : true, "data_time" : "2026-05-03 03:11:08", "pharmacy_per_10k" : 2.56}}, {"type" : "Feature", "geometry" : {"type" : "Point", "coordinates" : [121.5696695, 24.98682893]}, "properties" : {"id" : 874, "name" : "振大藥局", "address" : "臺北市文山區永安街22巷16號", "telephone" : "(02)29393385", "city" : "臺北市", "district" : "文山區", "nhi" : true, "data_time" : "2026-05-03 03:11:08", "pharmacy_per_10k" : 2.56}}, {"type" : "Feature", "geometry" : {"type" : "Point", "coordinates" : [121.5660167, 24.98291979]}, "properties" : {"id" : 875, "name" : "躍獅奕新藥局", "address" : "臺北市文山區木新路2段275號", "telephone" : "(02)22340378", "city" : "臺北市", "district" : "文山區", "nhi" : true, "data_time" : "2026-05-03 03:11:08", "pharmacy_per_10k" : 2.56}}, {"type" : "Feature", "geometry" : {"type" : "Point", "coordinates" : [121.5686398, 24.98871911]}, "properties" : {"id" : 876, "name" : "宜康藥局", "address" : "臺北市文山區保儀路7號", "telephone" : "(02)86619862", "city" : "臺北市", "district" : "文山區", "nhi" : true, "data_time" : "2026-05-03 03:11:08", "pharmacy_per_10k" : 2.56}}, {"type" : "Feature", "geometry" : {"type" : "Point", "coordinates" : [121.541429, 24.99125915]}, "properties" : {"id" : 877, "name" : "欣安景美藥局", "address" : "臺北市文山區景文街77號", "telephone" : "(02)29350296", "city" : "臺北市", "district" : "文山區", "nhi" : true, "data_time" : "2026-05-03 03:11:08", "pharmacy_per_10k" : 2.56}}, {"type" : "Feature", "geometry" : {"type" : "Point", "coordinates" : [121.5641641, 24.98235975]}, "properties" : {"id" : 878, "name" : "北一藥師藥局", "address" : "臺北市文山區木新路三段47號", "telephone" : "(02)22348686", "city" : "臺北市", "district" : "文山區", "nhi" : true, "data_time" : "2026-05-03 03:11:08", "pharmacy_per_10k" : 2.56}}, {"type" : "Feature", "geometry" : {"type" : "Point", "coordinates" : [121.5379591, 25.0020275]}, "properties" : {"id" : 879, "name" : "萬隆大藥局", "address" : "臺北市文山區羅斯福路五段218巷15號", "telephone" : "(02)29334580", "city" : "臺北市", "district" : "文山區", "nhi" : true, "data_time" : "2026-05-03 03:11:08", "pharmacy_per_10k" : 2.56}}, {"type" : "Feature", "geometry" : {"type" : "Point", "coordinates" : [121.5706398, 25.00139022]}, "properties" : {"id" : 880, "name" : "杏一萬安藥局", "address" : "臺北市文山區萬安街15號", "telephone" : "(02)22302126", "city" : "臺北市", "district" : "文山區", "nhi" : true, "data_time" : "2026-05-03 03:11:08", "pharmacy_per_10k" : 2.56}}, {"type" : "Feature", "geometry" : {"type" : "Point", "coordinates" : [121.568102, 24.998585]}, "properties" : {"id" : 881, "name" : "躍獅永健藥局", "address" : "臺北市文山區木柵路1段144號(1樓)", "telephone" : "(02)22367821", "city" : "臺北市", "district" : "文山區", "nhi" : true, "data_time" : "2026-05-03 03:11:08", "pharmacy_per_10k" : 2.56}}, {"type" : "Feature", "geometry" : {"type" : "Point", "coordinates" : [121.555, 25.000887]}, "properties" : {"id" : 882, "name" : "大樹文山藥局", "address" : "臺北市文山區興隆路三段13號(1、2、3樓)", "telephone" : "(02)29342226", "city" : "臺北市", "district" : "文山區", "nhi" : true, "data_time" : "2026-05-03 03:11:08", "pharmacy_per_10k" : 2.56}}, {"type" : "Feature", "geometry" : {"type" : "Point", "coordinates" : [121.5528932, 25.00020844]}, "properties" : {"id" : 883, "name" : "123健康藥局", "address" : "臺北市文山區興隆路2段220巷31弄26號", "telephone" : "(02)86632673", "city" : "臺北市", "district" : "文山區", "nhi" : true, "data_time" : "2026-05-03 03:11:08", "pharmacy_per_10k" : 2.56}}, {"type" : "Feature", "geometry" : {"type" : "Point", "coordinates" : [121.5606765, 24.98425916]}, "properties" : {"id" : 884, "name" : "光明大藥局", "address" : "臺北市文山區忠順街一段66號", "telephone" : "(02)29390275", "city" : "臺北市", "district" : "文山區", "nhi" : true, "data_time" : "2026-05-03 03:11:08", "pharmacy_per_10k" : 2.56}}, {"type" : "Feature", "geometry" : {"type" : "Point", "coordinates" : [121.5504559, 25.00345137]}, "properties" : {"id" : 885, "name" : "福興藥局", "address" : "臺北市文山區福興路56號", "telephone" : "", "city" : "臺北市", "district" : "文山區", "nhi" : true, "data_time" : "2026-05-03 03:11:08", "pharmacy_per_10k" : 2.56}}, {"type" : "Feature", "geometry" : {"type" : "Point", "coordinates" : [121.5521798, 25.00021633]}, "properties" : {"id" : 886, "name" : "路加健康藥局", "address" : "臺北市文山區興隆路二段220巷39號", "telephone" : "(02)29302336", "city" : "臺北市", "district" : "文山區", "nhi" : true, "data_time" : "2026-05-03 03:11:08", "pharmacy_per_10k" : 2.56}}, {"type" : "Feature", "geometry" : {"type" : "Point", "coordinates" : [121.5387563, 25.00197268]}, "properties" : {"id" : 887, "name" : "逸全生活藥局", "address" : "臺北市文山區羅斯福路五段222號", "telephone" : "(02)29326185", "city" : "臺北市", "district" : "文山區", "nhi" : true, "data_time" : "2026-05-03 03:11:08", "pharmacy_per_10k" : 2.56}}, {"type" : "Feature", "geometry" : {"type" : "Point", "coordinates" : [121.5559184, 25.0001532]}, "properties" : {"id" : 888, "name" : "躍獅新芳藥局", "address" : "臺北市文山區興隆路三段16號(實際營業地址:1樓)", "telephone" : "(02)29308172", "city" : "臺北市", "district" : "文山區", "nhi" : true, "data_time" : "2026-05-03 03:11:08", "pharmacy_per_10k" : 2.56}}, {"type" : "Feature", "geometry" : {"type" : "Point", "coordinates" : [121.5583303, 25.00030628]}, "properties" : {"id" : 889, "name" : "綠杏萬芳藥局", "address" : "臺北市文山區興隆路三段111號", "telephone" : "(02)29349516", "city" : "臺北市", "district" : "文山區", "nhi" : true, "data_time" : "2026-05-03 03:11:08", "pharmacy_per_10k" : 2.56}}, {"type" : "Feature", "geometry" : {"type" : "Point", "coordinates" : [121.5694887, 24.98756013]}, "properties" : {"id" : 890, "name" : "躍獅木柵藥局", "address" : "臺北市文山區指南路一段28號", "telephone" : "(02)86617752", "city" : "臺北市", "district" : "文山區", "nhi" : true, "data_time" : "2026-05-03 03:11:08", "pharmacy_per_10k" : 2.56}}, {"type" : "Feature", "geometry" : {"type" : "Point", "coordinates" : [121.544818, 24.99496272]}, "properties" : {"id" : 891, "name" : "光點文山景華藥局", "address" : "臺北市文山區景興路109號1樓", "telephone" : "(02)29335881", "city" : "臺北市", "district" : "文山區", "nhi" : true, "data_time" : "2026-05-03 03:11:08", "pharmacy_per_10k" : 2.56}}, {"type" : "Feature", "geometry" : {"type" : "Point", "coordinates" : [121.5595358, 24.98153257]}, "properties" : {"id" : 892, "name" : "富康活力睦新藥局", "address" : "臺北市文山區木新路3段216號", "telephone" : "(02)29393666", "city" : "臺北市", "district" : "文山區", "nhi" : true, "data_time" : "2026-05-03 03:11:08", "pharmacy_per_10k" : 2.56}}, {"type" : "Feature", "geometry" : {"type" : "Point", "coordinates" : [121.5590155, 24.99778685]}, "properties" : {"id" : 893, "name" : "康宜庭興隆藥局", "address" : "臺北市文山區興隆路3段200號1樓", "telephone" : "(02)22304866", "city" : "臺北市", "district" : "文山區", "nhi" : true, "data_time" : "2026-05-03 03:11:08", "pharmacy_per_10k" : 2.56}}, {"type" : "Feature", "geometry" : {"type" : "Point", "coordinates" : [121.5675237, 24.98344322]}, "properties" : {"id" : 894, "name" : "大愛幸福藥局", "address" : "臺北市文山區木新路2段221號1樓", "telephone" : "(02)29379977", "city" : "臺北市", "district" : "文山區", "nhi" : true, "data_time" : "2026-05-03 03:11:08", "pharmacy_per_10k" : 2.56}}, {"type" : "Feature", "geometry" : {"type" : "Point", "coordinates" : [121.5759721, 24.9880569]}, "properties" : {"id" : 895, "name" : "晴天藥局", "address" : "臺北市文山區萬壽路15號(1樓)", "telephone" : "(02)29363131", "city" : "臺北市", "district" : "文山區", "nhi" : true, "data_time" : "2026-05-03 03:11:08", "pharmacy_per_10k" : 2.56}}, {"type" : "Feature", "geometry" : {"type" : "Point", "coordinates" : [121.5480562, 25.00011325]}, "properties" : {"id" : 896, "name" : "健康家藥局", "address" : "臺北市文山區興隆路2段133號1樓", "telephone" : "(02)29330858", "city" : "臺北市", "district" : "文山區", "nhi" : true, "data_time" : "2026-05-03 03:11:08", "pharmacy_per_10k" : 2.56}}, {"type" : "Feature", "geometry" : {"type" : "Point", "coordinates" : [121.5675943, 24.9886582]}, "properties" : {"id" : 897, "name" : "大樹木柵藥局", "address" : "臺北市文山區木柵路3段108號(1樓)及110號(1樓)", "telephone" : "(02)23331522", "city" : "臺北市", "district" : "文山區", "nhi" : true, "data_time" : "2026-05-03 03:11:08", "pharmacy_per_10k" : 2.56}}, {"type" : "Feature", "geometry" : {"type" : "Point", "coordinates" : [121.568102, 24.998585]}, "properties" : {"id" : 898, "name" : "富康活力睦柵藥局", "address" : "臺北市文山區指南路1段24號(1樓)", "telephone" : "(02)29397392", "city" : "臺北市", "district" : "文山區", "nhi" : true, "data_time" : "2026-05-03 03:11:08", "pharmacy_per_10k" : 2.56}}, {"type" : "Feature", "geometry" : {"type" : "Point", "coordinates" : [121.5598336, 24.98139664]}, "properties" : {"id" : 899, "name" : "木新健康人生藥局", "address" : "臺北市文山區木新路3段203號1樓", "telephone" : "(02)86611465", "city" : "臺北市", "district" : "文山區", "nhi" : true, "data_time" : "2026-05-03 03:11:08", "pharmacy_per_10k" : 2.56}}, {"type" : "Feature", "geometry" : {"type" : "Point", "coordinates" : [121.5572612, 24.99932132]}, "properties" : {"id" : 900, "name" : "健康人生藥局", "address" : "臺北市文山區興隆路3段106號1樓", "telephone" : "(02)29347813", "city" : "臺北市", "district" : "文山區", "nhi" : true, "data_time" : "2026-05-03 03:11:08", "pharmacy_per_10k" : 2.56}}, {"type" : "Feature", "geometry" : {"type" : "Point", "coordinates" : [121.5404317, 24.9924495]}, "properties" : {"id" : 901, "name" : "大樹景美藥局", "address" : "臺北市文山區羅斯福路6段234號(1樓)、234之1號1樓", "telephone" : "(02)29322951", "city" : "臺北市", "district" : "文山區", "nhi" : true, "data_time" : "2026-05-03 03:11:08", "pharmacy_per_10k" : 2.56}}, {"type" : "Feature", "geometry" : {"type" : "Point", "coordinates" : [121.5624804, 24.98285038]}, "properties" : {"id" : 902, "name" : "歆鈺藥局", "address" : "臺北市文山區興隆路4段209號1樓", "telephone" : "(02)29381181", "city" : "臺北市", "district" : "文山區", "nhi" : true, "data_time" : "2026-05-03 03:11:08", "pharmacy_per_10k" : 2.56}}, {"type" : "Feature", "geometry" : {"type" : "Point", "coordinates" : [121.567794, 24.988685]}, "properties" : {"id" : 903, "name" : "杏一木柵藥局", "address" : "臺北市文山區木柵路3段116號(1樓)", "telephone" : "(02)29371839", "city" : "臺北市", "district" : "文山區", "nhi" : true, "data_time" : "2026-05-03 03:11:08", "pharmacy_per_10k" : 2.56}}, {"type" : "Feature", "geometry" : {"type" : "Point", "coordinates" : [121.5452088, 24.99526084]}, "properties" : {"id" : 904, "name" : "富康活力景驊藥局", "address" : "臺北市文山區景華街73號1樓", "telephone" : "(02)29335288", "city" : "臺北市", "district" : "文山區", "nhi" : true, "data_time" : "2026-05-03 03:11:08", "pharmacy_per_10k" : 2.56}}, {"type" : "Feature", "geometry" : {"type" : "Point", "coordinates" : [121.574218, 24.9878369]}, "properties" : {"id" : 905, "name" : "專品政大藥局", "address" : "臺北市文山區指南路2段8號(1樓)", "telephone" : "(02)22343010", "city" : "臺北市", "district" : "文山區", "nhi" : true, "data_time" : "2026-05-03 03:11:08", "pharmacy_per_10k" : 2.56}}, {"type" : "Feature", "geometry" : {"type" : "Point", "coordinates" : [121.5562573, 24.9804175]}, "properties" : {"id" : 906, "name" : "柒品藥局", "address" : "臺北市文山區木新路3段333號(1樓)、335號(1樓)", "telephone" : "(02)86610666", "city" : "臺北市", "district" : "文山區", "nhi" : true, "data_time" : "2026-05-03 03:11:08", "pharmacy_per_10k" : 2.56}}, {"type" : "Feature", "geometry" : {"type" : "Point", "coordinates" : [121.5501114, 25.00110021]}, "properties" : {"id" : 907, "name" : "大心藥局", "address" : "臺北市文山區興隆路2段215號1樓", "telephone" : "", "city" : "臺北市", "district" : "文山區", "nhi" : true, "data_time" : "2026-05-03 03:11:08", "pharmacy_per_10k" : 2.56}}, {"type" : "Feature", "geometry" : {"type" : "Point", "coordinates" : [121.5524163, 25.0578685]}, "properties" : {"id" : 215, "name" : "立赫民生藥局", "address" : "臺北市松山區民生東路4段72號1樓", "telephone" : "(02)27139200", "city" : "臺北市", "district" : "松山區", "nhi" : true, "data_time" : "2026-05-03 03:11:08", "pharmacy_per_10k" : 4.07}}, {"type" : "Feature", "geometry" : {"type" : "Point", "coordinates" : [121.557434, 25.0517706]}, "properties" : {"id" : 216, "name" : "康是美建華藥局", "address" : "臺北市松山區南京東路5段1號1樓", "telephone" : "(02)27607595", "city" : "臺北市", "district" : "松山區", "nhi" : true, "data_time" : "2026-05-03 03:11:08", "pharmacy_per_10k" : 4.07}}, {"type" : "Feature", "geometry" : {"type" : "Point", "coordinates" : [121.5630972, 25.06078504]}, "properties" : {"id" : 217, "name" : "富景藥局", "address" : "臺北市松山區三民路145號1樓", "telephone" : "(02)27455666", "city" : "臺北市", "district" : "松山區", "nhi" : true, "data_time" : "2026-05-03 03:11:08", "pharmacy_per_10k" : 4.07}}, {"type" : "Feature", "geometry" : {"type" : "Point", "coordinates" : [121.5664805, 25.05720671]}, "properties" : {"id" : 218, "name" : "富凱延壽藥局", "address" : "臺北市松山區延壽街95號1樓", "telephone" : "(02)27455988", "city" : "臺北市", "district" : "松山區", "nhi" : true, "data_time" : "2026-05-03 03:11:08", "pharmacy_per_10k" : 4.07}}, {"type" : "Feature", "geometry" : {"type" : "Point", "coordinates" : [121.555653, 25.0580788]}, "properties" : {"id" : 219, "name" : "躍獅敦北藥局", "address" : "臺北市松山區民生東路4段80巷5號(1樓)", "telephone" : "(02)27155691", "city" : "臺北市", "district" : "松山區", "nhi" : true, "data_time" : "2026-05-03 03:11:08", "pharmacy_per_10k" : 4.07}}, {"type" : "Feature", "geometry" : {"type" : "Point", "coordinates" : [121.5645186, 25.06091416]}, "properties" : {"id" : 220, "name" : "興宸藥局", "address" : "臺北市松山區富錦街512號1樓", "telephone" : "(02)27658970", "city" : "臺北市", "district" : "松山區", "nhi" : true, "data_time" : "2026-05-03 03:11:08", "pharmacy_per_10k" : 4.07}}, {"type" : "Feature", "geometry" : {"type" : "Point", "coordinates" : [121.5595616, 25.05171475]}, "properties" : {"id" : 221, "name" : "躍獅京華藥局", "address" : "臺北市松山區南京東路5段71號1樓", "telephone" : "(02)27666508", "city" : "臺北市", "district" : "松山區", "nhi" : true, "data_time" : "2026-05-03 03:11:08", "pharmacy_per_10k" : 4.07}}, {"type" : "Feature", "geometry" : {"type" : "Point", "coordinates" : [121.5552348, 25.05213652]}, "properties" : {"id" : 222, "name" : "榮星藥局", "address" : "臺北市松山區南京東路四段１３３巷５弄１號", "telephone" : "(02)27124696", "city" : "臺北市", "district" : "松山區", "nhi" : true, "data_time" : "2026-05-03 03:11:08", "pharmacy_per_10k" : 4.07}}, {"type" : "Feature", "geometry" : {"type" : "Point", "coordinates" : [121.5659226, 25.05754042]}, "properties" : {"id" : 223, "name" : "東北藥局", "address" : "臺北市松山區新東街３巷２號", "telephone" : "(02)27612625", "city" : "臺北市", "district" : "松山區", "nhi" : true, "data_time" : "2026-05-03 03:11:08", "pharmacy_per_10k" : 4.07}}, {"type" : "Feature", "geometry" : {"type" : "Point", "coordinates" : [121.5535281, 25.04871727]}, "properties" : {"id" : 224, "name" : "新光藥局", "address" : "臺北市松山區八德路三段99巷4號", "telephone" : "(02)25775672", "city" : "臺北市", "district" : "松山區", "nhi" : true, "data_time" : "2026-05-03 03:11:08", "pharmacy_per_10k" : 4.07}}, {"type" : "Feature", "geometry" : {"type" : "Point", "coordinates" : [121.5449109, 25.06326943]}, "properties" : {"id" : 225, "name" : "健全藥局", "address" : "臺北市松山區民權東路三段１０３巷２０號", "telephone" : "(02)27128293", "city" : "臺北市", "district" : "松山區", "nhi" : true, "data_time" : "2026-05-03 03:11:08", "pharmacy_per_10k" : 4.07}}, {"type" : "Feature", "geometry" : {"type" : "Point", "coordinates" : [121.5598565, 25.05733299]}, "properties" : {"id" : 226, "name" : "李得安藥局", "address" : "臺北市松山區民生東路五段３６巷８弄１１號一樓", "telephone" : "(02)87871655", "city" : "臺北市", "district" : "松山區", "nhi" : true, "data_time" : "2026-05-03 03:11:08", "pharmacy_per_10k" : 4.07}}, {"type" : "Feature", "geometry" : {"type" : "Point", "coordinates" : [121.5449185, 25.06298433]}, "properties" : {"id" : 227, "name" : "瑞昌大藥局", "address" : "臺北市松山區民權東路三段103巷10號", "telephone" : "(02)27120030", "city" : "臺北市", "district" : "松山區", "nhi" : true, "data_time" : "2026-05-03 03:11:08", "pharmacy_per_10k" : 4.07}}, {"type" : "Feature", "geometry" : {"type" : "Point", "coordinates" : [121.5606599, 25.0483598]}, "properties" : {"id" : 228, "name" : "德川中西藥局", "address" : "臺北市松山區八德路4段96號", "telephone" : "(02)27683399", "city" : "臺北市", "district" : "松山區", "nhi" : true, "data_time" : "2026-05-03 03:11:08", "pharmacy_per_10k" : 4.07}}, {"type" : "Feature", "geometry" : {"type" : "Point", "coordinates" : [121.55619, 25.04816251]}, "properties" : {"id" : 229, "name" : "德安藥局", "address" : "臺北市松山區八德路3段195號2樓", "telephone" : "(02)25782670", "city" : "臺北市", "district" : "松山區", "nhi" : true, "data_time" : "2026-05-03 03:11:08", "pharmacy_per_10k" : 4.07}}, {"type" : "Feature", "geometry" : {"type" : "Point", "coordinates" : [121.5511815, 25.04608639]}, "properties" : {"id" : 230, "name" : "禾宜藥局", "address" : "臺北市松山區八德路3段12巷51弄16號1樓", "telephone" : "(02)25780236", "city" : "臺北市", "district" : "松山區", "nhi" : true, "data_time" : "2026-05-03 03:11:08", "pharmacy_per_10k" : 4.07}}, {"type" : "Feature", "geometry" : {"type" : "Point", "coordinates" : [121.5555618, 25.05213981]}, "properties" : {"id" : 231, "name" : "安世藥局", "address" : "臺北市松山區南京東路四段１３３巷５弄９號", "telephone" : "(02)27133405", "city" : "臺北市", "district" : "松山區", "nhi" : true, "data_time" : "2026-05-03 03:11:08", "pharmacy_per_10k" : 4.07}}, {"type" : "Feature", "geometry" : {"type" : "Point", "coordinates" : [121.5581679, 25.05270413]}, "properties" : {"id" : 232, "name" : "明一藥局", "address" : "臺北市松山區南京東路五段５９巷２８弄２５號１樓", "telephone" : "(02)27691654", "city" : "臺北市", "district" : "松山區", "nhi" : true, "data_time" : "2026-05-03 03:11:08", "pharmacy_per_10k" : 4.07}}, {"type" : "Feature", "geometry" : {"type" : "Point", "coordinates" : [121.547337, 25.04913916]}, "properties" : {"id" : 233, "name" : "傑安藥局", "address" : "臺北市松山區八德路二段４３７巷７弄８號１樓", "telephone" : "(02)27524155", "city" : "臺北市", "district" : "松山區", "nhi" : true, "data_time" : "2026-05-03 03:11:08", "pharmacy_per_10k" : 4.07}}, {"type" : "Feature", "geometry" : {"type" : "Point", "coordinates" : [121.5465855, 25.05948486]}, "properties" : {"id" : 234, "name" : "仁弘藥局", "address" : "臺北市松山區民生東路三段１１３巷２５弄６號１樓", "telephone" : "(02)27136764", "city" : "臺北市", "district" : "松山區", "nhi" : true, "data_time" : "2026-05-03 03:11:08", "pharmacy_per_10k" : 4.07}}, {"type" : "Feature", "geometry" : {"type" : "Point", "coordinates" : [121.5615282, 25.05842827]}, "properties" : {"id" : 235, "name" : "益華藥局", "address" : "臺北市松山區民生東路五段１３８巷６號", "telephone" : "(02)27624898", "city" : "臺北市", "district" : "松山區", "nhi" : true, "data_time" : "2026-05-03 03:11:08", "pharmacy_per_10k" : 4.07}}, {"type" : "Feature", "geometry" : {"type" : "Point", "coordinates" : [121.5666733, 25.06177521]}, "properties" : {"id" : 236, "name" : "德靈藥局", "address" : "臺北市松山區富錦街５４８號", "telephone" : "(02)27646998", "city" : "臺北市", "district" : "松山區", "nhi" : true, "data_time" : "2026-05-03 03:11:08", "pharmacy_per_10k" : 4.07}}, {"type" : "Feature", "geometry" : {"type" : "Point", "coordinates" : [121.5607477, 25.05363801]}, "properties" : {"id" : 237, "name" : "合生藥局", "address" : "臺北市松山區南京東路五段１２３巷４５號１樓", "telephone" : "(02)27602932", "city" : "臺北市", "district" : "松山區", "nhi" : true, "data_time" : "2026-05-03 03:11:08", "pharmacy_per_10k" : 4.07}}, {"type" : "Feature", "geometry" : {"type" : "Point", "coordinates" : [121.5534991, 25.04742353]}, "properties" : {"id" : 238, "name" : "中崙五代全民藥局", "address" : "臺北市松山區延吉街７之２號１樓", "telephone" : "(02)25700079", "city" : "臺北市", "district" : "松山區", "nhi" : true, "data_time" : "2026-05-03 03:11:08", "pharmacy_per_10k" : 4.07}}, {"type" : "Feature", "geometry" : {"type" : "Point", "coordinates" : [121.5590485, 25.05836364]}, "properties" : {"id" : 239, "name" : "上允藥局", "address" : "臺北市松山區民生東路五段78號", "telephone" : "(02)27696905", "city" : "臺北市", "district" : "松山區", "nhi" : true, "data_time" : "2026-05-03 03:11:08", "pharmacy_per_10k" : 4.07}}, {"type" : "Feature", "geometry" : {"type" : "Point", "coordinates" : [121.5633976, 25.05723452]}, "properties" : {"id" : 240, "name" : "建東大藥局", "address" : "臺北市松山區三民路９７號一樓", "telephone" : "(02)27676237", "city" : "臺北市", "district" : "松山區", "nhi" : true, "data_time" : "2026-05-03 03:11:08", "pharmacy_per_10k" : 4.07}}, {"type" : "Feature", "geometry" : {"type" : "Point", "coordinates" : [121.5603628, 25.05678588]}, "properties" : {"id" : 241, "name" : "延壽藥局", "address" : "臺北市松山區延壽街３２７號", "telephone" : "(02)27685159", "city" : "臺北市", "district" : "松山區", "nhi" : true, "data_time" : "2026-05-03 03:11:08", "pharmacy_per_10k" : 4.07}}, {"type" : "Feature", "geometry" : {"type" : "Point", "coordinates" : [121.5471033, 25.05994298]}, "properties" : {"id" : 242, "name" : "萬泰藥局", "address" : "臺北市松山區敦化北路222巷38號", "telephone" : "(02)27135891", "city" : "臺北市", "district" : "松山區", "nhi" : true, "data_time" : "2026-05-03 03:11:08", "pharmacy_per_10k" : 4.07}}, {"type" : "Feature", "geometry" : {"type" : "Point", "coordinates" : [121.5447425, 25.05006338]}, "properties" : {"id" : 243, "name" : "博荃藥局", "address" : "臺北市松山區敦化北路4巷51號", "telephone" : "(02)27316736", "city" : "臺北市", "district" : "松山區", "nhi" : true, "data_time" : "2026-05-03 03:11:08", "pharmacy_per_10k" : 4.07}}, {"type" : "Feature", "geometry" : {"type" : "Point", "coordinates" : [121.5584887, 25.05870895]}, "properties" : {"id" : 244, "name" : "家音藥局", "address" : "臺北市松山區民生東路五段73號", "telephone" : "(02)37652080", "city" : "臺北市", "district" : "松山區", "nhi" : true, "data_time" : "2026-05-03 03:11:08", "pharmacy_per_10k" : 4.07}}, {"type" : "Feature", "geometry" : {"type" : "Point", "coordinates" : [121.5654809, 25.06128454]}, "properties" : {"id" : 245, "name" : "中美藥局", "address" : "臺北市松山區富錦街531號", "telephone" : "(02)27627468", "city" : "臺北市", "district" : "松山區", "nhi" : true, "data_time" : "2026-05-03 03:11:08", "pharmacy_per_10k" : 4.07}}, {"type" : "Feature", "geometry" : {"type" : "Point", "coordinates" : [121.546113, 25.05619819]}, "properties" : {"id" : 246, "name" : "惠登藥局", "address" : "臺北市松山區民生東路3段130巷34號", "telephone" : "(02)25472432", "city" : "臺北市", "district" : "松山區", "nhi" : true, "data_time" : "2026-05-03 03:11:08", "pharmacy_per_10k" : 4.07}}, {"type" : "Feature", "geometry" : {"type" : "Point", "coordinates" : [121.55355, 25.04700689]}, "properties" : {"id" : 247, "name" : "松田藥局", "address" : "臺北市松山區延吉街9-6號", "telephone" : "(02)25798005", "city" : "臺北市", "district" : "松山區", "nhi" : true, "data_time" : "2026-05-03 03:11:08", "pharmacy_per_10k" : 4.07}}, {"type" : "Feature", "geometry" : {"type" : "Point", "coordinates" : [121.5649443, 25.06118636]}, "properties" : {"id" : 248, "name" : "予志藥局", "address" : "臺北市松山區富錦街521號", "telephone" : "(02)27623522", "city" : "臺北市", "district" : "松山區", "nhi" : true, "data_time" : "2026-05-03 03:11:08", "pharmacy_per_10k" : 4.07}}, {"type" : "Feature", "geometry" : {"type" : "Point", "coordinates" : [121.5766443, 25.05020698]}, "properties" : {"id" : 249, "name" : "婕登藥局", "address" : "臺北市松山區八德路4段699號", "telephone" : "(02)27482893", "city" : "臺北市", "district" : "松山區", "nhi" : true, "data_time" : "2026-05-03 03:11:08", "pharmacy_per_10k" : 4.07}}, {"type" : "Feature", "geometry" : {"type" : "Point", "coordinates" : [121.5553264, 25.0491374]}, "properties" : {"id" : 250, "name" : "晨安藥局", "address" : "臺北市松山區八德路三段155巷20弄2號", "telephone" : "(02)25798460", "city" : "臺北市", "district" : "松山區", "nhi" : true, "data_time" : "2026-05-03 03:11:08", "pharmacy_per_10k" : 4.07}}, {"type" : "Feature", "geometry" : {"type" : "Point", "coordinates" : [121.545925, 25.04724223]}, "properties" : {"id" : 251, "name" : "銘德藥局", "address" : "臺北市松山區八德路2段366巷28號", "telephone" : "(02)27511833", "city" : "臺北市", "district" : "松山區", "nhi" : true, "data_time" : "2026-05-03 03:11:08", "pharmacy_per_10k" : 4.07}}, {"type" : "Feature", "geometry" : {"type" : "Point", "coordinates" : [121.5581109, 25.04811673]}, "properties" : {"id" : 252, "name" : "立康大藥局", "address" : "臺北市松山區八德路四段2之1號", "telephone" : "(02)27471749", "city" : "臺北市", "district" : "松山區", "nhi" : true, "data_time" : "2026-05-03 03:11:08", "pharmacy_per_10k" : 4.07}}, {"type" : "Feature", "geometry" : {"type" : "Point", "coordinates" : [121.5760924, 25.04979019]}, "properties" : {"id" : 253, "name" : "躍獅松和藥局", "address" : "臺北市松山區八德路四段666之1號", "telephone" : "(02)27492569", "city" : "臺北市", "district" : "松山區", "nhi" : true, "data_time" : "2026-05-03 03:11:08", "pharmacy_per_10k" : 4.07}}, {"type" : "Feature", "geometry" : {"type" : "Point", "coordinates" : [121.5669451, 25.05113968]}, "properties" : {"id" : 254, "name" : "京東藥局", "address" : "臺北市松山區南京東路五段272號", "telephone" : "(02)27679503", "city" : "臺北市", "district" : "松山區", "nhi" : true, "data_time" : "2026-05-03 03:11:08", "pharmacy_per_10k" : 4.07}}, {"type" : "Feature", "geometry" : {"type" : "Point", "coordinates" : [121.5607609, 25.04894395]}, "properties" : {"id" : 255, "name" : "晨新藥局", "address" : "臺北市松山區八德路四段91巷1之1號", "telephone" : "", "city" : "臺北市", "district" : "松山區", "nhi" : true, "data_time" : "2026-05-03 03:11:08", "pharmacy_per_10k" : 4.07}}, {"type" : "Feature", "geometry" : {"type" : "Point", "coordinates" : [121.5562168, 25.05619701]}, "properties" : {"id" : 256, "name" : "綠之家藥局", "address" : "臺北市松山區延壽街428號", "telephone" : "", "city" : "臺北市", "district" : "松山區", "nhi" : true, "data_time" : "2026-05-03 03:11:08", "pharmacy_per_10k" : 4.07}}, {"type" : "Feature", "geometry" : {"type" : "Point", "coordinates" : [121.5662534, 25.0523635]}, "properties" : {"id" : 257, "name" : "康采藥局", "address" : "臺北市松山區南京東路五段291巷17之2號", "telephone" : "(02)22578649", "city" : "臺北市", "district" : "松山區", "nhi" : true, "data_time" : "2026-05-03 03:11:08", "pharmacy_per_10k" : 4.07}}, {"type" : "Feature", "geometry" : {"type" : "Point", "coordinates" : [121.5566366, 25.04819629]}, "properties" : {"id" : 258, "name" : "唯康藥局", "address" : "臺北市松山區八德路3段211號", "telephone" : "(02)25775000", "city" : "臺北市", "district" : "松山區", "nhi" : true, "data_time" : "2026-05-03 03:11:08", "pharmacy_per_10k" : 4.07}}, {"type" : "Feature", "geometry" : {"type" : "Point", "coordinates" : [121.5500336, 25.05563366]}, "properties" : {"id" : 259, "name" : "台北長庚維康藥局", "address" : "臺北市松山區敦化北路199巷2弄5號1樓", "telephone" : "(02)27199386", "city" : "臺北市", "district" : "松山區", "nhi" : true, "data_time" : "2026-05-03 03:11:08", "pharmacy_per_10k" : 4.07}}, {"type" : "Feature", "geometry" : {"type" : "Point", "coordinates" : [121.5548153, 25.0479919]}, "properties" : {"id" : 260, "name" : "芝欣藥局", "address" : "臺北市松山區八德路3段148號", "telephone" : "(02)25706677", "city" : "臺北市", "district" : "松山區", "nhi" : true, "data_time" : "2026-05-03 03:11:08", "pharmacy_per_10k" : 4.07}}, {"type" : "Feature", "geometry" : {"type" : "Point", "coordinates" : [121.547743, 25.05944652]}, "properties" : {"id" : 261, "name" : "立赫敦北藥局", "address" : "臺北市松山區敦化北路222巷20號", "telephone" : "(02)27199277", "city" : "臺北市", "district" : "松山區", "nhi" : true, "data_time" : "2026-05-03 03:11:08", "pharmacy_per_10k" : 4.07}}, {"type" : "Feature", "geometry" : {"type" : "Point", "coordinates" : [121.5669297, 25.05931013]}, "properties" : {"id" : 262, "name" : "健康活力藥師藥局", "address" : "臺北市松山區民生東路五段219號", "telephone" : "(02)27455556", "city" : "臺北市", "district" : "松山區", "nhi" : true, "data_time" : "2026-05-03 03:11:08", "pharmacy_per_10k" : 4.07}}, {"type" : "Feature", "geometry" : {"type" : "Point", "coordinates" : [121.5639568, 25.04893714]}, "properties" : {"id" : 263, "name" : "啄木鳥藥局", "address" : "臺北市松山區八德路四段209號(一、二層)、211號(一、二層)", "telephone" : "(02)27422413", "city" : "臺北市", "district" : "松山區", "nhi" : true, "data_time" : "2026-05-03 03:11:08", "pharmacy_per_10k" : 4.07}}, {"type" : "Feature", "geometry" : {"type" : "Point", "coordinates" : [121.5755287, 25.05017841]}, "properties" : {"id" : 264, "name" : "玖田藥局", "address" : "臺北市松山區八德路四段655號", "telephone" : "(02)27666578", "city" : "臺北市", "district" : "松山區", "nhi" : true, "data_time" : "2026-05-03 03:11:08", "pharmacy_per_10k" : 4.07}}, {"type" : "Feature", "geometry" : {"type" : "Point", "coordinates" : [121.5635238, 25.05580069]}, "properties" : {"id" : 265, "name" : "澄馨藥局", "address" : "臺北市松山區三民路37號", "telephone" : "(02)27589614", "city" : "臺北市", "district" : "松山區", "nhi" : true, "data_time" : "2026-05-03 03:11:08", "pharmacy_per_10k" : 4.07}}, {"type" : "Feature", "geometry" : {"type" : "Point", "coordinates" : [121.5666661, 25.05155363]}, "properties" : {"id" : 266, "name" : "一安正昇藥局", "address" : "臺北市松山區南京東路五段309號", "telephone" : "(02)27680993", "city" : "臺北市", "district" : "松山區", "nhi" : true, "data_time" : "2026-05-03 03:11:08", "pharmacy_per_10k" : 4.07}}, {"type" : "Feature", "geometry" : {"type" : "Point", "coordinates" : [121.5527172, 25.04624327]}, "properties" : {"id" : 267, "name" : "杏一延吉藥局", "address" : "臺北市松山區八德路3段74巷45弄1號1樓", "telephone" : "(02)25798450", "city" : "臺北市", "district" : "松山區", "nhi" : true, "data_time" : "2026-05-03 03:11:08", "pharmacy_per_10k" : 4.07}}, {"type" : "Feature", "geometry" : {"type" : "Point", "coordinates" : [121.5770352, 25.05074271]}, "properties" : {"id" : 268, "name" : "新德大藥局", "address" : "臺北市松山區饒河街204號", "telephone" : "(02)27474473", "city" : "臺北市", "district" : "松山區", "nhi" : true, "data_time" : "2026-05-03 03:11:08", "pharmacy_per_10k" : 4.07}}, {"type" : "Feature", "geometry" : {"type" : "Point", "coordinates" : [121.5659705, 25.05716171]}, "properties" : {"id" : 269, "name" : "光點延新藥局", "address" : "臺北市松山區延壽街101號", "telephone" : "(02)27667795", "city" : "臺北市", "district" : "松山區", "nhi" : true, "data_time" : "2026-05-03 03:11:08", "pharmacy_per_10k" : 4.07}}, {"type" : "Feature", "geometry" : {"type" : "Point", "coordinates" : [121.5500378, 25.05568488]}, "properties" : {"id" : 270, "name" : "杏一台北長庚藥局", "address" : "臺北市松山區敦化北路199巷2弄3號", "telephone" : "(02)25149463", "city" : "臺北市", "district" : "松山區", "nhi" : true, "data_time" : "2026-05-03 03:11:08", "pharmacy_per_10k" : 4.07}}, {"type" : "Feature", "geometry" : {"type" : "Point", "coordinates" : [121.5656249, 25.06442948]}, "properties" : {"id" : 271, "name" : "安禾大藥局", "address" : "臺北市松山區撫遠街382號", "telephone" : "(02)27602952", "city" : "臺北市", "district" : "松山區", "nhi" : true, "data_time" : "2026-05-03 03:11:08", "pharmacy_per_10k" : 4.07}}, {"type" : "Feature", "geometry" : {"type" : "Point", "coordinates" : [121.5521399, 25.04567413]}, "properties" : {"id" : 272, "name" : "巧心藥局", "address" : "臺北市松山區八德路3段12巷57弄39之3號1樓", "telephone" : "(02)25703728", "city" : "臺北市", "district" : "松山區", "nhi" : true, "data_time" : "2026-05-03 03:11:08", "pharmacy_per_10k" : 4.07}}, {"type" : "Feature", "geometry" : {"type" : "Point", "coordinates" : [121.5537055, 25.04594889]}, "properties" : {"id" : 273, "name" : "慶昌藥局", "address" : "臺北市松山區延吉街29號1樓", "telephone" : "(02)25770820", "city" : "臺北市", "district" : "松山區", "nhi" : true, "data_time" : "2026-05-03 03:11:08", "pharmacy_per_10k" : 4.07}}, {"type" : "Feature", "geometry" : {"type" : "Point", "coordinates" : [121.5524496, 25.04684933]}, "properties" : {"id" : 274, "name" : "順儷中崙藥局", "address" : "臺北市松山區八德路3段74巷48號1樓", "telephone" : "(02)25796900", "city" : "臺北市", "district" : "松山區", "nhi" : true, "data_time" : "2026-05-03 03:11:08", "pharmacy_per_10k" : 4.07}}, {"type" : "Feature", "geometry" : {"type" : "Point", "coordinates" : [121.5650468, 25.0588484]}, "properties" : {"id" : 275, "name" : "家育藥局", "address" : "臺北市松山區民生東路5段216號1樓", "telephone" : "(02)27678639", "city" : "臺北市", "district" : "松山區", "nhi" : true, "data_time" : "2026-05-03 03:11:08", "pharmacy_per_10k" : 4.07}}, {"type" : "Feature", "geometry" : {"type" : "Point", "coordinates" : [121.5596903, 25.05880508]}, "properties" : {"id" : 276, "name" : "佑翔藥局", "address" : "臺北市松山區民生東路5段95號1樓", "telephone" : "(02)87875070", "city" : "臺北市", "district" : "松山區", "nhi" : true, "data_time" : "2026-05-03 03:11:08", "pharmacy_per_10k" : 4.07}}, {"type" : "Feature", "geometry" : {"type" : "Point", "coordinates" : [121.5465282, 25.04832767]}, "properties" : {"id" : 277, "name" : "杏一台北台安藥局", "address" : "臺北市松山區八德路2段399號1樓", "telephone" : "(02)87728295", "city" : "臺北市", "district" : "松山區", "nhi" : true, "data_time" : "2026-05-03 03:11:08", "pharmacy_per_10k" : 4.07}}, {"type" : "Feature", "geometry" : {"type" : "Point", "coordinates" : [121.5442384, 25.05105069]}, "properties" : {"id" : 278, "name" : "全欣藥局", "address" : "臺北市松山區復興北路73號2樓", "telephone" : "(02)87729066", "city" : "臺北市", "district" : "松山區", "nhi" : true, "data_time" : "2026-05-03 03:11:08", "pharmacy_per_10k" : 4.07}}, {"type" : "Feature", "geometry" : {"type" : "Point", "coordinates" : [121.5464705, 25.04832788]}, "properties" : {"id" : 279, "name" : "駿俏藥局", "address" : "臺北市松山區八德路2段397號1樓", "telephone" : "(02)87728085", "city" : "臺北市", "district" : "松山區", "nhi" : true, "data_time" : "2026-05-03 03:11:08", "pharmacy_per_10k" : 4.07}}, {"type" : "Feature", "geometry" : {"type" : "Point", "coordinates" : [121.5662465, 25.05200522]}, "properties" : {"id" : 280, "name" : "佑全松山南京東藥局", "address" : "臺北市松山區南京東路5段291巷7號1樓", "telephone" : "(02)27687807", "city" : "臺北市", "district" : "松山區", "nhi" : true, "data_time" : "2026-05-03 03:11:08", "pharmacy_per_10k" : 4.07}}, {"type" : "Feature", "geometry" : {"type" : "Point", "coordinates" : [121.5453225, 25.0520302]}, "properties" : {"id" : 281, "name" : "豐澤藥局", "address" : "臺北市松山區南京東路3段269巷6之9號(1樓)", "telephone" : "(02)27169636", "city" : "臺北市", "district" : "松山區", "nhi" : true, "data_time" : "2026-05-03 03:11:08", "pharmacy_per_10k" : 4.07}}, {"type" : "Feature", "geometry" : {"type" : "Point", "coordinates" : [121.550072, 25.051152]}, "properties" : {"id" : 282, "name" : "南京春天藥局", "address" : "臺北市松山區南京東路4段139號(1樓)", "telephone" : "(02)27186155", "city" : "臺北市", "district" : "松山區", "nhi" : true, "data_time" : "2026-05-03 03:11:08", "pharmacy_per_10k" : 4.07}}, {"type" : "Feature", "geometry" : {"type" : "Point", "coordinates" : [121.5524947, 25.0525084]}, "properties" : {"id" : 283, "name" : "美仁藥局", "address" : "臺北市松山區健康路5之1號1樓", "telephone" : "(02)27166112", "city" : "臺北市", "district" : "松山區", "nhi" : true, "data_time" : "2026-05-03 03:11:08", "pharmacy_per_10k" : 4.07}}, {"type" : "Feature", "geometry" : {"type" : "Point", "coordinates" : [121.5607228, 25.05345802]}, "properties" : {"id" : 284, "name" : "誠康中西藥局", "address" : "臺北市松山區南京東路5段59巷31弄43號1樓", "telephone" : "(02)27619679", "city" : "臺北市", "district" : "松山區", "nhi" : true, "data_time" : "2026-05-03 03:11:08", "pharmacy_per_10k" : 4.07}}, {"type" : "Feature", "geometry" : {"type" : "Point", "coordinates" : [121.5601395, 25.05877584]}, "properties" : {"id" : 285, "name" : "大樹松山藥局", "address" : "臺北市松山區民生東路5段107號1樓", "telephone" : "(02)27562226", "city" : "臺北市", "district" : "松山區", "nhi" : true, "data_time" : "2026-05-03 03:11:08", "pharmacy_per_10k" : 4.07}}, {"type" : "Feature", "geometry" : {"type" : "Point", "coordinates" : [121.5466693, 25.051984]}, "properties" : {"id" : 286, "name" : "康麗藥局", "address" : "臺北市松山區南京東路3段303巷20號(1樓)", "telephone" : "(02)27174117", "city" : "臺北市", "district" : "松山區", "nhi" : true, "data_time" : "2026-05-03 03:11:08", "pharmacy_per_10k" : 4.07}}, {"type" : "Feature", "geometry" : {"type" : "Point", "coordinates" : [121.5549068, 25.0533509]}, "properties" : {"id" : 287, "name" : "達昌健康藥局", "address" : "臺北市松山區健康路100號(1樓)", "telephone" : "(02)27125220", "city" : "臺北市", "district" : "松山區", "nhi" : true, "data_time" : "2026-05-03 03:11:08", "pharmacy_per_10k" : 4.07}}, {"type" : "Feature", "geometry" : {"type" : "Point", "coordinates" : [121.5449855, 25.06176721]}, "properties" : {"id" : 288, "name" : "立健美中西藥局", "address" : "臺北市松山區民權東路3段106巷1號1樓", "telephone" : "(02)25473929", "city" : "臺北市", "district" : "松山區", "nhi" : true, "data_time" : "2026-05-03 03:11:08", "pharmacy_per_10k" : 4.07}}, {"type" : "Feature", "geometry" : {"type" : "Point", "coordinates" : [121.5535737, 25.0455101]}, "properties" : {"id" : 289, "name" : "吉仁藥局", "address" : "臺北市松山區延吉街44號1樓", "telephone" : "(02)25776115", "city" : "臺北市", "district" : "松山區", "nhi" : true, "data_time" : "2026-05-03 03:11:08", "pharmacy_per_10k" : 4.07}}, {"type" : "Feature", "geometry" : {"type" : "Point", "coordinates" : [121.5531673, 25.05184566]}, "properties" : {"id" : 290, "name" : "專品南京藥局", "address" : "臺北市松山區南京東路4段73號1樓", "telephone" : "(02)25147685", "city" : "臺北市", "district" : "松山區", "nhi" : true, "data_time" : "2026-05-03 03:11:08", "pharmacy_per_10k" : 4.07}}, {"type" : "Feature", "geometry" : {"type" : "Point", "coordinates" : [121.5556082, 25.05843439]}, "properties" : {"id" : 291, "name" : "欣生藥局", "address" : "臺北市松山區民生東路5段138巷1號(1樓)", "telephone" : "(02)27567611", "city" : "臺北市", "district" : "松山區", "nhi" : true, "data_time" : "2026-05-03 03:11:08", "pharmacy_per_10k" : 4.07}}, {"type" : "Feature", "geometry" : {"type" : "Point", "coordinates" : [121.5556082, 25.05843439]}, "properties" : {"id" : 292, "name" : "新東藥局", "address" : "臺北市松山區民生東路5段191號(1樓)", "telephone" : "(02)27656336", "city" : "臺北市", "district" : "松山區", "nhi" : true, "data_time" : "2026-05-03 03:11:08", "pharmacy_per_10k" : 4.07}}, {"type" : "Feature", "geometry" : {"type" : "Point", "coordinates" : [121.5553382, 25.0481861]}, "properties" : {"id" : 293, "name" : "萬芯中西藥局", "address" : "臺北市松山區八德路3段163號(1樓)", "telephone" : "(02)25770519", "city" : "臺北市", "district" : "松山區", "nhi" : true, "data_time" : "2026-05-03 03:11:08", "pharmacy_per_10k" : 4.07}}, {"type" : "Feature", "geometry" : {"type" : "Point", "coordinates" : [121.555653, 25.0580788]}, "properties" : {"id" : 294, "name" : "領悅藥局", "address" : "臺北市松山區民生東路4段117之1號(1樓)", "telephone" : "(02)25679951", "city" : "臺北市", "district" : "松山區", "nhi" : true, "data_time" : "2026-05-03 03:11:08", "pharmacy_per_10k" : 4.07}}, {"type" : "Feature", "geometry" : {"type" : "Point", "coordinates" : [121.494213, 25.02752823]}, "properties" : {"id" : 398, "name" : "長泰藥局", "address" : "臺北市萬華區西園路二段２８０號", "telephone" : "(02)23012869", "city" : "臺北市", "district" : "萬華區", "nhi" : true, "data_time" : "2026-05-03 03:11:08", "pharmacy_per_10k" : 3.48}}, {"type" : "Feature", "geometry" : {"type" : "Point", "coordinates" : [121.497344, 25.02418889]}, "properties" : {"id" : 399, "name" : "世欣藥局", "address" : "臺北市萬華區東園街173號一樓", "telephone" : "(02)23074263", "city" : "臺北市", "district" : "萬華區", "nhi" : true, "data_time" : "2026-05-03 03:11:08", "pharmacy_per_10k" : 3.48}}, {"type" : "Feature", "geometry" : {"type" : "Point", "coordinates" : [121.5007014, 25.0296786]}, "properties" : {"id" : 400, "name" : "裕和藥局", "address" : "臺北市萬華區萬大路１１５、１１７號", "telephone" : "(02)23063219", "city" : "臺北市", "district" : "萬華區", "nhi" : true, "data_time" : "2026-05-03 03:11:08", "pharmacy_per_10k" : 3.48}}, {"type" : "Feature", "geometry" : {"type" : "Point", "coordinates" : [121.5061473, 25.04669321]}, "properties" : {"id" : 401, "name" : "秀全藥局", "address" : "臺北市萬華區開封街二段66－３號", "telephone" : "(02)23312192", "city" : "臺北市", "district" : "萬華區", "nhi" : true, "data_time" : "2026-05-03 03:11:08", "pharmacy_per_10k" : 3.48}}, {"type" : "Feature", "geometry" : {"type" : "Point", "coordinates" : [121.4973541, 25.0363184]}, "properties" : {"id" : 402, "name" : "大嘉藥局", "address" : "臺北市萬華區梧州街46巷6號", "telephone" : "(02)23363804", "city" : "臺北市", "district" : "萬華區", "nhi" : true, "data_time" : "2026-05-03 03:11:08", "pharmacy_per_10k" : 3.48}}, {"type" : "Feature", "geometry" : {"type" : "Point", "coordinates" : [121.5025003, 25.03994911]}, "properties" : {"id" : 403, "name" : "生活大藥局", "address" : "臺北市萬華區貴陽街二段124號", "telephone" : "(02)23618609", "city" : "臺北市", "district" : "萬華區", "nhi" : true, "data_time" : "2026-05-03 03:11:08", "pharmacy_per_10k" : 3.48}}, {"type" : "Feature", "geometry" : {"type" : "Point", "coordinates" : [121.4932563, 25.03396192]}, "properties" : {"id" : 404, "name" : "民鈺藥局", "address" : "臺北市萬華區環河南路二段１３９號１樓", "telephone" : "(02)23028466", "city" : "臺北市", "district" : "萬華區", "nhi" : true, "data_time" : "2026-05-03 03:11:08", "pharmacy_per_10k" : 3.48}}, {"type" : "Feature", "geometry" : {"type" : "Point", "coordinates" : [121.501626, 25.02278961]}, "properties" : {"id" : 405, "name" : "皇祥藥局", "address" : "臺北市萬華區萬青街１６５號１樓", "telephone" : "(02)23375676", "city" : "臺北市", "district" : "萬華區", "nhi" : true, "data_time" : "2026-05-03 03:11:08", "pharmacy_per_10k" : 3.48}}, {"type" : "Feature", "geometry" : {"type" : "Point", "coordinates" : [121.4946435, 25.0279788]}, "properties" : {"id" : 406, "name" : "安聖藥局", "address" : "臺北市萬華區西園路二段２５６號一樓", "telephone" : "(02)23037620", "city" : "臺北市", "district" : "萬華區", "nhi" : true, "data_time" : "2026-05-03 03:11:08", "pharmacy_per_10k" : 3.48}}, {"type" : "Feature", "geometry" : {"type" : "Point", "coordinates" : [121.5002582, 25.02495334]}, "properties" : {"id" : 407, "name" : "聯慶大藥局", "address" : "臺北市萬華區萬大路306號", "telephone" : "(02)23039850", "city" : "臺北市", "district" : "萬華區", "nhi" : true, "data_time" : "2026-05-03 03:11:08", "pharmacy_per_10k" : 3.48}}, {"type" : "Feature", "geometry" : {"type" : "Point", "coordinates" : [121.5051628, 25.02581277]}, "properties" : {"id" : 408, "name" : "信義藥局", "address" : "臺北市萬華區青年路２８號", "telephone" : "(02)23074599", "city" : "臺北市", "district" : "萬華區", "nhi" : true, "data_time" : "2026-05-03 03:11:08", "pharmacy_per_10k" : 3.48}}, {"type" : "Feature", "geometry" : {"type" : "Point", "coordinates" : [121.4938512, 25.03211666]}, "properties" : {"id" : 409, "name" : "益源藥局", "address" : "臺北市萬華區大理街１６０巷２６弄２號", "telephone" : "(02)23087321", "city" : "臺北市", "district" : "萬華區", "nhi" : true, "data_time" : "2026-05-03 03:11:08", "pharmacy_per_10k" : 3.48}}, {"type" : "Feature", "geometry" : {"type" : "Point", "coordinates" : [121.4983487, 25.0217366]}, "properties" : {"id" : 410, "name" : "欣安藥局", "address" : "臺北市萬華區東園街190、192號", "telephone" : "(02)2265758", "city" : "臺北市", "district" : "萬華區", "nhi" : true, "data_time" : "2026-05-03 03:11:08", "pharmacy_per_10k" : 3.48}}, {"type" : "Feature", "geometry" : {"type" : "Point", "coordinates" : [121.5061865, 25.04594517]}, "properties" : {"id" : 411, "name" : "新六福藥局", "address" : "臺北市萬華區漢口街二段５５號一樓", "telephone" : "(02)23315101", "city" : "臺北市", "district" : "萬華區", "nhi" : true, "data_time" : "2026-05-03 03:11:08", "pharmacy_per_10k" : 3.48}}, {"type" : "Feature", "geometry" : {"type" : "Point", "coordinates" : [121.5015153, 25.03625733]}, "properties" : {"id" : 412, "name" : "三源藥局", "address" : "臺北市萬華區康定路197號", "telephone" : "(02)23022111", "city" : "臺北市", "district" : "萬華區", "nhi" : true, "data_time" : "2026-05-03 03:11:08", "pharmacy_per_10k" : 3.48}}, {"type" : "Feature", "geometry" : {"type" : "Point", "coordinates" : [121.4975279, 25.02344574]}, "properties" : {"id" : 413, "name" : "照安藥局", "address" : "臺北市萬華區東園街144號", "telephone" : "(02)23039645", "city" : "臺北市", "district" : "萬華區", "nhi" : true, "data_time" : "2026-05-03 03:11:08", "pharmacy_per_10k" : 3.48}}, {"type" : "Feature", "geometry" : {"type" : "Point", "coordinates" : [121.50552, 25.02592097]}, "properties" : {"id" : 414, "name" : "康之友藥局", "address" : "臺北市萬華區青年路20號", "telephone" : "(02)23011598", "city" : "臺北市", "district" : "萬華區", "nhi" : true, "data_time" : "2026-05-03 03:11:08", "pharmacy_per_10k" : 3.48}}, {"type" : "Feature", "geometry" : {"type" : "Point", "coordinates" : [121.5014092, 25.03566054]}, "properties" : {"id" : 415, "name" : "仁仁藥局", "address" : "臺北市萬華區康定路219號", "telephone" : "", "city" : "臺北市", "district" : "萬華區", "nhi" : true, "data_time" : "2026-05-03 03:11:08", "pharmacy_per_10k" : 3.48}}, {"type" : "Feature", "geometry" : {"type" : "Point", "coordinates" : [121.4919225, 25.03246558]}, "properties" : {"id" : 416, "name" : "健誠大藥局", "address" : "臺北市萬華區環河南路二段185號", "telephone" : "(02)23042223", "city" : "臺北市", "district" : "萬華區", "nhi" : true, "data_time" : "2026-05-03 03:11:08", "pharmacy_per_10k" : 3.48}}, {"type" : "Feature", "geometry" : {"type" : "Point", "coordinates" : [121.4945818, 25.02784307]}, "properties" : {"id" : 417, "name" : "躍獅西園藥局", "address" : "臺北市萬華區西園路二段260號", "telephone" : "(02)23094063", "city" : "臺北市", "district" : "萬華區", "nhi" : true, "data_time" : "2026-05-03 03:11:08", "pharmacy_per_10k" : 3.48}}, {"type" : "Feature", "geometry" : {"type" : "Point", "coordinates" : [121.4986212, 25.03664504]}, "properties" : {"id" : 418, "name" : "吉安藥局", "address" : "臺北市萬華區廣州街182號", "telephone" : "(02)23085268", "city" : "臺北市", "district" : "萬華區", "nhi" : true, "data_time" : "2026-05-03 03:11:08", "pharmacy_per_10k" : 3.48}}, {"type" : "Feature", "geometry" : {"type" : "Point", "coordinates" : [121.5005627, 25.02518754]}, "properties" : {"id" : 419, "name" : "好視多藥局", "address" : "臺北市萬華區萬大路285號", "telephone" : "(02)23018100", "city" : "臺北市", "district" : "萬華區", "nhi" : true, "data_time" : "2026-05-03 03:11:08", "pharmacy_per_10k" : 3.48}}, {"type" : "Feature", "geometry" : {"type" : "Point", "coordinates" : [121.5051287, 25.04061736]}, "properties" : {"id" : 420, "name" : "專品藥局", "address" : "臺北市萬華區長沙街二段71之1號", "telephone" : "(02)23718892", "city" : "臺北市", "district" : "萬華區", "nhi" : true, "data_time" : "2026-05-03 03:11:08", "pharmacy_per_10k" : 3.48}}, {"type" : "Feature", "geometry" : {"type" : "Point", "coordinates" : [121.503312, 25.02965672]}, "properties" : {"id" : 421, "name" : "偉安藥局", "address" : "臺北市萬華區西藏路109號", "telephone" : "(02)23037186", "city" : "臺北市", "district" : "萬華區", "nhi" : true, "data_time" : "2026-05-03 03:11:08", "pharmacy_per_10k" : 3.48}}, {"type" : "Feature", "geometry" : {"type" : "Point", "coordinates" : [121.5003148, 25.0262573]}, "properties" : {"id" : 422, "name" : "萬華藥局", "address" : "臺北市萬華區萬大路248號(實際營業地址:1樓、2樓)", "telephone" : "(02)23012221", "city" : "臺北市", "district" : "萬華區", "nhi" : true, "data_time" : "2026-05-03 03:11:08", "pharmacy_per_10k" : 3.48}}, {"type" : "Feature", "geometry" : {"type" : "Point", "coordinates" : [121.4964988, 25.02569571]}, "properties" : {"id" : 423, "name" : "萬華健業藥局", "address" : "臺北市萬華區東園街68之3號", "telephone" : "", "city" : "臺北市", "district" : "萬華區", "nhi" : true, "data_time" : "2026-05-03 03:11:08", "pharmacy_per_10k" : 3.48}}, {"type" : "Feature", "geometry" : {"type" : "Point", "coordinates" : [121.492362, 25.03295505]}, "properties" : {"id" : 424, "name" : "華達藥局", "address" : "臺北市萬華區環河南路二段171號", "telephone" : "(02)23082785", "city" : "臺北市", "district" : "萬華區", "nhi" : true, "data_time" : "2026-05-03 03:11:08", "pharmacy_per_10k" : 3.48}}, {"type" : "Feature", "geometry" : {"type" : "Point", "coordinates" : [121.5005949, 25.02649133]}, "properties" : {"id" : 425, "name" : "榮勝藥局", "address" : "臺北市萬華區萬大路233號", "telephone" : "(02)23331121", "city" : "臺北市", "district" : "萬華區", "nhi" : true, "data_time" : "2026-05-03 03:11:08", "pharmacy_per_10k" : 3.48}}, {"type" : "Feature", "geometry" : {"type" : "Point", "coordinates" : [121.5015709, 25.04017105]}, "properties" : {"id" : 426, "name" : "安誠貴陽藥局", "address" : "臺北市萬華區貴陽街二段148號", "telephone" : "(02)23812190", "city" : "臺北市", "district" : "萬華區", "nhi" : true, "data_time" : "2026-05-03 03:11:08", "pharmacy_per_10k" : 3.48}}, {"type" : "Feature", "geometry" : {"type" : "Point", "coordinates" : [121.5034072, 25.04152536]}, "properties" : {"id" : 427, "name" : "千誠北護藥局", "address" : "臺北市萬華區內江街114號", "telephone" : "(02)23123530", "city" : "臺北市", "district" : "萬華區", "nhi" : true, "data_time" : "2026-05-03 03:11:08", "pharmacy_per_10k" : 3.48}}, {"type" : "Feature", "geometry" : {"type" : "Point", "coordinates" : [121.5006542, 25.0372271]}, "properties" : {"id" : 428, "name" : "松本藥局", "address" : "臺北市萬華區西昌街233號", "telephone" : "(02)23029559", "city" : "臺北市", "district" : "萬華區", "nhi" : true, "data_time" : "2026-05-03 03:11:08", "pharmacy_per_10k" : 3.48}}, {"type" : "Feature", "geometry" : {"type" : "Point", "coordinates" : [121.501673, 25.02944337]}, "properties" : {"id" : 429, "name" : "柏祥藥局", "address" : "臺北市萬華區西藏路141號", "telephone" : "(02)23018272", "city" : "臺北市", "district" : "萬華區", "nhi" : true, "data_time" : "2026-05-03 03:11:08", "pharmacy_per_10k" : 3.48}}, {"type" : "Feature", "geometry" : {"type" : "Point", "coordinates" : [121.5063996, 25.02707678]}, "properties" : {"id" : 430, "name" : "正盛藥局", "address" : "臺北市萬華區中華路2段434之1號", "telephone" : "(02)23050386", "city" : "臺北市", "district" : "萬華區", "nhi" : true, "data_time" : "2026-05-03 03:11:08", "pharmacy_per_10k" : 3.48}}, {"type" : "Feature", "geometry" : {"type" : "Point", "coordinates" : [121.4920393, 25.03259286]}, "properties" : {"id" : 431, "name" : "啟仁藥局", "address" : "臺北市萬華區環河南路2段177號", "telephone" : "(02)23362771", "city" : "臺北市", "district" : "萬華區", "nhi" : true, "data_time" : "2026-05-03 03:11:08", "pharmacy_per_10k" : 3.48}}, {"type" : "Feature", "geometry" : {"type" : "Point", "coordinates" : [121.4974998, 25.03569378]}, "properties" : {"id" : 432, "name" : "恩達藥局", "address" : "臺北市萬華區梧州街64號", "telephone" : "(02)23024467", "city" : "臺北市", "district" : "萬華區", "nhi" : true, "data_time" : "2026-05-03 03:11:08", "pharmacy_per_10k" : 3.48}}, {"type" : "Feature", "geometry" : {"type" : "Point", "coordinates" : [121.4981143, 25.02095991]}, "properties" : {"id" : 433, "name" : "富安藥局", "address" : "臺北市萬華區萬大路426號", "telephone" : "(02)23377878", "city" : "臺北市", "district" : "萬華區", "nhi" : true, "data_time" : "2026-05-03 03:11:08", "pharmacy_per_10k" : 3.48}}, {"type" : "Feature", "geometry" : {"type" : "Point", "coordinates" : [121.4935371, 25.02698226]}, "properties" : {"id" : 434, "name" : "和德藥局", "address" : "臺北市萬華區西園路2段292號1樓", "telephone" : "(02)23331522", "city" : "臺北市", "district" : "萬華區", "nhi" : true, "data_time" : "2026-05-03 03:11:08", "pharmacy_per_10k" : 3.48}}, {"type" : "Feature", "geometry" : {"type" : "Point", "coordinates" : [121.5034385, 25.0296298]}, "properties" : {"id" : 435, "name" : "艾米力藥師藥局", "address" : "臺北市萬華區西藏路107之2號(1樓)", "telephone" : "(02)23036583", "city" : "臺北市", "district" : "萬華區", "nhi" : true, "data_time" : "2026-05-03 03:11:08", "pharmacy_per_10k" : 3.48}}, {"type" : "Feature", "geometry" : {"type" : "Point", "coordinates" : [121.5007326, 25.038821]}, "properties" : {"id" : 436, "name" : "企鵝藥局", "address" : "臺北市萬華區西昌街175號(1樓)", "telephone" : "(02)23884691", "city" : "臺北市", "district" : "萬華區", "nhi" : true, "data_time" : "2026-05-03 03:11:08", "pharmacy_per_10k" : 3.48}}, {"type" : "Feature", "geometry" : {"type" : "Point", "coordinates" : [121.5050305, 25.04060139]}, "properties" : {"id" : 437, "name" : "康是美長沙藥局", "address" : "臺北市萬華區長沙街2段73號1樓、2樓", "telephone" : "(02)23121661", "city" : "臺北市", "district" : "萬華區", "nhi" : true, "data_time" : "2026-05-03 03:11:08", "pharmacy_per_10k" : 3.48}}, {"type" : "Feature", "geometry" : {"type" : "Point", "coordinates" : [121.5003694, 25.03835242]}, "properties" : {"id" : 438, "name" : "五洞桃藥局", "address" : "臺北市萬華區桂林路92號1樓", "telephone" : "", "city" : "臺北市", "district" : "萬華區", "nhi" : true, "data_time" : "2026-05-03 03:11:08", "pharmacy_per_10k" : 3.48}}, {"type" : "Feature", "geometry" : {"type" : "Point", "coordinates" : [121.4987343, 25.02140471]}, "properties" : {"id" : 439, "name" : "康是美萬鑫藥局", "address" : "臺北市萬華區萬大路425之1號1樓、夾層及地下1樓", "telephone" : "(02)23058048", "city" : "臺北市", "district" : "萬華區", "nhi" : true, "data_time" : "2026-05-03 03:11:08", "pharmacy_per_10k" : 3.48}}, {"type" : "Feature", "geometry" : {"type" : "Point", "coordinates" : [121.5004014, 25.03037794]}, "properties" : {"id" : 440, "name" : "福澤萬大藥局", "address" : "臺北市萬華區萬大路88號1樓", "telephone" : "(02)23087468", "city" : "臺北市", "district" : "萬華區", "nhi" : true, "data_time" : "2026-05-03 03:11:08", "pharmacy_per_10k" : 3.48}}, {"type" : "Feature", "geometry" : {"type" : "Point", "coordinates" : [121.4987695, 25.03542697]}, "properties" : {"id" : 441, "name" : "日森人文藥局", "address" : "臺北市萬華區和平西路3段149號1樓", "telephone" : "(02)23082100", "city" : "臺北市", "district" : "萬華區", "nhi" : true, "data_time" : "2026-05-03 03:11:08", "pharmacy_per_10k" : 3.48}}, {"type" : "Feature", "geometry" : {"type" : "Point", "coordinates" : [121.5041637, 25.02550376]}, "properties" : {"id" : 442, "name" : "青年宏越藥局", "address" : "臺北市萬華區青年路44號1樓", "telephone" : "(02)23011037", "city" : "臺北市", "district" : "萬華區", "nhi" : true, "data_time" : "2026-05-03 03:11:08", "pharmacy_per_10k" : 3.48}}, {"type" : "Feature", "geometry" : {"type" : "Point", "coordinates" : [121.4942381, 25.02713788]}, "properties" : {"id" : 443, "name" : "西園宏越藥局", "address" : "臺北市萬華區西園路2段213號1樓", "telephone" : "(02)23097336", "city" : "臺北市", "district" : "萬華區", "nhi" : true, "data_time" : "2026-05-03 03:11:08", "pharmacy_per_10k" : 3.48}}, {"type" : "Feature", "geometry" : {"type" : "Point", "coordinates" : [121.5054251, 25.0274856]}, "properties" : {"id" : 444, "name" : "南機場中西藥局", "address" : "臺北市萬華區國興路104號(1樓)", "telephone" : "(02)23035179", "city" : "臺北市", "district" : "萬華區", "nhi" : true, "data_time" : "2026-05-03 03:11:08", "pharmacy_per_10k" : 3.48}}, {"type" : "Feature", "geometry" : {"type" : "Point", "coordinates" : [121.5016116, 25.01987352]}, "properties" : {"id" : 445, "name" : "建和藥局", "address" : "臺北市萬華區青年路１６８巷４４號", "telephone" : "(02)23010838", "city" : "臺北市", "district" : "萬華區", "nhi" : true, "data_time" : "2026-05-03 03:11:08", "pharmacy_per_10k" : 3.48}}, {"type" : "Feature", "geometry" : {"type" : "Point", "coordinates" : [121.5013757, 25.03546577]}, "properties" : {"id" : 446, "name" : "厚元藥局", "address" : "臺北市萬華區康定路２２７號", "telephone" : "(02)23027883", "city" : "臺北市", "district" : "萬華區", "nhi" : true, "data_time" : "2026-05-03 03:11:08", "pharmacy_per_10k" : 3.48}}, {"type" : "Feature", "geometry" : {"type" : "Point", "coordinates" : [121.5031725, 25.03648594]}, "properties" : {"id" : 447, "name" : "老永茂大藥局", "address" : "臺北市萬華區廣州街６４號１樓", "telephone" : "(02)23064417", "city" : "臺北市", "district" : "萬華區", "nhi" : true, "data_time" : "2026-05-03 03:11:08", "pharmacy_per_10k" : 3.48}}, {"type" : "Feature", "geometry" : {"type" : "Point", "coordinates" : [121.5006934, 25.02335967]}, "properties" : {"id" : 448, "name" : "信昌藥局", "address" : "臺北市萬華區長泰街３６號１樓", "telephone" : "(02)23054898", "city" : "臺北市", "district" : "萬華區", "nhi" : true, "data_time" : "2026-05-03 03:11:08", "pharmacy_per_10k" : 3.48}}, {"type" : "Feature", "geometry" : {"type" : "Point", "coordinates" : [121.4999621, 25.02627681]}, "properties" : {"id" : 449, "name" : "民和藥局", "address" : "臺北市萬華區民和街５號１樓", "telephone" : "(02)23038134", "city" : "臺北市", "district" : "萬華區", "nhi" : true, "data_time" : "2026-05-03 03:11:08", "pharmacy_per_10k" : 3.48}}, {"type" : "Feature", "geometry" : {"type" : "Point", "coordinates" : [121.5045774, 25.04216339]}, "properties" : {"id" : 450, "name" : "您永安藥局", "address" : "臺北市萬華區昆明街一六二號", "telephone" : "(02)23317119", "city" : "臺北市", "district" : "萬華區", "nhi" : true, "data_time" : "2026-05-03 03:11:08", "pharmacy_per_10k" : 3.48}}, {"type" : "Feature", "geometry" : {"type" : "Point", "coordinates" : [121.5013164, 25.036563]}, "properties" : {"id" : 451, "name" : "日昇藥局", "address" : "臺北市萬華區廣州街１２４號", "telephone" : "(02)23062975", "city" : "臺北市", "district" : "萬華區", "nhi" : true, "data_time" : "2026-05-03 03:11:08", "pharmacy_per_10k" : 3.48}}, {"type" : "Feature", "geometry" : {"type" : "Point", "coordinates" : [121.4954016, 25.0206735]}, "properties" : {"id" : 452, "name" : "裕弘藥局", "address" : "臺北市萬華區萬大路４８６巷７７號", "telephone" : "(02)23032067", "city" : "臺北市", "district" : "萬華區", "nhi" : true, "data_time" : "2026-05-03 03:11:08", "pharmacy_per_10k" : 3.48}}, {"type" : "Feature", "geometry" : {"type" : "Point", "coordinates" : [121.5002621, 25.02498456]}, "properties" : {"id" : 453, "name" : "長愛藥局", "address" : "臺北市萬華區萬大路３０４號３樓", "telephone" : "(02)23052346", "city" : "臺北市", "district" : "萬華區", "nhi" : true, "data_time" : "2026-05-03 03:11:08", "pharmacy_per_10k" : 3.48}}, {"type" : "Feature", "geometry" : {"type" : "Point", "coordinates" : [121.5020141, 25.027345]}, "properties" : {"id" : 454, "name" : "龍口藥局", "address" : "臺北市萬華區艋舺大道一二○巷三十五號", "telephone" : "(02)23365680", "city" : "臺北市", "district" : "萬華區", "nhi" : true, "data_time" : "2026-05-03 03:11:08", "pharmacy_per_10k" : 3.48}}, {"type" : "Feature", "geometry" : {"type" : "Point", "coordinates" : [121.4953311, 25.01974866]}, "properties" : {"id" : 455, "name" : "立昌藥局", "address" : "臺北市萬華區萬大路486巷59弄38號", "telephone" : "", "city" : "臺北市", "district" : "萬華區", "nhi" : true, "data_time" : "2026-05-03 03:11:08", "pharmacy_per_10k" : 3.48}}, {"type" : "Feature", "geometry" : {"type" : "Point", "coordinates" : [121.501194, 25.03564428]}, "properties" : {"id" : 456, "name" : "健華藥局", "address" : "臺北市萬華區康定路３２８號", "telephone" : "(02)23063083", "city" : "臺北市", "district" : "萬華區", "nhi" : true, "data_time" : "2026-05-03 03:11:08", "pharmacy_per_10k" : 3.48}}, {"type" : "Feature", "geometry" : {"type" : "Point", "coordinates" : [121.5041856, 25.03806775]}, "properties" : {"id" : 457, "name" : "永康大藥局", "address" : "臺北市萬華區桂林路49號", "telephone" : "(02)23317675", "city" : "臺北市", "district" : "萬華區", "nhi" : true, "data_time" : "2026-05-03 03:11:08", "pharmacy_per_10k" : 3.48}}, {"type" : "Feature", "geometry" : {"type" : "Point", "coordinates" : [121.4947729, 25.02529417]}, "properties" : {"id" : 458, "name" : "寶興大藥局", "address" : "臺北市萬華區寶興街119號", "telephone" : "(02)23013375", "city" : "臺北市", "district" : "萬華區", "nhi" : true, "data_time" : "2026-05-03 03:11:08", "pharmacy_per_10k" : 3.48}}, {"type" : "Feature", "geometry" : {"type" : "Point", "coordinates" : [121.4947709, 25.02800367]}, "properties" : {"id" : 459, "name" : "瑞生藥局", "address" : "臺北市萬華區西園路二段252號", "telephone" : "(02)23012159", "city" : "臺北市", "district" : "萬華區", "nhi" : true, "data_time" : "2026-05-03 03:11:08", "pharmacy_per_10k" : 3.48}}, {"type" : "Feature", "geometry" : {"type" : "Point", "coordinates" : [121.4985454, 25.03891688]}, "properties" : {"id" : 460, "name" : "光華藥局", "address" : "臺北市萬華區華西街19之5號", "telephone" : "(02)23613609", "city" : "臺北市", "district" : "萬華區", "nhi" : true, "data_time" : "2026-05-03 03:11:08", "pharmacy_per_10k" : 3.48}}, {"type" : "Feature", "geometry" : {"type" : "Point", "coordinates" : [121.4986082, 25.02120195]}, "properties" : {"id" : 461, "name" : "小太陽元氣藥局", "address" : "臺北市萬華區萬大路433號1樓", "telephone" : "(02)23090167", "city" : "臺北市", "district" : "萬華區", "nhi" : true, "data_time" : "2026-05-03 03:11:08", "pharmacy_per_10k" : 3.48}}]}
