{"type" : "FeatureCollection", "name" : "elderly_club_ntpe_ready", "features" : [{"type" : "Feature", "geometry" : {"type" : "Point", "coordinates" : [121.376454961196,24.929647992798]}, "properties" : {"id" : 1, "name" : "三峽松鶴長壽會", "district" : "三峽區", "zip_code" : 65000090, "address" : "新北市三峽區永安街9巷5號1樓(介壽中正安溪礁溪市民活動中心)", "tel" : "(02)26713193", "data_time" : "2026-05-03T08:22:28.480765+08:00"}}, {"type" : "Feature", "geometry" : {"type" : "Point", "coordinates" : [121.397768967505,24.935737990279]}, "properties" : {"id" : 2, "name" : "中華民國體育運動教練協會", "district" : "三峽區", "zip_code" : 65000090, "address" : "新北市三峽區溪北街87號(溪北市民活動中心)", "tel" : null, "data_time" : "2026-05-03T08:22:28.480765+08:00"}}, {"type" : "Feature", "geometry" : {"type" : "Point", "coordinates" : [121.35241584689,24.953961824673]}, "properties" : {"id" : 3, "name" : "台灣基督長老教會三峽教會", "district" : "三峽區", "zip_code" : 65000090, "address" : "新北市三峽區中正一路62巷7號3樓(中鶯市民活動中心)", "tel" : "(02)26711981", "data_time" : "2026-05-03T08:22:28.480765+08:00"}}, {"type" : "Feature", "geometry" : {"type" : "Point", "coordinates" : [121.370975040538,24.935708988894]}, "properties" : {"id" : 4, "name" : "新北市三峽區中埔里辦公處", "district" : "三峽區", "zip_code" : 65000090, "address" : "新北市三峽區信義街15號", "tel" : "(02)26733197", "data_time" : "2026-05-03T08:22:28.480765+08:00"}}, {"type" : "Feature", "geometry" : {"type" : "Point", "coordinates" : [121.365538035224,24.925346986822]}, "properties" : {"id" : 5, "name" : "新北市三峽區中正里辦公處", "district" : "三峽區", "zip_code" : 65000090, "address" : "新北市三峽區大同路266、268號(自強市民活動中心)", "tel" : null, "data_time" : "2026-05-03T08:22:28.480765+08:00"}}, {"type" : "Feature", "geometry" : {"type" : "Point", "coordinates" : [121.405466,24.869603]}, "properties" : {"id" : 6, "name" : "新北市三峽區中正里辦公處", "district" : "三峽區", "zip_code" : 65000090, "address" : "新北市三峽區插角25-1號(大有市民活動中心)", "tel" : null, "data_time" : "2026-05-03T08:22:28.480765+08:00"}}, {"type" : "Feature", "geometry" : {"type" : "Point", "coordinates" : [121.366117979105,24.911395015619]}, "properties" : {"id" : 7, "name" : "新北市三峽區中興社區發展協會", "district" : "三峽區", "zip_code" : 65000090, "address" : "新北市三峽區中正路二段273號", "tel" : null, "data_time" : "2026-05-03T08:22:28.480765+08:00"}}, {"type" : "Feature", "geometry" : {"type" : "Point", "coordinates" : [121.347287027793,24.951335999626]}, "properties" : {"id" : 8, "name" : "新北市三峽區二鬮里辦公處", "district" : "三峽區", "zip_code" : 65000090, "address" : "新北市三峽區尖山埔路104號(同慶市民活動中心)", "tel" : null, "data_time" : "2026-05-03T08:22:28.480765+08:00"}}, {"type" : "Feature", "geometry" : {"type" : "Point", "coordinates" : [121.362752812618,24.906701107932]}, "properties" : {"id" : 9, "name" : "新北市三峽區介壽里辦公處", "district" : "三峽區", "zip_code" : 65000090, "address" : "新北市三峽區中正路二段449號(大埔二鬮市民活動中心)", "tel" : "(02)26719658", "data_time" : "2026-05-03T08:22:28.480765+08:00"}}, {"type" : "Feature", "geometry" : {"type" : "Point", "coordinates" : [121.362752812618,24.906701107932]}, "properties" : {"id" : 10, "name" : "新北市三峽區大埔里辦公處", "district" : "三峽區", "zip_code" : 65000090, "address" : "新北市三峽區中正路二段449號(大埔二鬮市民活動中心)", "tel" : null, "data_time" : "2026-05-03T08:22:28.480765+08:00"}}, {"type" : "Feature", "geometry" : {"type" : "Point", "coordinates" : [121.370975040538,24.935708988894]}, "properties" : {"id" : 11, "name" : "新北市三峽區大有社區發展協會", "district" : "三峽區", "zip_code" : 65000090, "address" : "新北市三峽區信義街15號", "tel" : null, "data_time" : "2026-05-03T08:22:28.480765+08:00"}}, {"type" : "Feature", "geometry" : {"type" : "Point", "coordinates" : [121.3688816,24.9341956]}, "properties" : {"id" : 12, "name" : "新北市三峽區大有社區發展協會", "district" : "三峽區", "zip_code" : 65000090, "address" : "新北市三峽區添福57-1號(添褔市民活動中心)", "tel" : null, "data_time" : "2026-05-03T08:22:28.480765+08:00"}}, {"type" : "Feature", "geometry" : {"type" : "Point", "coordinates" : [121.466994941939,24.916299492321]}, "properties" : {"id" : 13, "name" : "新北市三峽區安和社區發展協會", "district" : "三峽區", "zip_code" : 65000090, "address" : "新北市三峽區安坑里4鄰建安路41號", "tel" : null, "data_time" : "2026-05-03T08:22:28.480765+08:00"}}, {"type" : "Feature", "geometry" : {"type" : "Point", "coordinates" : [121.466994941939,24.916299492321]}, "properties" : {"id" : 14, "name" : "新北市三峽區安和社區發展協會", "district" : "三峽區", "zip_code" : 65000090, "address" : "新北市三峽區安坑里4鄰建安路41號", "tel" : null, "data_time" : "2026-05-03T08:22:28.480765+08:00"}}, {"type" : "Feature", "geometry" : {"type" : "Point", "coordinates" : [121.36703262815,24.937272458287]}, "properties" : {"id" : 15, "name" : "新北市三峽區安溪里辦公處", "district" : "三峽區", "zip_code" : 65000090, "address" : "新北市三峽區大勇路36巷2、2之1號(鳶山里銀髮俱樂部)", "tel" : null, "data_time" : "2026-05-03T08:22:28.480765+08:00"}}, {"type" : "Feature", "geometry" : {"type" : "Point", "coordinates" : [121.4449999,24.9272494]}, "properties" : {"id" : 16, "name" : "新北市三峽區成褔里辦公處", "district" : "三峽區", "zip_code" : 65000090, "address" : "新北市三峽區建安43號", "tel" : "(02)26726087", "data_time" : "2026-05-03T08:22:28.480765+08:00"}}, {"type" : "Feature", "geometry" : {"type" : "Point", "coordinates" : [121.366117979105,24.911395015619]}, "properties" : {"id" : 17, "name" : "新北市三峽區松柏長春會", "district" : "三峽區", "zip_code" : 65000090, "address" : "新北市三峽區中正路二段273號", "tel" : "(02)26713193", "data_time" : "2026-05-03T08:22:28.480765+08:00"}}, {"type" : "Feature", "geometry" : {"type" : "Point", "coordinates" : [121.379957004162,24.941882009125]}, "properties" : {"id" : 18, "name" : "新北市三峽區添福里辦公處", "district" : "三峽區", "zip_code" : 65000090, "address" : "新北市三峽區三樹路214巷9號2樓(龍埔市民活動中心)", "tel" : "(02)26717068", "data_time" : "2026-05-03T08:22:28.480765+08:00"}}, {"type" : "Feature", "geometry" : {"type" : "Point", "coordinates" : [121.377381638225,24.944004962519]}, "properties" : {"id" : 19, "name" : "新北市三峽區添福里辦公處", "district" : "三峽區", "zip_code" : 65000090, "address" : "新北市三峽區學成路396號4樓(龍學龍恩市民活動中心)", "tel" : "(02)26717068", "data_time" : "2026-05-03T08:22:28.480765+08:00"}}, {"type" : "Feature", "geometry" : {"type" : "Point", "coordinates" : [121.418933692118,24.929222820759]}, "properties" : {"id" : 20, "name" : "新北市三峽區溪北里辦公處", "district" : "三峽區", "zip_code" : 65000090, "address" : "新北市三峽區成福路44號(成福市民活動中心)", "tel" : "(02)﻿﻿86762738", "data_time" : "2026-05-03T08:22:28.480765+08:00"}}, {"type" : "Feature", "geometry" : {"type" : "Point", "coordinates" : [121.434898116363,24.908777514896]}, "properties" : {"id" : 21, "name" : "新北市三峽區溪東里辦公處", "district" : "三峽區", "zip_code" : 65000090, "address" : "新北市三峽區竹崙路146號(竹崙市民活動中心)", "tel" : "(02)86763543", "data_time" : "2026-05-03T08:22:28.480765+08:00"}}, {"type" : "Feature", "geometry" : {"type" : "Point", "coordinates" : [121.488105012797,25.060155985439]}, "properties" : {"id" : 22, "name" : "新北市三峽區礁溪里辦公處", "district" : "三峽區", "zip_code" : 65000090, "address" : "新北市三峽區過圳街19號(新北市三重區過圳市民活動中心)", "tel" : null, "data_time" : "2026-05-03T08:22:28.480765+08:00"}}, {"type" : "Feature", "geometry" : {"type" : "Point", "coordinates" : [121.373731010302,24.930036996924]}, "properties" : {"id" : 23, "name" : "新北市三峽區竹崙里辦公處", "district" : "三峽區", "zip_code" : 65000090, "address" : "新北市三峽區中正路一段108巷14號", "tel" : "(02)26682221", "data_time" : "2026-05-03T08:22:28.480765+08:00"}}, {"type" : "Feature", "geometry" : {"type" : "Point", "coordinates" : [121.419384973785,24.963592018449]}, "properties" : {"id" : 24, "name" : "新北市三峽區老人會(秀川站)", "district" : "三峽區", "zip_code" : 65000090, "address" : "新北市三峽區三民路23巷8弄9號1樓(沛陂市民活動中心)", "tel" : null, "data_time" : "2026-05-03T08:22:28.480765+08:00"}}, {"type" : "Feature", "geometry" : {"type" : "Point", "coordinates" : [121.54480498356,24.97268160571]}, "properties" : {"id" : 25, "name" : "新北市三峽區老人會(秀川站)", "district" : "三峽區", "zip_code" : 65000090, "address" : "新北市三峽區德正街23巷25號(張北市民活動中心)", "tel" : null, "data_time" : "2026-05-03T08:22:28.480765+08:00"}}, {"type" : "Feature", "geometry" : {"type" : "Point", "coordinates" : [121.470775930896,25.01903009369]}, "properties" : {"id" : 26, "name" : "新北市三峽區老人會(秀川站)", "district" : "三峽區", "zip_code" : 65000090, "address" : "新北市三峽區民生路二段89號之1(西安市民活動中心)", "tel" : null, "data_time" : "2026-05-03T08:22:28.480765+08:00"}}, {"type" : "Feature", "geometry" : {"type" : "Point", "coordinates" : [121.386577701842,24.932927496234]}, "properties" : {"id" : 27, "name" : "新北市三峽區鳶山里辦公處", "district" : "三峽區", "zip_code" : 65000090, "address" : "新北市三峽區介壽路一段530號", "tel" : "(02)26715961", "data_time" : "2026-05-03T08:22:28.480765+08:00"}}, {"type" : "Feature", "geometry" : {"type" : "Point", "coordinates" : [121.40771602346,24.931574992338]}, "properties" : {"id" : 28, "name" : "新北市三峽區龍埔社區發展協會", "district" : "三峽區", "zip_code" : 65000090, "address" : "新北市三峽區溪東路218巷1號(溪東市民活動中心)", "tel" : null, "data_time" : "2026-05-03T08:22:28.480765+08:00"}}, {"type" : "Feature", "geometry" : {"type" : "Point", "coordinates" : [121.392696994074,24.933094002741]}, "properties" : {"id" : 29, "name" : "新北市三峽區龍恩里辦公處", "district" : "三峽區", "zip_code" : 65000090, "address" : "新北市三峽區介壽路二段136巷63號(中興市民活動中心)", "tel" : "(02)86721627", "data_time" : "2026-05-03T08:22:28.480765+08:00"}}, {"type" : "Feature", "geometry" : {"type" : "Point", "coordinates" : [121.369294133675,24.92898900757]}, "properties" : {"id" : 30, "name" : "新北市三峽福松老人福利促進會", "district" : "三峽區", "zip_code" : 65000090, "address" : "新北市三峽區民族街122號(八張市民活動中心)", "tel" : null, "data_time" : "2026-05-03T08:22:28.480765+08:00"}}, {"type" : "Feature", "geometry" : {"type" : "Point", "coordinates" : [121.3688816,24.9341956]}, "properties" : {"id" : 31, "name" : "新北市五寮里辦公處", "district" : "三峽區", "zip_code" : 65000090, "address" : "新北市三峽區添福57-1號(添褔市民活動中心)", "tel" : null, "data_time" : "2026-05-03T08:22:28.480765+08:00"}}, {"type" : "Feature", "geometry" : {"type" : "Point", "coordinates" : [121.370975040538,24.935708988894]}, "properties" : {"id" : 32, "name" : "新北市多元智能老幼暨兒童教育發展協會(三峽站)", "district" : "三峽區", "zip_code" : 65000090, "address" : "新北市三峽區信義街15號", "tel" : "(02)22886656", "data_time" : "2026-05-03T08:22:28.480765+08:00"}}, {"type" : "Feature", "geometry" : {"type" : "Point", "coordinates" : [121.354367975776,24.955862981712]}, "properties" : {"id" : 33, "name" : "新北市托老互照志工協會", "district" : "三峽區", "zip_code" : 65000090, "address" : "新北市三峽區仁愛路55號(北鶯市民活動中心)", "tel" : "(02)26710900", "data_time" : "2026-05-03T08:22:28.480765+08:00"}}, {"type" : "Feature", "geometry" : {"type" : "Point", "coordinates" : [121.376129324257,24.928296620458]}, "properties" : {"id" : 34, "name" : "新北市托老互照志工協會", "district" : "三峽區", "zip_code" : 65000090, "address" : "新北市三峽區光明路71號6樓(光明市民活動中心)", "tel" : "(02)26689439", "data_time" : "2026-05-03T08:22:28.480765+08:00"}}, {"type" : "Feature", "geometry" : {"type" : "Point", "coordinates" : [121.366915601011,24.938118408871]}, "properties" : {"id" : 35, "name" : "新北市托老互照志工協會", "district" : "三峽區", "zip_code" : 65000090, "address" : "新北市三峽區大勇路18之2號3樓、18之3號3樓", "tel" : "(02)26689439", "data_time" : "2026-05-03T08:22:28.480765+08:00"}}, {"type" : "Feature", "geometry" : {"type" : "Point", "coordinates" : [121.372278007386,24.935912501503]}, "properties" : {"id" : 36, "name" : "珍寶貝未來創新協會", "district" : "三峽區", "zip_code" : 65000090, "address" : "新北市三峽區永館里11鄰文化路59號4樓之2", "tel" : null, "data_time" : "2026-05-03T08:22:28.480765+08:00"}}, {"type" : "Feature", "geometry" : {"type" : "Point", "coordinates" : [121.372279013215,24.928040008493]}, "properties" : {"id" : 37, "name" : "社團法人新北市德道慈善會", "district" : "三峽區", "zip_code" : 65000090, "address" : "新北市三峽區中正路一段200號", "tel" : "(02)26720800", "data_time" : "2026-05-03T08:22:28.480765+08:00"}}, {"type" : "Feature", "geometry" : {"type" : "Point", "coordinates" : [121.369114006576,24.931646992886]}, "properties" : {"id" : 38, "name" : "社團法人新北市德道慈善會", "district" : "三峽區", "zip_code" : 65000090, "address" : "新北市三峽區民族街1號", "tel" : "(02)26720800", "data_time" : "2026-05-03T08:22:28.480765+08:00"}}, {"type" : "Feature", "geometry" : {"type" : "Point", "coordinates" : [121.520082,25.254499]}, "properties" : {"id" : 39, "name" : "三芝國民小學", "district" : "三芝區", "zip_code" : 65000210, "address" : "新北市三芝區陳厝坑61-8號(彌勒佛院)", "tel" : "(02)26362005", "data_time" : "2026-05-03T08:22:28.480765+08:00"}}, {"type" : "Feature", "geometry" : {"type" : "Point", "coordinates" : [121.5010864,25.2578784]}, "properties" : {"id" : 40, "name" : "八仙宮", "district" : "三芝區", "zip_code" : 65000210, "address" : "新北市三芝區店子43-5號(店子里辦公處)", "tel" : "(02)26360743", "data_time" : "2026-05-03T08:22:28.480765+08:00"}}, {"type" : "Feature", "geometry" : {"type" : "Point", "coordinates" : [121.502347,25.209869]}, "properties" : {"id" : 41, "name" : "文化彌勒佛院", "district" : "三芝區", "zip_code" : 65000210, "address" : "新北市三芝區楓子林47號之1(店子興華市民活動中心)", "tel" : null, "data_time" : "2026-05-03T08:22:28.480765+08:00"}}, {"type" : "Feature", "geometry" : {"type" : "Point", "coordinates" : [121.5010864,25.2578784]}, "properties" : {"id" : 42, "name" : "新北市三芝區八賢里辦公處", "district" : "三芝區", "zip_code" : 65000210, "address" : "新北市三芝區橫山里86號(橫山國小活動中心)", "tel" : "(02)26362111", "data_time" : "2026-05-03T08:22:28.480765+08:00"}}, {"type" : "Feature", "geometry" : {"type" : "Point", "coordinates" : [121.5010864,25.2578784]}, "properties" : {"id" : 43, "name" : "新北市三芝區古庄里辦公處", "district" : "三芝區", "zip_code" : 65000210, "address" : "新北市三芝區北勢子20-6號(後厝市民活動中心)", "tel" : "(02)26362111", "data_time" : "2026-05-03T08:22:28.480765+08:00"}}, {"type" : "Feature", "geometry" : {"type" : "Point", "coordinates" : [121.498449,25.272649]}, "properties" : {"id" : 44, "name" : "新北市三芝區圓山里辦公處", "district" : "三芝區", "zip_code" : 65000210, "address" : "新北市三芝區番社后31-1號", "tel" : "(02)26362111", "data_time" : "2026-05-03T08:22:28.480765+08:00"}}, {"type" : "Feature", "geometry" : {"type" : "Point", "coordinates" : [121.486472,25.25202]}, "properties" : {"id" : 45, "name" : "新北市三芝區店子里辦公處", "district" : "三芝區", "zip_code" : 65000210, "address" : "新北市三芝區海尾17號", "tel" : "(02)26362111", "data_time" : "2026-05-03T08:22:28.480765+08:00"}}, {"type" : "Feature", "geometry" : {"type" : "Point", "coordinates" : [121.513282,25.237605]}, "properties" : {"id" : 46, "name" : "新北市三芝區後厝里辦公處", "district" : "三芝區", "zip_code" : 65000210, "address" : "新北市三芝區八連溪41號(八賢市民活動中心)", "tel" : "(02)26362536", "data_time" : "2026-05-03T08:22:28.480765+08:00"}}, {"type" : "Feature", "geometry" : {"type" : "Point", "coordinates" : [121.711391037838,24.935604924421]}, "properties" : {"id" : 47, "name" : "新北市三芝區橫山里辦公處", "district" : "三芝區", "zip_code" : 65000210, "address" : "新北市三芝區坪林街114號", "tel" : "(02)26362111", "data_time" : "2026-05-03T08:22:28.480765+08:00"}}, {"type" : "Feature", "geometry" : {"type" : "Point", "coordinates" : [121.5010864,25.2578784]}, "properties" : {"id" : 48, "name" : "新北市三芝區福德里辦公處", "district" : "三芝區", "zip_code" : 65000210, "address" : "新北市三芝區木屐寮32-2號(圓山市民活動中心)", "tel" : "(02)26362111", "data_time" : "2026-05-03T08:22:28.480765+08:00"}}, {"type" : "Feature", "geometry" : {"type" : "Point", "coordinates" : [121.4943614259,25.084431190276]}, "properties" : {"id" : 49, "name" : "新北市三芝區福成社區發展協會", "district" : "三芝區", "zip_code" : 65000210, "address" : "新北市三芝區仁義街228巷12號(五華市民活動中心)", "tel" : null, "data_time" : "2026-05-03T08:22:28.480765+08:00"}}, {"type" : "Feature", "geometry" : {"type" : "Point", "coordinates" : [121.491758,25.264651]}, "properties" : {"id" : 50, "name" : "新北市三芝區興華里辦公處", "district" : "三芝區", "zip_code" : 65000210, "address" : "新北市三芝區茂興店83號之1", "tel" : "(02)26362111", "data_time" : "2026-05-03T08:22:28.480765+08:00"}}, {"type" : "Feature", "geometry" : {"type" : "Point", "coordinates" : [121.5010864,25.2578784]}, "properties" : {"id" : 51, "name" : "新北市三芝區錫板里辦公處", "district" : "三芝區", "zip_code" : 65000210, "address" : "新北市三芝區坪碇路6號(坪林區市民活動中心)", "tel" : "(02)26362111", "data_time" : "2026-05-03T08:22:28.480765+08:00"}}, {"type" : "Feature", "geometry" : {"type" : "Point", "coordinates" : [121.503477,25.245089]}, "properties" : {"id" : 52, "name" : "財團法人新北市智成忠義宮", "district" : "三芝區", "zip_code" : 65000210, "address" : "新北市三芝區埔尾9之1號(福德市民活動中心)", "tel" : "(02)26362218", "data_time" : "2026-05-03T08:22:28.480765+08:00"}}, {"type" : "Feature", "geometry" : {"type" : "Point", "coordinates" : [121.502652979224,25.067877017459]}, "properties" : {"id" : 53, "name" : "三重信安宮", "district" : "三重區", "zip_code" : 65000020, "address" : "新北市三重區長安街112號", "tel" : "(02)29866011", "data_time" : "2026-05-03T08:22:28.480765+08:00"}}, {"type" : "Feature", "geometry" : {"type" : "Point", "coordinates" : [121.488240967266,25.084738011977]}, "properties" : {"id" : 54, "name" : "中華全齡關懷協會(三重文化站)", "district" : "三重區", "zip_code" : 65000020, "address" : "新北市三重區溪尾街327號(慈化市民活動中心)", "tel" : null, "data_time" : "2026-05-03T08:22:28.480765+08:00"}}, {"type" : "Feature", "geometry" : {"type" : "Point", "coordinates" : [121.50235299091,25.072932017535]}, "properties" : {"id" : 55, "name" : "中華全齡關懷協會(三重文化站)", "district" : "三重區", "zip_code" : 65000020, "address" : "新北市三重區秀江街28號(龍濱市民活動中心)", "tel" : null, "data_time" : "2026-05-03T08:22:28.480765+08:00"}}, {"type" : "Feature", "geometry" : {"type" : "Point", "coordinates" : [121.490569962883,25.079031989481]}, "properties" : {"id" : 56, "name" : "中華全齡關懷協會(三重福樂分站)", "district" : "三重區", "zip_code" : 65000020, "address" : "新北市三重區自強路四段84號(廣一市民活動中心)", "tel" : null, "data_time" : "2026-05-03T08:22:28.480765+08:00"}}, {"type" : "Feature", "geometry" : {"type" : "Point", "coordinates" : [121.487577036716,25.078491985369]}, "properties" : {"id" : 57, "name" : "中華全齡關懷協會(三重福樂站)", "district" : "三重區", "zip_code" : 65000020, "address" : "新北市三重區三和路四段125巷85號1樓", "tel" : null, "data_time" : "2026-05-03T08:22:28.480765+08:00"}}, {"type" : "Feature", "geometry" : {"type" : "Point", "coordinates" : [121.489536977135,25.05896298916]}, "properties" : {"id" : 58, "name" : "中華全齡關懷協會(三重福樂站)", "district" : "三重區", "zip_code" : 65000020, "address" : "新北市三重區過圳街7巷5號1樓", "tel" : null, "data_time" : "2026-05-03T08:22:28.480765+08:00"}}, {"type" : "Feature", "geometry" : {"type" : "Point", "coordinates" : [121.498884978471,25.066216981535]}, "properties" : {"id" : 59, "name" : "中華全齡關懷協會(三重福樂站)", "district" : "三重區", "zip_code" : 65000020, "address" : "新北市三重區錦安里16鄰長生街1號1樓", "tel" : null, "data_time" : "2026-05-03T08:22:28.480765+08:00"}}, {"type" : "Feature", "geometry" : {"type" : "Point", "coordinates" : [121.525782338123,24.835614899562]}, "properties" : {"id" : 60, "name" : "台灣樂活社區福田公益協會", "district" : "三重區", "zip_code" : 65000020, "address" : "新北市三重區信福路40號", "tel" : null, "data_time" : "2026-05-03T08:22:28.480765+08:00"}}, {"type" : "Feature", "geometry" : {"type" : "Point", "coordinates" : [121.500800410984,25.064322713327]}, "properties" : {"id" : 61, "name" : "新北市三重區三合社區發展協會", "district" : "三重區", "zip_code" : 65000020, "address" : "新北市三重區中央北路26號4樓(華錦里民休閒處)", "tel" : "(02)82873568", "data_time" : "2026-05-03T08:22:28.480765+08:00"}}, {"type" : "Feature", "geometry" : {"type" : "Point", "coordinates" : [121.370519987014,24.936440016579]}, "properties" : {"id" : 62, "name" : "新北市三重區三民里辦公處", "district" : "三重區", "zip_code" : 65000020, "address" : "新北市三重區文化路142號1樓(新廍市民活動中心)", "tel" : null, "data_time" : "2026-05-03T08:22:28.480765+08:00"}}, {"type" : "Feature", "geometry" : {"type" : "Point", "coordinates" : [121.491033575378,25.066621875131]}, "properties" : {"id" : 63, "name" : "新北市三重區中山里辦公處", "district" : "三重區", "zip_code" : 65000020, "address" : "新北市三重區大同北路186號(大同市民活動中心)", "tel" : "(02)29850601", "data_time" : "2026-05-03T08:22:28.480765+08:00"}}, {"type" : "Feature", "geometry" : {"type" : "Point", "coordinates" : [121.50497186791,25.06409810801]}, "properties" : {"id" : 64, "name" : "新北市三重區中正里辦公處", "district" : "三重區", "zip_code" : 65000020, "address" : "新北市三重區台北橋下橋孔(台北橋市民活動中心)", "tel" : "(02)29767086", "data_time" : "2026-05-03T08:22:28.480765+08:00"}}, {"type" : "Feature", "geometry" : {"type" : "Point", "coordinates" : [121.46870149111,25.045101246112]}, "properties" : {"id" : 65, "name" : "新北市三重區中興里辦公處", "district" : "三重區", "zip_code" : 65000020, "address" : "新北市三重區中興里11鄰重新路5段611號B2", "tel" : null, "data_time" : "2026-05-03T08:22:28.480765+08:00"}}, {"type" : "Feature", "geometry" : {"type" : "Point", "coordinates" : [121.4943614259,25.084431190276]}, "properties" : {"id" : 66, "name" : "新北市三重區五福里辦公處", "district" : "三重區", "zip_code" : 65000020, "address" : "新北市三重區仁義街228巷12號(五華市民活動中心)", "tel" : "(02)29886880", "data_time" : "2026-05-03T08:22:28.480765+08:00"}}, {"type" : "Feature", "geometry" : {"type" : "Point", "coordinates" : [121.492767027343,25.057942995363]}, "properties" : {"id" : 67, "name" : "新北市三重區五華里辦公處", "district" : "三重區", "zip_code" : 65000020, "address" : "新北市三重區中寮街57巷18號(菜寮市民活動中心)", "tel" : "(02)29899369", "data_time" : "2026-05-03T08:22:28.480765+08:00"}}, {"type" : "Feature", "geometry" : {"type" : "Point", "coordinates" : [121.491033575378,25.066621875131]}, "properties" : {"id" : 68, "name" : "新北市三重區五谷里辦公處", "district" : "三重區", "zip_code" : 65000020, "address" : "新北市三重區大同北路186號(大同市民活動中心)", "tel" : "(02)29956721", "data_time" : "2026-05-03T08:22:28.480765+08:00"}}, {"type" : "Feature", "geometry" : {"type" : "Point", "coordinates" : [121.476006070839,25.050547893648]}, "properties" : {"id" : 69, "name" : "新北市三重區五順里辦公處", "district" : "三重區", "zip_code" : 65000020, "address" : "新北市三重區五谷王北街77號(先嗇宮文教活動中心)", "tel" : "(02)29809877", "data_time" : "2026-05-03T08:22:28.480765+08:00"}}, {"type" : "Feature", "geometry" : {"type" : "Point", "coordinates" : [121.483551040983,25.081295019519]}, "properties" : {"id" : 70, "name" : "新北市三重區仁德里辦公處", "district" : "三重區", "zip_code" : 65000020, "address" : "新北市三重區碧華街50號", "tel" : "(02)29755201", "data_time" : "2026-05-03T08:22:28.480765+08:00"}}, {"type" : "Feature", "geometry" : {"type" : "Point", "coordinates" : [121.49082301254,25.057719994829]}, "properties" : {"id" : 71, "name" : "新北市三重區仁忠里辦公處", "district" : "三重區", "zip_code" : 65000020, "address" : "新北市三重區重安街46號", "tel" : "(02)29847778", "data_time" : "2026-05-03T08:22:28.480765+08:00"}}, {"type" : "Feature", "geometry" : {"type" : "Point", "coordinates" : [121.493449984814,25.080094982442]}, "properties" : {"id" : 72, "name" : "新北市三重區仁義里辦公處", "district" : "三重區", "zip_code" : 65000020, "address" : "新北市三重區仁愛街327巷49號", "tel" : "(02)29722837", "data_time" : "2026-05-03T08:22:28.480765+08:00"}}, {"type" : "Feature", "geometry" : {"type" : "Point", "coordinates" : [121.487577036716,25.078491985369]}, "properties" : {"id" : 73, "name" : "新北市三重區仁華里辦公處", "district" : "三重區", "zip_code" : 65000020, "address" : "新北市三重區三和路四段125巷85號1樓", "tel" : "(02)28578497", "data_time" : "2026-05-03T08:22:28.480765+08:00"}}, {"type" : "Feature", "geometry" : {"type" : "Point", "coordinates" : [121.495489281085,25.054978384047]}, "properties" : {"id" : 74, "name" : "新北市三重區介壽里辦公處", "district" : "三重區", "zip_code" : 65000020, "address" : "新北市三重區重安街160-1號(忠孝橋市民活動中心)", "tel" : "(02)29734120", "data_time" : "2026-05-03T08:22:28.480765+08:00"}}, {"type" : "Feature", "geometry" : {"type" : "Point", "coordinates" : [121.495573204707,25.086688397027]}, "properties" : {"id" : 75, "name" : "新北市三重區光明里辦公處", "district" : "三重區", "zip_code" : 65000020, "address" : "新北市三重區環河北路三段86號(重陽橋市民活動中心)", "tel" : "(02)82851391", "data_time" : "2026-05-03T08:22:28.480765+08:00"}}, {"type" : "Feature", "geometry" : {"type" : "Point", "coordinates" : [121.484456035068,25.063850979816]}, "properties" : {"id" : 76, "name" : "新北市三重區光榮里辦公處", "district" : "三重區", "zip_code" : 65000020, "address" : "新北市三重區中華路125號(聯邦市民活動中心)", "tel" : "(02)29721166", "data_time" : "2026-05-03T08:22:28.480765+08:00"}}, {"type" : "Feature", "geometry" : {"type" : "Point", "coordinates" : [121.492767027343,25.057942995363]}, "properties" : {"id" : 77, "name" : "新北市三重區光正里辦公處", "district" : "三重區", "zip_code" : 65000020, "address" : "新北市三重區中寮街57巷18號(菜寮市民活動中心)", "tel" : "(02)29785287", "data_time" : "2026-05-03T08:22:28.480765+08:00"}}, {"type" : "Feature", "geometry" : {"type" : "Point", "coordinates" : [121.484456035068,25.063850979816]}, "properties" : {"id" : 78, "name" : "新北市三重區光田里辦公處", "district" : "三重區", "zip_code" : 65000020, "address" : "新北市三重區中華路125號(聯邦市民活動中心)", "tel" : "(02)29852477", "data_time" : "2026-05-03T08:22:28.480765+08:00"}}, {"type" : "Feature", "geometry" : {"type" : "Point", "coordinates" : [121.485967040754,25.072639992029]}, "properties" : {"id" : 79, "name" : "新北市三重區光華里辦公處", "district" : "三重區", "zip_code" : 65000020, "address" : "新北市三重區自強路三段42巷11號(後竹圍市民活動中心)", "tel" : "(02)29753977", "data_time" : "2026-05-03T08:22:28.480765+08:00"}}, {"type" : "Feature", "geometry" : {"type" : "Point", "coordinates" : [121.483691605499,25.058136994512]}, "properties" : {"id" : 80, "name" : "新北市三重區光輝社區發展協會", "district" : "三重區", "zip_code" : 65000020, "address" : "新北市三重區重陽路一段60巷101號(重陽市民活動中心)", "tel" : "(02)29742094", "data_time" : "2026-05-03T08:22:28.480765+08:00"}}, {"type" : "Feature", "geometry" : {"type" : "Point", "coordinates" : [121.484456035068,25.063850979816]}, "properties" : {"id" : 81, "name" : "新北市三重區光陽里辦公處", "district" : "三重區", "zip_code" : 65000020, "address" : "新北市三重區中華路125號B1(聯邦市民活動中心)", "tel" : "(02)29809019", "data_time" : "2026-05-03T08:22:28.480765+08:00"}}, {"type" : "Feature", "geometry" : {"type" : "Point", "coordinates" : [121.506134973145,25.255938765703]}, "properties" : {"id" : 82, "name" : "新北市三重區六合里辦公處", "district" : "三重區", "zip_code" : 65000020, "address" : "新北市三重區忠孝街25之5號1、2樓", "tel" : null, "data_time" : "2026-05-03T08:22:28.480765+08:00"}}, {"type" : "Feature", "geometry" : {"type" : "Point", "coordinates" : [121.497425018576,25.082004002799]}, "properties" : {"id" : 83, "name" : "新北市三重區六福里辦公處", "district" : "三重區", "zip_code" : 65000020, "address" : "新北市三重區仁義街211巷13號", "tel" : "(02)89819197", "data_time" : "2026-05-03T08:22:28.480765+08:00"}}, {"type" : "Feature", "geometry" : {"type" : "Point", "coordinates" : [121.485966034926,25.071508979924]}, "properties" : {"id" : 84, "name" : "新北市三重區博愛里辦公處", "district" : "三重區", "zip_code" : 65000020, "address" : "新北市三重區忠孝路2段35號B1(培德市民活動中心)", "tel" : "(02)29817675", "data_time" : "2026-05-03T08:22:28.480765+08:00"}}, {"type" : "Feature", "geometry" : {"type" : "Point", "coordinates" : [121.501154965489,25.075111018994]}, "properties" : {"id" : 85, "name" : "新北市三重區厚德里辦公處", "district" : "三重區", "zip_code" : 65000020, "address" : "新北市三重區仁壽街200號&龍門路274巷36號(三德市民活動中心)", "tel" : "(02)29822008", "data_time" : "2026-05-03T08:22:28.480765+08:00"}}, {"type" : "Feature", "geometry" : {"type" : "Point", "coordinates" : [121.494911285813,25.053187899782]}, "properties" : {"id" : 86, "name" : "新北市三重區吉利里辦公處", "district" : "三重區", "zip_code" : 65000020, "address" : "新北市三重區環河南路220之3號", "tel" : "(02)29772815", "data_time" : "2026-05-03T08:22:28.480765+08:00"}}, {"type" : "Feature", "geometry" : {"type" : "Point", "coordinates" : [121.501215985744,25.063644994546]}, "properties" : {"id" : 87, "name" : "新北市三重區同安里辦公處", "district" : "三重區", "zip_code" : 65000020, "address" : "新北市三重區重新路一段87號4樓(重新市民活動中心)", "tel" : "(02)29703252", "data_time" : "2026-05-03T08:22:28.480765+08:00"}}, {"type" : "Feature", "geometry" : {"type" : "Point", "coordinates" : [121.491033575378,25.066621875131]}, "properties" : {"id" : 88, "name" : "新北市三重區培德里辦公處", "district" : "三重區", "zip_code" : 65000020, "address" : "新北市三重區大同北路186號(大同市民活動中心)", "tel" : null, "data_time" : "2026-05-03T08:22:28.480765+08:00"}}, {"type" : "Feature", "geometry" : {"type" : "Point", "coordinates" : [121.490569962883,25.079031989481]}, "properties" : {"id" : 89, "name" : "新北市三重區大同社區發展協會", "district" : "三重區", "zip_code" : 65000020, "address" : "新北市三重區自強路四段84號B1(廣一市民活動中心)", "tel" : "(02)29891987", "data_time" : "2026-05-03T08:22:28.480765+08:00"}}, {"type" : "Feature", "geometry" : {"type" : "Point", "coordinates" : [121.491770586694,25.070696102954]}, "properties" : {"id" : 90, "name" : "新北市三重區大同社區發展協會", "district" : "三重區", "zip_code" : 65000020, "address" : "新北市三重區重陽路四段114巷13號", "tel" : "(02)29891987", "data_time" : "2026-05-03T08:22:28.480765+08:00"}}, {"type" : "Feature", "geometry" : {"type" : "Point", "coordinates" : [121.491033575378,25.066621875131]}, "properties" : {"id" : 91, "name" : "新北市三重區大園里辦公處", "district" : "三重區", "zip_code" : 65000020, "address" : "新北市三重區大同北路186號(大同市民活動中心B1)", "tel" : "(02)89813827", "data_time" : "2026-05-03T08:22:28.480765+08:00"}}, {"type" : "Feature", "geometry" : {"type" : "Point", "coordinates" : [121.492266208628,25.061965596425]}, "properties" : {"id" : 92, "name" : "新北市三重區大德里辦公處", "district" : "三重區", "zip_code" : 65000020, "address" : "新北市三重區中正北路27-1號(新北市三重區中正北路高架路橋下空間)", "tel" : "(02)29752526", "data_time" : "2026-05-03T08:22:28.480765+08:00"}}, {"type" : "Feature", "geometry" : {"type" : "Point", "coordinates" : [121.491033575378,25.066621875131]}, "properties" : {"id" : 93, "name" : "新北市三重區大智社區發展協會", "district" : "三重區", "zip_code" : 65000020, "address" : "新北市三重區大同北路186號(大同市民活動中心)", "tel" : "(02)29850601", "data_time" : "2026-05-03T08:22:28.480765+08:00"}}, {"type" : "Feature", "geometry" : {"type" : "Point", "coordinates" : [121.488214731909,25.063184199418]}, "properties" : {"id" : 94, "name" : "新北市三重區大有里辦公處", "district" : "三重區", "zip_code" : 65000020, "address" : "新北市三重區中正北路20巷3號", "tel" : "(02)29814448", "data_time" : "2026-05-03T08:22:28.480765+08:00"}}, {"type" : "Feature", "geometry" : {"type" : "Point", "coordinates" : [121.499183038948,25.07468899017]}, "properties" : {"id" : 95, "name" : "新北市三重區富福里辦公處", "district" : "三重區", "zip_code" : 65000020, "address" : "新北市三重區仁昌街83號", "tel" : "(02)29813097", "data_time" : "2026-05-03T08:22:28.480765+08:00"}}, {"type" : "Feature", "geometry" : {"type" : "Point", "coordinates" : [121.4792350314,25.066545007316]}, "properties" : {"id" : 96, "name" : "新北市三重區富華里辦公處", "district" : "三重區", "zip_code" : 65000020, "address" : "新北市三重區自由街18巷13號", "tel" : null, "data_time" : "2026-05-03T08:22:28.480765+08:00"}}, {"type" : "Feature", "geometry" : {"type" : "Point", "coordinates" : [121.508618966448,25.016496998731]}, "properties" : {"id" : 97, "name" : "新北市三重區富貴里辦公處", "district" : "三重區", "zip_code" : 65000020, "address" : "新北市三重區環河西路二段9-2號", "tel" : null, "data_time" : "2026-05-03T08:22:28.480765+08:00"}}, {"type" : "Feature", "geometry" : {"type" : "Point", "coordinates" : [121.490812032246,25.07272900784]}, "properties" : {"id" : 98, "name" : "新北市三重區崇德社區發展協會", "district" : "三重區", "zip_code" : 65000020, "address" : "新北市三重區三和路三段170巷49號(厚德市民活動中心)", "tel" : "(02)29811910", "data_time" : "2026-05-03T08:22:28.480765+08:00"}}, {"type" : "Feature", "geometry" : {"type" : "Point", "coordinates" : [121.502652979224,25.067877017459]}, "properties" : {"id" : 99, "name" : "新北市三重區崇德里辦公處", "district" : "三重區", "zip_code" : 65000020, "address" : "新北市三重區長江里3鄰長安街112號", "tel" : "(02)89726351", "data_time" : "2026-05-03T08:22:28.480765+08:00"}}, {"type" : "Feature", "geometry" : {"type" : "Point", "coordinates" : [121.496388009515,25.063001012925]}, "properties" : {"id" : 100, "name" : "新北市三重區平和里辦公處", "district" : "三重區", "zip_code" : 65000020, "address" : "新北市三重區正義北路28巷40號1樓(重新里民活動中心)", "tel" : "(02)29738536", "data_time" : "2026-05-03T08:22:28.480765+08:00"}}, {"type" : "Feature", "geometry" : {"type" : "Point", "coordinates" : [121.488373233698,25.051473800583]}, "properties" : {"id" : 101, "name" : "新北市三重區幸福里辦公處", "district" : "三重區", "zip_code" : 65000020, "address" : "新北市三重區成功路9號1(中興橋市民活動中心)", "tel" : "(02)29850265", "data_time" : "2026-05-03T08:22:28.480765+08:00"}}, {"type" : "Feature", "geometry" : {"type" : "Point", "coordinates" : [121.486989968217,25.078318018968]}, "properties" : {"id" : 102, "name" : "新北市三重區德厚里辦公處", "district" : "三重區", "zip_code" : 65000020, "address" : "新北市三重區三和路四段125巷59號", "tel" : "(02)29997762", "data_time" : "2026-05-03T08:22:28.480765+08:00"}}, {"type" : "Feature", "geometry" : {"type" : "Point", "coordinates" : [121.499503479106,25.072499092236]}, "properties" : {"id" : 103, "name" : "新北市三重區忠孝里辦公處", "district" : "三重區", "zip_code" : 65000020, "address" : "新北市三重區公園街3號", "tel" : "(02)29730087", "data_time" : "2026-05-03T08:22:28.480765+08:00"}}, {"type" : "Feature", "geometry" : {"type" : "Point", "coordinates" : [121.503547998845,25.066580001761]}, "properties" : {"id" : 104, "name" : "新北市三重區慈惠里辦公處", "district" : "三重區", "zip_code" : 65000020, "address" : "新北市三重區開元街1號(開元市民活動中心)", "tel" : "(02)22862522", "data_time" : "2026-05-03T08:22:28.480765+08:00"}}, {"type" : "Feature", "geometry" : {"type" : "Point", "coordinates" : [121.488240967266,25.084738011977]}, "properties" : {"id" : 105, "name" : "新北市三重區慈愛里辦公處", "district" : "三重區", "zip_code" : 65000020, "address" : "新北市三重區溪尾街327號(慈化市民活動中心)", "tel" : "(02)22879957", "data_time" : "2026-05-03T08:22:28.480765+08:00"}}, {"type" : "Feature", "geometry" : {"type" : "Point", "coordinates" : [121.551198196388,24.863484895259]}, "properties" : {"id" : 106, "name" : "新北市三重區慈生里辦公處", "district" : "三重區", "zip_code" : 65000020, "address" : "新北市三重區烏來街34號3樓(新北市烏來區民代表會)", "tel" : "(02)82876626", "data_time" : "2026-05-03T08:22:28.480765+08:00"}}, {"type" : "Feature", "geometry" : {"type" : "Point", "coordinates" : [121.488028403153,25.05761087543]}, "properties" : {"id" : 107, "name" : "新北市三重區慈祐里辦公處", "district" : "三重區", "zip_code" : 65000020, "address" : "新北市三重區重新路四段39-1號4樓", "tel" : "(02)29882975", "data_time" : "2026-05-03T08:22:28.480765+08:00"}}, {"type" : "Feature", "geometry" : {"type" : "Point", "coordinates" : [121.499196030898,25.061319016414]}, "properties" : {"id" : 108, "name" : "新北市三重區成功里辦公處", "district" : "三重區", "zip_code" : 65000020, "address" : "新北市三重區福裕街34號", "tel" : "(02)89731655", "data_time" : "2026-05-03T08:22:28.480765+08:00"}}, {"type" : "Feature", "geometry" : {"type" : "Point", "coordinates" : [121.488566017471,25.067020009769]}, "properties" : {"id" : 109, "name" : "新北市三重區承德里辦公處", "district" : "三重區", "zip_code" : 65000020, "address" : "新北市三重區安慶街322號", "tel" : "(02)29754164", "data_time" : "2026-05-03T08:22:28.480765+08:00"}}, {"type" : "Feature", "geometry" : {"type" : "Point", "coordinates" : [121.49975761841,25.069873502976]}, "properties" : {"id" : 110, "name" : "新北市三重區正安里辦公處", "district" : "三重區", "zip_code" : 65000020, "address" : "新北市三重區萬全街22號", "tel" : "(02)29829802", "data_time" : "2026-05-03T08:22:28.480765+08:00"}}, {"type" : "Feature", "geometry" : {"type" : "Point", "coordinates" : [121.494517001088,25.05916901634]}, "properties" : {"id" : 111, "name" : "新北市三重區正義社區發展協會", "district" : "三重區", "zip_code" : 65000020, "address" : "新北市三重區中正南路80巷3號1-2樓", "tel" : "(02)29839802", "data_time" : "2026-05-03T08:22:28.480765+08:00"}}, {"type" : "Feature", "geometry" : {"type" : "Point", "coordinates" : [121.493465994249,25.066646009249]}, "properties" : {"id" : 112, "name" : "新北市三重區正義社區發展協會", "district" : "三重區", "zip_code" : 65000020, "address" : "新北市三重區大智街45-2號4樓(正安市民活動中心)", "tel" : "(02)29839802", "data_time" : "2026-05-03T08:22:28.480765+08:00"}}, {"type" : "Feature", "geometry" : {"type" : "Point", "coordinates" : [121.489696987667,25.053182996369]}, "properties" : {"id" : 113, "name" : "新北市三重區正義社區發展協會", "district" : "三重區", "zip_code" : 65000020, "address" : "新北市三重區集美街148號2樓、150號4樓", "tel" : "(02)29839802", "data_time" : "2026-05-03T08:22:28.480765+08:00"}}, {"type" : "Feature", "geometry" : {"type" : "Point", "coordinates" : [121.493262321579,25.072955301995]}, "properties" : {"id" : 114, "name" : "新北市三重區民俗文化協會", "district" : "三重區", "zip_code" : 65000020, "address" : "新北市三重區仁愛街75號1-2樓、77號1-2樓\n新北市三重區三和路3段101巷64號", "tel" : "(02)89938693", "data_time" : "2026-05-03T08:22:28.480765+08:00"}}, {"type" : "Feature", "geometry" : {"type" : "Point", "coordinates" : [121.495573204707,25.086688397027]}, "properties" : {"id" : 115, "name" : "新北市三重區民俗文化協會", "district" : "三重區", "zip_code" : 65000020, "address" : "新北市三重區環河北路三段86號(重陽橋市民活動中心)", "tel" : "(02)89938693", "data_time" : "2026-05-03T08:22:28.480765+08:00"}}, {"type" : "Feature", "geometry" : {"type" : "Point", "coordinates" : [121.498884978471,25.066216981535]}, "properties" : {"id" : 116, "name" : "新北市三重區民俗文化協會", "district" : "三重區", "zip_code" : 65000020, "address" : "新北市三重區長生街1號", "tel" : "(02)89938693", "data_time" : "2026-05-03T08:22:28.480765+08:00"}}, {"type" : "Feature", "geometry" : {"type" : "Point", "coordinates" : [121.483782968243,25.068357007144]}, "properties" : {"id" : 117, "name" : "新北市三重區永吉里辦公處", "district" : "三重區", "zip_code" : 65000020, "address" : "新北市三重區中正北路145巷8弄13號", "tel" : "(02)22863864", "data_time" : "2026-05-03T08:22:28.480765+08:00"}}, {"type" : "Feature", "geometry" : {"type" : "Point", "coordinates" : [121.495666830566,25.066248204124]}, "properties" : {"id" : 118, "name" : "新北市三重區永安里辦公處", "district" : "三重區", "zip_code" : 65000020, "address" : "新北市三重區自強路一段158號B1(新北市立圖書館三重分館)", "tel" : null, "data_time" : "2026-05-03T08:22:28.480765+08:00"}}, {"type" : "Feature", "geometry" : {"type" : "Point", "coordinates" : [121.49084203946,25.081762017255]}, "properties" : {"id" : 119, "name" : "新北市三重區永德里辦公處", "district" : "三重區", "zip_code" : 65000020, "address" : "新北市三重區仁愛街425巷9之1號(慈祐市民活動中心)", "tel" : "(02)29869999", "data_time" : "2026-05-03T08:22:28.480765+08:00"}}, {"type" : "Feature", "geometry" : {"type" : "Point", "coordinates" : [121.495666830566,25.066248204124]}, "properties" : {"id" : 120, "name" : "新北市三重區永春里辦公處", "district" : "三重區", "zip_code" : 65000020, "address" : "新北市三重區自強路一段158號B1(新北市立圖書館三重分館)", "tel" : "(02)29780087", "data_time" : "2026-05-03T08:22:28.480765+08:00"}}, {"type" : "Feature", "geometry" : {"type" : "Point", "coordinates" : [121.484043363357,25.0760438748]}, "properties" : {"id" : 121, "name" : "新北市三重區永清里辦公處", "district" : "三重區", "zip_code" : 65000020, "address" : "新北市三重區車路頭街133號(永盛市民活動中心)", "tel" : "(02)22875312", "data_time" : "2026-05-03T08:22:28.480765+08:00"}}, {"type" : "Feature", "geometry" : {"type" : "Point", "coordinates" : [121.506134973145,25.255938765703]}, "properties" : {"id" : 122, "name" : "新北市三重區永煇里辦公處", "district" : "三重區", "zip_code" : 65000020, "address" : "新北市三重區忠孝街25之5號1、2樓", "tel" : null, "data_time" : "2026-05-03T08:22:28.480765+08:00"}}, {"type" : "Feature", "geometry" : {"type" : "Point", "coordinates" : [121.468502591117,25.045900882709]}, "properties" : {"id" : 123, "name" : "新北市三重區永發里辦公處", "district" : "三重區", "zip_code" : 65000020, "address" : "新北市三重區重新路5段609巷10號2樓之2", "tel" : "(02)29845190", "data_time" : "2026-05-03T08:22:28.480765+08:00"}}, {"type" : "Feature", "geometry" : {"type" : "Point", "coordinates" : [121.50235299091,25.072932017535]}, "properties" : {"id" : 124, "name" : "新北市三重區永盛里辦公處", "district" : "三重區", "zip_code" : 65000020, "address" : "新北市三重區秀江街28號(龍濱市民活動中心)", "tel" : "(02)22808026", "data_time" : "2026-05-03T08:22:28.480765+08:00"}}, {"type" : "Feature", "geometry" : {"type" : "Point", "coordinates" : [121.481379708965,25.076514610591]}, "properties" : {"id" : 125, "name" : "新北市三重區永福里辦公處", "district" : "三重區", "zip_code" : 65000020, "address" : "新北市三重區力行路二段162巷55號(永福市民活動中心)", "tel" : "(02)22868660", "data_time" : "2026-05-03T08:22:28.480765+08:00"}}, {"type" : "Feature", "geometry" : {"type" : "Point", "coordinates" : [121.478290977645,25.074573990458]}, "properties" : {"id" : 126, "name" : "新北市三重區永興里辦公處", "district" : "三重區", "zip_code" : 65000020, "address" : "新北市三重區永福街197巷6-1號(永豐市民活動中心)", "tel" : "(02)89727918", "data_time" : "2026-05-03T08:22:28.480765+08:00"}}, {"type" : "Feature", "geometry" : {"type" : "Point", "coordinates" : [121.481379708965,25.076514610591]}, "properties" : {"id" : 127, "name" : "新北市三重區永豐里辦公處", "district" : "三重區", "zip_code" : 65000020, "address" : "新北市三重區力行路二段162巷55號(永福市民活動中心)", "tel" : "(02)82839236", "data_time" : "2026-05-03T08:22:28.480765+08:00"}}, {"type" : "Feature", "geometry" : {"type" : "Point", "coordinates" : [121.484043363357,25.0760438748]}, "properties" : {"id" : 128, "name" : "新北市三重區永順里辦公處", "district" : "三重區", "zip_code" : 65000020, "address" : "新北市三重區車路頭街133號(永盛市民活動中心)", "tel" : "(02)22874945", "data_time" : "2026-05-03T08:22:28.480765+08:00"}}, {"type" : "Feature", "geometry" : {"type" : "Point", "coordinates" : [121.501154965489,25.075111018994]}, "properties" : {"id" : 129, "name" : "新北市三重區清和里辦公處", "district" : "三重區", "zip_code" : 65000020, "address" : "新北市三重區龍門路274巷36號(三德市民活動中心)", "tel" : "(02)29701895", "data_time" : "2026-05-03T08:22:28.480765+08:00"}}, {"type" : "Feature", "geometry" : {"type" : "Point", "coordinates" : [121.483691605499,25.058136994512]}, "properties" : {"id" : 130, "name" : "新北市三重區溪美里辦公處", "district" : "三重區", "zip_code" : 65000020, "address" : "新北市三重區重陽路一段60巷101號(重陽市民活動中心)", "tel" : "(02)89850578", "data_time" : "2026-05-03T08:22:28.480765+08:00"}}, {"type" : "Feature", "geometry" : {"type" : "Point", "coordinates" : [121.497582682174,25.075342317613]}, "properties" : {"id" : 131, "name" : "新北市三重區瑞德里辦公處", "district" : "三重區", "zip_code" : 65000020, "address" : "新北市三重區仁福街64巷22號", "tel" : "(02)29755360", "data_time" : "2026-05-03T08:22:28.480765+08:00"}}, {"type" : "Feature", "geometry" : {"type" : "Point", "coordinates" : [121.50497186791,25.06409810801]}, "properties" : {"id" : 132, "name" : "新北市三重區田中里辦公處", "district" : "三重區", "zip_code" : 65000020, "address" : "新北市三重區台北橋下橋孔(台北橋市民活動中心)", "tel" : "(02)29809555", "data_time" : "2026-05-03T08:22:28.480765+08:00"}}, {"type" : "Feature", "geometry" : {"type" : "Point", "coordinates" : [121.475584880205,25.071082382962]}, "properties" : {"id" : 133, "name" : "新北市三重區田安里辦公處", "district" : "三重區", "zip_code" : 65000020, "address" : "新北市三重區中正北路193巷45號(愛買市民聯誼中心)", "tel" : "(02)89881235", "data_time" : "2026-05-03T08:22:28.480765+08:00"}}, {"type" : "Feature", "geometry" : {"type" : "Point", "coordinates" : [121.478290977645,25.074573990458]}, "properties" : {"id" : 134, "name" : "新北市三重區田心里辦公處", "district" : "三重區", "zip_code" : 65000020, "address" : "新北市三重區永福街197巷6-1號(永豐市民活動中心)", "tel" : "(02)29881269", "data_time" : "2026-05-03T08:22:28.480765+08:00"}}, {"type" : "Feature", "geometry" : {"type" : "Point", "coordinates" : [121.486505578033,25.081104289312]}, "properties" : {"id" : 135, "name" : "新北市三重區碧華里辦公處", "district" : "三重區", "zip_code" : 65000020, "address" : "新北市三重區溪尾街218巷40號", "tel" : "(02)28574627", "data_time" : "2026-05-03T08:22:28.480765+08:00"}}, {"type" : "Feature", "geometry" : {"type" : "Point", "coordinates" : [121.487577036716,25.078491985369]}, "properties" : {"id" : 136, "name" : "新北市三重區福安里辦公處", "district" : "三重區", "zip_code" : 65000020, "address" : "新北市三重區三和路四段125巷85號1樓", "tel" : "(02)29858098", "data_time" : "2026-05-03T08:22:28.480765+08:00"}}, {"type" : "Feature", "geometry" : {"type" : "Point", "coordinates" : [121.488373233698,25.051473800583]}, "properties" : {"id" : 137, "name" : "新北市三重區福星里辦公處", "district" : "三重區", "zip_code" : 65000020, "address" : "新北市三重區成功路9號1(中興橋市民活動中心)", "tel" : "(02)29753377", "data_time" : "2026-05-03T08:22:28.480765+08:00"}}, {"type" : "Feature", "geometry" : {"type" : "Point", "coordinates" : [121.488240967266,25.084738011977]}, "properties" : {"id" : 138, "name" : "新北市三重區福樂里辦公處", "district" : "三重區", "zip_code" : 65000020, "address" : "新北市三重區溪尾街327號(慈化市民活動中心)", "tel" : "(02)22862250", "data_time" : "2026-05-03T08:22:28.480765+08:00"}}, {"type" : "Feature", "geometry" : {"type" : "Point", "coordinates" : [121.485609237702,25.070738013428]}, "properties" : {"id" : 139, "name" : "新北市三重區福民里辦公處", "district" : "三重區", "zip_code" : 65000020, "address" : "新北市三重區忠孝路二段30號(和平市民活動中心)", "tel" : "(02)29764185", "data_time" : "2026-05-03T08:22:28.480765+08:00"}}, {"type" : "Feature", "geometry" : {"type" : "Point", "coordinates" : [121.483480130082,25.06026930877]}, "properties" : {"id" : 140, "name" : "新北市三重區福田里辦公處", "district" : "三重區", "zip_code" : 65000020, "address" : "新北市三重區中華路5號(興華市民活動中心)", "tel" : "(02)29821513", "data_time" : "2026-05-03T08:22:28.480765+08:00"}}, {"type" : "Feature", "geometry" : {"type" : "Point", "coordinates" : [121.485110996983,25.080683685411]}, "properties" : {"id" : 141, "name" : "新北市三重區福華社區發展協會", "district" : "三重區", "zip_code" : 65000020, "address" : "新北市三重區仁美街108巷13號(慈愛市民活動中心)", "tel" : "(02)29824396", "data_time" : "2026-05-03T08:22:28.480765+08:00"}}, {"type" : "Feature", "geometry" : {"type" : "Point", "coordinates" : [121.501087994082,25.070007990613]}, "properties" : {"id" : 142, "name" : "新北市三重區福隆里辦公處", "district" : "三重區", "zip_code" : 65000020, "address" : "新北市三重區萬全街64號", "tel" : "(02)82876666", "data_time" : "2026-05-03T08:22:28.480765+08:00"}}, {"type" : "Feature", "geometry" : {"type" : "Point", "coordinates" : [121.498935772804,25.058804780738]}, "properties" : {"id" : 143, "name" : "新北市三重區秀江里辦公處", "district" : "三重區", "zip_code" : 65000020, "address" : "新北市三重區正義南路62-1號B1(光興市民活動中心)", "tel" : "(02)29757317", "data_time" : "2026-05-03T08:22:28.480765+08:00"}}, {"type" : "Feature", "geometry" : {"type" : "Point", "coordinates" : [121.485967040754,25.072639992029]}, "properties" : {"id" : 144, "name" : "新北市三重區立德里辦公處", "district" : "三重區", "zip_code" : 65000020, "address" : "新北市三重區自強路3段42巷11號(後竹圍市民活動中心)", "tel" : "(02)29885819", "data_time" : "2026-05-03T08:22:28.480765+08:00"}}, {"type" : "Feature", "geometry" : {"type" : "Point", "coordinates" : [121.480666995738,25.029767018291]}, "properties" : {"id" : 145, "name" : "新北市三重區老人會", "district" : "三重區", "zip_code" : 65000020, "address" : "新北市三重區懷德街191巷26弄1號", "tel" : "(02)29817542", "data_time" : "2026-05-03T08:22:28.480765+08:00"}}, {"type" : "Feature", "geometry" : {"type" : "Point", "coordinates" : [121.474625906662,25.069960800498]}, "properties" : {"id" : 146, "name" : "新北市三重區聯邦社區發展協會", "district" : "三重區", "zip_code" : 65000020, "address" : "新北市三重區中正北路428巷22號(里辦公處)", "tel" : "(02)29811910", "data_time" : "2026-05-03T08:22:28.480765+08:00"}}, {"type" : "Feature", "geometry" : {"type" : "Point", "coordinates" : [121.483135801499,25.065538382654]}, "properties" : {"id" : 147, "name" : "新北市三重區聯邦社區發展協會", "district" : "三重區", "zip_code" : 65000020, "address" : "新北市三重區忠孝路三段40巷51號(三民市民活動中心 )", "tel" : "(02)29811910", "data_time" : "2026-05-03T08:22:28.480765+08:00"}}, {"type" : "Feature", "geometry" : {"type" : "Point", "coordinates" : [121.493262321579,25.072955301995]}, "properties" : {"id" : 148, "name" : "新北市三重區自強里辦公處", "district" : "三重區", "zip_code" : 65000020, "address" : "新北市三重區仁愛街75號1-2樓、77號1-2樓\n新北市三重區三和路3段101巷64號", "tel" : "(02)29715209", "data_time" : "2026-05-03T08:22:28.480765+08:00"}}, {"type" : "Feature", "geometry" : {"type" : "Point", "coordinates" : [121.501022028504,25.07588098062]}, "properties" : {"id" : 149, "name" : "新北市三重區萬壽里辦公處", "district" : "三重區", "zip_code" : 65000020, "address" : "新北市三重區河邊北街256巷28號", "tel" : "(02)29762969", "data_time" : "2026-05-03T08:22:28.480765+08:00"}}, {"type" : "Feature", "geometry" : {"type" : "Point", "coordinates" : [121.485776017181,25.053209986097]}, "properties" : {"id" : 150, "name" : "新北市三重區親子協會", "district" : "三重區", "zip_code" : 65000020, "address" : "新北市三重區重新路四段254-1號(重新橋第1市民活動中心)", "tel" : "(02)29885909", "data_time" : "2026-05-03T08:22:28.480765+08:00"}}, {"type" : "Feature", "geometry" : {"type" : "Point", "coordinates" : [121.506134973145,25.255938765703]}, "properties" : {"id" : 151, "name" : "新北市三重區過田里辦公處", "district" : "三重區", "zip_code" : 65000020, "address" : "新北市三重區忠孝街25之5號1、2樓", "tel" : null, "data_time" : "2026-05-03T08:22:28.480765+08:00"}}, {"type" : "Feature", "geometry" : {"type" : "Point", "coordinates" : [121.421378022722,24.965000010545]}, "properties" : {"id" : 152, "name" : "新北市三重區重新社區發展協會", "district" : "三重區", "zip_code" : 65000020, "address" : "新北市三重區民安街22號", "tel" : null, "data_time" : "2026-05-03T08:22:28.480765+08:00"}}, {"type" : "Feature", "geometry" : {"type" : "Point", "coordinates" : [121.487577036716,25.078491985369]}, "properties" : {"id" : 153, "name" : "新北市三重區錦通里辦公處", "district" : "三重區", "zip_code" : 65000020, "address" : "新北市三重區三和路四段125巷85號1樓", "tel" : "(02)29728479", "data_time" : "2026-05-03T08:22:28.480765+08:00"}}, {"type" : "Feature", "geometry" : {"type" : "Point", "coordinates" : [121.468206530884,25.069403949725]}, "properties" : {"id" : 154, "name" : "新北市三重區開元里辦公處", "district" : "三重區", "zip_code" : 65000020, "address" : "新北市三重區疏洪東路二段131號(二重埔市民活動中心)", "tel" : "(02)29739075", "data_time" : "2026-05-03T08:22:28.480765+08:00"}}, {"type" : "Feature", "geometry" : {"type" : "Point", "coordinates" : [121.478221585476,25.048530327762]}, "properties" : {"id" : 155, "name" : "新北市三重區雙園里辦公處", "district" : "三重區", "zip_code" : 65000020, "address" : "新北市三重區重新路五段238號(重新橋第2市民活動中心)", "tel" : "(02)29883277", "data_time" : "2026-05-03T08:22:28.480765+08:00"}}, {"type" : "Feature", "geometry" : {"type" : "Point", "coordinates" : [121.50497186791,25.06409810801]}, "properties" : {"id" : 156, "name" : "新北市三重區順德里辦公處", "district" : "三重區", "zip_code" : 65000020, "address" : "新北市三重區台北橋下橋孔(台北橋市民活動中心)", "tel" : "(02)29786144", "data_time" : "2026-05-03T08:22:28.480765+08:00"}}, {"type" : "Feature", "geometry" : {"type" : "Point", "coordinates" : [121.500800410984,25.064322713327]}, "properties" : {"id" : 157, "name" : "新北市三重區鶴齡協會", "district" : "三重區", "zip_code" : 65000020, "address" : "新北市三重區中央北路26號4樓(華錦里民休閒處)", "tel" : "(02)29805512", "data_time" : "2026-05-03T08:22:28.480765+08:00"}}, {"type" : "Feature", "geometry" : {"type" : "Point", "coordinates" : [121.479379032496,25.067841310551]}, "properties" : {"id" : 158, "name" : "新北市三重活躍樂齡協會", "district" : "三重區", "zip_code" : 65000020, "address" : "新北市三重區三民街256號(福田市民活動中心)", "tel" : "(02)29891010", "data_time" : "2026-05-03T08:22:28.480765+08:00"}}, {"type" : "Feature", "geometry" : {"type" : "Point", "coordinates" : [121.490569962883,25.079031989481]}, "properties" : {"id" : 159, "name" : "新北市三重溪美公共托老中心", "district" : "三重區", "zip_code" : 65000020, "address" : "新北市三重區自強路四段84號B1(廣一市民活動中心)", "tel" : "(02)89859771", "data_time" : "2026-05-03T08:22:28.480765+08:00"}}, {"type" : "Feature", "geometry" : {"type" : "Point", "coordinates" : [121.49082301254,25.057719994829]}, "properties" : {"id" : 160, "name" : "新北市愛笑瑜伽協會", "district" : "三重區", "zip_code" : 65000020, "address" : "新北市三重區重安街46號", "tel" : "(02)89883840", "data_time" : "2026-05-03T08:22:28.480765+08:00"}}, {"type" : "Feature", "geometry" : {"type" : "Point", "coordinates" : [121.545762532179,24.981346481937]}, "properties" : {"id" : 161, "name" : "新北市愛笑瑜伽協會(奕壽站）", "district" : "三重區", "zip_code" : 65000020, "address" : "新北市三重區寶中路65巷59號(寶興市民活動中心)", "tel" : "(02)29172908", "data_time" : "2026-05-03T08:22:28.480765+08:00"}}, {"type" : "Feature", "geometry" : {"type" : "Point", "coordinates" : [121.496388009515,25.063001012925]}, "properties" : {"id" : 162, "name" : "新北市愛笑瑜珈協會(五谷站)", "district" : "三重區", "zip_code" : 65000020, "address" : "新北市三重區正義北路28巷40號1樓(重新里民活動中心)", "tel" : null, "data_time" : "2026-05-03T08:22:28.480765+08:00"}}, {"type" : "Feature", "geometry" : {"type" : "Point", "coordinates" : [121.493262321579,25.072955301995]}, "properties" : {"id" : 163, "name" : "新北市樂來越愛你關懷協會", "district" : "三重區", "zip_code" : 65000020, "address" : "新北市三重區仁愛街75號1-2樓、77號1-2樓\n新北市三重區三和路3段101巷64號", "tel" : null, "data_time" : "2026-05-03T08:22:28.480765+08:00"}}, {"type" : "Feature", "geometry" : {"type" : "Point", "coordinates" : [121.468206530884,25.069403949725]}, "properties" : {"id" : 164, "name" : "新北市歌藝語文發展協會(三重三安站)", "district" : "三重區", "zip_code" : 65000020, "address" : "新北市三重區疏洪東路二段131號(二重埔市民活動中心)", "tel" : null, "data_time" : "2026-05-03T08:22:28.480765+08:00"}}, {"type" : "Feature", "geometry" : {"type" : "Point", "coordinates" : [121.484043363357,25.0760438748]}, "properties" : {"id" : 165, "name" : "新北市歌藝語文發展協會(三重永煇站)", "district" : "三重區", "zip_code" : 65000020, "address" : "新北市三重區車路頭街133號(永盛市民活動中心)", "tel" : null, "data_time" : "2026-05-03T08:22:28.480765+08:00"}}, {"type" : "Feature", "geometry" : {"type" : "Point", "coordinates" : [121.498444006545,25.064037016157]}, "properties" : {"id" : 166, "name" : "新北市玄峯愛心慈善會", "district" : "三重區", "zip_code" : 65000020, "address" : "新北市三重區平安街26號", "tel" : null, "data_time" : "2026-05-03T08:22:28.480765+08:00"}}, {"type" : "Feature", "geometry" : {"type" : "Point", "coordinates" : [121.493244125272,25.067842609746]}, "properties" : {"id" : 167, "name" : "新北市玄峯愛心慈善會", "district" : "三重區", "zip_code" : 65000020, "address" : "新北市三重區正義北路256巷133號", "tel" : null, "data_time" : "2026-05-03T08:22:28.480765+08:00"}}, {"type" : "Feature", "geometry" : {"type" : "Point", "coordinates" : [121.495489281085,25.054978384047]}, "properties" : {"id" : 168, "name" : "新北市玄峯愛心慈善會", "district" : "三重區", "zip_code" : 65000020, "address" : "新北市三重區重安街160-1號(忠孝橋市民活動中心)", "tel" : null, "data_time" : "2026-05-03T08:22:28.480765+08:00"}}, {"type" : "Feature", "geometry" : {"type" : "Point", "coordinates" : [121.502652979224,25.067877017459]}, "properties" : {"id" : 169, "name" : "新北市玄峯愛心慈善會", "district" : "三重區", "zip_code" : 65000020, "address" : "新北市三重區長江里3鄰長安街112號", "tel" : null, "data_time" : "2026-05-03T08:22:28.480765+08:00"}}, {"type" : "Feature", "geometry" : {"type" : "Point", "coordinates" : [121.493262321579,25.072955301995]}, "properties" : {"id" : 170, "name" : "新北市環保志工協會", "district" : "三重區", "zip_code" : 65000020, "address" : "新北市三重區仁愛街75號1-2樓、77號1-2樓\n新北市三重區三和路3段101巷64號", "tel" : null, "data_time" : "2026-05-03T08:22:28.480765+08:00"}}, {"type" : "Feature", "geometry" : {"type" : "Point", "coordinates" : [121.49082301254,25.057719994829]}, "properties" : {"id" : 171, "name" : "新北市環保志工協會", "district" : "三重區", "zip_code" : 65000020, "address" : "新北市三重區重安街46號", "tel" : null, "data_time" : "2026-05-03T08:22:28.480765+08:00"}}, {"type" : "Feature", "geometry" : {"type" : "Point", "coordinates" : [121.502652979224,25.067877017459]}, "properties" : {"id" : 172, "name" : "新北市環保志工協會", "district" : "三重區", "zip_code" : 65000020, "address" : "新北市三重區長江里3鄰長安街112號", "tel" : null, "data_time" : "2026-05-03T08:22:28.480765+08:00"}}, {"type" : "Feature", "geometry" : {"type" : "Point", "coordinates" : [121.487963107176,25.052977807379]}, "properties" : {"id" : 173, "name" : "新北市環保志工協會", "district" : "三重區", "zip_code" : 65000020, "address" : "新北市三重區集美街75巷27號", "tel" : "(02)29723223", "data_time" : "2026-05-03T08:22:28.480765+08:00"}}, {"type" : "Feature", "geometry" : {"type" : "Point", "coordinates" : [121.490651434982,25.053905181146]}, "properties" : {"id" : 174, "name" : "新北市福祉關懷推廣協會", "district" : "三重區", "zip_code" : 65000020, "address" : "新北市三重區集美街126巷47號1樓", "tel" : "(02)29774176", "data_time" : "2026-05-03T08:22:28.480765+08:00"}}, {"type" : "Feature", "geometry" : {"type" : "Point", "coordinates" : [121.49059787462,25.077856092284]}, "properties" : {"id" : 175, "name" : "新北市福齡松青會", "district" : "三重區", "zip_code" : 65000020, "address" : "新北市三重區溪尾街73號4樓", "tel" : null, "data_time" : "2026-05-03T08:22:28.480765+08:00"}}, {"type" : "Feature", "geometry" : {"type" : "Point", "coordinates" : [121.493777968685,25.057689987616]}, "properties" : {"id" : 176, "name" : "社團法人中華民國三重中央浸信協會", "district" : "三重區", "zip_code" : 65000020, "address" : "新北市三重區中寮街114號1-2樓", "tel" : "(02)29789262", "data_time" : "2026-05-03T08:22:28.480765+08:00"}}, {"type" : "Feature", "geometry" : {"type" : "Point", "coordinates" : [121.497740010497,25.059372989954]}, "properties" : {"id" : 177, "name" : "社團法人中華民國長者照顧關懷協會", "district" : "三重區", "zip_code" : 65000020, "address" : "新北市三重區正義南路89巷16號(里辦公處)", "tel" : null, "data_time" : "2026-05-03T08:22:28.480765+08:00"}}, {"type" : "Feature", "geometry" : {"type" : "Point", "coordinates" : [121.468502591117,25.045900882709]}, "properties" : {"id" : 178, "name" : "社團法人中華民國長者照顧關懷協會", "district" : "三重區", "zip_code" : 65000020, "address" : "新北市三重區重新路5段609巷10號2樓之2", "tel" : null, "data_time" : "2026-05-03T08:22:28.480765+08:00"}}, {"type" : "Feature", "geometry" : {"type" : "Point", "coordinates" : [121.498884978471,25.066216981535]}, "properties" : {"id" : 179, "name" : "社團法人中華民國長者照顧關懷協會", "district" : "三重區", "zip_code" : 65000020, "address" : "新北市三重區錦安里16鄰長生街1號1樓", "tel" : null, "data_time" : "2026-05-03T08:22:28.480765+08:00"}}, {"type" : "Feature", "geometry" : {"type" : "Point", "coordinates" : [121.498884978471,25.066216981535]}, "properties" : {"id" : 180, "name" : "社團法人中華民國長者照顧關懷協會", "district" : "三重區", "zip_code" : 65000020, "address" : "新北市三重區錦安里16鄰長生街1號1樓", "tel" : null, "data_time" : "2026-05-03T08:22:28.480765+08:00"}}, {"type" : "Feature", "geometry" : {"type" : "Point", "coordinates" : [121.49380697007,25.070154003366]}, "properties" : {"id" : 181, "name" : "社團法人中華躍樂齡創新服務發展協會", "district" : "三重區", "zip_code" : 65000020, "address" : "新北市三重區六張街66號(六張市民活動中心)", "tel" : "(02)87733752", "data_time" : "2026-05-03T08:22:28.480765+08:00"}}, {"type" : "Feature", "geometry" : {"type" : "Point", "coordinates" : [121.50235299091,25.072932017535]}, "properties" : {"id" : 182, "name" : "社團法人台灣多元社會福利協會(三重過田站)", "district" : "三重區", "zip_code" : 65000020, "address" : "新北市三重區秀江街28號(龍濱市民活動中心)", "tel" : "(02)29711266", "data_time" : "2026-05-03T08:22:28.480765+08:00"}}, {"type" : "Feature", "geometry" : {"type" : "Point", "coordinates" : [121.468502591117,25.045900882709]}, "properties" : {"id" : 183, "name" : "社團法人台灣多元社會福利協會(三重過田站)", "district" : "三重區", "zip_code" : 65000020, "address" : "新北市三重區重新路5段609巷10號2樓之2", "tel" : "(02)29711266", "data_time" : "2026-05-03T08:22:28.480765+08:00"}}, {"type" : "Feature", "geometry" : {"type" : "Point", "coordinates" : [121.498073107329,25.06479080071]}, "properties" : {"id" : 184, "name" : "社團法人新北市國度關懷協會", "district" : "三重區", "zip_code" : 65000020, "address" : "新北市三重區信義西街1號一巷信義公園內聯歡聽", "tel" : "(02)29862747", "data_time" : "2026-05-03T08:22:28.480765+08:00"}}, {"type" : "Feature", "geometry" : {"type" : "Point", "coordinates" : [121.484456035068,25.063850979816]}, "properties" : {"id" : 185, "name" : "社團法人新北市恩典慈善協會", "district" : "三重區", "zip_code" : 65000020, "address" : "新北市三重區中華路125號(聯邦市民活動中心)", "tel" : "(02)29735089", "data_time" : "2026-05-03T08:22:28.480765+08:00"}}, {"type" : "Feature", "geometry" : {"type" : "Point", "coordinates" : [121.49380697007,25.070154003366]}, "properties" : {"id" : 186, "name" : "社團法人新北市恩典慈善協會", "district" : "三重區", "zip_code" : 65000020, "address" : "新北市三重區六張街66號(六張市民活動中心)", "tel" : "(02)29735089", "data_time" : "2026-05-03T08:22:28.480765+08:00"}}, {"type" : "Feature", "geometry" : {"type" : "Point", "coordinates" : [121.49082301254,25.057719994829]}, "properties" : {"id" : 187, "name" : "社團法人新北市恩典慈善協會", "district" : "三重區", "zip_code" : 65000020, "address" : "新北市三重區重安街46號", "tel" : "(02)29735089", "data_time" : "2026-05-03T08:22:28.480765+08:00"}}, {"type" : "Feature", "geometry" : {"type" : "Point", "coordinates" : [121.497534989145,25.068238989947]}, "properties" : {"id" : 188, "name" : "社團法人新北市恩典慈善協會", "district" : "三重區", "zip_code" : 65000020, "address" : "新北市三重區雙園街1號(正義市民活動中心)", "tel" : "(02)29735089", "data_time" : "2026-05-03T08:22:28.480765+08:00"}}, {"type" : "Feature", "geometry" : {"type" : "Point", "coordinates" : [121.498073107329,25.06479080071]}, "properties" : {"id" : 189, "name" : "財團法人白陽山慈善基金會", "district" : "三重區", "zip_code" : 65000020, "address" : "新北市三重區信義西街1號一巷信義公園內鎮安宮", "tel" : "(02)29998790", "data_time" : "2026-05-03T08:22:28.480765+08:00"}}, {"type" : "Feature", "geometry" : {"type" : "Point", "coordinates" : [121.496388009515,25.063001012925]}, "properties" : {"id" : 190, "name" : "財團法人白陽山慈善基金會", "district" : "三重區", "zip_code" : 65000020, "address" : "新北市三重區正義北路28巷40號1樓(重新里民活動中心)", "tel" : "(02)29998790", "data_time" : "2026-05-03T08:22:28.480765+08:00"}}, {"type" : "Feature", "geometry" : {"type" : "Point", "coordinates" : [121.495666830566,25.066248204124]}, "properties" : {"id" : 191, "name" : "財團法人白陽山慈善基金會", "district" : "三重區", "zip_code" : 65000020, "address" : "新北市三重區自強路一段158號B1(新北市立圖書館三重分館)", "tel" : "(02)29998790", "data_time" : "2026-05-03T08:22:28.480765+08:00"}}, {"type" : "Feature", "geometry" : {"type" : "Point", "coordinates" : [121.467935974462,25.027234007151]}, "properties" : {"id" : 192, "name" : "鎮安宮", "district" : "三重區", "zip_code" : 65000020, "address" : "新北市三重區光武街48巷47弄7號2樓", "tel" : "(02)29857672", "data_time" : "2026-05-03T08:22:28.480765+08:00"}}, {"type" : "Feature", "geometry" : {"type" : "Point", "coordinates" : [121.497370033291,24.993037979581]}, "properties" : {"id" : 193, "name" : "中華民國緬甸歸僑協會", "district" : "中和區", "zip_code" : 65000030, "address" : "新北市中和區中正路211巷13弄4號", "tel" : "(02)89417794", "data_time" : "2026-05-03T08:22:28.480765+08:00"}}, {"type" : "Feature", "geometry" : {"type" : "Point", "coordinates" : [121.472336808905,25.005948918409]}, "properties" : {"id" : 194, "name" : "南山放生寺", "district" : "中和區", "zip_code" : 65000030, "address" : "新北市中和區莒光路3巷6號", "tel" : "(02)29421997", "data_time" : "2026-05-03T08:22:28.480765+08:00"}}, {"type" : "Feature", "geometry" : {"type" : "Point", "coordinates" : [121.488677999698,24.990094003729]}, "properties" : {"id" : 195, "name" : "台北瑞士琉森社區管理委員會", "district" : "中和區", "zip_code" : 65000030, "address" : "新北市中和區圓通路294巷13號(錦中市民活動中心)", "tel" : null, "data_time" : "2026-05-03T08:22:28.480765+08:00"}}, {"type" : "Feature", "geometry" : {"type" : "Point", "coordinates" : [121.513943989535,24.996820020022]}, "properties" : {"id" : 196, "name" : "台貿一城公寓大廈管理委員會", "district" : "中和區", "zip_code" : 65000030, "address" : "新北市中和區安樂路143巷3號", "tel" : "(02)22494737", "data_time" : "2026-05-03T08:22:28.480765+08:00"}}, {"type" : "Feature", "geometry" : {"type" : "Point", "coordinates" : [121.472336808905,25.005948918409]}, "properties" : {"id" : 197, "name" : "新北市中和區世紀皇家管理委員會", "district" : "中和區", "zip_code" : 65000030, "address" : "新北市中和區莒光路3巷6號", "tel" : "(02)22466189", "data_time" : "2026-05-03T08:22:28.480765+08:00"}}, {"type" : "Feature", "geometry" : {"type" : "Point", "coordinates" : [121.508386033358,24.983752004329]}, "properties" : {"id" : 198, "name" : "新北市中和區中安里辦公處", "district" : "中和區", "zip_code" : 65000030, "address" : "新北市中和區華新街75號7樓", "tel" : null, "data_time" : "2026-05-03T08:22:28.480765+08:00"}}, {"type" : "Feature", "geometry" : {"type" : "Point", "coordinates" : [121.526550791006,24.991803115696]}, "properties" : {"id" : 199, "name" : "新北市中和區中正里辦公處", "district" : "中和區", "zip_code" : 65000030, "address" : "新北市中和區成功路97巷7號2樓(尖山腳市民活動中心)", "tel" : "(02)22227846", "data_time" : "2026-05-03T08:22:28.480765+08:00"}}, {"type" : "Feature", "geometry" : {"type" : "Point", "coordinates" : [121.492228741521,24.988356016105]}, "properties" : {"id" : 200, "name" : "新北市中和區仁和里辦公處", "district" : "中和區", "zip_code" : 65000030, "address" : "新北市中和區圓通路367巷7號", "tel" : "(02)22238312", "data_time" : "2026-05-03T08:22:28.480765+08:00"}}, {"type" : "Feature", "geometry" : {"type" : "Point", "coordinates" : [121.501555033727,25.001856999007]}, "properties" : {"id" : 201, "name" : "新北市中和區內南里辦公處", "district" : "中和區", "zip_code" : 65000030, "address" : "新北市中和區廟美街6巷3號1-2樓", "tel" : "(02)86686688", "data_time" : "2026-05-03T08:22:28.480765+08:00"}}, {"type" : "Feature", "geometry" : {"type" : "Point", "coordinates" : [121.504158033758,24.996746007817]}, "properties" : {"id" : 202, "name" : "新北市中和區南山里辦公處", "district" : "中和區", "zip_code" : 65000030, "address" : "新北市中和區南華路48號2樓/明禮街46號2樓(景文市民活動中心)", "tel" : "(02)22471155", "data_time" : "2026-05-03T08:22:28.480765+08:00"}}, {"type" : "Feature", "geometry" : {"type" : "Point", "coordinates" : [121.502382998123,24.991105992809]}, "properties" : {"id" : 203, "name" : "新北市中和區原住民族發展協進會", "district" : "中和區", "zip_code" : 65000030, "address" : "新北市中和區復興路280巷6號", "tel" : null, "data_time" : "2026-05-03T08:22:28.480765+08:00"}}, {"type" : "Feature", "geometry" : {"type" : "Point", "coordinates" : [121.472336808905,25.005948918409]}, "properties" : {"id" : 204, "name" : "新北市中和區嘉慶里辦公處", "district" : "中和區", "zip_code" : 65000030, "address" : "新北市中和區莒光路3巷6號", "tel" : "(02)22214414", "data_time" : "2026-05-03T08:22:28.480765+08:00"}}, {"type" : "Feature", "geometry" : {"type" : "Point", "coordinates" : [121.483836025691,24.995501001829]}, "properties" : {"id" : 205, "name" : "新北市中和區壽德里辦公處", "district" : "中和區", "zip_code" : 65000030, "address" : "新北市中和區連城路469巷7弄2號", "tel" : "(02)29647071", "data_time" : "2026-05-03T08:22:28.480765+08:00"}}, {"type" : "Feature", "geometry" : {"type" : "Point", "coordinates" : [121.512318989966,25.00176500762]}, "properties" : {"id" : 206, "name" : "新北市中和區大統星鑽社區管理委員會", "district" : "中和區", "zip_code" : 65000030, "address" : "新北市中和區中安街85號", "tel" : "(02)29425448", "data_time" : "2026-05-03T08:22:28.480765+08:00"}}, {"type" : "Feature", "geometry" : {"type" : "Point", "coordinates" : [121.498036813688,25.001886419487]}, "properties" : {"id" : 207, "name" : "新北市中和區安和里辦公處", "district" : "中和區", "zip_code" : 65000030, "address" : "新北市中和區連城路54號(連和市民活動中心)", "tel" : "(02)29481727", "data_time" : "2026-05-03T08:22:28.480765+08:00"}}, {"type" : "Feature", "geometry" : {"type" : "Point", "coordinates" : [121.501281029313,25.001522016247]}, "properties" : {"id" : 208, "name" : "新北市中和區安穗里辦公處", "district" : "中和區", "zip_code" : 65000030, "address" : "新北市中和區廟美街6巷3號5樓", "tel" : "(02)22229736", "data_time" : "2026-05-03T08:22:28.480765+08:00"}}, {"type" : "Feature", "geometry" : {"type" : "Point", "coordinates" : [121.504158033758,24.996746007817]}, "properties" : {"id" : 209, "name" : "新北市中和區宜安里辦公處", "district" : "中和區", "zip_code" : 65000030, "address" : "新北市中和區南華路48號2樓/明禮街46號2樓(景文市民活動中心)", "tel" : null, "data_time" : "2026-05-03T08:22:28.480765+08:00"}}, {"type" : "Feature", "geometry" : {"type" : "Point", "coordinates" : [121.519522984288,24.991771013006]}, "properties" : {"id" : 210, "name" : "新北市中和區宜安里辦公處", "district" : "中和區", "zip_code" : 65000030, "address" : "新北市中和區景平路116-2號", "tel" : null, "data_time" : "2026-05-03T08:22:28.480765+08:00"}}, {"type" : "Feature", "geometry" : {"type" : "Point", "coordinates" : [121.472022068441,24.998898983467]}, "properties" : {"id" : 211, "name" : "新北市中和區宜安里辦公處", "district" : "中和區", "zip_code" : 65000030, "address" : "新北市中和區莒光路200號之3(莒西市民活動中心)", "tel" : null, "data_time" : "2026-05-03T08:22:28.480765+08:00"}}, {"type" : "Feature", "geometry" : {"type" : "Point", "coordinates" : [121.509258002746,24.99707902083]}, "properties" : {"id" : 212, "name" : "新北市中和區尖山腳社區發展協會", "district" : "中和區", "zip_code" : 65000030, "address" : "新北市中和區保健路44巷2號(安和市民活動中心)", "tel" : "(02)29426140", "data_time" : "2026-05-03T08:22:28.480765+08:00"}}, {"type" : "Feature", "geometry" : {"type" : "Point", "coordinates" : [121.492624367351,24.987825483544]}, "properties" : {"id" : 213, "name" : "新北市中和區崇南里辦公處", "district" : "中和區", "zip_code" : 65000030, "address" : "新北市中和區圓通路367巷15-5號5樓(錦昌市民活動中心)", "tel" : "(02)29442606", "data_time" : "2026-05-03T08:22:28.480765+08:00"}}, {"type" : "Feature", "geometry" : {"type" : "Point", "coordinates" : [121.502382998123,24.991105992809]}, "properties" : {"id" : 214, "name" : "新北市中和區平河里辦公處", "district" : "中和區", "zip_code" : 65000030, "address" : "新北市中和區復興路280巷6號", "tel" : "(02)22233989", "data_time" : "2026-05-03T08:22:28.480765+08:00"}}, {"type" : "Feature", "geometry" : {"type" : "Point", "coordinates" : [121.480315039624,25.010742989839]}, "properties" : {"id" : 215, "name" : "新北市中和區復興里辦公處", "district" : "中和區", "zip_code" : 65000030, "address" : "新北市中和區中正路1206巷2號", "tel" : "(02)22425205", "data_time" : "2026-05-03T08:22:28.480765+08:00"}}, {"type" : "Feature", "geometry" : {"type" : "Point", "coordinates" : [121.481887987574,25.002536980902]}, "properties" : {"id" : 216, "name" : "新北市中和區復興里辦公處", "district" : "中和區", "zip_code" : 65000030, "address" : "新北市中和區員山路294巷7號(安穗市民活動中心)", "tel" : "(02)22425205", "data_time" : "2026-05-03T08:22:28.480765+08:00"}}, {"type" : "Feature", "geometry" : {"type" : "Point", "coordinates" : [121.52556097206,24.994631002189]}, "properties" : {"id" : 217, "name" : "新北市中和區復興里辦公處", "district" : "中和區", "zip_code" : 65000030, "address" : "新北市中和區秀朗路三段66巷23號", "tel" : "(02)22425205", "data_time" : "2026-05-03T08:22:28.480765+08:00"}}, {"type" : "Feature", "geometry" : {"type" : "Point", "coordinates" : [121.478607981223,24.999568990897]}, "properties" : {"id" : 218, "name" : "新北市中和區德行里辦公處", "district" : "中和區", "zip_code" : 65000030, "address" : "新北市中和區民安街65巷2號(民安第1市民活動中心)", "tel" : "(02)22478548", "data_time" : "2026-05-03T08:22:28.480765+08:00"}}, {"type" : "Feature", "geometry" : {"type" : "Point", "coordinates" : [121.469321000143,25.000868018251]}, "properties" : {"id" : 219, "name" : "新北市中和區慈心關懷協會", "district" : "中和區", "zip_code" : 65000030, "address" : "新北市中和區國光街125號", "tel" : "(02)82287617", "data_time" : "2026-05-03T08:22:28.480765+08:00"}}, {"type" : "Feature", "geometry" : {"type" : "Point", "coordinates" : [121.513943989535,24.996820020022]}, "properties" : {"id" : 220, "name" : "新北市中和區文元里辦公處", "district" : "中和區", "zip_code" : 65000030, "address" : "新北市中和區安樂路143巷3號", "tel" : "(02)22210377", "data_time" : "2026-05-03T08:22:28.480765+08:00"}}, {"type" : "Feature", "geometry" : {"type" : "Point", "coordinates" : [121.505530821861,25.002672683915]}, "properties" : {"id" : 221, "name" : "新北市中和區明德里辦公處", "district" : "中和區", "zip_code" : 65000030, "address" : "新北市中和區廣福路39號", "tel" : "(02)29512201", "data_time" : "2026-05-03T08:22:28.480765+08:00"}}, {"type" : "Feature", "geometry" : {"type" : "Point", "coordinates" : [121.464670971718,24.996000018435]}, "properties" : {"id" : 222, "name" : "新北市中和區明穗里辦公處", "district" : "中和區", "zip_code" : 65000030, "address" : "新北市中和區華順街138號(壽德市民活動中心)", "tel" : "(02)22281389", "data_time" : "2026-05-03T08:22:28.480765+08:00"}}, {"type" : "Feature", "geometry" : {"type" : "Point", "coordinates" : [121.501281029313,25.001522016247]}, "properties" : {"id" : 223, "name" : "新北市中和區景南里辦公處", "district" : "中和區", "zip_code" : 65000030, "address" : "新北市中和區廟美街6巷3號5樓", "tel" : "(02)29462889", "data_time" : "2026-05-03T08:22:28.480765+08:00"}}, {"type" : "Feature", "geometry" : {"type" : "Point", "coordinates" : [121.495974027317,24.997879702131]}, "properties" : {"id" : 224, "name" : "新北市中和區景安里辦公處", "district" : "中和區", "zip_code" : 65000030, "address" : "新北市中和區安邦街18號2樓(連成市民活動中心)", "tel" : "(02)29476575", "data_time" : "2026-05-03T08:22:28.480765+08:00"}}, {"type" : "Feature", "geometry" : {"type" : "Point", "coordinates" : [121.474073036329,25.003591005226]}, "properties" : {"id" : 225, "name" : "新北市中和區景平里辦公處", "district" : "中和區", "zip_code" : 65000030, "address" : "新北市中和區民享街37號2樓", "tel" : "(02)29411719", "data_time" : "2026-05-03T08:22:28.480765+08:00"}}, {"type" : "Feature", "geometry" : {"type" : "Point", "coordinates" : [121.48518651793,24.971039716607]}, "properties" : {"id" : 226, "name" : "新北市中和區景文里辦公處", "district" : "中和區", "zip_code" : 65000030, "address" : "新北市中和區興南路3段112號", "tel" : "(02)22480383", "data_time" : "2026-05-03T08:22:28.480765+08:00"}}, {"type" : "Feature", "geometry" : {"type" : "Point", "coordinates" : [121.488745725476,24.996510392519]}, "properties" : {"id" : 227, "name" : "新北市中和區景文里辦公處", "district" : "中和區", "zip_code" : 65000030, "address" : "新北市中和區連城路236號4樓", "tel" : "(02)22480383", "data_time" : "2026-05-03T08:22:28.480765+08:00"}}, {"type" : "Feature", "geometry" : {"type" : "Point", "coordinates" : [121.507365033732,24.997690019662]}, "properties" : {"id" : 228, "name" : "新北市中和區景本里辦公處", "district" : "中和區", "zip_code" : 65000030, "address" : "新北市中和區保健路2巷15號", "tel" : "(02)29471217", "data_time" : "2026-05-03T08:22:28.480765+08:00"}}, {"type" : "Feature", "geometry" : {"type" : "Point", "coordinates" : [121.518501230291,24.990915681697]}, "properties" : {"id" : 229, "name" : "新北市中和區景福里辦公處", "district" : "中和區", "zip_code" : 65000030, "address" : "新北市中和區景德街25號(秀峰市民活動中心)", "tel" : "(02)29497918", "data_time" : "2026-05-03T08:22:28.480765+08:00"}}, {"type" : "Feature", "geometry" : {"type" : "Point", "coordinates" : [121.489536977135,25.05896298916]}, "properties" : {"id" : 230, "name" : "新北市中和區東南里辦公處", "district" : "中和區", "zip_code" : 65000030, "address" : "新北市中和區過圳街7巷5號1樓", "tel" : "(02)29451515", "data_time" : "2026-05-03T08:22:28.480765+08:00"}}, {"type" : "Feature", "geometry" : {"type" : "Point", "coordinates" : [121.493129041741,24.983336010474]}, "properties" : {"id" : 231, "name" : "新北市中和區橫路里辦公處", "district" : "中和區", "zip_code" : 65000030, "address" : "新北市中和區圓通路367巷臨66之1號", "tel" : null, "data_time" : "2026-05-03T08:22:28.480765+08:00"}}, {"type" : "Feature", "geometry" : {"type" : "Point", "coordinates" : [121.518501230291,24.990915681697]}, "properties" : {"id" : 232, "name" : "新北市中和區民享里辦公處", "district" : "中和區", "zip_code" : 65000030, "address" : "新北市中和區景德街25號(秀峰市民活動中心)", "tel" : null, "data_time" : "2026-05-03T08:22:28.480765+08:00"}}, {"type" : "Feature", "geometry" : {"type" : "Point", "coordinates" : [121.506688027413,24.989749004594]}, "properties" : {"id" : 233, "name" : "新北市中和區民安社區發展協會", "district" : "中和區", "zip_code" : 65000030, "address" : "新北市中和區南山路236號8樓", "tel" : null, "data_time" : "2026-05-03T08:22:28.480765+08:00"}}, {"type" : "Feature", "geometry" : {"type" : "Point", "coordinates" : [121.472022068441,24.998898983467]}, "properties" : {"id" : 234, "name" : "新北市中和區民安社區發展協會", "district" : "中和區", "zip_code" : 65000030, "address" : "新北市中和區莒光路200號之3(莒西市民活動中心)", "tel" : null, "data_time" : "2026-05-03T08:22:28.480765+08:00"}}, {"type" : "Feature", "geometry" : {"type" : "Point", "coordinates" : [121.471950989902,25.001298009884]}, "properties" : {"id" : 235, "name" : "新北市中和區民安里辦公處", "district" : "中和區", "zip_code" : 65000030, "address" : "新北市中和區莒光路莒光路120巷15弄7號(莒西市民活動中心)", "tel" : "(02)32345533", "data_time" : "2026-05-03T08:22:28.480765+08:00"}}, {"type" : "Feature", "geometry" : {"type" : "Point", "coordinates" : [121.509607863384,24.988782990253]}, "properties" : {"id" : 236, "name" : "新北市中和區民有里辦公處", "district" : "中和區", "zip_code" : 65000030, "address" : "新北市中和區興南路一段108號2樓", "tel" : "(02)22261299", "data_time" : "2026-05-03T08:22:28.480765+08:00"}}, {"type" : "Feature", "geometry" : {"type" : "Point", "coordinates" : [121.518101329691,24.995043601373]}, "properties" : {"id" : 237, "name" : "新北市中和區民生里辦公處", "district" : "中和區", "zip_code" : 65000030, "address" : "新北市中和區大勇街78號2樓", "tel" : "(02)29572233", "data_time" : "2026-05-03T08:22:28.480765+08:00"}}, {"type" : "Feature", "geometry" : {"type" : "Point", "coordinates" : [121.512229387421,24.984733902376]}, "properties" : {"id" : 238, "name" : "新北市中和區民生里辦公處", "district" : "中和區", "zip_code" : 65000030, "address" : "新北市中和區忠孝街108號", "tel" : "(02)29572233", "data_time" : "2026-05-03T08:22:28.480765+08:00"}}, {"type" : "Feature", "geometry" : {"type" : "Point", "coordinates" : [121.511234204057,24.983383913051]}, "properties" : {"id" : 239, "name" : "新北市中和區泰安里辦公處", "district" : "中和區", "zip_code" : 65000030, "address" : "新北市中和區忠孝街48號2樓(飛駝市民活動中心)", "tel" : "(02)29427002", "data_time" : "2026-05-03T08:22:28.480765+08:00"}}, {"type" : "Feature", "geometry" : {"type" : "Point", "coordinates" : [121.472022068441,24.998898983467]}, "properties" : {"id" : 240, "name" : "新北市中和區碧湖社區發展協會", "district" : "中和區", "zip_code" : 65000030, "address" : "新北市中和區莒光路200號之3(莒西市民活動中心)", "tel" : "(02)22421288", "data_time" : "2026-05-03T08:22:28.480765+08:00"}}, {"type" : "Feature", "geometry" : {"type" : "Point", "coordinates" : [121.487624981202,24.996072982902]}, "properties" : {"id" : 241, "name" : "新北市中和區碧湖社區發展協會", "district" : "中和區", "zip_code" : 65000030, "address" : "新北市中和區連城路361號2樓", "tel" : "(02)22421288", "data_time" : "2026-05-03T08:22:28.480765+08:00"}}, {"type" : "Feature", "geometry" : {"type" : "Point", "coordinates" : [121.488138037495,24.994938995221]}, "properties" : {"id" : 242, "name" : "新北市中和區碧湖社區發展協會(碧湖市民活動中心)", "district" : "中和區", "zip_code" : 65000030, "address" : "新北市中和區連城路347巷16弄13號", "tel" : "(02)22421288", "data_time" : "2026-05-03T08:22:28.480765+08:00"}}, {"type" : "Feature", "geometry" : {"type" : "Point", "coordinates" : [121.511692023609,24.98908800771]}, "properties" : {"id" : 243, "name" : "新北市中和區福和里辦公處", "district" : "中和區", "zip_code" : 65000030, "address" : "新北市中和區信義街41巷12號(興南市民活動中心)", "tel" : "(02)82455789", "data_time" : "2026-05-03T08:22:28.480765+08:00"}}, {"type" : "Feature", "geometry" : {"type" : "Point", "coordinates" : [121.499603978125,25.006978006571]}, "properties" : {"id" : 244, "name" : "新北市中和區福美里辦公處", "district" : "中和區", "zip_code" : 65000030, "address" : "新北市中和區勝利路35巷9弄4號1樓", "tel" : "(02)82459506", "data_time" : "2026-05-03T08:22:28.480765+08:00"}}, {"type" : "Feature", "geometry" : {"type" : "Point", "coordinates" : [121.499603978125,25.006978006571]}, "properties" : {"id" : 245, "name" : "新北市中和區福美里辦公處", "district" : "中和區", "zip_code" : 65000030, "address" : "新北市中和區勝利路35巷9弄4號1樓", "tel" : "(02)82459506", "data_time" : "2026-05-03T08:22:28.480765+08:00"}}, {"type" : "Feature", "geometry" : {"type" : "Point", "coordinates" : [121.468396979137,24.998260994907]}, "properties" : {"id" : 246, "name" : "新北市中和區福美里辦公處", "district" : "中和區", "zip_code" : 65000030, "address" : "新北市中和區民德路197號2樓(民德市民活動中心)", "tel" : "(02)82459506", "data_time" : "2026-05-03T08:22:28.480765+08:00"}}, {"type" : "Feature", "geometry" : {"type" : "Point", "coordinates" : [121.513038324897,24.989857089235]}, "properties" : {"id" : 247, "name" : "新北市中和區秀士里辦公處", "district" : "中和區", "zip_code" : 65000030, "address" : "新北市中和區景新街399巷12號", "tel" : "(02)29444488", "data_time" : "2026-05-03T08:22:28.480765+08:00"}}, {"type" : "Feature", "geometry" : {"type" : "Point", "coordinates" : [121.513483613188,24.986199681569]}, "properties" : {"id" : 248, "name" : "新北市中和區秀峰里辦公處", "district" : "中和區", "zip_code" : 65000030, "address" : "新北市中和區景新街496巷35巷1-1號2樓", "tel" : "(02)29416936", "data_time" : "2026-05-03T08:22:28.480765+08:00"}}, {"type" : "Feature", "geometry" : {"type" : "Point", "coordinates" : [121.498444006545,25.064037016157]}, "properties" : {"id" : 249, "name" : "新北市中和區秀水里辦公處", "district" : "中和區", "zip_code" : 65000030, "address" : "新北市中和區平安街26號", "tel" : "(02)29466323", "data_time" : "2026-05-03T08:22:28.480765+08:00"}}, {"type" : "Feature", "geometry" : {"type" : "Point", "coordinates" : [121.525022015686,24.993998000861]}, "properties" : {"id" : 250, "name" : "新北市中和區秀義里辦公處", "district" : "中和區", "zip_code" : 65000030, "address" : "新北市中和區秀朗路三段128巷38弄8號1樓", "tel" : null, "data_time" : "2026-05-03T08:22:28.480765+08:00"}}, {"type" : "Feature", "geometry" : {"type" : "Point", "coordinates" : [121.505362010331,24.98264299472]}, "properties" : {"id" : 251, "name" : "新北市中和區秀義里辦公處", "district" : "中和區", "zip_code" : 65000030, "address" : "新北市中和區興南路二段159巷28號(頂南市民活動中心)", "tel" : null, "data_time" : "2026-05-03T08:22:28.480765+08:00"}}, {"type" : "Feature", "geometry" : {"type" : "Point", "coordinates" : [121.50928096916,24.980267018536]}, "properties" : {"id" : 252, "name" : "新北市中和區積穗里辦公處", "district" : "中和區", "zip_code" : 65000030, "address" : "新北市中和區華新街109巷30號", "tel" : "(02)22216408", "data_time" : "2026-05-03T08:22:28.480765+08:00"}}, {"type" : "Feature", "geometry" : {"type" : "Point", "coordinates" : [121.479208712224,25.004517205527]}, "properties" : {"id" : 253, "name" : "新北市中和區老人會", "district" : "中和區", "zip_code" : 65000030, "address" : "新北市中和區員山路455巷10號(積穗市民活動中心)", "tel" : "(02)22492338", "data_time" : "2026-05-03T08:22:28.480765+08:00"}}, {"type" : "Feature", "geometry" : {"type" : "Point", "coordinates" : [121.518101329691,24.995043601373]}, "properties" : {"id" : 254, "name" : "新北市中和區老人會", "district" : "中和區", "zip_code" : 65000030, "address" : "新北市中和區大勇街78號2樓", "tel" : "(02)22492338", "data_time" : "2026-05-03T08:22:28.480765+08:00"}}, {"type" : "Feature", "geometry" : {"type" : "Point", "coordinates" : [121.472022068441,24.998898983467]}, "properties" : {"id" : 255, "name" : "新北市中和區老人會", "district" : "中和區", "zip_code" : 65000030, "address" : "新北市中和區莒光路200號之3(莒西市民活動中心)", "tel" : "(02)22492338", "data_time" : "2026-05-03T08:22:28.480765+08:00"}}, {"type" : "Feature", "geometry" : {"type" : "Point", "coordinates" : [121.499117241008,24.998532107565]}, "properties" : {"id" : 256, "name" : "新北市中和區老人會", "district" : "中和區", "zip_code" : 65000030, "address" : "新北市中和區連勝街9號", "tel" : "(02)22492338", "data_time" : "2026-05-03T08:22:28.480765+08:00"}}, {"type" : "Feature", "geometry" : {"type" : "Point", "coordinates" : [121.499734987272,24.996071013154]}, "properties" : {"id" : 257, "name" : "新北市中和區自強里辦公處", "district" : "中和區", "zip_code" : 65000030, "address" : "新北市中和區圓通路121巷5號4樓", "tel" : "(02)29520567", "data_time" : "2026-05-03T08:22:28.480765+08:00"}}, {"type" : "Feature", "geometry" : {"type" : "Point", "coordinates" : [121.513943989535,24.996820020022]}, "properties" : {"id" : 258, "name" : "新北市中和區興南里辦公處", "district" : "中和區", "zip_code" : 65000030, "address" : "新北市中和區安樂路143巷3號", "tel" : "(02)29431650", "data_time" : "2026-05-03T08:22:28.480765+08:00"}}, {"type" : "Feature", "geometry" : {"type" : "Point", "coordinates" : [121.493726000885,24.988904988854]}, "properties" : {"id" : 259, "name" : "新北市中和區莒西社區發展協會", "district" : "中和區", "zip_code" : 65000030, "address" : "新北市中和區圓通路335巷37弄12號(錦盛市民活動中心)", "tel" : "(02)29576662", "data_time" : "2026-05-03T08:22:28.480765+08:00"}}, {"type" : "Feature", "geometry" : {"type" : "Point", "coordinates" : [121.51185203414,24.993886018635]}, "properties" : {"id" : 260, "name" : "新北市中和區莒西社區發展協會", "district" : "中和區", "zip_code" : 65000030, "address" : "新北市中和區安樂路51巷8號", "tel" : "(02)29576662", "data_time" : "2026-05-03T08:22:28.480765+08:00"}}, {"type" : "Feature", "geometry" : {"type" : "Point", "coordinates" : [121.501555033727,25.001856999007]}, "properties" : {"id" : 261, "name" : "新北市中和區莒西社區發展協會", "district" : "中和區", "zip_code" : 65000030, "address" : "新北市中和區廟美街6巷3號1-2樓", "tel" : "(02)29576662", "data_time" : "2026-05-03T08:22:28.480765+08:00"}}, {"type" : "Feature", "geometry" : {"type" : "Point", "coordinates" : [121.501281029313,25.001522016247]}, "properties" : {"id" : 262, "name" : "新北市中和區莒西社區發展協會", "district" : "中和區", "zip_code" : 65000030, "address" : "新北市中和區廟美街6巷3號5樓", "tel" : "(02)29576662", "data_time" : "2026-05-03T08:22:28.480765+08:00"}}, {"type" : "Feature", "geometry" : {"type" : "Point", "coordinates" : [121.505362010331,24.98264299472]}, "properties" : {"id" : 263, "name" : "新北市中和區莒西社區發展協會", "district" : "中和區", "zip_code" : 65000030, "address" : "新北市中和區興南路二段159巷28號(頂南市民活動中心)", "tel" : "(02)29576662", "data_time" : "2026-05-03T08:22:28.480765+08:00"}}, {"type" : "Feature", "geometry" : {"type" : "Point", "coordinates" : [121.507021962435,24.995151015462]}, "properties" : {"id" : 264, "name" : "新北市中和區連和里辦公處", "district" : "中和區", "zip_code" : 65000030, "address" : "新北市中和區景新街212號", "tel" : "(02)22439566", "data_time" : "2026-05-03T08:22:28.480765+08:00"}}, {"type" : "Feature", "geometry" : {"type" : "Point", "coordinates" : [121.502766973107,25.004088010175]}, "properties" : {"id" : 265, "name" : "新北市中和區連城里辦公處", "district" : "中和區", "zip_code" : 65000030, "address" : "新北市中和區中山路二段116巷2號", "tel" : "(02)22470797", "data_time" : "2026-05-03T08:22:28.480765+08:00"}}, {"type" : "Feature", "geometry" : {"type" : "Point", "coordinates" : [121.478240770045,24.995569104792]}, "properties" : {"id" : 266, "name" : "新北市中和區錦中里辦公處", "district" : "中和區", "zip_code" : 65000030, "address" : "新北市中和區員山路143巷48號之5", "tel" : "(02)22437097", "data_time" : "2026-05-03T08:22:28.480765+08:00"}}, {"type" : "Feature", "geometry" : {"type" : "Point", "coordinates" : [121.475076580789,25.002050044036]}, "properties" : {"id" : 267, "name" : "新北市中和區錦盛里辦公處", "district" : "中和區", "zip_code" : 65000030, "address" : "新北市中和區民智街134巷10號", "tel" : "(02)22473838", "data_time" : "2026-05-03T08:22:28.480765+08:00"}}, {"type" : "Feature", "geometry" : {"type" : "Point", "coordinates" : [121.499603978125,25.006978006571]}, "properties" : {"id" : 268, "name" : "新北市中和區頂南里辦公處", "district" : "中和區", "zip_code" : 65000030, "address" : "新北市中和區勝利路35巷9弄4號", "tel" : "(02)29455511", "data_time" : "2026-05-03T08:22:28.480765+08:00"}}, {"type" : "Feature", "geometry" : {"type" : "Point", "coordinates" : [121.503173220426,24.982052310403]}, "properties" : {"id" : 269, "name" : "新北市中和區頂南里辦公處", "district" : "中和區", "zip_code" : 65000030, "address" : "新北市中和區興南路2段242巷5號", "tel" : "(02)29455511", "data_time" : "2026-05-03T08:22:28.480765+08:00"}}, {"type" : "Feature", "geometry" : {"type" : "Point", "coordinates" : [121.49215699243,24.996282991486]}, "properties" : {"id" : 270, "name" : "新北市中和區頂南里辦公處", "district" : "中和區", "zip_code" : 65000030, "address" : "新北市中和區連城路263巷3號", "tel" : "(02)29455511", "data_time" : "2026-05-03T08:22:28.480765+08:00"}}, {"type" : "Feature", "geometry" : {"type" : "Point", "coordinates" : [121.474147970543,24.999224997591]}, "properties" : {"id" : 271, "name" : "新北市中和大同公共托老中心", "district" : "中和區", "zip_code" : 65000030, "address" : "新北市中和區民享街114巷9號(明穗市民活動中心)", "tel" : "(02)22400662", "data_time" : "2026-05-03T08:22:28.480765+08:00"}}, {"type" : "Feature", "geometry" : {"type" : "Point", "coordinates" : [121.521968488359,24.99160710489]}, "properties" : {"id" : 272, "name" : "新北市多元智能老幼暨兒童教育發展協會(中和站)", "district" : "中和區", "zip_code" : 65000030, "address" : "新北市中和區景平路64巷13弄8號", "tel" : "(02)22441688", "data_time" : "2026-05-03T08:22:28.480765+08:00"}}, {"type" : "Feature", "geometry" : {"type" : "Point", "coordinates" : [121.494368976678,25.006159010812]}, "properties" : {"id" : 273, "name" : "新北市樹墩子先鋒協會", "district" : "中和區", "zip_code" : 65000030, "address" : "新北市中和區橋和路162號", "tel" : null, "data_time" : "2026-05-03T08:22:28.480765+08:00"}}, {"type" : "Feature", "geometry" : {"type" : "Point", "coordinates" : [121.47003798814,25.00552198617]}, "properties" : {"id" : 274, "name" : "新北市樹墩子先鋒協會", "district" : "中和區", "zip_code" : 65000030, "address" : "新北市中和區民生街28巷2之1號1樓及B1樓(民生市民活動中心)", "tel" : null, "data_time" : "2026-05-03T08:22:28.480765+08:00"}}, {"type" : "Feature", "geometry" : {"type" : "Point", "coordinates" : [121.480807979349,25.006786019079]}, "properties" : {"id" : 275, "name" : "新北市玉皇宮", "district" : "中和區", "zip_code" : 65000030, "address" : "新北市中和區員山路466巷19號 & 新北市中和區中山路三段120-16號前", "tel" : "(02)22470607", "data_time" : "2026-05-03T08:22:28.480765+08:00"}}, {"type" : "Feature", "geometry" : {"type" : "Point", "coordinates" : [121.518101329691,24.995043601373]}, "properties" : {"id" : 276, "name" : "比利時社區公寓大廈管理委員會", "district" : "中和區", "zip_code" : 65000030, "address" : "新北市中和區大勇街78號2樓", "tel" : "(02)22460562", "data_time" : "2026-05-03T08:22:28.480765+08:00"}}, {"type" : "Feature", "geometry" : {"type" : "Point", "coordinates" : [121.512731966336,24.991913002446]}, "properties" : {"id" : 277, "name" : "漳和國中", "district" : "中和區", "zip_code" : 65000030, "address" : "新北市中和區景平路159巷7號", "tel" : "(02)22488616", "data_time" : "2026-05-03T08:22:28.480765+08:00"}}, {"type" : "Feature", "geometry" : {"type" : "Point", "coordinates" : [121.505362010331,24.98264299472]}, "properties" : {"id" : 278, "name" : "社團法人台灣新住民關懷協會(中和中正站)", "district" : "中和區", "zip_code" : 65000030, "address" : "新北市中和區興南路二段159巷28號(頂南市民活動中心)", "tel" : "(02)22220212", "data_time" : "2026-05-03T08:22:28.480765+08:00"}}, {"type" : "Feature", "geometry" : {"type" : "Point", "coordinates" : [121.50232097204,24.99724699417]}, "properties" : {"id" : 279, "name" : "社團法人台灣新住民關懷協會(中和瑞穗站)", "district" : "中和區", "zip_code" : 65000030, "address" : "新北市中和區南山路123號", "tel" : "(02)26648575", "data_time" : "2026-05-03T08:22:28.480765+08:00"}}, {"type" : "Feature", "geometry" : {"type" : "Point", "coordinates" : [121.479208712224,25.004517205527]}, "properties" : {"id" : 280, "name" : "社團法人台灣新住民關懷協會(瑞穗站)", "district" : "中和區", "zip_code" : 65000030, "address" : "新北市中和區員山路455巷10號2樓(積穗市民活動中心)", "tel" : "(02)26648575", "data_time" : "2026-05-03T08:22:28.480765+08:00"}}, {"type" : "Feature", "geometry" : {"type" : "Point", "coordinates" : [121.501555033727,25.001856999007]}, "properties" : {"id" : 281, "name" : "社團法人台灣新住民關懷協會(瑞穗站)", "district" : "中和區", "zip_code" : 65000030, "address" : "新北市中和區廟美街6巷3號1-2樓", "tel" : "(02)26648575", "data_time" : "2026-05-03T08:22:28.480765+08:00"}}, {"type" : "Feature", "geometry" : {"type" : "Point", "coordinates" : [121.503278017744,24.993338009805]}, "properties" : {"id" : 282, "name" : "社團法人新北市健安樂活迎老服務協會", "district" : "中和區", "zip_code" : 65000030, "address" : "新北市中和區中正路1號", "tel" : "(02)22460850", "data_time" : "2026-05-03T08:22:28.480765+08:00"}}, {"type" : "Feature", "geometry" : {"type" : "Point", "coordinates" : [121.501555033727,25.001856999007]}, "properties" : {"id" : 283, "name" : "社團法人新北市健安樂活迎老服務協會", "district" : "中和區", "zip_code" : 65000030, "address" : "新北市中和區廟美街6巷3號1-2樓", "tel" : "(02)22460850", "data_time" : "2026-05-03T08:22:28.480765+08:00"}}, {"type" : "Feature", "geometry" : {"type" : "Point", "coordinates" : [121.49760296638,25.003349019682]}, "properties" : {"id" : 284, "name" : "社團法人新北市健安樂活迎老服務協會", "district" : "中和區", "zip_code" : 65000030, "address" : "新北市中和區景平路736巷5弄2號", "tel" : "(02)22460850", "data_time" : "2026-05-03T08:22:28.480765+08:00"}}, {"type" : "Feature", "geometry" : {"type" : "Point", "coordinates" : [121.47003798814,25.00552198617]}, "properties" : {"id" : 285, "name" : "社團法人新北市健安樂活迎老服務協會", "district" : "中和區", "zip_code" : 65000030, "address" : "新北市中和區民生街28巷2之1號1樓及B1樓(民生市民活動中心)", "tel" : "(02)22460850", "data_time" : "2026-05-03T08:22:28.480765+08:00"}}, {"type" : "Feature", "geometry" : {"type" : "Point", "coordinates" : [121.52556097206,24.994631002189]}, "properties" : {"id" : 286, "name" : "社團法人新北市易象推廣協會", "district" : "中和區", "zip_code" : 65000030, "address" : "新北市中和區秀朗路三段66巷23號", "tel" : "(02)29404080", "data_time" : "2026-05-03T08:22:28.480765+08:00"}}, {"type" : "Feature", "geometry" : {"type" : "Point", "coordinates" : [121.505843969763,24.992210979104]}, "properties" : {"id" : 287, "name" : "社團法人新北市銀髮族協會", "district" : "中和區", "zip_code" : 65000030, "address" : "新北市中和區和平街164巷2號(景福市民活動中心)", "tel" : "(02)22429899", "data_time" : "2026-05-03T08:22:28.480765+08:00"}}, {"type" : "Feature", "geometry" : {"type" : "Point", "coordinates" : [121.480695661847,25.010940802754]}, "properties" : {"id" : 288, "name" : "社團法人新北市銀髮族關懷推廣協會(中和員富分站)", "district" : "中和區", "zip_code" : 65000030, "address" : "新北市中和區中正路1194巷12號1樓", "tel" : null, "data_time" : "2026-05-03T08:22:28.480765+08:00"}}, {"type" : "Feature", "geometry" : {"type" : "Point", "coordinates" : [121.513038324897,24.989857089235]}, "properties" : {"id" : 289, "name" : "社團法人新北市領杭公益學會", "district" : "中和區", "zip_code" : 65000030, "address" : "新北市中和區景新街399巷12號", "tel" : null, "data_time" : "2026-05-03T08:22:28.480765+08:00"}}, {"type" : "Feature", "geometry" : {"type" : "Point", "coordinates" : [121.481231014003,24.993972016961]}, "properties" : {"id" : 290, "name" : "社團法人臺灣腦身心機能認知協會", "district" : "中和區", "zip_code" : 65000030, "address" : "新北市中和區員山路82巷4號", "tel" : "(02)86685760", "data_time" : "2026-05-03T08:22:28.480765+08:00"}}, {"type" : "Feature", "geometry" : {"type" : "Point", "coordinates" : [121.507419013189,24.990104984022]}, "properties" : {"id" : 291, "name" : "財團法人台北市中國基督教靈糧世界佈道會台北靈糧堂", "district" : "中和區", "zip_code" : 65000030, "address" : "新北市中和區南山路421巷1弄16號", "tel" : "(02)29437811", "data_time" : "2026-05-03T08:22:28.480765+08:00"}}, {"type" : "Feature", "geometry" : {"type" : "Point", "coordinates" : [121.479208712224,25.004517205527]}, "properties" : {"id" : 292, "name" : "財團法人台北市中國基督教靈糧世界佈道會台北靈糧堂", "district" : "中和區", "zip_code" : 65000030, "address" : "新北市中和區員山路455巷10號2樓(積穗市民活動中心)", "tel" : "(02)29437811", "data_time" : "2026-05-03T08:22:28.480765+08:00"}}, {"type" : "Feature", "geometry" : {"type" : "Point", "coordinates" : [121.501281029313,25.001522016247]}, "properties" : {"id" : 293, "name" : "財團法人台北市中國基督教靈糧世界佈道會台北靈糧堂", "district" : "中和區", "zip_code" : 65000030, "address" : "新北市中和區廟美街6巷3號5樓", "tel" : "(02)29437811", "data_time" : "2026-05-03T08:22:28.480765+08:00"}}, {"type" : "Feature", "geometry" : {"type" : "Point", "coordinates" : [121.50267502363,25.002556007822]}, "properties" : {"id" : 294, "name" : "財團法人福智慈善基金會(中和區)", "district" : "中和區", "zip_code" : 65000030, "address" : "新北市中和區中山路二段131巷6號(福和市民活動中心)", "tel" : "(02)77094750", "data_time" : "2026-05-03T08:22:28.480765+08:00"}}, {"type" : "Feature", "geometry" : {"type" : "Point", "coordinates" : [121.502382998123,24.991105992809]}, "properties" : {"id" : 295, "name" : "青年市社區管理委員會", "district" : "中和區", "zip_code" : 65000030, "address" : "新北市中和區復興路280巷6號", "tel" : "(02)22443545", "data_time" : "2026-05-03T08:22:28.480765+08:00"}}, {"type" : "Feature", "geometry" : {"type" : "Point", "coordinates" : [121.435607979743,25.08609600602]}, "properties" : {"id" : 296, "name" : "新北市五股區五福里辦公處", "district" : "五股區", "zip_code" : 65000150, "address" : "新北市五股區工商路127號(五股市民活動中心)", "tel" : null, "data_time" : "2026-05-03T08:22:28.480765+08:00"}}, {"type" : "Feature", "geometry" : {"type" : "Point", "coordinates" : [121.452658531001,25.107741181323]}, "properties" : {"id" : 297, "name" : "新北市五股區五股社區發展協會", "district" : "五股區", "zip_code" : 65000150, "address" : "新北市五股區孝義路30號", "tel" : null, "data_time" : "2026-05-03T08:22:28.480765+08:00"}}, {"type" : "Feature", "geometry" : {"type" : "Point", "coordinates" : [121.448771004308,25.102779010824]}, "properties" : {"id" : 298, "name" : "新北市五股區五股里辦公處", "district" : "五股區", "zip_code" : 65000150, "address" : "新北市五股區天乙路3之1號(集賢里活動中心)", "tel" : null, "data_time" : "2026-05-03T08:22:28.480765+08:00"}}, {"type" : "Feature", "geometry" : {"type" : "Point", "coordinates" : [121.435051672829,25.066712184375]}, "properties" : {"id" : 299, "name" : "新北市五股區六福里辦公處", "district" : "五股區", "zip_code" : 65000150, "address" : "新北市五股區成泰路一段8巷4號(德泰里活動中心)", "tel" : "(02)82925773", "data_time" : "2026-05-03T08:22:28.480765+08:00"}}, {"type" : "Feature", "geometry" : {"type" : "Point", "coordinates" : [121.435264908446,25.089404385113]}, "properties" : {"id" : 300, "name" : "新北市五股區德泰里辦公處", "district" : "五股區", "zip_code" : 65000150, "address" : "新北市五股區五福路22巷25-1號(里民集會所)", "tel" : null, "data_time" : "2026-05-03T08:22:28.480765+08:00"}}, {"type" : "Feature", "geometry" : {"type" : "Point", "coordinates" : [121.436451031564,25.080264003519]}, "properties" : {"id" : 301, "name" : "新北市五股區成功里辦公處", "district" : "五股區", "zip_code" : 65000150, "address" : "新北市五股區成泰路一段237-10號", "tel" : "(02)82954913", "data_time" : "2026-05-03T08:22:28.480765+08:00"}}, {"type" : "Feature", "geometry" : {"type" : "Point", "coordinates" : [121.430297643518,25.071501393202]}, "properties" : {"id" : 302, "name" : "新北市五股區成州社區發展協會", "district" : "五股區", "zip_code" : 65000150, "address" : "新北市五股區水碓二路1號", "tel" : "(02)22933515", "data_time" : "2026-05-03T08:22:28.480765+08:00"}}, {"type" : "Feature", "geometry" : {"type" : "Point", "coordinates" : [121.439230973571,25.082404993047]}, "properties" : {"id" : 303, "name" : "新北市五股區更新社區發展協會", "district" : "五股區", "zip_code" : 65000150, "address" : "新北市五股區中興路四段19-1號", "tel" : "(02)29815101", "data_time" : "2026-05-03T08:22:28.480765+08:00"}}, {"type" : "Feature", "geometry" : {"type" : "Point", "coordinates" : [121.472325828612,25.086633998475]}, "properties" : {"id" : 304, "name" : "新北市五股區水碓里辦公處", "district" : "五股區", "zip_code" : 65000150, "address" : "新北市五股區三民路96號", "tel" : "(02)22933092", "data_time" : "2026-05-03T08:22:28.480765+08:00"}}, {"type" : "Feature", "geometry" : {"type" : "Point", "coordinates" : [121.429523975323,25.090328992852]}, "properties" : {"id" : 305, "name" : "新北市五股區老人會", "district" : "五股區", "zip_code" : 65000150, "address" : "新北市五股區民義路一段218號", "tel" : "(02)82952699", "data_time" : "2026-05-03T08:22:28.480765+08:00"}}, {"type" : "Feature", "geometry" : {"type" : "Point", "coordinates" : [121.429523975323,25.090328992852]}, "properties" : {"id" : 306, "name" : "新北市五股區老人會", "district" : "五股區", "zip_code" : 65000150, "address" : "新北市五股區民義路一段218號", "tel" : "(02)82952699", "data_time" : "2026-05-03T08:22:28.480765+08:00"}}, {"type" : "Feature", "geometry" : {"type" : "Point", "coordinates" : [121.427001022467,25.07073801247]}, "properties" : {"id" : 307, "name" : "新北市五股區老人會", "district" : "五股區", "zip_code" : 65000150, "address" : "新北市五股區登林路108號", "tel" : "(02)82952699", "data_time" : "2026-05-03T08:22:28.480765+08:00"}}, {"type" : "Feature", "geometry" : {"type" : "Point", "coordinates" : [121.431249920178,25.070752917513]}, "properties" : {"id" : 308, "name" : "新北市五股區興珍社區發展協會", "district" : "五股區", "zip_code" : 65000150, "address" : "新北市五股區登林路貿商巷8弄10號", "tel" : "(02)29889066", "data_time" : "2026-05-03T08:22:28.480765+08:00"}}, {"type" : "Feature", "geometry" : {"type" : "Point", "coordinates" : [121.45723203265,25.079390986394]}, "properties" : {"id" : 309, "name" : "新北市五股區貿商社區發展協會", "district" : "五股區", "zip_code" : 65000150, "address" : "新北市五股區更洲路47號(更新市民活動中心)", "tel" : "(02)22926594", "data_time" : "2026-05-03T08:22:28.480765+08:00"}}, {"type" : "Feature", "geometry" : {"type" : "Point", "coordinates" : [121.446091980415,25.094432018276]}, "properties" : {"id" : 310, "name" : "新北市五股區長青會", "district" : "五股區", "zip_code" : 65000150, "address" : "新北市五股區西雲路163號2樓(成功市民活動中心)", "tel" : "(02)82958243", "data_time" : "2026-05-03T08:22:28.480765+08:00"}}, {"type" : "Feature", "geometry" : {"type" : "Point", "coordinates" : [121.449358994816,25.098155008209]}, "properties" : {"id" : 311, "name" : "新北市五股區陸一里辦公處", "district" : "五股區", "zip_code" : 65000150, "address" : "新北市五股區西雲路267號(成州市民活動中心)", "tel" : "(02)22933327", "data_time" : "2026-05-03T08:22:28.480765+08:00"}}, {"type" : "Feature", "geometry" : {"type" : "Point", "coordinates" : [121.433047530878,25.090702605044]}, "properties" : {"id" : 312, "name" : "新北市五股區集賢里辦公處", "district" : "五股區", "zip_code" : 65000150, "address" : "新北市五股區五福路86巷5號", "tel" : "(02)22941888", "data_time" : "2026-05-03T08:22:28.480765+08:00"}}, {"type" : "Feature", "geometry" : {"type" : "Point", "coordinates" : [121.468326990245,25.075185995118]}, "properties" : {"id" : 313, "name" : "新北市五股賀聖宮", "district" : "五股區", "zip_code" : 65000150, "address" : "新北市五股區國道路三段22號", "tel" : "(02)22953166", "data_time" : "2026-05-03T08:22:28.480765+08:00"}}, {"type" : "Feature", "geometry" : {"type" : "Point", "coordinates" : [121.430297643518,25.071501393202]}, "properties" : {"id" : 314, "name" : "社團法人中華基督教521福源全人關懷協會(中興據點)", "district" : "五股區", "zip_code" : 65000150, "address" : "新北市五股區水碓二路1號2樓(水碓市民活動中心)", "tel" : "(02)22914515", "data_time" : "2026-05-03T08:22:28.480765+08:00"}}, {"type" : "Feature", "geometry" : {"type" : "Point", "coordinates" : [121.432155976739,25.089522989043]}, "properties" : {"id" : 315, "name" : "社團法人中華民國梅門一氣流行養生學會", "district" : "五股區", "zip_code" : 65000150, "address" : "新北市五股區六合街58號1樓", "tel" : "(02)22710555", "data_time" : "2026-05-03T08:22:28.480765+08:00"}}, {"type" : "Feature", "geometry" : {"type" : "Point", "coordinates" : [121.444734531196,25.088932986878]}, "properties" : {"id" : 316, "name" : "社團法人台北市中國基督教靈糧世界佈道會台北靈糧堂(五股靈糧福音中心）", "district" : "五股區", "zip_code" : 65000150, "address" : "新北市五股區新五路三段1號(五股賀聖宮)", "tel" : "(02)22910336", "data_time" : "2026-05-03T08:22:28.480765+08:00"}}, {"type" : "Feature", "geometry" : {"type" : "Point", "coordinates" : [121.467265829741,25.071137460626]}, "properties" : {"id" : 317, "name" : "財團法人私立廣恩老人養護中心(新北市五股獅子頭公共托老中心)", "district" : "五股區", "zip_code" : 65000150, "address" : "新北市五股區四維路6號", "tel" : "(02)22932666", "data_time" : "2026-05-03T08:22:28.480765+08:00"}}, {"type" : "Feature", "geometry" : {"type" : "Point", "coordinates" : [121.474295994953,25.082625018006]}, "properties" : {"id" : 318, "name" : "財團法人私立廣恩老人養護中心(新北市五股老人公寓)", "district" : "五股區", "zip_code" : 65000150, "address" : "新北市五股區中山二路36巷7號", "tel" : "(02)22919699", "data_time" : "2026-05-03T08:22:28.480765+08:00"}}, {"type" : "Feature", "geometry" : {"type" : "Point", "coordinates" : [121.434352035371,25.158872006069]}, "properties" : {"id" : 319, "name" : "新北市八里區下罟社區發展協會", "district" : "八里區", "zip_code" : 65000230, "address" : "新北市八里區渡船頭街11巷8號(渡船頭市民活動中心)", "tel" : null, "data_time" : "2026-05-03T08:22:28.480765+08:00"}}, {"type" : "Feature", "geometry" : {"type" : "Point", "coordinates" : [121.398377996589,25.143729008335]}, "properties" : {"id" : 320, "name" : "新北市八里區埤頭里辦公處", "district" : "八里區", "zip_code" : 65000230, "address" : "新北市八里區荖阡坑路2-3號", "tel" : "(02)26102151", "data_time" : "2026-05-03T08:22:28.480765+08:00"}}, {"type" : "Feature", "geometry" : {"type" : "Point", "coordinates" : [121.409928290708,25.157001976346]}, "properties" : {"id" : 321, "name" : "新北市八里區大埤頂社區發展協會", "district" : "八里區", "zip_code" : 65000230, "address" : "新北市八里區中山路2段356巷16號(八里市民活動中心)", "tel" : "(02)26102318", "data_time" : "2026-05-03T08:22:28.480765+08:00"}}, {"type" : "Feature", "geometry" : {"type" : "Point", "coordinates" : [121.384527739782,25.141146879243]}, "properties" : {"id" : 322, "name" : "新北市八里區大崁里辦公處", "district" : "八里區", "zip_code" : 65000230, "address" : "新北市八里區中山路三段175號(下罟市民活動中心)", "tel" : "(02)26192048", "data_time" : "2026-05-03T08:22:28.480765+08:00"}}, {"type" : "Feature", "geometry" : {"type" : "Point", "coordinates" : [121.390728897723,25.126999409275]}, "properties" : {"id" : 323, "name" : "新北市八里區米倉社區發展協會", "district" : "八里區", "zip_code" : 65000230, "address" : "新北市八里區中華路三段190號(長坑市民活動中心)", "tel" : null, "data_time" : "2026-05-03T08:22:28.480765+08:00"}}, {"type" : "Feature", "geometry" : {"type" : "Point", "coordinates" : [121.416185857279,25.157740244936]}, "properties" : {"id" : 324, "name" : "新北市八里區舊城社區發展協會", "district" : "八里區", "zip_code" : 65000230, "address" : "新北市八里區大崁三街21號", "tel" : null, "data_time" : "2026-05-03T08:22:28.480765+08:00"}}, {"type" : "Feature", "geometry" : {"type" : "Point", "coordinates" : [121.451074016025,25.131961989744]}, "properties" : {"id" : 325, "name" : "新北市八里區荖阡里辦公處", "district" : "八里區", "zip_code" : 65000230, "address" : "新北市八里區龍米路一段223之1號(龍米市民活動中心)", "tel" : "(02)26102621", "data_time" : "2026-05-03T08:22:28.480765+08:00"}}, {"type" : "Feature", "geometry" : {"type" : "Point", "coordinates" : [121.422099034033,25.158924015779]}, "properties" : {"id" : 326, "name" : "新北市八里區訊塘社區發展協會", "district" : "八里區", "zip_code" : 65000230, "address" : "新北市八里區中山路一段21號(大崁老人文康活動中心)", "tel" : null, "data_time" : "2026-05-03T08:22:28.480765+08:00"}}, {"type" : "Feature", "geometry" : {"type" : "Point", "coordinates" : [121.4013922,25.1494122]}, "properties" : {"id" : 327, "name" : "新北市八里區長坑里辦公處", "district" : "八里區", "zip_code" : 65000230, "address" : "新北市八里區下員坑33之6號(北觀處白沙灣遊客中心)", "tel" : "(02)26104792", "data_time" : "2026-05-03T08:22:28.480765+08:00"}}, {"type" : "Feature", "geometry" : {"type" : "Point", "coordinates" : [121.4013922,25.1494122]}, "properties" : {"id" : 328, "name" : "新北市八里區龍米社區發展協會", "district" : "八里區", "zip_code" : 65000230, "address" : "新北市八里區阿里荖33之1號(草里市民活動中心)", "tel" : null, "data_time" : "2026-05-03T08:22:28.480765+08:00"}}, {"type" : "Feature", "geometry" : {"type" : "Point", "coordinates" : [121.448257026006,25.052451884864]}, "properties" : {"id" : 329, "name" : "新北市八里紳士協會", "district" : "八里區", "zip_code" : 65000230, "address" : "新北市八里區中信街74號2樓(黃愚市民活動中心)", "tel" : null, "data_time" : "2026-05-03T08:22:28.480765+08:00"}}, {"type" : "Feature", "geometry" : {"type" : "Point", "coordinates" : [121.414109990659,25.159765014034]}, "properties" : {"id" : 330, "name" : "無極日月太子宮", "district" : "八里區", "zip_code" : 65000230, "address" : "新北市八里區中山路1段109號3樓(中庄市民活動中心)", "tel" : "(02)26100728", "data_time" : "2026-05-03T08:22:28.480765+08:00"}}, {"type" : "Feature", "geometry" : {"type" : "Point", "coordinates" : [121.441945033819,24.983373016577]}, "properties" : {"id" : 331, "name" : "名軒皇城社區管理委員會", "district" : "土城區", "zip_code" : 65000130, "address" : "新北市土城區中華路一段225號(日和市民活動中心)", "tel" : "(02)22694073", "data_time" : "2026-05-03T08:22:28.480765+08:00"}}, {"type" : "Feature", "geometry" : {"type" : "Point", "coordinates" : [121.427608039895,24.963521987648]}, "properties" : {"id" : 332, "name" : "新北市土城區中正里辦公處", "district" : "土城區", "zip_code" : 65000130, "address" : "新北市土城區永平街1號", "tel" : "(02)22634905", "data_time" : "2026-05-03T08:22:28.480765+08:00"}}, {"type" : "Feature", "geometry" : {"type" : "Point", "coordinates" : [121.443018001245,24.974944007106]}, "properties" : {"id" : 333, "name" : "新北市土城區員仁里辦公處", "district" : "土城區", "zip_code" : 65000130, "address" : "新北市土城區中正路18號4樓之2(土城員福員信市民活動中心(員福二))", "tel" : "(02)22705007", "data_time" : "2026-05-03T08:22:28.480765+08:00"}}, {"type" : "Feature", "geometry" : {"type" : "Point", "coordinates" : [121.443018001245,24.974944007106]}, "properties" : {"id" : 334, "name" : "新北市土城區員信里辦公處", "district" : "土城區", "zip_code" : 65000130, "address" : "新北市土城區中正路18號4樓之2(土城員福員信市民活動中心(員福二))", "tel" : "(02)22702160", "data_time" : "2026-05-03T08:22:28.480765+08:00"}}, {"type" : "Feature", "geometry" : {"type" : "Point", "coordinates" : [121.414760426346,24.957930797226]}, "properties" : {"id" : 335, "name" : "新北市土城區員林里辦公處", "district" : "土城區", "zip_code" : 65000130, "address" : "新北市土城區中州路28巷28號(頂福市民活動中心)", "tel" : "(02)22610953", "data_time" : "2026-05-03T08:22:28.480765+08:00"}}, {"type" : "Feature", "geometry" : {"type" : "Point", "coordinates" : [121.471019006088,24.985761397977]}, "properties" : {"id" : 336, "name" : "新北市土城區員福里辦公處", "district" : "土城區", "zip_code" : 65000130, "address" : "新北市土城區延吉街137巷13號(延吉峯廷市民活動中心)", "tel" : "(02)22613836", "data_time" : "2026-05-03T08:22:28.480765+08:00"}}, {"type" : "Feature", "geometry" : {"type" : "Point", "coordinates" : [121.458442834016,24.982254702393]}, "properties" : {"id" : 337, "name" : "新北市土城區土城里辦公處", "district" : "土城區", "zip_code" : 65000130, "address" : "新北市土城區清水路141巷18號B1(青雲柑林市民活動中心)", "tel" : "(02)82610381", "data_time" : "2026-05-03T08:22:28.480765+08:00"}}, {"type" : "Feature", "geometry" : {"type" : "Point", "coordinates" : [121.453759996897,24.984282997895]}, "properties" : {"id" : 338, "name" : "新北市土城區埤林里辦公處", "district" : "土城區", "zip_code" : 65000130, "address" : "新北市土城區裕民路193-1號(中正學士埤林市民活動中心)", "tel" : "(02)22624411", "data_time" : "2026-05-03T08:22:28.480765+08:00"}}, {"type" : "Feature", "geometry" : {"type" : "Point", "coordinates" : [121.460954016755,25.011568984488]}, "properties" : {"id" : 339, "name" : "新北市土城區大安里辦公處", "district" : "土城區", "zip_code" : 65000130, "address" : "新北市土城區文化路1段52巷17號", "tel" : "(02)22672969", "data_time" : "2026-05-03T08:22:28.480765+08:00"}}, {"type" : "Feature", "geometry" : {"type" : "Point", "coordinates" : [121.464492018085,24.979944985816]}, "properties" : {"id" : 340, "name" : "新北市土城區媽祖田社區發展協會", "district" : "土城區", "zip_code" : 65000130, "address" : "新北市土城區明德路一段74之1號(青山市民活動中心)", "tel" : null, "data_time" : "2026-05-03T08:22:28.480765+08:00"}}, {"type" : "Feature", "geometry" : {"type" : "Point", "coordinates" : [121.466046022934,24.986487019335]}, "properties" : {"id" : 341, "name" : "新北市土城區學士里辦公處", "district" : "土城區", "zip_code" : 65000130, "address" : "新北市土城區金城路三段52巷3號B1(金城峯廷市民活動中心)", "tel" : null, "data_time" : "2026-05-03T08:22:28.480765+08:00"}}, {"type" : "Feature", "geometry" : {"type" : "Point", "coordinates" : [121.450284021651,24.98842399334]}, "properties" : {"id" : 342, "name" : "新北市土城區學府里辦公處", "district" : "土城區", "zip_code" : 65000130, "address" : "新北市土城區學成路97巷8號(學成市民活動中心 )", "tel" : "(02)82623299", "data_time" : "2026-05-03T08:22:28.480765+08:00"}}, {"type" : "Feature", "geometry" : {"type" : "Point", "coordinates" : [121.467200965372,24.980800987678]}, "properties" : {"id" : 343, "name" : "新北市土城區學成里辦公處", "district" : "土城區", "zip_code" : 65000130, "address" : "新北市土城區永豐路240-1號(廷寮市民活動中心)", "tel" : "(02)22624411", "data_time" : "2026-05-03T08:22:28.480765+08:00"}}, {"type" : "Feature", "geometry" : {"type" : "Point", "coordinates" : [121.460384969348,24.978238011235]}, "properties" : {"id" : 344, "name" : "新北市土城區安和里辦公處", "district" : "土城區", "zip_code" : 65000130, "address" : "新北市土城區明德路一段240巷26弄5號", "tel" : null, "data_time" : "2026-05-03T08:22:28.480765+08:00"}}, {"type" : "Feature", "geometry" : {"type" : "Point", "coordinates" : [121.419526041215,24.965007009434]}, "properties" : {"id" : 345, "name" : "新北市土城區峯廷里辦公處", "district" : "土城區", "zip_code" : 65000130, "address" : "新北市土城區福安街30號", "tel" : "(02)22619796", "data_time" : "2026-05-03T08:22:28.480765+08:00"}}, {"type" : "Feature", "geometry" : {"type" : "Point", "coordinates" : [121.400259230938,24.974002216465]}, "properties" : {"id" : 346, "name" : "新北市土城區平和社區發展協會", "district" : "土城區", "zip_code" : 65000130, "address" : "新北市土城區新興街3-3號1樓(山佳市民活動中心)", "tel" : null, "data_time" : "2026-05-03T08:22:28.480765+08:00"}}, {"type" : "Feature", "geometry" : {"type" : "Point", "coordinates" : [121.466721017597,24.988802017173]}, "properties" : {"id" : 347, "name" : "新北市土城區廣福里辦公處", "district" : "土城區", "zip_code" : 65000130, "address" : "新北市土城區延和路88巷10弄3號(安和市民活動中心)", "tel" : null, "data_time" : "2026-05-03T08:22:28.480765+08:00"}}, {"type" : "Feature", "geometry" : {"type" : "Point", "coordinates" : [121.453422709114,24.985721206752]}, "properties" : {"id" : 348, "name" : "新北市土城區廣興里辦公處", "district" : "土城區", "zip_code" : 65000130, "address" : "新北市土城區學府路一段155巷2號B1(學府市民活動中心)", "tel" : "(02)22625088", "data_time" : "2026-05-03T08:22:28.480765+08:00"}}, {"type" : "Feature", "geometry" : {"type" : "Point", "coordinates" : [121.4407139837,24.968053998876]}, "properties" : {"id" : 349, "name" : "新北市土城區延吉里辦公處", "district" : "土城區", "zip_code" : 65000130, "address" : "新北市土城區忠義路61號", "tel" : "(02)22611190", "data_time" : "2026-05-03T08:22:28.480765+08:00"}}, {"type" : "Feature", "geometry" : {"type" : "Point", "coordinates" : [121.419109041532,24.963483011799]}, "properties" : {"id" : 350, "name" : "新北市土城區延和里辦公處", "district" : "土城區", "zip_code" : 65000130, "address" : "新北市土城區福安街55巷19號1F、B1", "tel" : "(02)22633747", "data_time" : "2026-05-03T08:22:28.480765+08:00"}}, {"type" : "Feature", "geometry" : {"type" : "Point", "coordinates" : [121.46137387268,24.98316451926]}, "properties" : {"id" : 351, "name" : "新北市土城區延壽里辦公處", "district" : "土城區", "zip_code" : 65000130, "address" : "新北市土城區清水路243號(清溪市民活動中心)", "tel" : "(02)22612920", "data_time" : "2026-05-03T08:22:28.480765+08:00"}}, {"type" : "Feature", "geometry" : {"type" : "Point", "coordinates" : [121.446331032294,24.989734000987]}, "properties" : {"id" : 352, "name" : "新北市土城區延祿里辦公處", "district" : "土城區", "zip_code" : 65000130, "address" : "新北市土城區中華路一段36號6樓", "tel" : "(02)22605707", "data_time" : "2026-05-03T08:22:28.480765+08:00"}}, {"type" : "Feature", "geometry" : {"type" : "Point", "coordinates" : [121.464186581534,24.987443604035]}, "properties" : {"id" : 353, "name" : "新北市土城區廷寮里辦公處", "district" : "土城區", "zip_code" : 65000130, "address" : "新北市土城區立德路109號B2(延和市民活動中心 )", "tel" : "(02)22626089", "data_time" : "2026-05-03T08:22:28.480765+08:00"}}, {"type" : "Feature", "geometry" : {"type" : "Point", "coordinates" : [121.451725038445,24.985600004432]}, "properties" : {"id" : 354, "name" : "新北市土城區復興里辦公處", "district" : "土城區", "zip_code" : 65000130, "address" : "新北市土城區學府路一段228巷2弄10號(樂利市民活動中心)", "tel" : "(02)89665786", "data_time" : "2026-05-03T08:22:28.480765+08:00"}}, {"type" : "Feature", "geometry" : {"type" : "Point", "coordinates" : [121.468470991342,24.989947990975]}, "properties" : {"id" : 355, "name" : "新北市土城區日和里辦公室", "district" : "土城區", "zip_code" : 65000130, "address" : "新北市土城區延和路156巷7號(延和市民活動中心)", "tel" : "(02)22630356", "data_time" : "2026-05-03T08:22:28.480765+08:00"}}, {"type" : "Feature", "geometry" : {"type" : "Point", "coordinates" : [121.45346202024,24.992598013483]}, "properties" : {"id" : 356, "name" : "新北市土城區日新里辦公處", "district" : "土城區", "zip_code" : 65000130, "address" : "新北市土城區四川路二段245巷125號(華德公園市民活動中心)", "tel" : "(02)82626001", "data_time" : "2026-05-03T08:22:28.480765+08:00"}}, {"type" : "Feature", "geometry" : {"type" : "Point", "coordinates" : [121.458442834016,24.982254702393]}, "properties" : {"id" : 357, "name" : "新北市土城區明德里辦公處", "district" : "土城區", "zip_code" : 65000130, "address" : "新北市土城區清水路141巷18號B1(青雲柑林市民活動中心)", "tel" : "(02)22647844", "data_time" : "2026-05-03T08:22:28.480765+08:00"}}, {"type" : "Feature", "geometry" : {"type" : "Point", "coordinates" : [121.453759996897,24.984282997895]}, "properties" : {"id" : 358, "name" : "新北市土城區柑林里辦公處", "district" : "土城區", "zip_code" : 65000130, "address" : "新北市土城區裕民路193-1號(中正學士埤林市民活動中心)", "tel" : "(02)82626506", "data_time" : "2026-05-03T08:22:28.480765+08:00"}}, {"type" : "Feature", "geometry" : {"type" : "Point", "coordinates" : [121.443018001245,24.974944007106]}, "properties" : {"id" : 359, "name" : "新北市土城區樂利里辦公處", "district" : "土城區", "zip_code" : 65000130, "address" : "新北市土城區中正路18號4樓之1(土城員福員信市民活動中心(員信一))", "tel" : "(02)82628828", "data_time" : "2026-05-03T08:22:28.480765+08:00"}}, {"type" : "Feature", "geometry" : {"type" : "Point", "coordinates" : [121.467790967537,24.984071983483]}, "properties" : {"id" : 360, "name" : "新北市土城區永富里辦公處", "district" : "土城區", "zip_code" : 65000130, "address" : "新北市土城區延吉街253巷20號", "tel" : "(02)22644813", "data_time" : "2026-05-03T08:22:28.480765+08:00"}}, {"type" : "Feature", "geometry" : {"type" : "Point", "coordinates" : [121.411837069975,24.952715702799]}, "properties" : {"id" : 361, "name" : "新北市土城區永豐里辦公處", "district" : "土城區", "zip_code" : 65000130, "address" : "新北市土城區中央路四段283-1號(頂新市民活動中心)", "tel" : "(02)22614311", "data_time" : "2026-05-03T08:22:28.480765+08:00"}}, {"type" : "Feature", "geometry" : {"type" : "Point", "coordinates" : [121.453727978027,24.984292008441]}, "properties" : {"id" : 362, "name" : "新北市土城區沛陂社區發展協會", "district" : "土城區", "zip_code" : 65000130, "address" : "新北市土城區裕民路193之1號(中正學士埤林市民活動中心)", "tel" : "(02)22684076", "data_time" : "2026-05-03T08:22:28.480765+08:00"}}, {"type" : "Feature", "geometry" : {"type" : "Point", "coordinates" : [121.43208361738,24.970926675079]}, "properties" : {"id" : 363, "name" : "新北市土城區沛陂里辦公處", "district" : "土城區", "zip_code" : 65000130, "address" : "新北市土城區中山路1段109號3樓(中庄市民活動中心)", "tel" : "(02)22686607", "data_time" : "2026-05-03T08:22:28.480765+08:00"}}, {"type" : "Feature", "geometry" : {"type" : "Point", "coordinates" : [121.443018001245,24.974944007106]}, "properties" : {"id" : 364, "name" : "新北市土城區清化里辦公處", "district" : "土城區", "zip_code" : 65000130, "address" : "新北市土城區中正路18號4樓之3(土城員福員信市民活動中心(土城三))", "tel" : "(02)22615380", "data_time" : "2026-05-03T08:22:28.480765+08:00"}}, {"type" : "Feature", "geometry" : {"type" : "Point", "coordinates" : [121.440335037857,24.976801981673]}, "properties" : {"id" : 365, "name" : "新北市土城區清化里辦公處(福山天惠堂)", "district" : "土城區", "zip_code" : 65000130, "address" : "新北市土城區順風路27號(長風市民活動中心)", "tel" : "(02)22615380", "data_time" : "2026-05-03T08:22:28.480765+08:00"}}, {"type" : "Feature", "geometry" : {"type" : "Point", "coordinates" : [121.916065962015,25.123799985798]}, "properties" : {"id" : 366, "name" : "新北市土城區瑞興里辦公處", "district" : "土城區", "zip_code" : 65000130, "address" : "新北市土城區鼻頭路101號", "tel" : "(02)89673958", "data_time" : "2026-05-03T08:22:28.480765+08:00"}}, {"type" : "Feature", "geometry" : {"type" : "Point", "coordinates" : [121.434426718128,24.96593279064]}, "properties" : {"id" : 367, "name" : "新北市土城區祖田里辦公處", "district" : "土城區", "zip_code" : 65000130, "address" : "新北市土城區中央路三段130-5號2樓及之6號2樓", "tel" : "(02)22675698", "data_time" : "2026-05-03T08:22:28.480765+08:00"}}, {"type" : "Feature", "geometry" : {"type" : "Point", "coordinates" : [121.411858024733,24.952911001143]}, "properties" : {"id" : 368, "name" : "新北市土城區裕生里辦公處", "district" : "土城區", "zip_code" : 65000130, "address" : "新北市土城區中央路四段283之1號2樓(祖田市民活動中心)", "tel" : "(02)22621150", "data_time" : "2026-05-03T08:22:28.480765+08:00"}}, {"type" : "Feature", "geometry" : {"type" : "Point", "coordinates" : [121.453759996897,24.984282997895]}, "properties" : {"id" : 369, "name" : "新北市土城區金城里辦公處", "district" : "土城區", "zip_code" : 65000130, "address" : "新北市土城區裕民路193-1號(中正學士埤林市民活動中心)", "tel" : null, "data_time" : "2026-05-03T08:22:28.480765+08:00"}}, {"type" : "Feature", "geometry" : {"type" : "Point", "coordinates" : [121.887935037672,25.120359004997]}, "properties" : {"id" : 370, "name" : "新北市土城區長風社區發展協會", "district" : "土城區", "zip_code" : 65000130, "address" : "新北市土城區南雅路41之1號(南雅里民休閒場所)", "tel" : "(02)22606290", "data_time" : "2026-05-03T08:22:28.480765+08:00"}}, {"type" : "Feature", "geometry" : {"type" : "Point", "coordinates" : [121.461514711357,24.982307894447]}, "properties" : {"id" : 371, "name" : "新北市土城區雲溪社區發展協會", "district" : "土城區", "zip_code" : 65000130, "address" : "新北市土城區清水路234巷5號(永豐市民活動中心)", "tel" : "(02)82603360", "data_time" : "2026-05-03T08:22:28.480765+08:00"}}, {"type" : "Feature", "geometry" : {"type" : "Point", "coordinates" : [121.469255034565,24.965254988039]}, "properties" : {"id" : 372, "name" : "新北市土城區青山里辦公處", "district" : "土城區", "zip_code" : 65000130, "address" : "新北市土城區青雲路486-2號", "tel" : "(02)22734192", "data_time" : "2026-05-03T08:22:28.480765+08:00"}}, {"type" : "Feature", "geometry" : {"type" : "Point", "coordinates" : [121.469158977954,24.990924985609]}, "properties" : {"id" : 373, "name" : "新北市土城區青雲里辦公處", "district" : "土城區", "zip_code" : 65000130, "address" : "新北市土城區延和路125巷28號2樓(延壽市民活動中心)", "tel" : "(02)22659858", "data_time" : "2026-05-03T08:22:28.480765+08:00"}}, {"type" : "Feature", "geometry" : {"type" : "Point", "coordinates" : [121.442981959061,24.978281010398]}, "properties" : {"id" : 374, "name" : "新北市土城區頂埔里辦公處", "district" : "土城區", "zip_code" : 65000130, "address" : "新北市土城區員林街15號(員林市民活動中心)", "tel" : "(02)22678936", "data_time" : "2026-05-03T08:22:28.480765+08:00"}}, {"type" : "Feature", "geometry" : {"type" : "Point", "coordinates" : [121.442312999369,24.975141987659]}, "properties" : {"id" : 375, "name" : "新北市土城區頂欣社區發展協會", "district" : "土城區", "zip_code" : 65000130, "address" : "新北市土城區中正路1號6樓之1", "tel" : "(02)80763132", "data_time" : "2026-05-03T08:22:28.480765+08:00"}}, {"type" : "Feature", "geometry" : {"type" : "Point", "coordinates" : [121.409286959753,24.949549019779]}, "properties" : {"id" : 376, "name" : "新北市土城區頂褔里辦公處", "district" : "土城區", "zip_code" : 65000130, "address" : "新北市土城區龍泉路10-2號", "tel" : "(02)22681819", "data_time" : "2026-05-03T08:22:28.480765+08:00"}}, {"type" : "Feature", "geometry" : {"type" : "Point", "coordinates" : [121.44624997929,24.984990011428]}, "properties" : {"id" : 377, "name" : "新北市土城永寧公共托老中心", "district" : "土城區", "zip_code" : 65000130, "address" : "新北市土城區裕生路100巷5號(日新市民活動中心)", "tel" : "(02)22685596", "data_time" : "2026-05-03T08:22:28.480765+08:00"}}, {"type" : "Feature", "geometry" : {"type" : "Point", "coordinates" : [121.458607000047,24.973838014982]}, "properties" : {"id" : 378, "name" : "新北市崇德光慧經典推廣協會", "district" : "土城區", "zip_code" : 65000130, "address" : "新北市土城區青雲路368號4樓(清化市民活動中心)", "tel" : null, "data_time" : "2026-05-03T08:22:28.480765+08:00"}}, {"type" : "Feature", "geometry" : {"type" : "Point", "coordinates" : [121.417677999203,24.958336020335]}, "properties" : {"id" : 379, "name" : "永寧褔德宮", "district" : "土城區", "zip_code" : 65000130, "address" : "新北市土城區中央路四段55之12號(頂埔市民活動中心)", "tel" : "(02)22688516", "data_time" : "2026-05-03T08:22:28.480765+08:00"}}, {"type" : "Feature", "geometry" : {"type" : "Point", "coordinates" : [121.445847983214,24.987774018658]}, "properties" : {"id" : 380, "name" : "社團法人中華利仁社會福利協會", "district" : "土城區", "zip_code" : 65000130, "address" : "新北市土城區中央路一段118巷1弄13號", "tel" : "(02)22632256", "data_time" : "2026-05-03T08:22:28.480765+08:00"}}, {"type" : "Feature", "geometry" : {"type" : "Point", "coordinates" : [121.464548009198,24.984560019795]}, "properties" : {"id" : 381, "name" : "財團法人新北市基督教新希望教會(土城清水站)", "district" : "土城區", "zip_code" : 65000130, "address" : "新北市土城區延吉街296巷8號", "tel" : "(02)29598539", "data_time" : "2026-05-03T08:22:28.480765+08:00"}}, {"type" : "Feature", "geometry" : {"type" : "Point", "coordinates" : [121.453759996897,24.984282997895]}, "properties" : {"id" : 382, "name" : "財團法人新北市神明會義塚大墓公", "district" : "土城區", "zip_code" : 65000130, "address" : "新北市土城區裕民路193-1號(中正市民活動中心)", "tel" : "(02)22676225", "data_time" : "2026-05-03T08:22:28.480765+08:00"}}, {"type" : "Feature", "geometry" : {"type" : "Point", "coordinates" : [121.7116927,24.9361756]}, "properties" : {"id" : 383, "name" : "協德宮", "district" : "坪林區", "zip_code" : 65000200, "address" : "新北市坪林區𩻸魚堀33-17號", "tel" : "(02)26657887", "data_time" : "2026-05-03T08:22:28.480765+08:00"}}, {"type" : "Feature", "geometry" : {"type" : "Point", "coordinates" : [121.7116927,24.9361756]}, "properties" : {"id" : 384, "name" : "坪林國小", "district" : "坪林區", "zip_code" : 65000200, "address" : "新北市坪林區厚德坑8號", "tel" : "(02)26656213", "data_time" : "2026-05-03T08:22:28.480765+08:00"}}, {"type" : "Feature", "geometry" : {"type" : "Point", "coordinates" : [121.7116927,24.9361756]}, "properties" : {"id" : 385, "name" : "新北市坪林區上德里辦公處", "district" : "坪林區", "zip_code" : 65000200, "address" : "新北市坪林區𩻸魚堀44-1號", "tel" : "(02)26656549", "data_time" : "2026-05-03T08:22:28.480765+08:00"}}, {"type" : "Feature", "geometry" : {"type" : "Point", "coordinates" : [121.53762596731,24.947391098806]}, "properties" : {"id" : 386, "name" : "新北市坪林區大林里辦公處", "district" : "坪林區", "zip_code" : 65000200, "address" : "新北市坪林區灣潭路4號", "tel" : "(02)26657612", "data_time" : "2026-05-03T08:22:28.480765+08:00"}}, {"type" : "Feature", "geometry" : {"type" : "Point", "coordinates" : [121.7116927,24.9361756]}, "properties" : {"id" : 387, "name" : "新北市坪林區水德里辦公處", "district" : "坪林區", "zip_code" : 65000200, "address" : "新北市坪林區𩻸魚堀55-6號", "tel" : "(02)26657234", "data_time" : "2026-05-03T08:22:28.480765+08:00"}}, {"type" : "Feature", "geometry" : {"type" : "Point", "coordinates" : [121.7116927,24.9361756]}, "properties" : {"id" : 388, "name" : "新北市坪林區漁光社區發展協會", "district" : "坪林區", "zip_code" : 65000200, "address" : "新北市坪林區楓子林32-1號4樓(石碇區綜合大樓)", "tel" : null, "data_time" : "2026-05-03T08:22:28.480765+08:00"}}, {"type" : "Feature", "geometry" : {"type" : "Point", "coordinates" : [121.7116927,24.9361756]}, "properties" : {"id" : 389, "name" : "新北市坪林區石𥕢里辦公處", "district" : "坪林區", "zip_code" : 65000200, "address" : "新北市坪林區楓子林32-1號3樓(石碇區綜合大樓)", "tel" : "(02)26656059", "data_time" : "2026-05-03T08:22:28.480765+08:00"}}, {"type" : "Feature", "geometry" : {"type" : "Point", "coordinates" : [121.736519980122,24.961027994268]}, "properties" : {"id" : 390, "name" : "新北市坪林區粗窟里辦公處", "district" : "坪林區", "zip_code" : 65000200, "address" : "新北市坪林區坪雙路二段2號", "tel" : "(02)26657868", "data_time" : "2026-05-03T08:22:28.480765+08:00"}}, {"type" : "Feature", "geometry" : {"type" : "Point", "coordinates" : [121.6867326,24.9355874]}, "properties" : {"id" : 391, "name" : "新北市坪林區老人會", "district" : "坪林區", "zip_code" : 65000200, "address" : "新北市坪林區黃櫸皮寮2號", "tel" : "(02)26656630", "data_time" : "2026-05-03T08:22:28.480765+08:00"}}, {"type" : "Feature", "geometry" : {"type" : "Point", "coordinates" : [121.7116927,24.9361756]}, "properties" : {"id" : 392, "name" : "清雲殿", "district" : "坪林區", "zip_code" : 65000200, "address" : "新北市坪林區石𥕢路16號2樓(石𥕢集會所)", "tel" : "(02)26656132", "data_time" : "2026-05-03T08:22:28.480765+08:00"}}, {"type" : "Feature", "geometry" : {"type" : "Point", "coordinates" : [121.731563,24.95704]}, "properties" : {"id" : 393, "name" : "財團法人伊甸社會福利基金會(坪林水柳腳公共托老中心)", "district" : "坪林區", "zip_code" : 65000200, "address" : "新北市坪林區九芎坑16號之2", "tel" : "(02)26658373", "data_time" : "2026-05-03T08:22:28.480765+08:00"}}, {"type" : "Feature", "geometry" : {"type" : "Point", "coordinates" : [121.739176959609,25.024912010424]}, "properties" : {"id" : 394, "name" : "新北市平溪區南山里辦公室", "district" : "平溪區", "zip_code" : 65000240, "address" : "新北市平溪區中華街61號(衛生局舊址)", "tel" : "(02)24958902", "data_time" : "2026-05-03T08:22:28.480765+08:00"}}, {"type" : "Feature", "geometry" : {"type" : "Point", "coordinates" : [121.737492867623,25.024880704016]}, "properties" : {"id" : 395, "name" : "新北市平溪區南山里辦公室", "district" : "平溪區", "zip_code" : 65000240, "address" : "新北市平溪區公園街22號4樓", "tel" : "(02)24958902", "data_time" : "2026-05-03T08:22:28.480765+08:00"}}, {"type" : "Feature", "geometry" : {"type" : "Point", "coordinates" : [121.7381158,25.0266396]}, "properties" : {"id" : 396, "name" : "新北市平溪區南山里辦公室", "district" : "平溪區", "zip_code" : 65000240, "address" : "新北市平溪區竿蓁林62之1號(東勢市民活動中心)", "tel" : "(02)24958902", "data_time" : "2026-05-03T08:22:28.480765+08:00"}}, {"type" : "Feature", "geometry" : {"type" : "Point", "coordinates" : [121.508618966448,25.016496998731]}, "properties" : {"id" : 397, "name" : "新北市平溪區嶺腳社區發展協會", "district" : "平溪區", "zip_code" : 65000240, "address" : "新北市平溪區環河西路二段9-2號", "tel" : null, "data_time" : "2026-05-03T08:22:28.480765+08:00"}}, {"type" : "Feature", "geometry" : {"type" : "Point", "coordinates" : [121.726176041051,25.023538006946]}, "properties" : {"id" : 398, "name" : "新北市平溪區紫東社區發展協會", "district" : "平溪區", "zip_code" : 65000240, "address" : "新北市平溪區菁桐街65-1號(菁桐市民活動中心)", "tel" : "(02)24952468", "data_time" : "2026-05-03T08:22:28.480765+08:00"}}, {"type" : "Feature", "geometry" : {"type" : "Point", "coordinates" : [121.50138597074,25.256726995696]}, "properties" : {"id" : 399, "name" : "新北市平溪區老人會", "district" : "平溪區", "zip_code" : 65000240, "address" : "新北市平溪區中山路一段95號(大埤頂市民活動中心)", "tel" : null, "data_time" : "2026-05-03T08:22:28.480765+08:00"}}, {"type" : "Feature", "geometry" : {"type" : "Point", "coordinates" : [121.776286997728,25.039402015991]}, "properties" : {"id" : 400, "name" : "新北市平溪區老人會", "district" : "平溪區", "zip_code" : 65000240, "address" : "新北市平溪區靜安路三段232號(南山市民活動中心)", "tel" : null, "data_time" : "2026-05-03T08:22:28.480765+08:00"}}, {"type" : "Feature", "geometry" : {"type" : "Point", "coordinates" : [121.775806463219,25.041930500903]}, "properties" : {"id" : 401, "name" : "新北市平溪區菁桐社區發展協會", "district" : "平溪區", "zip_code" : 65000240, "address" : "新北市平溪區十分街66巷1號", "tel" : "(02)24951511", "data_time" : "2026-05-03T08:22:28.480765+08:00"}}, {"type" : "Feature", "geometry" : {"type" : "Point", "coordinates" : [121.726176041051,25.023538006946]}, "properties" : {"id" : 402, "name" : "新北市平溪區菁桐社區發展協會", "district" : "平溪區", "zip_code" : 65000240, "address" : "新北市平溪區菁桐街65-1號(菁桐市民活動中心)", "tel" : "(02)24951511", "data_time" : "2026-05-03T08:22:28.480765+08:00"}}, {"type" : "Feature", "geometry" : {"type" : "Point", "coordinates" : [121.7381158,25.0266396]}, "properties" : {"id" : 403, "name" : "新北市平溪區菁桐社區發展協會", "district" : "平溪區", "zip_code" : 65000240, "address" : "新北市平溪區靜安路63號3樓", "tel" : "(02)24951511", "data_time" : "2026-05-03T08:22:28.480765+08:00"}}, {"type" : "Feature", "geometry" : {"type" : "Point", "coordinates" : [121.737492867623,25.024880704016]}, "properties" : {"id" : 404, "name" : "新北市平溪區農會", "district" : "平溪區", "zip_code" : 65000240, "address" : "新北市平溪區公園街22號4樓", "tel" : "(02)24951052", "data_time" : "2026-05-03T08:22:28.480765+08:00"}}, {"type" : "Feature", "geometry" : {"type" : "Point", "coordinates" : [121.7381158,25.0266396]}, "properties" : {"id" : 405, "name" : "新北市平溪區農會", "district" : "平溪區", "zip_code" : 65000240, "address" : "新北市平溪區靜安路63號3樓", "tel" : "(02)24951052", "data_time" : "2026-05-03T08:22:28.480765+08:00"}}, {"type" : "Feature", "geometry" : {"type" : "Point", "coordinates" : [121.402858962027,25.148699015914]}, "properties" : {"id" : 406, "name" : "財團法人一粒麥子社會福利慈善事業基金會(平溪十分公共托老中心)", "district" : "平溪區", "zip_code" : 65000240, "address" : "新北市平溪區中山路二段251號2樓(文化活動中心)", "tel" : "(02)24958073", "data_time" : "2026-05-03T08:22:28.480765+08:00"}}, {"type" : "Feature", "geometry" : {"type" : "Point", "coordinates" : [121.44296301596,25.032318008613]}, "properties" : {"id" : 407, "name" : "中華基督教新店浸信會", "district" : "新店區", "zip_code" : 65000060, "address" : "新北市新店區瓊泰路211號2樓(海山市民活動中心)", "tel" : "(02)29116250", "data_time" : "2026-05-03T08:22:28.480765+08:00"}}, {"type" : "Feature", "geometry" : {"type" : "Point", "coordinates" : [121.443139706479,25.029397585909]}, "properties" : {"id" : 408, "name" : "天主教耕莘醫療財團法人耕莘醫院-安康院區", "district" : "新店區", "zip_code" : 65000060, "address" : "新北市新店區瓊泰路85號2樓(綜合教室1)(瓊泰市民活動中心)", "tel" : "(02)22123066", "data_time" : "2026-05-03T08:22:28.480765+08:00"}}, {"type" : "Feature", "geometry" : {"type" : "Point", "coordinates" : [121.533760233565,24.973299812979]}, "properties" : {"id" : 409, "name" : "新北市奇布施老人養生協會(寶福站)", "district" : "新店區", "zip_code" : 65000060, "address" : "新北市新店區三民路151號1、2樓", "tel" : null, "data_time" : "2026-05-03T08:22:28.480765+08:00"}}, {"type" : "Feature", "geometry" : {"type" : "Point", "coordinates" : [121.54480498356,24.97268160571]}, "properties" : {"id" : 410, "name" : "新北市奇布施老人養生協會(寶福站)", "district" : "新店區", "zip_code" : 65000060, "address" : "新北市新店區張北里14鄰德正街23巷25號(張北市民活動中心)", "tel" : null, "data_time" : "2026-05-03T08:22:28.480765+08:00"}}, {"type" : "Feature", "geometry" : {"type" : "Point", "coordinates" : [121.551760035358,24.978715989263]}, "properties" : {"id" : 411, "name" : "新北市新店區下城社區發展協會", "district" : "新店區", "zip_code" : 65000060, "address" : "新北市新店區寶橋路234號", "tel" : "(02)22119715", "data_time" : "2026-05-03T08:22:28.480765+08:00"}}, {"type" : "Feature", "geometry" : {"type" : "Point", "coordinates" : [121.534941662818,24.991423415482]}, "properties" : {"id" : 412, "name" : "新北市新店區中央里辦公處", "district" : "新店區", "zip_code" : 65000060, "address" : "新北市新店區中正路700巷26號2-3樓", "tel" : null, "data_time" : "2026-05-03T08:22:28.480765+08:00"}}, {"type" : "Feature", "geometry" : {"type" : "Point", "coordinates" : [121.523876460979,24.97911530313]}, "properties" : {"id" : 413, "name" : "新北市新店區五峯里辦公處", "district" : "新店區", "zip_code" : 65000060, "address" : "新北市新店區溪園路387號1F", "tel" : "(02)29133939", "data_time" : "2026-05-03T08:22:28.480765+08:00"}}, {"type" : "Feature", "geometry" : {"type" : "Point", "coordinates" : [121.533714971288,24.98991299653]}, "properties" : {"id" : 414, "name" : "新北市新店區公崙社區發展協會", "district" : "新店區", "zip_code" : 65000060, "address" : "新北市新店區中正路663巷1-2號地下室", "tel" : "(02)86665078", "data_time" : "2026-05-03T08:22:28.480765+08:00"}}, {"type" : "Feature", "geometry" : {"type" : "Point", "coordinates" : [121.527603390407,24.975446418382]}, "properties" : {"id" : 415, "name" : "新北市新店區北宜社區發展協會", "district" : "新店區", "zip_code" : 65000060, "address" : "新北市新店區中央五街60號2樓(中央市民活動中心)", "tel" : "(02)22173808", "data_time" : "2026-05-03T08:22:28.480765+08:00"}}, {"type" : "Feature", "geometry" : {"type" : "Point", "coordinates" : [121.552254986741,24.953141210113]}, "properties" : {"id" : 416, "name" : "新北市新店區北宜社區發展協會", "district" : "新店區", "zip_code" : 65000060, "address" : "新北市新店區北宜路二段80號", "tel" : "(02)22173808", "data_time" : "2026-05-03T08:22:28.480765+08:00"}}, {"type" : "Feature", "geometry" : {"type" : "Point", "coordinates" : [121.482256036942,24.948527014325]}, "properties" : {"id" : 417, "name" : "新北市新店區北宜社區發展協會", "district" : "新店區", "zip_code" : 65000060, "address" : "新北市新店區安康路三段517號", "tel" : "(02)22173808", "data_time" : "2026-05-03T08:22:28.480765+08:00"}}, {"type" : "Feature", "geometry" : {"type" : "Point", "coordinates" : [121.513786661212,24.962073720508]}, "properties" : {"id" : 418, "name" : "新北市新店區北宜社區發展協會", "district" : "新店區", "zip_code" : 65000060, "address" : "新北市新店區安康路二段85巷30號", "tel" : "(02)22173808", "data_time" : "2026-05-03T08:22:28.480765+08:00"}}, {"type" : "Feature", "geometry" : {"type" : "Point", "coordinates" : [121.552254986741,24.953141210113]}, "properties" : {"id" : 419, "name" : "新北市新店區北新社區發展協會", "district" : "新店區", "zip_code" : 65000060, "address" : "新北市新店區北宜路二段80號", "tel" : "(02)89112380", "data_time" : "2026-05-03T08:22:28.480765+08:00"}}, {"type" : "Feature", "geometry" : {"type" : "Point", "coordinates" : [121.537564025045,24.976892003313]}, "properties" : {"id" : 420, "name" : "新北市新店區北新社區發展協會", "district" : "新店區", "zip_code" : 65000060, "address" : "新北市新店區民族路110號(大豐社福館)", "tel" : "(02)89112380", "data_time" : "2026-05-03T08:22:28.480765+08:00"}}, {"type" : "Feature", "geometry" : {"type" : "Point", "coordinates" : [121.53613088724,24.967829196233]}, "properties" : {"id" : 421, "name" : "新北市新店區北新社區發展協會", "district" : "新店區", "zip_code" : 65000060, "address" : "新北市新店區環河路152號之7(新店褒忠亭)", "tel" : "(02)89112380", "data_time" : "2026-05-03T08:22:28.480765+08:00"}}, {"type" : "Feature", "geometry" : {"type" : "Point", "coordinates" : [121.521647964381,24.98703800374]}, "properties" : {"id" : 422, "name" : "新北市新店區吉祥里辦公處", "district" : "新店區", "zip_code" : 65000060, "address" : "新北市新店區新和街109號(新和市民活動中心)", "tel" : "(02)22151115", "data_time" : "2026-05-03T08:22:28.480765+08:00"}}, {"type" : "Feature", "geometry" : {"type" : "Point", "coordinates" : [121.494946992721,24.948931985977]}, "properties" : {"id" : 423, "name" : "新北市新店區國校里辦公處", "district" : "新店區", "zip_code" : 65000060, "address" : "新北市新店區富貴街9巷31號", "tel" : "(02)29117312", "data_time" : "2026-05-03T08:22:28.480765+08:00"}}, {"type" : "Feature", "geometry" : {"type" : "Point", "coordinates" : [121.549318973696,24.934316000405]}, "properties" : {"id" : 424, "name" : "新北市新店區國豐里辦公處", "district" : "新店區", "zip_code" : 65000060, "address" : "新北市新店區花園一路一段2號B1", "tel" : "(02)29187328", "data_time" : "2026-05-03T08:22:28.480765+08:00"}}, {"type" : "Feature", "geometry" : {"type" : "Point", "coordinates" : [121.499611605657,24.951521407325]}, "properties" : {"id" : 425, "name" : "新北市新店區大鵬忠孝社區發展協會", "district" : "新店區", "zip_code" : 65000060, "address" : "新北市新店區僑信路19號2樓", "tel" : "(02)82181007", "data_time" : "2026-05-03T08:22:28.480765+08:00"}}, {"type" : "Feature", "geometry" : {"type" : "Point", "coordinates" : [121.5165700398,24.967379004214]}, "properties" : {"id" : 426, "name" : "新北市新店區大鵬忠孝社區發展協會(忠孝站)", "district" : "新店區", "zip_code" : 65000060, "address" : "新北市新店區安民街79號4樓", "tel" : "(02)82181007", "data_time" : "2026-05-03T08:22:28.480765+08:00"}}, {"type" : "Feature", "geometry" : {"type" : "Point", "coordinates" : [121.509411223936,24.92334220322]}, "properties" : {"id" : 427, "name" : "新北市新店區安和里辦公處", "district" : "新店區", "zip_code" : 65000060, "address" : "新北市新店區新潭路二段140巷37號", "tel" : "(02)86666527", "data_time" : "2026-05-03T08:22:28.480765+08:00"}}, {"type" : "Feature", "geometry" : {"type" : "Point", "coordinates" : [121.521647964381,24.98703800374]}, "properties" : {"id" : 428, "name" : "新北市新店區安昌里辦公處", "district" : "新店區", "zip_code" : 65000060, "address" : "新北市新店區新和街109號(新和市民活動中心)", "tel" : "(02)86660365", "data_time" : "2026-05-03T08:22:28.480765+08:00"}}, {"type" : "Feature", "geometry" : {"type" : "Point", "coordinates" : [121.464106031444,24.994613986926]}, "properties" : {"id" : 429, "name" : "新北市新店區寶興里辦公處", "district" : "新店區", "zip_code" : 65000060, "address" : "新北市新店區五權街13號", "tel" : "(02)29137355", "data_time" : "2026-05-03T08:22:28.480765+08:00"}}, {"type" : "Feature", "geometry" : {"type" : "Point", "coordinates" : [121.523651658336,24.962779602484]}, "properties" : {"id" : 430, "name" : "新北市新店區小城里辦公處", "district" : "新店區", "zip_code" : 65000060, "address" : "新北市新店區安康路一段281巷6號(下城市民活動中心)", "tel" : "(02)22141815", "data_time" : "2026-05-03T08:22:28.480765+08:00"}}, {"type" : "Feature", "geometry" : {"type" : "Point", "coordinates" : [121.537564025045,24.976892003313]}, "properties" : {"id" : 431, "name" : "新北市新店區屈尺社區發展協會", "district" : "新店區", "zip_code" : 65000060, "address" : "新北市新店區民族路110號(大豐社福館)", "tel" : "(02)26668365", "data_time" : "2026-05-03T08:22:28.480765+08:00"}}, {"type" : "Feature", "geometry" : {"type" : "Point", "coordinates" : [121.552254986741,24.953141210113]}, "properties" : {"id" : 432, "name" : "新北市新店區平潭社區發展協會", "district" : "新店區", "zip_code" : 65000060, "address" : "新北市新店區北宜路二段80號", "tel" : "(02)86665580", "data_time" : "2026-05-03T08:22:28.480765+08:00"}}, {"type" : "Feature", "geometry" : {"type" : "Point", "coordinates" : [121.505190013677,24.942674015156]}, "properties" : {"id" : 433, "name" : "新北市新店區廣興里辦公處", "district" : "新店區", "zip_code" : 65000060, "address" : "新北市新店區達觀路6號", "tel" : "(02)26665969", "data_time" : "2026-05-03T08:22:28.480765+08:00"}}, {"type" : "Feature", "geometry" : {"type" : "Point", "coordinates" : [121.468470991342,24.989947990975]}, "properties" : {"id" : 434, "name" : "新北市新店區張北里辦公處", "district" : "新店區", "zip_code" : 65000060, "address" : "新北市新店區延和路156巷7號(延和市民活動中心)", "tel" : null, "data_time" : "2026-05-03T08:22:28.480765+08:00"}}, {"type" : "Feature", "geometry" : {"type" : "Point", "coordinates" : [121.530471007121,24.948853992368]}, "properties" : {"id" : 435, "name" : "新北市新店區張南里辦公處", "district" : "新店區", "zip_code" : 65000060, "address" : "新北市新店區永業路81巷7弄1號B1", "tel" : "(02)29117423", "data_time" : "2026-05-03T08:22:28.480765+08:00"}}, {"type" : "Feature", "geometry" : {"type" : "Point", "coordinates" : [121.521647964381,24.98703800374]}, "properties" : {"id" : 436, "name" : "新北市新店區德安社區發展協會", "district" : "新店區", "zip_code" : 65000060, "address" : "新北市新店區新和街109號(新和市民活動中心)", "tel" : "(02)22117266", "data_time" : "2026-05-03T08:22:28.480765+08:00"}}, {"type" : "Feature", "geometry" : {"type" : "Point", "coordinates" : [121.549014040059,24.962784002983]}, "properties" : {"id" : 437, "name" : "新北市新店區文中里辦公處", "district" : "新店區", "zip_code" : 65000060, "address" : "新北市新店區新坡一街39號2樓", "tel" : "(02)29122820", "data_time" : "2026-05-03T08:22:28.480765+08:00"}}, {"type" : "Feature", "geometry" : {"type" : "Point", "coordinates" : [121.533492269885,24.95997379174]}, "properties" : {"id" : 438, "name" : "新北市新店區新和里辦公處", "district" : "新店區", "zip_code" : 65000060, "address" : "新北市新店區安康路一段9-2號(頂城市民活動中心)", "tel" : "(02)29461653", "data_time" : "2026-05-03T08:22:28.480765+08:00"}}, {"type" : "Feature", "geometry" : {"type" : "Point", "coordinates" : [121.537053986237,24.956706997453]}, "properties" : {"id" : 439, "name" : "新北市新店區新生里辦公處", "district" : "新店區", "zip_code" : 65000060, "address" : "新北市新店區新店路207號三樓(碧潭市民活動中心)", "tel" : "(02)29135295", "data_time" : "2026-05-03T08:22:28.480765+08:00"}}, {"type" : "Feature", "geometry" : {"type" : "Point", "coordinates" : [121.499611605657,24.951521407325]}, "properties" : {"id" : 440, "name" : "新北市新店區日興里辦公處", "district" : "新店區", "zip_code" : 65000060, "address" : "新北市新店區僑信路19號2樓", "tel" : "(02)22152321", "data_time" : "2026-05-03T08:22:28.480765+08:00"}}, {"type" : "Feature", "geometry" : {"type" : "Point", "coordinates" : [121.537564025045,24.976892003313]}, "properties" : {"id" : 441, "name" : "新北市新店區明城里辦公處", "district" : "新店區", "zip_code" : 65000060, "address" : "新北市新店區民族路110號(大豐社福館)", "tel" : "(02)22130575", "data_time" : "2026-05-03T08:22:28.480765+08:00"}}, {"type" : "Feature", "geometry" : {"type" : "Point", "coordinates" : [121.552254986741,24.953141210113]}, "properties" : {"id" : 442, "name" : "新北市新店區永安里辦公處", "district" : "新店區", "zip_code" : 65000060, "address" : "新北市新店區北宜路二段80號", "tel" : "(02)86682400", "data_time" : "2026-05-03T08:22:28.480765+08:00"}}, {"type" : "Feature", "geometry" : {"type" : "Point", "coordinates" : [121.495905966263,24.947756004961]}, "properties" : {"id" : 443, "name" : "新北市新店區江陵里辦公處", "district" : "新店區", "zip_code" : 65000060, "address" : "新北市新店區玫瑰路51巷2號1樓(吉祥市民活動中心)", "tel" : null, "data_time" : "2026-05-03T08:22:28.480765+08:00"}}, {"type" : "Feature", "geometry" : {"type" : "Point", "coordinates" : [121.545126010452,24.923281979246]}, "properties" : {"id" : 444, "name" : "新北市新店區玫瑰社區發展協會", "district" : "新店區", "zip_code" : 65000060, "address" : "新北市新店區屈尺路125號(屈尺市民活動中心)", "tel" : "(02)22155106", "data_time" : "2026-05-03T08:22:28.480765+08:00"}}, {"type" : "Feature", "geometry" : {"type" : "Point", "coordinates" : [121.54480498356,24.97268160571]}, "properties" : {"id" : 445, "name" : "新北市新店區玫瑰社區發展協會", "district" : "新店區", "zip_code" : 65000060, "address" : "新北市新店區張北里14鄰德正街23巷25號(張北市民活動中心)", "tel" : "(02)22155106", "data_time" : "2026-05-03T08:22:28.480765+08:00"}}, {"type" : "Feature", "geometry" : {"type" : "Point", "coordinates" : [121.537564025045,24.976892003313]}, "properties" : {"id" : 446, "name" : "新北市新店區玫瑰里辦公處", "district" : "新店區", "zip_code" : 65000060, "address" : "新北市新店區民族路110號(大豐社福館)", "tel" : "(02)22104558", "data_time" : "2026-05-03T08:22:28.480765+08:00"}}, {"type" : "Feature", "geometry" : {"type" : "Point", "coordinates" : [121.539976001503,24.964830989467]}, "properties" : {"id" : 447, "name" : "新北市新店區直潭里辦公處", "district" : "新店區", "zip_code" : 65000060, "address" : "新北市新店區力行路2段9巷6號1樓", "tel" : "(02)26666768", "data_time" : "2026-05-03T08:22:28.480765+08:00"}}, {"type" : "Feature", "geometry" : {"type" : "Point", "coordinates" : [121.494530998866,24.946852980622]}, "properties" : {"id" : 448, "name" : "新北市新店區美城里辦公處", "district" : "新店區", "zip_code" : 65000060, "address" : "新北市新店區玫瑰路58巷18號B1", "tel" : "(02)29148839", "data_time" : "2026-05-03T08:22:28.480765+08:00"}}, {"type" : "Feature", "geometry" : {"type" : "Point", "coordinates" : [121.537159011484,24.980995992655]}, "properties" : {"id" : 449, "name" : "新北市新店區老人會", "district" : "新店區", "zip_code" : 65000060, "address" : "新北市新店區二十張路42號", "tel" : "(02)22198112", "data_time" : "2026-05-03T08:22:28.480765+08:00"}}, {"type" : "Feature", "geometry" : {"type" : "Point", "coordinates" : [121.510303980443,24.960873012878]}, "properties" : {"id" : 450, "name" : "新北市新店區老人會", "district" : "新店區", "zip_code" : 65000060, "address" : "新北市新店區安成街22號B1", "tel" : "(02)22198112", "data_time" : "2026-05-03T08:22:28.480765+08:00"}}, {"type" : "Feature", "geometry" : {"type" : "Point", "coordinates" : [121.515826900264,24.97516608563]}, "properties" : {"id" : 451, "name" : "新北市新店區老人會", "district" : "新店區", "zip_code" : 65000060, "address" : "新北市新店區安興路67號(安和市民活動中心)", "tel" : "(02)22198112", "data_time" : "2026-05-03T08:22:28.480765+08:00"}}, {"type" : "Feature", "geometry" : {"type" : "Point", "coordinates" : [121.536983997345,24.955159991493]}, "properties" : {"id" : 452, "name" : "新北市新店區老人會", "district" : "新店區", "zip_code" : 65000060, "address" : "新北市新店區新店路159號2樓", "tel" : "(02)22198112", "data_time" : "2026-05-03T08:22:28.480765+08:00"}}, {"type" : "Feature", "geometry" : {"type" : "Point", "coordinates" : [121.540702461051,24.975387200236]}, "properties" : {"id" : 453, "name" : "新北市新店區華城里辦公處", "district" : "新店區", "zip_code" : 65000060, "address" : "新北市新店區建國路58號2樓(建國游泳池2樓教室)", "tel" : "(02)22162663", "data_time" : "2026-05-03T08:22:28.480765+08:00"}}, {"type" : "Feature", "geometry" : {"type" : "Point", "coordinates" : [121.503865924433,24.928245616578]}, "properties" : {"id" : 454, "name" : "新北市新店區達觀里辦公處", "district" : "新店區", "zip_code" : 65000060, "address" : "新北市新店區華城一路18號2樓", "tel" : "(02)22136388", "data_time" : "2026-05-03T08:22:28.480765+08:00"}}, {"type" : "Feature", "geometry" : {"type" : "Point", "coordinates" : [121.542371968526,24.968144188155]}, "properties" : {"id" : 455, "name" : "新北市新店區長春里辦公處", "district" : "新店區", "zip_code" : 65000060, "address" : "新北市新店區北新路1段92號2樓(馬公多功能集會中心)", "tel" : "(02)29109066", "data_time" : "2026-05-03T08:22:28.480765+08:00"}}, {"type" : "Feature", "geometry" : {"type" : "Point", "coordinates" : [121.502608974233,24.950249998341]}, "properties" : {"id" : 456, "name" : "新北市新店區長青會", "district" : "新店區", "zip_code" : 65000060, "address" : "新北市新店區黎明路9號B1", "tel" : "(02)26667005", "data_time" : "2026-05-03T08:22:28.480765+08:00"}}, {"type" : "Feature", "geometry" : {"type" : "Point", "coordinates" : [121.504320391223,24.954634320435]}, "properties" : {"id" : 457, "name" : "新北市新店區雙坑里辦公處", "district" : "新店區", "zip_code" : 65000060, "address" : "新北市新店區安一路二段198-1號", "tel" : "(02)22172582", "data_time" : "2026-05-03T08:22:28.480765+08:00"}}, {"type" : "Feature", "geometry" : {"type" : "Point", "coordinates" : [121.552013839386,24.903139511544]}, "properties" : {"id" : 458, "name" : "新北市新店區雙城社區發展協會", "district" : "新店區", "zip_code" : 65000060, "address" : "新北市新店區新烏路三段136號2樓(龜山市民活動中心)", "tel" : null, "data_time" : "2026-05-03T08:22:28.480765+08:00"}}, {"type" : "Feature", "geometry" : {"type" : "Point", "coordinates" : [121.538261231751,24.953990506452]}, "properties" : {"id" : 459, "name" : "新北市新店區頂城里辦公處", "district" : "新店區", "zip_code" : 65000060, "address" : "新北市新店區國校路50號3樓", "tel" : "(02)22117843", "data_time" : "2026-05-03T08:22:28.480765+08:00"}}, {"type" : "Feature", "geometry" : {"type" : "Point", "coordinates" : [121.537053986237,24.956706997453]}, "properties" : {"id" : 460, "name" : "新北市新店區龜山廣興社區發展協會", "district" : "新店區", "zip_code" : 65000060, "address" : "新北市新店區新店路207號3樓", "tel" : "(02)26660002", "data_time" : "2026-05-03T08:22:28.480765+08:00"}}, {"type" : "Feature", "geometry" : {"type" : "Point", "coordinates" : [121.505190013677,24.942674015156]}, "properties" : {"id" : 461, "name" : "新北市新店區龜山廣興社區發展協會", "district" : "新店區", "zip_code" : 65000060, "address" : "新北市新店區達觀路6號", "tel" : "(02)26660002", "data_time" : "2026-05-03T08:22:28.480765+08:00"}}, {"type" : "Feature", "geometry" : {"type" : "Point", "coordinates" : [121.552013839386,24.903139511544]}, "properties" : {"id" : 462, "name" : "新北市新店康園公共托老中心", "district" : "新店區", "zip_code" : 65000060, "address" : "新北市新店區新烏路三段136號2樓(龜山市民活動中心)", "tel" : "(02)86663556", "data_time" : "2026-05-03T08:22:28.480765+08:00"}}, {"type" : "Feature", "geometry" : {"type" : "Point", "coordinates" : [121.592862960693,24.954007018802]}, "properties" : {"id" : 463, "name" : "新北市新店碧潭公共托老中心", "district" : "新店區", "zip_code" : 65000060, "address" : "新北市新店區長峯路7號", "tel" : "(02)29121592", "data_time" : "2026-05-03T08:22:28.480765+08:00"}}, {"type" : "Feature", "geometry" : {"type" : "Point", "coordinates" : [121.498572607606,25.069958083869]}, "properties" : {"id" : 464, "name" : "新北市歡樂銀髮協會", "district" : "新店區", "zip_code" : 65000060, "address" : "新北市新店區介壽路26-1號", "tel" : null, "data_time" : "2026-05-03T08:22:28.480765+08:00"}}, {"type" : "Feature", "geometry" : {"type" : "Point", "coordinates" : [121.551760035358,24.978715989263]}, "properties" : {"id" : 465, "name" : "新北市歡樂銀髮協會", "district" : "新店區", "zip_code" : 65000060, "address" : "新北市新店區寶橋路234號", "tel" : null, "data_time" : "2026-05-03T08:22:28.480765+08:00"}}, {"type" : "Feature", "geometry" : {"type" : "Point", "coordinates" : [121.495596003484,24.950462982501]}, "properties" : {"id" : 466, "name" : "新北市歡樂銀髮協會", "district" : "新店區", "zip_code" : 65000060, "address" : "新北市新店區玫瑰路35號", "tel" : null, "data_time" : "2026-05-03T08:22:28.480765+08:00"}}, {"type" : "Feature", "geometry" : {"type" : "Point", "coordinates" : [121.533760233565,24.973299812979]}, "properties" : {"id" : 467, "name" : "新北市長恩活力協會", "district" : "新店區", "zip_code" : 65000060, "address" : "新北市新店區三民路151號1、2樓", "tel" : "(02)22153080", "data_time" : "2026-05-03T08:22:28.480765+08:00"}}, {"type" : "Feature", "geometry" : {"type" : "Point", "coordinates" : [121.514267028083,24.974673020176]}, "properties" : {"id" : 468, "name" : "新店客家促進會", "district" : "新店區", "zip_code" : 65000060, "address" : "新北市新店區安興路91巷31號", "tel" : "(02)86656188", "data_time" : "2026-05-03T08:22:28.480765+08:00"}}, {"type" : "Feature", "geometry" : {"type" : "Point", "coordinates" : [121.487368997879,24.951692984883]}, "properties" : {"id" : 469, "name" : "新店玫瑰社區福德宮", "district" : "新店區", "zip_code" : 65000060, "address" : "新北市新店區安康路三段237號B1", "tel" : "(02)22155900", "data_time" : "2026-05-03T08:22:28.480765+08:00"}}, {"type" : "Feature", "geometry" : {"type" : "Point", "coordinates" : [121.443139706479,25.029397585909]}, "properties" : {"id" : 470, "name" : "社團法人中華民國香柏樹長者社區關懷協會(大坪林據點)", "district" : "新店區", "zip_code" : 65000060, "address" : "新北市新店區瓊泰路85號2樓(綜合教室1)(瓊泰市民活動中心)", "tel" : "(02)29111129", "data_time" : "2026-05-03T08:22:28.480765+08:00"}}, {"type" : "Feature", "geometry" : {"type" : "Point", "coordinates" : [121.533760233565,24.973299812979]}, "properties" : {"id" : 471, "name" : "社團法人中華麥田關懷協會", "district" : "新店區", "zip_code" : 65000060, "address" : "新北市新店區三民路151號1、2樓", "tel" : "(02)29133936", "data_time" : "2026-05-03T08:22:28.480765+08:00"}}, {"type" : "Feature", "geometry" : {"type" : "Point", "coordinates" : [121.540625934275,24.964001306782]}, "properties" : {"id" : 472, "name" : "社團法人中華麥田關懷協會", "district" : "新店區", "zip_code" : 65000060, "address" : "新北市新店區光明街286巷13號", "tel" : "(02)29133936", "data_time" : "2026-05-03T08:22:28.480765+08:00"}}, {"type" : "Feature", "geometry" : {"type" : "Point", "coordinates" : [121.46831701578,25.002594019753]}, "properties" : {"id" : 473, "name" : "社團法人中華麥田關懷協會", "district" : "新店區", "zip_code" : 65000060, "address" : "新北市新店區民德路34號", "tel" : "(02)29133936", "data_time" : "2026-05-03T08:22:28.480765+08:00"}}, {"type" : "Feature", "geometry" : {"type" : "Point", "coordinates" : [121.504536560506,24.95397688586]}, "properties" : {"id" : 474, "name" : "社團法人中華麥田關懷協會", "district" : "新店區", "zip_code" : 65000060, "address" : "新北市新店區車子路15號", "tel" : "(02)29133936", "data_time" : "2026-05-03T08:22:28.480765+08:00"}}, {"type" : "Feature", "geometry" : {"type" : "Point", "coordinates" : [121.523876460979,24.97911530313]}, "properties" : {"id" : 475, "name" : "社團法人中華麥田關懷協會(五峯站)", "district" : "新店區", "zip_code" : 65000060, "address" : "新北市新店區溪園路387號1F", "tel" : "(02)29133936", "data_time" : "2026-05-03T08:22:28.480765+08:00"}}, {"type" : "Feature", "geometry" : {"type" : "Point", "coordinates" : [121.46831701578,25.002594019753]}, "properties" : {"id" : 476, "name" : "社團法人新北市新店區喜樂心靈關懷協會", "district" : "新店區", "zip_code" : 65000060, "address" : "新北市新店區民德路34號", "tel" : "(02)86662541", "data_time" : "2026-05-03T08:22:28.480765+08:00"}}, {"type" : "Feature", "geometry" : {"type" : "Point", "coordinates" : [121.46831701578,25.002594019753]}, "properties" : {"id" : 477, "name" : "社團法人活水泉關懷協會", "district" : "新店區", "zip_code" : 65000060, "address" : "新北市新店區民德路34號", "tel" : "(02)29133911", "data_time" : "2026-05-03T08:22:28.480765+08:00"}}, {"type" : "Feature", "geometry" : {"type" : "Point", "coordinates" : [121.539878017055,24.967986985561]}, "properties" : {"id" : 478, "name" : "財團法人台灣省私立健順養護中心(新店柴埕站)", "district" : "新店區", "zip_code" : 65000060, "address" : "新北市新店區中華路53號1樓", "tel" : "(02)22121753", "data_time" : "2026-05-03T08:22:28.480765+08:00"}}, {"type" : "Feature", "geometry" : {"type" : "Point", "coordinates" : [121.46831701578,25.002594019753]}, "properties" : {"id" : 479, "name" : "財團法人新北市中華基督教長老會國語禮拜堂", "district" : "新店區", "zip_code" : 65000060, "address" : "新北市新店區民德路34號", "tel" : "(02)29118102", "data_time" : "2026-05-03T08:22:28.480765+08:00"}}, {"type" : "Feature", "geometry" : {"type" : "Point", "coordinates" : [121.540857190984,24.965394882003]}, "properties" : {"id" : 480, "name" : "財團法人新北市私立新希望基金會", "district" : "新店區", "zip_code" : 65000060, "address" : "新北市新店區北新路一段10號地下一樓", "tel" : "(02)77517718", "data_time" : "2026-05-03T08:22:28.480765+08:00"}}, {"type" : "Feature", "geometry" : {"type" : "Point", "coordinates" : [121.52576096427,24.96233498443]}, "properties" : {"id" : 481, "name" : "財團法人新北市私立新希望基金會", "district" : "新店區", "zip_code" : 65000060, "address" : "新北市新店區安康路一段207巷8-1號", "tel" : "(02)77517718", "data_time" : "2026-05-03T08:22:28.480765+08:00"}}, {"type" : "Feature", "geometry" : {"type" : "Point", "coordinates" : [121.509131016912,24.959421015791]}, "properties" : {"id" : 482, "name" : "財團法人新北市私立新希望基金會", "district" : "新店區", "zip_code" : 65000060, "address" : "新北市新店區安康路二段234巷1號", "tel" : "(02)77517718", "data_time" : "2026-05-03T08:22:28.480765+08:00"}}, {"type" : "Feature", "geometry" : {"type" : "Point", "coordinates" : [121.533760233565,24.973299812979]}, "properties" : {"id" : 483, "name" : "財團法人福智慈善基金會(新店教室)", "district" : "新店區", "zip_code" : 65000060, "address" : "新北市新店區三民路151號1、2樓", "tel" : "(02)29108906", "data_time" : "2026-05-03T08:22:28.480765+08:00"}}, {"type" : "Feature", "geometry" : {"type" : "Point", "coordinates" : [121.494946992721,24.948931985977]}, "properties" : {"id" : 484, "name" : "龍林天下公寓大廈管理委員會", "district" : "新店區", "zip_code" : 65000060, "address" : "新北市新店區富貴街9巷31號", "tel" : "(02)29479592", "data_time" : "2026-05-03T08:22:28.480765+08:00"}}, {"type" : "Feature", "geometry" : {"type" : "Point", "coordinates" : [121.452859026125,25.045355011264]}, "properties" : {"id" : 485, "name" : "中國青年救國團(新莊站)", "district" : "新莊區", "zip_code" : 65000050, "address" : "新北市新莊區中安街3號6樓", "tel" : "(02)29924915", "data_time" : "2026-05-03T08:22:28.480765+08:00"}}, {"type" : "Feature", "geometry" : {"type" : "Point", "coordinates" : [121.4551570087,25.041825014652]}, "properties" : {"id" : 486, "name" : "中國青年救國團(新莊站)", "district" : "新莊區", "zip_code" : 65000050, "address" : "新北市新莊區中港路172號(中港第一市民活動中心)", "tel" : "(02)29924915", "data_time" : "2026-05-03T08:22:28.480765+08:00"}}, {"type" : "Feature", "geometry" : {"type" : "Point", "coordinates" : [121.428480009282,25.00961499522]}, "properties" : {"id" : 487, "name" : "中華民國樂齡生活規劃協會(中港站)", "district" : "新莊區", "zip_code" : 65000050, "address" : "新北市新莊區民安西路410巷6號", "tel" : "(02)85210176", "data_time" : "2026-05-03T08:22:28.480765+08:00"}}, {"type" : "Feature", "geometry" : {"type" : "Point", "coordinates" : [121.424574964412,25.025876013108]}, "properties" : {"id" : 488, "name" : "佛光山擇善寺", "district" : "新莊區", "zip_code" : 65000050, "address" : "新北市新莊區後港一路19號B1(新莊區老人文康活動中心)", "tel" : "(02)22070859", "data_time" : "2026-05-03T08:22:28.480765+08:00"}}, {"type" : "Feature", "geometry" : {"type" : "Point", "coordinates" : [121.445833566341,25.042322480605]}, "properties" : {"id" : 489, "name" : "佛光山擇善寺", "district" : "新莊區", "zip_code" : 65000050, "address" : "新北市新莊區泰順街24號", "tel" : "(02)22070859", "data_time" : "2026-05-03T08:22:28.480765+08:00"}}, {"type" : "Feature", "geometry" : {"type" : "Point", "coordinates" : [121.451081475919,25.047378109324]}, "properties" : {"id" : 490, "name" : "台灣基督長老教會中港教會", "district" : "新莊區", "zip_code" : 65000050, "address" : "新北市新莊區中泰街24巷11號", "tel" : "(02)29936271", "data_time" : "2026-05-03T08:22:28.480765+08:00"}}, {"type" : "Feature", "geometry" : {"type" : "Point", "coordinates" : [121.451193961059,25.038177000842]}, "properties" : {"id" : 491, "name" : "新北市光塩愛心關懷協會", "district" : "新莊區", "zip_code" : 65000050, "address" : "新北市新莊區32鄰新興街76巷19號1、2樓(興漢長壽俱樂部)", "tel" : "(02)29982723", "data_time" : "2026-05-03T08:22:28.480765+08:00"}}, {"type" : "Feature", "geometry" : {"type" : "Point", "coordinates" : [121.457895041191,25.046751981157]}, "properties" : {"id" : 492, "name" : "新北市光塩愛心關懷協會", "district" : "新莊區", "zip_code" : 65000050, "address" : "新北市新莊區福樂街78號", "tel" : "(02)29982723", "data_time" : "2026-05-03T08:22:28.480765+08:00"}}, {"type" : "Feature", "geometry" : {"type" : "Point", "coordinates" : [121.421807008526,25.021281011878]}, "properties" : {"id" : 493, "name" : "新北市全能銀色樂活關懷協會", "district" : "新莊區", "zip_code" : 65000050, "address" : "新北市新莊區四維路186巷2號(四維市民活動中心)", "tel" : "(02)22028475", "data_time" : "2026-05-03T08:22:28.480765+08:00"}}, {"type" : "Feature", "geometry" : {"type" : "Point", "coordinates" : [121.426757695818,25.020558198458]}, "properties" : {"id" : 494, "name" : "新北市全能銀色樂活關懷協會", "district" : "新莊區", "zip_code" : 65000050, "address" : "新北市新莊區民安西路38巷19號", "tel" : "(02)22028475", "data_time" : "2026-05-03T08:22:28.480765+08:00"}}, {"type" : "Feature", "geometry" : {"type" : "Point", "coordinates" : [121.42830097183,25.009733012416]}, "properties" : {"id" : 495, "name" : "新北市全能銀色樂活關懷協會", "district" : "新莊區", "zip_code" : 65000050, "address" : "新北市新莊區民安西路410巷8弄2號(西盛庄各里活動中心)", "tel" : "(02)22028475", "data_time" : "2026-05-03T08:22:28.480765+08:00"}}, {"type" : "Feature", "geometry" : {"type" : "Point", "coordinates" : [121.442457335741,25.050390104321]}, "properties" : {"id" : 496, "name" : "新北市全能銀色樂活關懷協會", "district" : "新莊區", "zip_code" : 65000050, "address" : "新北市新莊區立信三街25之3號", "tel" : "(02)22028475", "data_time" : "2026-05-03T08:22:28.480765+08:00"}}, {"type" : "Feature", "geometry" : {"type" : "Point", "coordinates" : [121.442457335741,25.050390104321]}, "properties" : {"id" : 497, "name" : "新北市新莊區中和里辦公處", "district" : "新莊區", "zip_code" : 65000050, "address" : "新北市新莊區立信三街25之3號", "tel" : null, "data_time" : "2026-05-03T08:22:28.480765+08:00"}}, {"type" : "Feature", "geometry" : {"type" : "Point", "coordinates" : [121.451081475919,25.047378109324]}, "properties" : {"id" : 498, "name" : "新北市新莊區中港第一社區發展協會", "district" : "新莊區", "zip_code" : 65000050, "address" : "新北市新莊區中泰街24巷11號", "tel" : null, "data_time" : "2026-05-03T08:22:28.480765+08:00"}}, {"type" : "Feature", "geometry" : {"type" : "Point", "coordinates" : [121.442054885063,25.040227483472]}, "properties" : {"id" : 499, "name" : "新北市新莊區中港第一社區發展協會", "district" : "新莊區", "zip_code" : 65000050, "address" : "新北市新莊區中環路2段392號之1(中環市民活動中心)", "tel" : null, "data_time" : "2026-05-03T08:22:28.480765+08:00"}}, {"type" : "Feature", "geometry" : {"type" : "Point", "coordinates" : [121.457632687622,25.052213713085]}, "properties" : {"id" : 500, "name" : "新北市新莊區中港第一社區發展協會", "district" : "新莊區", "zip_code" : 65000050, "address" : "新北市新莊區昌明街1號B1(福壽市民活動中心)", "tel" : null, "data_time" : "2026-05-03T08:22:28.480765+08:00"}}, {"type" : "Feature", "geometry" : {"type" : "Point", "coordinates" : [121.426757695818,25.020558198458]}, "properties" : {"id" : 501, "name" : "新北市新莊區中港第一社區發展協會", "district" : "新莊區", "zip_code" : 65000050, "address" : "新北市新莊區民安西路38巷19號", "tel" : null, "data_time" : "2026-05-03T08:22:28.480765+08:00"}}, {"type" : "Feature", "geometry" : {"type" : "Point", "coordinates" : [121.448257026006,25.052451884864]}, "properties" : {"id" : 502, "name" : "新北市新莊區中港第三社區發展協會", "district" : "新莊區", "zip_code" : 65000050, "address" : "新北市新莊區中信街74號2樓(黃愚市民活動中心)", "tel" : "(02)89932985", "data_time" : "2026-05-03T08:22:28.480765+08:00"}}, {"type" : "Feature", "geometry" : {"type" : "Point", "coordinates" : [121.520467038043,25.007555980705]}, "properties" : {"id" : 503, "name" : "新北市新莊區中港第三社區發展協會", "district" : "新莊區", "zip_code" : 65000050, "address" : "新北市新莊區福和路157號4樓", "tel" : "(02)89932985", "data_time" : "2026-05-03T08:22:28.480765+08:00"}}, {"type" : "Feature", "geometry" : {"type" : "Point", "coordinates" : [121.455969801851,25.047989904437]}, "properties" : {"id" : 504, "name" : "新北市新莊區中港第三社區發展協會", "district" : "新莊區", "zip_code" : 65000050, "address" : "新北市新莊區自由街1號2樓(聯合市民活動中心)", "tel" : "(02)89932985", "data_time" : "2026-05-03T08:22:28.480765+08:00"}}, {"type" : "Feature", "geometry" : {"type" : "Point", "coordinates" : [121.909927978138,25.02137698467]}, "properties" : {"id" : 505, "name" : "新北市新莊區中港里辦公處", "district" : "新莊區", "zip_code" : 65000050, "address" : "新北市新莊區朝陽街3號", "tel" : null, "data_time" : "2026-05-03T08:22:28.480765+08:00"}}, {"type" : "Feature", "geometry" : {"type" : "Point", "coordinates" : [121.448257026006,25.052451884864]}, "properties" : {"id" : 506, "name" : "新北市新莊區仁愛社區發展協會", "district" : "新莊區", "zip_code" : 65000050, "address" : "新北市新莊區中信街74號2樓(黃愚市民活動中心)", "tel" : "(02)29946550", "data_time" : "2026-05-03T08:22:28.480765+08:00"}}, {"type" : "Feature", "geometry" : {"type" : "Point", "coordinates" : [121.412437688017,25.026086384396]}, "properties" : {"id" : 507, "name" : "新北市新莊區仁愛社區發展協會", "district" : "新莊區", "zip_code" : 65000050, "address" : "新北市新莊區新北大道7段718巷45號(丹鳳活動中心)", "tel" : "(02)29946550", "data_time" : "2026-05-03T08:22:28.480765+08:00"}}, {"type" : "Feature", "geometry" : {"type" : "Point", "coordinates" : [121.448257026006,25.052451884864]}, "properties" : {"id" : 508, "name" : "新北市新莊區公所", "district" : "新莊區", "zip_code" : 65000050, "address" : "新北市新莊區中信街74號2樓(黃愚市民活動中心)", "tel" : "(02)29972365", "data_time" : "2026-05-03T08:22:28.480765+08:00"}}, {"type" : "Feature", "geometry" : {"type" : "Point", "coordinates" : [121.445385972711,25.03721199233]}, "properties" : {"id" : 509, "name" : "新北市新莊區公所", "district" : "新莊區", "zip_code" : 65000050, "address" : "新北市新莊區建中街116巷3弄2號(新泰市民活動中心)", "tel" : "(02)22033453", "data_time" : "2026-05-03T08:22:28.480765+08:00"}}, {"type" : "Feature", "geometry" : {"type" : "Point", "coordinates" : [121.459558010781,25.017558985864]}, "properties" : {"id" : 510, "name" : "新北市新莊區公所", "district" : "新莊區", "zip_code" : 65000050, "address" : "新北市新莊區復興街88號", "tel" : "(02)29974293", "data_time" : "2026-05-03T08:22:28.480765+08:00"}}, {"type" : "Feature", "geometry" : {"type" : "Point", "coordinates" : [121.433651978818,25.020189017532]}, "properties" : {"id" : 511, "name" : "新北市新莊區公所", "district" : "新莊區", "zip_code" : 65000050, "address" : "新北市新莊區新樹路222號", "tel" : "(02)29940609", "data_time" : "2026-05-03T08:22:28.480765+08:00"}}, {"type" : "Feature", "geometry" : {"type" : "Point", "coordinates" : [121.457632687622,25.052213713085]}, "properties" : {"id" : 512, "name" : "新北市新莊區公所", "district" : "新莊區", "zip_code" : 65000050, "address" : "新北市新莊區昌明街1號(褔壽市民活動中心)", "tel" : "(02)22057114", "data_time" : "2026-05-03T08:22:28.480765+08:00"}}, {"type" : "Feature", "geometry" : {"type" : "Point", "coordinates" : [121.449703658675,25.033894896057]}, "properties" : {"id" : 513, "name" : "新北市新莊區公所", "district" : "新莊區", "zip_code" : 65000050, "address" : "新北市新莊區景德路199號2樓", "tel" : "(02)22071610", "data_time" : "2026-05-03T08:22:28.480765+08:00"}}, {"type" : "Feature", "geometry" : {"type" : "Point", "coordinates" : [121.431412837203,25.000189587008]}, "properties" : {"id" : 514, "name" : "新北市新莊區公所", "district" : "新莊區", "zip_code" : 65000050, "address" : "新北市新莊區樹新路222號4樓(蒙特梭利中心)", "tel" : "(02)29924125", "data_time" : "2026-05-03T08:22:28.480765+08:00"}}, {"type" : "Feature", "geometry" : {"type" : "Point", "coordinates" : [121.458879328081,25.064201720554]}, "properties" : {"id" : 515, "name" : "新北市新莊區化成社區發展協會", "district" : "新莊區", "zip_code" : 65000050, "address" : "新北市新莊區五工路68巷2號2樓(興化市民活動中心)", "tel" : "(02)29943838", "data_time" : "2026-05-03T08:22:28.480765+08:00"}}, {"type" : "Feature", "geometry" : {"type" : "Point", "coordinates" : [121.455969801851,25.047989904437]}, "properties" : {"id" : 516, "name" : "新北市新莊區化成社區發展協會", "district" : "新莊區", "zip_code" : 65000050, "address" : "新北市新莊區自由街1號(聯合市民活動中心)", "tel" : "(02)29943838", "data_time" : "2026-05-03T08:22:28.480765+08:00"}}, {"type" : "Feature", "geometry" : {"type" : "Point", "coordinates" : [121.448257026006,25.052451884864]}, "properties" : {"id" : 517, "name" : "新北市新莊區幸福社區發展協會", "district" : "新莊區", "zip_code" : 65000050, "address" : "新北市新莊區中信街74號2樓(黃愚市民活動中心)", "tel" : "(02)22771768", "data_time" : "2026-05-03T08:22:28.480765+08:00"}}, {"type" : "Feature", "geometry" : {"type" : "Point", "coordinates" : [121.452859026125,25.045355011264]}, "properties" : {"id" : 518, "name" : "新北市新莊區幸福社區發展協會", "district" : "新莊區", "zip_code" : 65000050, "address" : "新北市新莊區中安街3號6樓", "tel" : "(02)22771768", "data_time" : "2026-05-03T08:22:28.480765+08:00"}}, {"type" : "Feature", "geometry" : {"type" : "Point", "coordinates" : [121.452918034723,25.047234988328]}, "properties" : {"id" : 519, "name" : "新北市新莊區幸福社區發展協會", "district" : "新莊區", "zip_code" : 65000050, "address" : "新北市新莊區中華路2段65號2樓", "tel" : "(02)22771768", "data_time" : "2026-05-03T08:22:28.480765+08:00"}}, {"type" : "Feature", "geometry" : {"type" : "Point", "coordinates" : [121.449446596923,25.058995398024]}, "properties" : {"id" : 520, "name" : "新北市新莊區後港社區發展協會", "district" : "新莊區", "zip_code" : 65000050, "address" : "新北市新莊區中央路51號2-3樓", "tel" : "(02)22032246", "data_time" : "2026-05-03T08:22:28.480765+08:00"}}, {"type" : "Feature", "geometry" : {"type" : "Point", "coordinates" : [121.421807008526,25.021281011878]}, "properties" : {"id" : 521, "name" : "新北市新莊區後港社區發展協會", "district" : "新莊區", "zip_code" : 65000050, "address" : "新北市新莊區四維路186巷2號(四維市民活動中心)", "tel" : "(02)22032246", "data_time" : "2026-05-03T08:22:28.480765+08:00"}}, {"type" : "Feature", "geometry" : {"type" : "Point", "coordinates" : [121.44296301596,25.032318008613]}, "properties" : {"id" : 522, "name" : "新北市新莊區後港社區發展協會", "district" : "新莊區", "zip_code" : 65000050, "address" : "新北市新莊區瓊泰路211號2樓(海山市民活動中心)", "tel" : "(02)22032246", "data_time" : "2026-05-03T08:22:28.480765+08:00"}}, {"type" : "Feature", "geometry" : {"type" : "Point", "coordinates" : [121.455969801851,25.047989904437]}, "properties" : {"id" : 523, "name" : "新北市新莊區後港社區發展協會", "district" : "新莊區", "zip_code" : 65000050, "address" : "新北市新莊區自由街1號2樓(聯合市民活動中心)", "tel" : "(02)22032246", "data_time" : "2026-05-03T08:22:28.480765+08:00"}}, {"type" : "Feature", "geometry" : {"type" : "Point", "coordinates" : [121.4551570087,25.041825014652]}, "properties" : {"id" : 524, "name" : "新北市新莊區後港社區發展協會(長青站)", "district" : "新莊區", "zip_code" : 65000050, "address" : "新北市新莊區中港路172號(中港第一市民活動中心)", "tel" : "(02)22038195", "data_time" : "2026-05-03T08:22:28.480765+08:00"}}, {"type" : "Feature", "geometry" : {"type" : "Point", "coordinates" : [121.421807008526,25.021281011878]}, "properties" : {"id" : 525, "name" : "新北市新莊區後港社區發展協會(長青站)", "district" : "新莊區", "zip_code" : 65000050, "address" : "新北市新莊區四維路186巷2號(四維市民活動中心)", "tel" : "(02)22038195", "data_time" : "2026-05-03T08:22:28.480765+08:00"}}, {"type" : "Feature", "geometry" : {"type" : "Point", "coordinates" : [121.447942034084,25.032227986973]}, "properties" : {"id" : 526, "name" : "新北市新莊區後港社區發展協會(長青站)", "district" : "新莊區", "zip_code" : 65000050, "address" : "新北市新莊區新莊路543巷11號3樓", "tel" : "(02)22038195", "data_time" : "2026-05-03T08:22:28.480765+08:00"}}, {"type" : "Feature", "geometry" : {"type" : "Point", "coordinates" : [121.457632687622,25.052213713085]}, "properties" : {"id" : 527, "name" : "新北市新莊區後港社區發展協會(長青站)", "district" : "新莊區", "zip_code" : 65000050, "address" : "新北市新莊區昌明街1號B1(福壽市民活動中心)", "tel" : "(02)22038195", "data_time" : "2026-05-03T08:22:28.480765+08:00"}}, {"type" : "Feature", "geometry" : {"type" : "Point", "coordinates" : [121.421807008526,25.021281011878]}, "properties" : {"id" : 528, "name" : "新北市新莊區敬老關愛長青協會", "district" : "新莊區", "zip_code" : 65000050, "address" : "新北市新莊區四維路186巷2號(四維市民活動中心)", "tel" : "(02)29910792", "data_time" : "2026-05-03T08:22:28.480765+08:00"}}, {"type" : "Feature", "geometry" : {"type" : "Point", "coordinates" : [121.457895041191,25.046751981157]}, "properties" : {"id" : 529, "name" : "新北市新莊區敬老關愛長青協會", "district" : "新莊區", "zip_code" : 65000050, "address" : "新北市新莊區福樂街78號", "tel" : "(02)29910792", "data_time" : "2026-05-03T08:22:28.480765+08:00"}}, {"type" : "Feature", "geometry" : {"type" : "Point", "coordinates" : [121.465913002131,25.05768701204]}, "properties" : {"id" : 530, "name" : "新北市新莊區文明社區發展協會", "district" : "新莊區", "zip_code" : 65000050, "address" : "新北市新莊區化成路746巷2號(福前市民活動中心)", "tel" : "(02)22772968", "data_time" : "2026-05-03T08:22:28.480765+08:00"}}, {"type" : "Feature", "geometry" : {"type" : "Point", "coordinates" : [121.455969801851,25.047989904437]}, "properties" : {"id" : 531, "name" : "新北市新莊區文衡社區發展協會", "district" : "新莊區", "zip_code" : 65000050, "address" : "新北市新莊區自由街1號2樓(聯合市民活動中心)", "tel" : "(02)22012311", "data_time" : "2026-05-03T08:22:28.480765+08:00"}}, {"type" : "Feature", "geometry" : {"type" : "Point", "coordinates" : [121.451193961059,25.038177000842]}, "properties" : {"id" : 532, "name" : "新北市新莊區新光社區發展協會", "district" : "新莊區", "zip_code" : 65000050, "address" : "新北市新莊區32鄰新興街76巷19號1、2樓(興漢長壽俱樂部)", "tel" : "(02)22034597", "data_time" : "2026-05-03T08:22:28.480765+08:00"}}, {"type" : "Feature", "geometry" : {"type" : "Point", "coordinates" : [121.4551570087,25.041825014652]}, "properties" : {"id" : 533, "name" : "新北市新莊區新光社區發展協會", "district" : "新莊區", "zip_code" : 65000050, "address" : "新北市新莊區中港路172號(中港第一市民活動中心)", "tel" : "(02)22034597", "data_time" : "2026-05-03T08:22:28.480765+08:00"}}, {"type" : "Feature", "geometry" : {"type" : "Point", "coordinates" : [121.442054885063,25.040227483472]}, "properties" : {"id" : 534, "name" : "新北市新莊區新光社區發展協會", "district" : "新莊區", "zip_code" : 65000050, "address" : "新北市新莊區中環路2段392號之1(中環市民活動中心)", "tel" : "(02)22034597", "data_time" : "2026-05-03T08:22:28.480765+08:00"}}, {"type" : "Feature", "geometry" : {"type" : "Point", "coordinates" : [121.442054885063,25.040227483472]}, "properties" : {"id" : 535, "name" : "新北市新莊區新光社區發展協會", "district" : "新莊區", "zip_code" : 65000050, "address" : "新北市新莊區中環路2段392號之1(中環市民活動中心)", "tel" : "(02)22034597", "data_time" : "2026-05-03T08:22:28.480765+08:00"}}, {"type" : "Feature", "geometry" : {"type" : "Point", "coordinates" : [121.421807008526,25.021281011878]}, "properties" : {"id" : 536, "name" : "新北市新莊區海山社區發展協會", "district" : "新莊區", "zip_code" : 65000050, "address" : "新北市新莊區四維路186巷2號(四維市民活動中心)", "tel" : "(02)22014180", "data_time" : "2026-05-03T08:22:28.480765+08:00"}}, {"type" : "Feature", "geometry" : {"type" : "Point", "coordinates" : [121.42830097183,25.009733012416]}, "properties" : {"id" : 537, "name" : "新北市新莊區牡丹心社區發展協會", "district" : "新莊區", "zip_code" : 65000050, "address" : "新北市新莊區民安西路410巷8弄2號(西盛庄各里活動中心)", "tel" : "(02)29045533", "data_time" : "2026-05-03T08:22:28.480765+08:00"}}, {"type" : "Feature", "geometry" : {"type" : "Point", "coordinates" : [121.417771038328,25.021885011821]}, "properties" : {"id" : 538, "name" : "新北市新莊區牡丹心社區發展協會", "district" : "新莊區", "zip_code" : 65000050, "address" : "新北市新莊區裕民街136號6樓(裕民行政大樓禮堂)", "tel" : "(02)29045533", "data_time" : "2026-05-03T08:22:28.480765+08:00"}}, {"type" : "Feature", "geometry" : {"type" : "Point", "coordinates" : [121.457641991534,25.042339998783]}, "properties" : {"id" : 539, "name" : "新北市新莊區牡丹心社區發展協會", "district" : "新莊區", "zip_code" : 65000050, "address" : "新北市新莊區長青街6號", "tel" : "(02)29045533", "data_time" : "2026-05-03T08:22:28.480765+08:00"}}, {"type" : "Feature", "geometry" : {"type" : "Point", "coordinates" : [121.424574964412,25.025876013108]}, "properties" : {"id" : 540, "name" : "新北市新莊區福興里辦公處", "district" : "新莊區", "zip_code" : 65000050, "address" : "新北市新莊區後港一路19號B1(新莊區老人文康活動中心)", "tel" : null, "data_time" : "2026-05-03T08:22:28.480765+08:00"}}, {"type" : "Feature", "geometry" : {"type" : "Point", "coordinates" : [121.457895041191,25.046751981157]}, "properties" : {"id" : 541, "name" : "新北市新莊區立功里辦公處", "district" : "新莊區", "zip_code" : 65000050, "address" : "新北市新莊區福樂街78號", "tel" : "(02)29922197", "data_time" : "2026-05-03T08:22:28.480765+08:00"}}, {"type" : "Feature", "geometry" : {"type" : "Point", "coordinates" : [121.4551570087,25.041825014652]}, "properties" : {"id" : 542, "name" : "新北市新莊區立泰里辦公處", "district" : "新莊區", "zip_code" : 65000050, "address" : "新北市新莊區中港路172號(中港第一市民活動中心)", "tel" : "(02)29963958", "data_time" : "2026-05-03T08:22:28.480765+08:00"}}, {"type" : "Feature", "geometry" : {"type" : "Point", "coordinates" : [121.426757695818,25.020558198458]}, "properties" : {"id" : 543, "name" : "新北市新莊區立言里辦公處", "district" : "新莊區", "zip_code" : 65000050, "address" : "新北市新莊區民安西路38巷19號", "tel" : null, "data_time" : "2026-05-03T08:22:28.480765+08:00"}}, {"type" : "Feature", "geometry" : {"type" : "Point", "coordinates" : [121.416553985987,25.024804009602]}, "properties" : {"id" : 544, "name" : "新北市新莊區興漢社區發展協會", "district" : "新莊區", "zip_code" : 65000050, "address" : "新北市新莊區中正路708-6號3、4樓", "tel" : "(02)29933778", "data_time" : "2026-05-03T08:22:28.480765+08:00"}}, {"type" : "Feature", "geometry" : {"type" : "Point", "coordinates" : [121.424574964412,25.025876013108]}, "properties" : {"id" : 545, "name" : "新北市新莊區興漢社區發展協會", "district" : "新莊區", "zip_code" : 65000050, "address" : "新北市新莊區後港一路19號B1(新莊區老人文康活動中心)", "tel" : "(02)29933778", "data_time" : "2026-05-03T08:22:28.480765+08:00"}}, {"type" : "Feature", "geometry" : {"type" : "Point", "coordinates" : [121.412437688017,25.026086384396]}, "properties" : {"id" : 546, "name" : "新北市新莊區興漢社區發展協會", "district" : "新莊區", "zip_code" : 65000050, "address" : "新北市新莊區新北大道7段718巷45號(丹鳳活動中心)", "tel" : "(02)29933778", "data_time" : "2026-05-03T08:22:28.480765+08:00"}}, {"type" : "Feature", "geometry" : {"type" : "Point", "coordinates" : [121.44296301596,25.032318008613]}, "properties" : {"id" : 547, "name" : "新北市新莊區裕民里辦公處", "district" : "新莊區", "zip_code" : 65000050, "address" : "新北市新莊區瓊泰路211號(海山市民活動中心)", "tel" : "(02)29030852", "data_time" : "2026-05-03T08:22:28.480765+08:00"}}, {"type" : "Feature", "geometry" : {"type" : "Point", "coordinates" : [121.44296301596,25.032318008613]}, "properties" : {"id" : 548, "name" : "新北市新莊區頭前社區發展協會", "district" : "新莊區", "zip_code" : 65000050, "address" : "新北市新莊區瓊泰路211號2樓(海山市民活動中心)", "tel" : null, "data_time" : "2026-05-03T08:22:28.480765+08:00"}}, {"type" : "Feature", "geometry" : {"type" : "Point", "coordinates" : [121.457632687622,25.052213713085]}, "properties" : {"id" : 549, "name" : "新北市新莊悅心公共托老中心", "district" : "新莊區", "zip_code" : 65000050, "address" : "新北市新莊區昌明街1號B1(福壽市民活動中心)", "tel" : "(02)22761136", "data_time" : "2026-05-03T08:22:28.480765+08:00"}}, {"type" : "Feature", "geometry" : {"type" : "Point", "coordinates" : [121.454418982125,25.045060010182]}, "properties" : {"id" : 550, "name" : "新北市新莊新樹公共托老中心", "district" : "新莊區", "zip_code" : 65000050, "address" : "新北市新莊區中港路288巷53號", "tel" : "(02)82013888", "data_time" : "2026-05-03T08:22:28.480765+08:00"}}, {"type" : "Feature", "geometry" : {"type" : "Point", "coordinates" : [121.447942034084,25.032227986973]}, "properties" : {"id" : 551, "name" : "新北市新莊新豐公共托老中心", "district" : "新莊區", "zip_code" : 65000050, "address" : "新北市新莊區新莊路543巷11號3樓", "tel" : "(02)22075800", "data_time" : "2026-05-03T08:22:28.480765+08:00"}}, {"type" : "Feature", "geometry" : {"type" : "Point", "coordinates" : [121.411316134693,25.019770299559]}, "properties" : {"id" : 552, "name" : "新北市熱心慈善關懷協會", "district" : "新莊區", "zip_code" : 65000050, "address" : "新北市新莊區中正路929巷26號", "tel" : "(02)22058580", "data_time" : "2026-05-03T08:22:28.480765+08:00"}}, {"type" : "Feature", "geometry" : {"type" : "Point", "coordinates" : [121.424574964412,25.025876013108]}, "properties" : {"id" : 553, "name" : "新北市熱心慈善關懷協會", "district" : "新莊區", "zip_code" : 65000050, "address" : "新北市新莊區後港一路19號B1(新莊區老人文康活動中心)", "tel" : "(02)22058580", "data_time" : "2026-05-03T08:22:28.480765+08:00"}}, {"type" : "Feature", "geometry" : {"type" : "Point", "coordinates" : [121.45649702356,25.036402007116]}, "properties" : {"id" : 554, "name" : "新北市熱心慈善關懷協會", "district" : "新莊區", "zip_code" : 65000050, "address" : "新北市新莊區新莊路92號", "tel" : "(02)22058580", "data_time" : "2026-05-03T08:22:28.480765+08:00"}}, {"type" : "Feature", "geometry" : {"type" : "Point", "coordinates" : [121.411316134693,25.019770299559]}, "properties" : {"id" : 555, "name" : "新北市熱心慈善關懷協會(瓊林站)", "district" : "新莊區", "zip_code" : 65000050, "address" : "新北市新莊區中正路929巷26號", "tel" : "(02)22058580", "data_time" : "2026-05-03T08:22:28.480765+08:00"}}, {"type" : "Feature", "geometry" : {"type" : "Point", "coordinates" : [121.411316134693,25.019770299559]}, "properties" : {"id" : 556, "name" : "新北市熱心慈善關懷協會(瓊林站)", "district" : "新莊區", "zip_code" : 65000050, "address" : "新北市新莊區中正路929巷26號", "tel" : "(02)22058580", "data_time" : "2026-05-03T08:22:28.480765+08:00"}}, {"type" : "Feature", "geometry" : {"type" : "Point", "coordinates" : [121.420179476502,25.025796473845]}, "properties" : {"id" : 557, "name" : "新北市熱心慈善關懷協會(瓊林站)", "district" : "新莊區", "zip_code" : 65000050, "address" : "新北市新莊區富國路100號、102號9樓", "tel" : "(02)22058580", "data_time" : "2026-05-03T08:22:28.480765+08:00"}}, {"type" : "Feature", "geometry" : {"type" : "Point", "coordinates" : [121.443118332626,25.030666899416]}, "properties" : {"id" : 558, "name" : "社團法人中華培愛全人關懷協會", "district" : "新莊區", "zip_code" : 65000050, "address" : "新北市新莊區瓊泰路119號(豐年國小)", "tel" : "(02)29031191", "data_time" : "2026-05-03T08:22:28.480765+08:00"}}, {"type" : "Feature", "geometry" : {"type" : "Point", "coordinates" : [121.447891658846,25.033373206404]}, "properties" : {"id" : 559, "name" : "社團法人台灣認知功能促進協會", "district" : "新莊區", "zip_code" : 65000050, "address" : "新北市新莊區新莊路527號(全安市民活動中心)", "tel" : "(02)27167685", "data_time" : "2026-05-03T08:22:28.480765+08:00"}}, {"type" : "Feature", "geometry" : {"type" : "Point", "coordinates" : [121.517071026153,25.01053599874]}, "properties" : {"id" : 560, "name" : "社團法人國際奔享體驗教育發展協會", "district" : "新莊區", "zip_code" : 65000050, "address" : "新北市新莊區豫溪街57巷11弄2號", "tel" : "(02)28210269", "data_time" : "2026-05-03T08:22:28.480765+08:00"}}, {"type" : "Feature", "geometry" : {"type" : "Point", "coordinates" : [121.444734077937,25.045358229268]}, "properties" : {"id" : 561, "name" : "社團法人新北市全民終身教育發展協會", "district" : "新莊區", "zip_code" : 65000050, "address" : "新北市新莊區中平路81巷16號", "tel" : "(02)89943725", "data_time" : "2026-05-03T08:22:28.480765+08:00"}}, {"type" : "Feature", "geometry" : {"type" : "Point", "coordinates" : [121.412437688017,25.026086384396]}, "properties" : {"id" : 562, "name" : "社團法人新北市新莊區愛鄰社區服務協會", "district" : "新莊區", "zip_code" : 65000050, "address" : "新北市新莊區新北大道7段718巷45號(丹鳳活動中心)", "tel" : "(02)22082407", "data_time" : "2026-05-03T08:22:28.480765+08:00"}}, {"type" : "Feature", "geometry" : {"type" : "Point", "coordinates" : [121.452170536598,25.045453498627]}, "properties" : {"id" : 563, "name" : "社團法人新北市新莊區愛鄰社區服務協會(佳音站)", "district" : "新莊區", "zip_code" : 65000050, "address" : "新北市新莊區中港路341號", "tel" : "(02)29925314", "data_time" : "2026-05-03T08:22:28.480765+08:00"}}, {"type" : "Feature", "geometry" : {"type" : "Point", "coordinates" : [121.466173008767,25.04825799961]}, "properties" : {"id" : 564, "name" : "西盛庄福德宮", "district" : "新莊區", "zip_code" : 65000050, "address" : "新北市新莊區化成路314巷2號(化成市民活動中心)", "tel" : "(02)22050657", "data_time" : "2026-05-03T08:22:28.480765+08:00"}}, {"type" : "Feature", "geometry" : {"type" : "Point", "coordinates" : [121.456542537295,25.042322606334]}, "properties" : {"id" : 565, "name" : "豐年國小", "district" : "新莊區", "zip_code" : 65000050, "address" : "新北市新莊區長青街30號", "tel" : "(02)22017102", "data_time" : "2026-05-03T08:22:28.480765+08:00"}}, {"type" : "Feature", "geometry" : {"type" : "Point", "coordinates" : [121.426757695818,25.020558198458]}, "properties" : {"id" : 566, "name" : "財團法人台北市基督教台灣貴格會(更新教會)", "district" : "新莊區", "zip_code" : 65000050, "address" : "新北市新莊區民安西路38巷19號", "tel" : null, "data_time" : "2026-05-03T08:22:28.480765+08:00"}}, {"type" : "Feature", "geometry" : {"type" : "Point", "coordinates" : [121.424238906777,25.020869176904]}, "properties" : {"id" : 567, "name" : "財團法人新北市台灣基督長老教會幸福教會", "district" : "新莊區", "zip_code" : 65000050, "address" : "新北市新莊區八德街113巷3號、5號", "tel" : "(02)89927648", "data_time" : "2026-05-03T08:22:28.480765+08:00"}}, {"type" : "Feature", "geometry" : {"type" : "Point", "coordinates" : [121.42830097183,25.009733012416]}, "properties" : {"id" : 568, "name" : "財團法人新北市台灣基督長老教會幸福教會", "district" : "新莊區", "zip_code" : 65000050, "address" : "新北市新莊區民安西路410巷8弄2號(西盛庄各里活動中心)", "tel" : "(02)89927648", "data_time" : "2026-05-03T08:22:28.480765+08:00"}}, {"type" : "Feature", "geometry" : {"type" : "Point", "coordinates" : [121.457895041191,25.046751981157]}, "properties" : {"id" : 569, "name" : "財團法人新北市台灣基督長老教會幸福教會", "district" : "新莊區", "zip_code" : 65000050, "address" : "新北市新莊區福樂街78號", "tel" : "(02)89927648", "data_time" : "2026-05-03T08:22:28.480765+08:00"}}, {"type" : "Feature", "geometry" : {"type" : "Point", "coordinates" : [121.414698986995,25.029957999955]}, "properties" : {"id" : 570, "name" : "財團法人新北市台灣基督長老教會幸福教會(幸福俱樂部)", "district" : "新莊區", "zip_code" : 65000050, "address" : "新北市新莊區天祥街120巷6號", "tel" : "(02)29921041", "data_time" : "2026-05-03T08:22:28.480765+08:00"}}, {"type" : "Feature", "geometry" : {"type" : "Point", "coordinates" : [121.451193961059,25.038177000842]}, "properties" : {"id" : 571, "name" : "財團法人新北市新莊區中華基督教新莊浸信會", "district" : "新莊區", "zip_code" : 65000050, "address" : "新北市新莊區32鄰新興街76巷19號1、2樓(興漢長壽俱樂部)", "tel" : "(02)29931485", "data_time" : "2026-05-03T08:22:28.480765+08:00"}}, {"type" : "Feature", "geometry" : {"type" : "Point", "coordinates" : [121.42830097183,25.009733012416]}, "properties" : {"id" : 572, "name" : "財團法人新北市新莊基督教後港主恩教會", "district" : "新莊區", "zip_code" : 65000050, "address" : "新北市新莊區民安西路410巷8弄2號(西盛庄各里活動中心)", "tel" : "(02)22027325", "data_time" : "2026-05-03T08:22:28.480765+08:00"}}, {"type" : "Feature", "geometry" : {"type" : "Point", "coordinates" : [121.431358522471,25.000145707745]}, "properties" : {"id" : 573, "name" : "財團法人新北市私立雙連社會福利慈善事業基金會(新北市新莊昌平公共托老中心)", "district" : "新莊區", "zip_code" : 65000050, "address" : "新北市新莊區樹新路226號4樓", "tel" : "(02)85217872", "data_time" : "2026-05-03T08:22:28.480765+08:00"}}, {"type" : "Feature", "geometry" : {"type" : "Point", "coordinates" : [121.466173008767,25.04825799961]}, "properties" : {"id" : 574, "name" : "財團法人新北市私立雙連社會福利慈善事業基金會(新莊三和站)", "district" : "新莊區", "zip_code" : 65000050, "address" : "新北市新莊區化成路314巷2號(化成市民活動中心)", "tel" : "(02)29014783", "data_time" : "2026-05-03T08:22:28.480765+08:00"}}, {"type" : "Feature", "geometry" : {"type" : "Point", "coordinates" : [121.450166591187,25.036586995719]}, "properties" : {"id" : 575, "name" : "財團法人新北市私立雙連社會福利慈善事業基金會(新莊三和站)", "district" : "新莊區", "zip_code" : 65000050, "address" : "新北市新莊區建興街4號", "tel" : "(02)29014783", "data_time" : "2026-05-03T08:22:28.480765+08:00"}}, {"type" : "Feature", "geometry" : {"type" : "Point", "coordinates" : [121.443139706479,25.029397585909]}, "properties" : {"id" : 576, "name" : "財團法人新北市私立雙連社會福利慈善事業基金會(新莊三和站)", "district" : "新莊區", "zip_code" : 65000050, "address" : "新北市新莊區瓊泰路85號2樓(綜合教室1)(瓊泰市民活動中心)", "tel" : "(02)29014783", "data_time" : "2026-05-03T08:22:28.480765+08:00"}}, {"type" : "Feature", "geometry" : {"type" : "Point", "coordinates" : [121.428303989316,25.02580489266]}, "properties" : {"id" : 577, "name" : "財團法人新北市私立雙連社會福利慈善事業基金會(頭前站)", "district" : "新莊區", "zip_code" : 65000050, "address" : "新北市新莊區建安街26巷4號(後港市民活動中心)", "tel" : "(02)29986838", "data_time" : "2026-05-03T08:22:28.480765+08:00"}}, {"type" : "Feature", "geometry" : {"type" : "Point", "coordinates" : [121.467972771017,25.032470810708]}, "properties" : {"id" : 578, "name" : "中華民國紅十字會臺灣省分會板橋老人服務中心", "district" : "板橋區", "zip_code" : 65000010, "address" : "新北市板橋區長江路二段215號9樓", "tel" : "(02)22559713", "data_time" : "2026-05-03T08:22:28.480765+08:00"}}, {"type" : "Feature", "geometry" : {"type" : "Point", "coordinates" : [121.433090978038,24.988248979202]}, "properties" : {"id" : 579, "name" : "中華民國紅心字會", "district" : "板橋區", "zip_code" : 65000010, "address" : "新北市板橋區金門街253巷10弄7號(溪崑第二市民活動中心)", "tel" : "(02)26815518", "data_time" : "2026-05-03T08:22:28.480765+08:00"}}, {"type" : "Feature", "geometry" : {"type" : "Point", "coordinates" : [121.453189021653,25.023359011404]}, "properties" : {"id" : 580, "name" : "亞東新都廳社區管理委員會", "district" : "板橋區", "zip_code" : 65000010, "address" : "新北市板橋區中正路413巷2弄24號(中正市民活動中心)", "tel" : "(02)89674709", "data_time" : "2026-05-03T08:22:28.480765+08:00"}}, {"type" : "Feature", "geometry" : {"type" : "Point", "coordinates" : [121.445562998506,25.001343020704]}, "properties" : {"id" : 581, "name" : "國軍退除役官兵輔導委員會板橋榮譽國民之家", "district" : "板橋區", "zip_code" : 65000010, "address" : "新北市板橋區大觀路二段32號(警衛室對面)", "tel" : "(02)22755157", "data_time" : "2026-05-03T08:22:28.480765+08:00"}}, {"type" : "Feature", "geometry" : {"type" : "Point", "coordinates" : [121.478774026725,25.017774987508]}, "properties" : {"id" : 582, "name" : "埔墘福德宮", "district" : "板橋區", "zip_code" : 65000010, "address" : "新北市板橋區中山路二段250巷1號(埔墘福德宮)", "tel" : "(02)29645591", "data_time" : "2026-05-03T08:22:28.480765+08:00"}}, {"type" : "Feature", "geometry" : {"type" : "Point", "coordinates" : [121.455430007286,25.007355988495]}, "properties" : {"id" : 583, "name" : "新北市健康九九輔導關懷促進協會", "district" : "板橋區", "zip_code" : 65000010, "address" : "新北市板橋區中興路63號(新興市民活動中心)", "tel" : "(02)26825630", "data_time" : "2026-05-03T08:22:28.480765+08:00"}}, {"type" : "Feature", "geometry" : {"type" : "Point", "coordinates" : [121.478148988205,25.033908013736]}, "properties" : {"id" : 584, "name" : "新北市健康九九輔導關懷促進協會", "district" : "板橋區", "zip_code" : 65000010, "address" : "新北市板橋區仁化街181號", "tel" : "(02)26825630", "data_time" : "2026-05-03T08:22:28.480765+08:00"}}, {"type" : "Feature", "geometry" : {"type" : "Point", "coordinates" : [121.455811970614,24.997200013603]}, "properties" : {"id" : 585, "name" : "新北市基督教女青年會", "district" : "板橋區", "zip_code" : 65000010, "address" : "新北市板橋區四川路二段16巷5號10樓", "tel" : "(02)29655100", "data_time" : "2026-05-03T08:22:28.480765+08:00"}}, {"type" : "Feature", "geometry" : {"type" : "Point", "coordinates" : [121.467774958102,25.025848981471]}, "properties" : {"id" : 586, "name" : "新北市大新板愛心關懷協會(懷翠站)", "district" : "板橋區", "zip_code" : 65000010, "address" : "新北市板橋區光武街24巷1號1樓", "tel" : null, "data_time" : "2026-05-03T08:22:28.480765+08:00"}}, {"type" : "Feature", "geometry" : {"type" : "Point", "coordinates" : [121.479577013049,25.028720998684]}, "properties" : {"id" : 587, "name" : "新北市大社后愛心關懷協進會(民權站)", "district" : "板橋區", "zip_code" : 65000010, "address" : "新北市板橋區文聖街149巷27號(文聖市民活動中心)", "tel" : "(02)29655777", "data_time" : "2026-05-03T08:22:28.480765+08:00"}}, {"type" : "Feature", "geometry" : {"type" : "Point", "coordinates" : [121.461412003944,25.020262987828]}, "properties" : {"id" : 588, "name" : "新北市奉獻地方服務協會", "district" : "板橋區", "zip_code" : 65000010, "address" : "新北市板橋區幸福路44號", "tel" : "(02)22537879", "data_time" : "2026-05-03T08:22:28.480765+08:00"}}, {"type" : "Feature", "geometry" : {"type" : "Point", "coordinates" : [121.469023023485,25.005836014173]}, "properties" : {"id" : 589, "name" : "新北市市敏動齡健康關懷協會(板橋文化站)", "district" : "板橋區", "zip_code" : 65000010, "address" : "新北市板橋區國泰街39巷7弄15號1、2樓", "tel" : null, "data_time" : "2026-05-03T08:22:28.480765+08:00"}}, {"type" : "Feature", "geometry" : {"type" : "Point", "coordinates" : [121.4506779711,25.008373006717]}, "properties" : {"id" : 590, "name" : "新北市市敏動齡健康關懷協會(板橋文化站)", "district" : "板橋區", "zip_code" : 65000010, "address" : "新北市板橋區大觀路一段38巷1之5號(歡園市民活動中心)", "tel" : null, "data_time" : "2026-05-03T08:22:28.480765+08:00"}}, {"type" : "Feature", "geometry" : {"type" : "Point", "coordinates" : [121.462169141258,25.007412398703]}, "properties" : {"id" : 591, "name" : "新北市後埔關懷協會", "district" : "板橋區", "zip_code" : 65000010, "address" : "新北市板橋區館前東路96號3樓", "tel" : "(02)29548562", "data_time" : "2026-05-03T08:22:28.480765+08:00"}}, {"type" : "Feature", "geometry" : {"type" : "Point", "coordinates" : [121.427737959394,24.989260004363]}, "properties" : {"id" : 592, "name" : "新北市慈光身心障礙者公益服務協會", "district" : "板橋區", "zip_code" : 65000010, "address" : "新北市板橋區滿平街69號", "tel" : "(02)22310955", "data_time" : "2026-05-03T08:22:28.480765+08:00"}}, {"type" : "Feature", "geometry" : {"type" : "Point", "coordinates" : [121.476299018355,25.02198898933]}, "properties" : {"id" : 593, "name" : "新北市新住民促進會", "district" : "板橋區", "zip_code" : 65000010, "address" : "新北市板橋區富山街100號", "tel" : "(02)29561159", "data_time" : "2026-05-03T08:22:28.480765+08:00"}}, {"type" : "Feature", "geometry" : {"type" : "Point", "coordinates" : [121.455889000304,25.009056006097]}, "properties" : {"id" : 594, "name" : "新北市新住民促進會", "district" : "板橋區", "zip_code" : 65000010, "address" : "新北市板橋區福德街2巷5號", "tel" : "(02)29561159", "data_time" : "2026-05-03T08:22:28.480765+08:00"}}, {"type" : "Feature", "geometry" : {"type" : "Point", "coordinates" : [121.44331103258,25.002152000089]}, "properties" : {"id" : 595, "name" : "新北市新住民促進會", "district" : "板橋區", "zip_code" : 65000010, "address" : "新北市板橋區龍興街71巷12號", "tel" : "(02)29561159", "data_time" : "2026-05-03T08:22:28.480765+08:00"}}, {"type" : "Feature", "geometry" : {"type" : "Point", "coordinates" : [121.456633983858,25.014933983337]}, "properties" : {"id" : 596, "name" : "新北市板橋區三民社區發展協會", "district" : "板橋區", "zip_code" : 65000010, "address" : "新北市板橋區中正路86號", "tel" : "(02)29561159", "data_time" : "2026-05-03T08:22:28.480765+08:00"}}, {"type" : "Feature", "geometry" : {"type" : "Point", "coordinates" : [121.461000033403,24.996671995612]}, "properties" : {"id" : 597, "name" : "新北市板橋區三民社區發展協會", "district" : "板橋區", "zip_code" : 65000010, "address" : "新北市板橋區國慶路149巷3弄7號", "tel" : "(02)29561159", "data_time" : "2026-05-03T08:22:28.480765+08:00"}}, {"type" : "Feature", "geometry" : {"type" : "Point", "coordinates" : [121.455743993379,25.014818019706]}, "properties" : {"id" : 598, "name" : "新北市板橋區三民社區發展協會", "district" : "板橋區", "zip_code" : 65000010, "address" : "新北市板橋區大智街13號", "tel" : "(02)29561159", "data_time" : "2026-05-03T08:22:28.480765+08:00"}}, {"type" : "Feature", "geometry" : {"type" : "Point", "coordinates" : [121.475442220213,25.026339406626]}, "properties" : {"id" : 599, "name" : "新北市板橋區三民社區發展協會", "district" : "板橋區", "zip_code" : 65000010, "address" : "新北市板橋區雙十路二段69巷5號", "tel" : "(02)29561159", "data_time" : "2026-05-03T08:22:28.480765+08:00"}}, {"type" : "Feature", "geometry" : {"type" : "Point", "coordinates" : [121.4590205,25.0097766]}, "properties" : {"id" : 600, "name" : "新北市板橋區中山社區發展協會", "district" : "板橋區", "zip_code" : 65000010, "address" : "新北市板橋區仁街82號", "tel" : "(02)29640347", "data_time" : "2026-05-03T08:22:28.480765+08:00"}}, {"type" : "Feature", "geometry" : {"type" : "Point", "coordinates" : [121.477062023001,25.021083995244]}, "properties" : {"id" : 601, "name" : "新北市板橋區中山里辦公處", "district" : "板橋區", "zip_code" : 65000010, "address" : "新北市板橋區永豐街124號(永豐公園市民活動中心)", "tel" : "(02)82752345", "data_time" : "2026-05-03T08:22:28.480765+08:00"}}, {"type" : "Feature", "geometry" : {"type" : "Point", "coordinates" : [121.4590205,25.0097766]}, "properties" : {"id" : 602, "name" : "新北市板橋區五權里辦公處", "district" : "板橋區", "zip_code" : 65000010, "address" : "新北市板橋區嶺腳寮14號(嶺腳市民活動中心)", "tel" : "(02)29558949", "data_time" : "2026-05-03T08:22:28.480765+08:00"}}, {"type" : "Feature", "geometry" : {"type" : "Point", "coordinates" : [121.465645032686,24.99299301067]}, "properties" : {"id" : 603, "name" : "新北市板橋區仁愛里辦公處", "district" : "板橋區", "zip_code" : 65000010, "address" : "新北市板橋區廣權路130號(五權公園活動中心)", "tel" : "(02)89533956", "data_time" : "2026-05-03T08:22:28.480765+08:00"}}, {"type" : "Feature", "geometry" : {"type" : "Point", "coordinates" : [121.460103672678,24.997434120158]}, "properties" : {"id" : 604, "name" : "新北市板橋區仁翠里辦公處", "district" : "板橋區", "zip_code" : 65000010, "address" : "新北市板橋區國慶路149巷21弄16號(忠孝公園市民活動中心)", "tel" : "(02)82521582", "data_time" : "2026-05-03T08:22:28.480765+08:00"}}, {"type" : "Feature", "geometry" : {"type" : "Point", "coordinates" : [121.479987977762,25.015855992686]}, "properties" : {"id" : 605, "name" : "新北市板橋區信義里辦公處", "district" : "板橋區", "zip_code" : 65000010, "address" : "新北市板橋區三民路二段109巷12號", "tel" : "(02)29558215", "data_time" : "2026-05-03T08:22:28.480765+08:00"}}, {"type" : "Feature", "geometry" : {"type" : "Point", "coordinates" : [121.470698314472,25.008253103592]}, "properties" : {"id" : 606, "name" : "新北市板橋區光仁里辦公處", "district" : "板橋區", "zip_code" : 65000010, "address" : "新北市板橋區民族路247巷7弄34號1、2樓", "tel" : "(02)29611761", "data_time" : "2026-05-03T08:22:28.480765+08:00"}}, {"type" : "Feature", "geometry" : {"type" : "Point", "coordinates" : [121.454109982334,25.011477913895]}, "properties" : {"id" : 607, "name" : "新北市板橋區光榮里辦公處", "district" : "板橋區", "zip_code" : 65000010, "address" : "新北市板橋區光華街1號1-4樓(光華市民活動中心)", "tel" : "(02)29685269", "data_time" : "2026-05-03T08:22:28.480765+08:00"}}, {"type" : "Feature", "geometry" : {"type" : "Point", "coordinates" : [121.484976970351,25.019801983153]}, "properties" : {"id" : 608, "name" : "新北市板橋區光華里辦公處", "district" : "板橋區", "zip_code" : 65000010, "address" : "新北市板橋區光復街133巷5號", "tel" : "(02)29601222", "data_time" : "2026-05-03T08:22:28.480765+08:00"}}, {"type" : "Feature", "geometry" : {"type" : "Point", "coordinates" : [121.453189021653,25.023359011404]}, "properties" : {"id" : 609, "name" : "新北市板橋區十二埒社區發展協會(原:金華社區發展協會)", "district" : "板橋區", "zip_code" : 65000010, "address" : "新北市板橋區中正路413巷2弄24號(中正市民活動中心)", "tel" : "(02)29608956", "data_time" : "2026-05-03T08:22:28.480765+08:00"}}, {"type" : "Feature", "geometry" : {"type" : "Point", "coordinates" : [121.456633983858,25.014933983337]}, "properties" : {"id" : 610, "name" : "新北市板橋區十二埒社區發展協會(原:金華社區發展協會)", "district" : "板橋區", "zip_code" : 65000010, "address" : "新北市板橋區中正路86號", "tel" : null, "data_time" : "2026-05-03T08:22:28.480765+08:00"}}, {"type" : "Feature", "geometry" : {"type" : "Point", "coordinates" : [121.470775930896,25.01903009369]}, "properties" : {"id" : 611, "name" : "新北市板橋區和平里辦公處", "district" : "板橋區", "zip_code" : 65000010, "address" : "新北市板橋區民生路二段89號之1號(西安市民活動中心)", "tel" : "(02)29557838", "data_time" : "2026-05-03T08:22:28.480765+08:00"}}, {"type" : "Feature", "geometry" : {"type" : "Point", "coordinates" : [121.456736997448,24.992665990718]}, "properties" : {"id" : 612, "name" : "新北市板橋區四汴頭社區發展協會", "district" : "板橋區", "zip_code" : 65000010, "address" : "新北市板橋區信義路74巷7弄3號", "tel" : "(02)89642428", "data_time" : "2026-05-03T08:22:28.480765+08:00"}}, {"type" : "Feature", "geometry" : {"type" : "Point", "coordinates" : [121.478459034804,25.014334006707]}, "properties" : {"id" : 613, "name" : "新北市板橋區國光社區發展協會", "district" : "板橋區", "zip_code" : 65000010, "address" : "新北市板橋區三民路二段正泰二巷7號", "tel" : null, "data_time" : "2026-05-03T08:22:28.480765+08:00"}}, {"type" : "Feature", "geometry" : {"type" : "Point", "coordinates" : [121.449104017322,25.01248298912]}, "properties" : {"id" : 614, "name" : "新北市板橋區國光里辦公處", "district" : "板橋區", "zip_code" : 65000010, "address" : "新北市板橋區大觀路一段28巷111弄10號", "tel" : "(02)29694828", "data_time" : "2026-05-03T08:22:28.480765+08:00"}}, {"type" : "Feature", "geometry" : {"type" : "Point", "coordinates" : [121.482104995047,25.019843012569]}, "properties" : {"id" : 615, "name" : "新北市板橋區國泰里辦公處", "district" : "板橋區", "zip_code" : 65000010, "address" : "新北市板橋區中山路二段416巷38弄26號", "tel" : "(02)29627666", "data_time" : "2026-05-03T08:22:28.480765+08:00"}}, {"type" : "Feature", "geometry" : {"type" : "Point", "coordinates" : [121.479389258418,25.033644989614]}, "properties" : {"id" : 616, "name" : "新北市板橋區埔墘里辦公處", "district" : "板橋區", "zip_code" : 65000010, "address" : "新北市板橋區民治街51巷2號", "tel" : "(02)29525320", "data_time" : "2026-05-03T08:22:28.480765+08:00"}}, {"type" : "Feature", "geometry" : {"type" : "Point", "coordinates" : [121.453699060461,25.005191613457]}, "properties" : {"id" : 617, "name" : "新北市板橋區埤墘社區發展協會", "district" : "板橋區", "zip_code" : 65000010, "address" : "新北市板橋區南雅西路一段64號(湳興市民活動中心)", "tel" : "(02)82536683", "data_time" : "2026-05-03T08:22:28.480765+08:00"}}, {"type" : "Feature", "geometry" : {"type" : "Point", "coordinates" : [121.458363002845,25.017716984738]}, "properties" : {"id" : 618, "name" : "新北市板橋區埤墘里辦公處", "district" : "板橋區", "zip_code" : 65000010, "address" : "新北市板橋區國光路76號(國光市民活動中心)", "tel" : "(02)89516381", "data_time" : "2026-05-03T08:22:28.480765+08:00"}}, {"type" : "Feature", "geometry" : {"type" : "Point", "coordinates" : [121.465059640568,25.018501908061]}, "properties" : {"id" : 619, "name" : "新北市板橋區大浮洲發展協進會(大安站)", "district" : "板橋區", "zip_code" : 65000010, "address" : "新北市板橋區文化路一段120號5樓之1", "tel" : "(02)22751488", "data_time" : "2026-05-03T08:22:28.480765+08:00"}}, {"type" : "Feature", "geometry" : {"type" : "Point", "coordinates" : [121.455581987473,25.023577251509]}, "properties" : {"id" : 620, "name" : "新北市板橋區大浮洲發展協進會(龍安站)", "district" : "板橋區", "zip_code" : 65000010, "address" : "新北市板橋區中正路372巷(玫瑰公園)", "tel" : "(02)22756258", "data_time" : "2026-05-03T08:22:28.480765+08:00"}}, {"type" : "Feature", "geometry" : {"type" : "Point", "coordinates" : [121.461176975379,25.000589990523]}, "properties" : {"id" : 621, "name" : "新北市板橋區大豐里辦公處", "district" : "板橋區", "zip_code" : 65000010, "address" : "新北市板橋區忠孝路48巷5弄4號(大豐市民活動中心)", "tel" : "(02)29524458", "data_time" : "2026-05-03T08:22:28.480765+08:00"}}, {"type" : "Feature", "geometry" : {"type" : "Point", "coordinates" : [121.475024130882,25.026701379114]}, "properties" : {"id" : 622, "name" : "新北市板橋區宏翠社區發展協會", "district" : "板橋區", "zip_code" : 65000010, "address" : "新北市板橋區雙十路二段47巷2弄33號", "tel" : "(02)22561965", "data_time" : "2026-05-03T08:22:28.480765+08:00"}}, {"type" : "Feature", "geometry" : {"type" : "Point", "coordinates" : [121.477499977442,25.024389985494]}, "properties" : {"id" : 623, "name" : "新北市板橋區宏翠里辦公處", "district" : "板橋區", "zip_code" : 65000010, "address" : "新北市板橋區雙十路一段25號", "tel" : "(02)82585055", "data_time" : "2026-05-03T08:22:28.480765+08:00"}}, {"type" : "Feature", "geometry" : {"type" : "Point", "coordinates" : [121.466987981213,25.006124016366]}, "properties" : {"id" : 624, "name" : "新北市板橋區嵐翠里辦公處", "district" : "板橋區", "zip_code" : 65000010, "address" : "新北市板橋區國泰街75巷2弄15號", "tel" : "(02)22511104", "data_time" : "2026-05-03T08:22:28.480765+08:00"}}, {"type" : "Feature", "geometry" : {"type" : "Point", "coordinates" : [121.46222697639,24.993220998437]}, "properties" : {"id" : 625, "name" : "新北市板橋區幸福里辦公處", "district" : "板橋區", "zip_code" : 65000010, "address" : "新北市板橋區和平路安樂巷51號", "tel" : "(02)22574424", "data_time" : "2026-05-03T08:22:28.480765+08:00"}}, {"type" : "Feature", "geometry" : {"type" : "Point", "coordinates" : [121.473784028307,25.020082986457]}, "properties" : {"id" : 626, "name" : "新北市板橋區廣德里辦公處", "district" : "板橋區", "zip_code" : 65000010, "address" : "新北市板橋區太和街6巷3號", "tel" : "(02)29643797", "data_time" : "2026-05-03T08:22:28.480765+08:00"}}, {"type" : "Feature", "geometry" : {"type" : "Point", "coordinates" : [121.427936023766,24.984955980901]}, "properties" : {"id" : 627, "name" : "新北市板橋區廣福里辦公處", "district" : "板橋區", "zip_code" : 65000010, "address" : "新北市板橋區金門街336巷7號(溪福市民活動中心)", "tel" : "(02)89521120", "data_time" : "2026-05-03T08:22:28.480765+08:00"}}, {"type" : "Feature", "geometry" : {"type" : "Point", "coordinates" : [121.457601004028,24.991507192604]}, "properties" : {"id" : 628, "name" : "新北市板橋區建國里辦公處", "district" : "板橋區", "zip_code" : 65000010, "address" : "新北市板橋區信義路150巷43號(信義公園活動中心)", "tel" : "(02)29698142", "data_time" : "2026-05-03T08:22:28.480765+08:00"}}, {"type" : "Feature", "geometry" : {"type" : "Point", "coordinates" : [121.458886033603,25.017363980886]}, "properties" : {"id" : 629, "name" : "新北市板橋區後埔里辦公處", "district" : "板橋區", "zip_code" : 65000010, "address" : "新北市板橋區建國街59號", "tel" : "(02)29565712", "data_time" : "2026-05-03T08:22:28.480765+08:00"}}, {"type" : "Feature", "geometry" : {"type" : "Point", "coordinates" : [121.4707790322,25.019713009251]}, "properties" : {"id" : 630, "name" : "新北市板橋區復興里辦公處", "district" : "板橋區", "zip_code" : 65000010, "address" : "新北市板橋區民生路二段120號(莊敬市民活動中心)", "tel" : "(02)22753934", "data_time" : "2026-05-03T08:22:28.480765+08:00"}}, {"type" : "Feature", "geometry" : {"type" : "Point", "coordinates" : [121.477062023001,25.021083995244]}, "properties" : {"id" : 631, "name" : "新北市板橋區德翠社區發展協會", "district" : "板橋區", "zip_code" : 65000010, "address" : "新北市板橋區永豐街124號(永豐公園市民活動中心)", "tel" : null, "data_time" : "2026-05-03T08:22:28.480765+08:00"}}, {"type" : "Feature", "geometry" : {"type" : "Point", "coordinates" : [121.471977811992,25.018020116267]}, "properties" : {"id" : 632, "name" : "新北市板橋區德翠社區發展協會", "district" : "板橋區", "zip_code" : 65000010, "address" : "新北市板橋區玉光里民生路2段臨56號之3(玉光里活動中心)", "tel" : null, "data_time" : "2026-05-03T08:22:28.480765+08:00"}}, {"type" : "Feature", "geometry" : {"type" : "Point", "coordinates" : [121.464694021952,25.000215990003]}, "properties" : {"id" : 633, "name" : "新北市板橋區德翠里辦公處", "district" : "板橋區", "zip_code" : 65000010, "address" : "新北市板橋區重慶路245巷32弄18號(重慶公園活動中心)", "tel" : null, "data_time" : "2026-05-03T08:22:28.480765+08:00"}}, {"type" : "Feature", "geometry" : {"type" : "Point", "coordinates" : [121.473256722779,25.029011012534]}, "properties" : {"id" : 634, "name" : "新北市板橋區忠翠里辦公處", "district" : "板橋區", "zip_code" : 65000010, "address" : "新北市板橋區雙十路二段215號4樓", "tel" : "(02)22500277", "data_time" : "2026-05-03T08:22:28.480765+08:00"}}, {"type" : "Feature", "geometry" : {"type" : "Point", "coordinates" : [121.433090978038,24.988248979202]}, "properties" : {"id" : 635, "name" : "新北市板橋區忠誠里辦公處", "district" : "板橋區", "zip_code" : 65000010, "address" : "新北市板橋區金門街253巷10弄7號", "tel" : "(02)22558859", "data_time" : "2026-05-03T08:22:28.480765+08:00"}}, {"type" : "Feature", "geometry" : {"type" : "Point", "coordinates" : [121.488464829036,25.069402570864]}, "properties" : {"id" : 636, "name" : "新北市板橋區懷翠里辦公處", "district" : "板橋區", "zip_code" : 65000010, "address" : "新北市板橋區自強路二段50巷22號(新北市三重區六合市民活動中心)", "tel" : "(02)22505868", "data_time" : "2026-05-03T08:22:28.480765+08:00"}}, {"type" : "Feature", "geometry" : {"type" : "Point", "coordinates" : [121.465023430746,25.018978209709]}, "properties" : {"id" : 637, "name" : "新北市板橋區振義里辦公處", "district" : "板橋區", "zip_code" : 65000010, "address" : "新北市板橋區文化路1段301號", "tel" : "(02)29512756", "data_time" : "2026-05-03T08:22:28.480765+08:00"}}, {"type" : "Feature", "geometry" : {"type" : "Point", "coordinates" : [121.452208003705,25.015794008512]}, "properties" : {"id" : 638, "name" : "新北市板橋區振興里辦公處", "district" : "板橋區", "zip_code" : 65000010, "address" : "新北市板橋區南雅西路二段307號", "tel" : "(02)29635758", "data_time" : "2026-05-03T08:22:28.480765+08:00"}}, {"type" : "Feature", "geometry" : {"type" : "Point", "coordinates" : [121.508618966448,25.016496998731]}, "properties" : {"id" : 639, "name" : "新北市板橋區挹秀里辦公處", "district" : "板橋區", "zip_code" : 65000010, "address" : "新北市板橋區環河西路二段9-2號", "tel" : "(02)29694637", "data_time" : "2026-05-03T08:22:28.480765+08:00"}}, {"type" : "Feature", "geometry" : {"type" : "Point", "coordinates" : [121.4506779711,25.008373006717]}, "properties" : {"id" : 640, "name" : "新北市板橋區文化里辦公處", "district" : "板橋區", "zip_code" : 65000010, "address" : "新北市板橋區大觀路一段38巷1之5號(歡園市民活動中心)", "tel" : "(02)82536211", "data_time" : "2026-05-03T08:22:28.480765+08:00"}}, {"type" : "Feature", "geometry" : {"type" : "Point", "coordinates" : [121.475906996744,25.032599011917]}, "properties" : {"id" : 641, "name" : "新北市板橋區文德里辦公處", "district" : "板橋區", "zip_code" : 65000010, "address" : "新北市板橋區文聖街11巷12號", "tel" : "(02)22573307", "data_time" : "2026-05-03T08:22:28.480765+08:00"}}, {"type" : "Feature", "geometry" : {"type" : "Point", "coordinates" : [121.471977811992,25.018020116267]}, "properties" : {"id" : 642, "name" : "新北市板橋區文翠里辦公處", "district" : "板橋區", "zip_code" : 65000010, "address" : "新北市板橋區臨民生路二段56號之6(2樓)", "tel" : "(02)82527372", "data_time" : "2026-05-03T08:22:28.480765+08:00"}}, {"type" : "Feature", "geometry" : {"type" : "Point", "coordinates" : [121.447414766285,25.003542688158]}, "properties" : {"id" : 643, "name" : "新北市板橋區文聖里辦公處", "district" : "板橋區", "zip_code" : 65000010, "address" : "新北市板橋區大觀路二段7巷14、9號", "tel" : "(02)22569320", "data_time" : "2026-05-03T08:22:28.480765+08:00"}}, {"type" : "Feature", "geometry" : {"type" : "Point", "coordinates" : [121.456647256431,25.011172903515]}, "properties" : {"id" : 644, "name" : "新北市板橋區新埔里辦公處", "district" : "板橋區", "zip_code" : 65000010, "address" : "新北市板橋區北門街61號", "tel" : "(02)82510593", "data_time" : "2026-05-03T08:22:28.480765+08:00"}}, {"type" : "Feature", "geometry" : {"type" : "Point", "coordinates" : [121.449708017264,24.994477990546]}, "properties" : {"id" : 645, "name" : "新北市板橋區新民里辦公處", "district" : "板橋區", "zip_code" : 65000010, "address" : "新北市板橋區四川路二段130巷32號(華東市民活動中心)", "tel" : "(02)22565287", "data_time" : "2026-05-03T08:22:28.480765+08:00"}}, {"type" : "Feature", "geometry" : {"type" : "Point", "coordinates" : [121.463382840838,25.024347405426]}, "properties" : {"id" : 646, "name" : "新北市板橋區新生里辦公處", "district" : "板橋區", "zip_code" : 65000010, "address" : "新北市板橋區陽明街166號", "tel" : "(02)29691892", "data_time" : "2026-05-03T08:22:28.480765+08:00"}}, {"type" : "Feature", "geometry" : {"type" : "Point", "coordinates" : [121.45765096017,25.009753003255]}, "properties" : {"id" : 647, "name" : "新北市板橋區新翠里辦公處", "district" : "板橋區", "zip_code" : 65000010, "address" : "新北市板橋區文化路一段453巷31弄3號", "tel" : "(02)22563351", "data_time" : "2026-05-03T08:22:28.480765+08:00"}}, {"type" : "Feature", "geometry" : {"type" : "Point", "coordinates" : [121.466172002939,25.024240997166]}, "properties" : {"id" : 648, "name" : "新北市板橋區新興里辦公處", "district" : "板橋區", "zip_code" : 65000010, "address" : "新北市板橋區民有街1-2號1樓", "tel" : "(02)29680816", "data_time" : "2026-05-03T08:22:28.480765+08:00"}}, {"type" : "Feature", "geometry" : {"type" : "Point", "coordinates" : [121.461525997828,25.017455008355]}, "properties" : {"id" : 649, "name" : "新北市板橋區景福社區發展協會", "district" : "板橋區", "zip_code" : 65000010, "address" : "新北市板橋區建國街132號", "tel" : "(02)29512625", "data_time" : "2026-05-03T08:22:28.480765+08:00"}}, {"type" : "Feature", "geometry" : {"type" : "Point", "coordinates" : [121.470496981158,25.025851998956]}, "properties" : {"id" : 650, "name" : "新北市板橋區景福社區發展協會", "district" : "板橋區", "zip_code" : 65000010, "address" : "新北市板橋區文化路二段124巷8號", "tel" : "(02)29512625", "data_time" : "2026-05-03T08:22:28.480765+08:00"}}, {"type" : "Feature", "geometry" : {"type" : "Point", "coordinates" : [121.445562998506,25.001343020704]}, "properties" : {"id" : 651, "name" : "新北市板橋區朝陽里辦公處", "district" : "板橋區", "zip_code" : 65000010, "address" : "新北市板橋區大觀路二段32號", "tel" : "(02)22573257", "data_time" : "2026-05-03T08:22:28.480765+08:00"}}, {"type" : "Feature", "geometry" : {"type" : "Point", "coordinates" : [121.476056278439,25.01352180029]}, "properties" : {"id" : 652, "name" : "新北市板橋區東安里辦公處", "district" : "板橋區", "zip_code" : 65000010, "address" : "新北市板橋區民生路1段30-1號(民生公園活動中心)", "tel" : "(02)89517389", "data_time" : "2026-05-03T08:22:28.480765+08:00"}}, {"type" : "Feature", "geometry" : {"type" : "Point", "coordinates" : [121.476056278439,25.01352180029]}, "properties" : {"id" : 653, "name" : "新北市板橋區松柏里辦公處", "district" : "板橋區", "zip_code" : 65000010, "address" : "新北市板橋區民生路1段30-1號(民生公園活動中心)", "tel" : "(02)82527365", "data_time" : "2026-05-03T08:22:28.480765+08:00"}}, {"type" : "Feature", "geometry" : {"type" : "Point", "coordinates" : [121.472868975938,25.01306900988]}, "properties" : {"id" : 654, "name" : "新北市板橋區松翠里辦公處", "district" : "板橋區", "zip_code" : 65000010, "address" : "新北市板橋區長安街331巷59號", "tel" : "(02)22511124", "data_time" : "2026-05-03T08:22:28.480765+08:00"}}, {"type" : "Feature", "geometry" : {"type" : "Point", "coordinates" : [121.4533944621,25.01562800492]}, "properties" : {"id" : 655, "name" : "新北市板橋區板新社區發展協會", "district" : "板橋區", "zip_code" : 65000010, "address" : "新北市板橋區大智街77號(自立市民活動中心)", "tel" : "(02)29535919", "data_time" : "2026-05-03T08:22:28.480765+08:00"}}, {"type" : "Feature", "geometry" : {"type" : "Point", "coordinates" : [121.4506779711,25.008373006717]}, "properties" : {"id" : 656, "name" : "新北市板橋區板新社區發展協會", "district" : "板橋區", "zip_code" : 65000010, "address" : "新北市板橋區大觀路一段38巷1之5號(歡園市民活動中心)", "tel" : "(02)29535919", "data_time" : "2026-05-03T08:22:28.480765+08:00"}}, {"type" : "Feature", "geometry" : {"type" : "Point", "coordinates" : [121.464343993675,25.021961999602]}, "properties" : {"id" : 657, "name" : "新北市板橋區柏翠里辦公處", "district" : "板橋區", "zip_code" : 65000010, "address" : "新北市板橋區陽明街29巷1弄20號", "tel" : "(02)22500232", "data_time" : "2026-05-03T08:22:28.480765+08:00"}}, {"type" : "Feature", "geometry" : {"type" : "Point", "coordinates" : [121.477817986849,25.021393999933]}, "properties" : {"id" : 658, "name" : "新北市板橋區歡園社區發展協會", "district" : "板橋區", "zip_code" : 65000010, "address" : "新北市板橋區永豐街251號(雙玉里王聰震里長家)", "tel" : "(02)29642301", "data_time" : "2026-05-03T08:22:28.480765+08:00"}}, {"type" : "Feature", "geometry" : {"type" : "Point", "coordinates" : [121.483132532557,25.023733011924]}, "properties" : {"id" : 659, "name" : "新北市板橋區歡園社區發展協會", "district" : "板橋區", "zip_code" : 65000010, "address" : "新北市板橋區萬安街53巷30號", "tel" : "(02)29642301", "data_time" : "2026-05-03T08:22:28.480765+08:00"}}, {"type" : "Feature", "geometry" : {"type" : "Point", "coordinates" : [121.456254032187,25.002960979474]}, "properties" : {"id" : 660, "name" : "新北市板橋區歡園社區發展協會", "district" : "板橋區", "zip_code" : 65000010, "address" : "新北市板橋區貴興路80號地下一樓", "tel" : "(02)29642301", "data_time" : "2026-05-03T08:22:28.480765+08:00"}}, {"type" : "Feature", "geometry" : {"type" : "Point", "coordinates" : [121.462209961127,25.02181498102]}, "properties" : {"id" : 661, "name" : "新北市板橋區正泰里辦公處", "district" : "板橋區", "zip_code" : 65000010, "address" : "新北市板橋區新海路72巷4號1樓", "tel" : "(02)29570073", "data_time" : "2026-05-03T08:22:28.480765+08:00"}}, {"type" : "Feature", "geometry" : {"type" : "Point", "coordinates" : [121.458975971424,25.015126012738]}, "properties" : {"id" : 662, "name" : "新北市板橋區民族里辦公處", "district" : "板橋區", "zip_code" : 65000010, "address" : "新北市板橋區民權路202巷7弄28號(民安活動中心)", "tel" : "(02)29506999", "data_time" : "2026-05-03T08:22:28.480765+08:00"}}, {"type" : "Feature", "geometry" : {"type" : "Point", "coordinates" : [121.449584970926,25.000986999367]}, "properties" : {"id" : 663, "name" : "新北市板橋區永安里辦公處", "district" : "板橋區", "zip_code" : 65000010, "address" : "新北市板橋區大觀路二段37巷280號", "tel" : "(02)22573737", "data_time" : "2026-05-03T08:22:28.480765+08:00"}}, {"type" : "Feature", "geometry" : {"type" : "Point", "coordinates" : [121.45665803992,24.996187018694]}, "properties" : {"id" : 664, "name" : "新北市板橋區流芳里辦公處", "district" : "板橋區", "zip_code" : 65000010, "address" : "新北市板橋區信義路319巷8號1樓", "tel" : "(02)29655788", "data_time" : "2026-05-03T08:22:28.480765+08:00"}}, {"type" : "Feature", "geometry" : {"type" : "Point", "coordinates" : [121.481412985121,25.023954000801]}, "properties" : {"id" : 665, "name" : "新北市板橋區浮洲里辦公處", "district" : "板橋區", "zip_code" : 65000010, "address" : "新北市板橋區振興里9鄰翠華街6巷1弄15號", "tel" : null, "data_time" : "2026-05-03T08:22:28.480765+08:00"}}, {"type" : "Feature", "geometry" : {"type" : "Point", "coordinates" : [121.505796025277,25.013840019244]}, "properties" : {"id" : 666, "name" : "新北市板橋區深丘里辦公處", "district" : "板橋區", "zip_code" : 65000010, "address" : "新北市板橋區永平路368號(永平市民活動中心)", "tel" : "(02)29532869", "data_time" : "2026-05-03T08:22:28.480765+08:00"}}, {"type" : "Feature", "geometry" : {"type" : "Point", "coordinates" : [121.454983168028,25.022464788064]}, "properties" : {"id" : 667, "name" : "新北市板橋區港嘴里辦公處", "district" : "板橋區", "zip_code" : 65000010, "address" : "新北市板橋區中正路336之1號(港尾市民活動中心)", "tel" : "(02)22591380", "data_time" : "2026-05-03T08:22:28.480765+08:00"}}, {"type" : "Feature", "geometry" : {"type" : "Point", "coordinates" : [121.459343014965,25.027126006329]}, "properties" : {"id" : 668, "name" : "新北市板橋區港尾里辦公處", "district" : "板橋區", "zip_code" : 65000010, "address" : "新北市板橋區裕民街133巷2號", "tel" : "(02)29690815", "data_time" : "2026-05-03T08:22:28.480765+08:00"}}, {"type" : "Feature", "geometry" : {"type" : "Point", "coordinates" : [121.480574962441,25.018950004605]}, "properties" : {"id" : 669, "name" : "新北市板橋區湳興里辦公處", "district" : "板橋區", "zip_code" : 65000010, "address" : "新北市板橋區中山路2段318巷20弄5號1樓", "tel" : "(02)29679900", "data_time" : "2026-05-03T08:22:28.480765+08:00"}}, {"type" : "Feature", "geometry" : {"type" : "Point", "coordinates" : [121.463382840838,25.024347405426]}, "properties" : {"id" : 670, "name" : "新北市板橋區溪北里辦公處", "district" : "板橋區", "zip_code" : 65000010, "address" : "新北市板橋區陽明街166號", "tel" : "(02)26831839", "data_time" : "2026-05-03T08:22:28.480765+08:00"}}, {"type" : "Feature", "geometry" : {"type" : "Point", "coordinates" : [121.469267020686,25.028040010961]}, "properties" : {"id" : 671, "name" : "新北市板橋區溪崑社區發展協會", "district" : "板橋區", "zip_code" : 65000010, "address" : "新北市板橋區松江街72巷15號", "tel" : "(02)86751123", "data_time" : "2026-05-03T08:22:28.480765+08:00"}}, {"type" : "Feature", "geometry" : {"type" : "Point", "coordinates" : [121.473845939468,25.020627993092]}, "properties" : {"id" : 672, "name" : "新北市板橋區溪崑社區發展協會", "district" : "板橋區", "zip_code" : 65000010, "address" : "新北市板橋區縣民大道三段33之1號後門(埤墘第一市民活動中心)", "tel" : "(02)86751123", "data_time" : "2026-05-03T08:22:28.480765+08:00"}}, {"type" : "Feature", "geometry" : {"type" : "Point", "coordinates" : [121.460546991537,25.004254013768]}, "properties" : {"id" : 673, "name" : "新北市板橋區溪福里辦公處", "district" : "板橋區", "zip_code" : 65000010, "address" : "新北市板橋區四川路一段157巷7號(福星區民活動中心)", "tel" : "(02)26831254", "data_time" : "2026-05-03T08:22:28.480765+08:00"}}, {"type" : "Feature", "geometry" : {"type" : "Point", "coordinates" : [121.427737959394,24.989260004363]}, "properties" : {"id" : 674, "name" : "新北市板橋區溪頭里辦公處", "district" : "板橋區", "zip_code" : 65000010, "address" : "新北市板橋區滿平街69號", "tel" : null, "data_time" : "2026-05-03T08:22:28.480765+08:00"}}, {"type" : "Feature", "geometry" : {"type" : "Point", "coordinates" : [121.4590205,25.0097766]}, "properties" : {"id" : 675, "name" : "新北市板橋區滿翠里辦公處", "district" : "板橋區", "zip_code" : 65000010, "address" : "新北市板橋區崑二街45號", "tel" : "(02)22556070", "data_time" : "2026-05-03T08:22:28.480765+08:00"}}, {"type" : "Feature", "geometry" : {"type" : "Point", "coordinates" : [121.470775930896,25.01903009369]}, "properties" : {"id" : 676, "name" : "新北市板橋區玉光里辦公處", "district" : "板橋區", "zip_code" : 65000010, "address" : "新北市板橋區民生路二段89號之1號(西安市民活動中心)", "tel" : "(02)22573307", "data_time" : "2026-05-03T08:22:28.480765+08:00"}}, {"type" : "Feature", "geometry" : {"type" : "Point", "coordinates" : [121.476056278439,25.01352180029]}, "properties" : {"id" : 677, "name" : "新北市板橋區留侯里辦公處", "district" : "板橋區", "zip_code" : 65000010, "address" : "新北市板橋區民生路1段30-1號(民生公園活動中心)", "tel" : "(02)29690146", "data_time" : "2026-05-03T08:22:28.480765+08:00"}}, {"type" : "Feature", "geometry" : {"type" : "Point", "coordinates" : [121.459284006366,25.01557599521]}, "properties" : {"id" : 678, "name" : "新北市板橋區百壽里辦公處", "district" : "板橋區", "zip_code" : 65000010, "address" : "新北市板橋區民權路202巷9弄39號1樓(民權市民活動中心)", "tel" : "(02)22561435", "data_time" : "2026-05-03T08:22:28.480765+08:00"}}, {"type" : "Feature", "geometry" : {"type" : "Point", "coordinates" : [121.456892180762,25.014713883041]}, "properties" : {"id" : 679, "name" : "新北市板橋區社後里辦公處", "district" : "板橋區", "zip_code" : 65000010, "address" : "新北市板橋區中正路80巷1弄7號", "tel" : "(02)29677989", "data_time" : "2026-05-03T08:22:28.480765+08:00"}}, {"type" : "Feature", "geometry" : {"type" : "Point", "coordinates" : [121.442451971323,25.001074003522]}, "properties" : {"id" : 680, "name" : "新北市板橋區社會奉獻服務協會", "district" : "板橋區", "zip_code" : 65000010, "address" : "新北市板橋區大觀路二段174巷118弄2號", "tel" : "(02)22537879", "data_time" : "2026-05-03T08:22:28.480765+08:00"}}, {"type" : "Feature", "geometry" : {"type" : "Point", "coordinates" : [121.464241985913,25.031113990131]}, "properties" : {"id" : 681, "name" : "新北市板橋區福丘里辦公處", "district" : "板橋區", "zip_code" : 65000010, "address" : "新北市板橋區民生路三段270之1號(六里聯合活動中心)", "tel" : "(02)29539212", "data_time" : "2026-05-03T08:22:28.480765+08:00"}}, {"type" : "Feature", "geometry" : {"type" : "Point", "coordinates" : [121.460546991537,25.004254013768]}, "properties" : {"id" : 682, "name" : "新北市板橋區福壽里辦公處", "district" : "板橋區", "zip_code" : 65000010, "address" : "新北市板橋區四川路一段157巷7號(福星區民活動中心)", "tel" : "(02)29579873", "data_time" : "2026-05-03T08:22:28.480765+08:00"}}, {"type" : "Feature", "geometry" : {"type" : "Point", "coordinates" : [121.461863034154,25.010554983751]}, "properties" : {"id" : 683, "name" : "新北市板橋區福星里辦公處", "district" : "板橋區", "zip_code" : 65000010, "address" : "新北市板橋區中山路一段115號(福丘里辦公處)", "tel" : "(02)29510833", "data_time" : "2026-05-03T08:22:28.480765+08:00"}}, {"type" : "Feature", "geometry" : {"type" : "Point", "coordinates" : [121.480658027102,25.012845003518]}, "properties" : {"id" : 684, "name" : "新北市板橋區福泰社區發展協會", "district" : "板橋區", "zip_code" : 65000010, "address" : "新北市板橋區三民路二段居仁巷2弄50號", "tel" : "(02)29513625", "data_time" : "2026-05-03T08:22:28.480765+08:00"}}, {"type" : "Feature", "geometry" : {"type" : "Point", "coordinates" : [121.467935974462,25.027234007151]}, "properties" : {"id" : 685, "name" : "新北市板橋區福祿里辦公處", "district" : "板橋區", "zip_code" : 65000010, "address" : "新北市板橋區光武街48巷47弄7號2樓", "tel" : "(02)29570021", "data_time" : "2026-05-03T08:22:28.480765+08:00"}}, {"type" : "Feature", "geometry" : {"type" : "Point", "coordinates" : [121.460969020362,25.003355012743]}, "properties" : {"id" : 686, "name" : "新北市板橋區福翠里辦公處", "district" : "板橋區", "zip_code" : 65000010, "address" : "新北市板橋區校前街39巷1號", "tel" : "(02)22511102", "data_time" : "2026-05-03T08:22:28.480765+08:00"}}, {"type" : "Feature", "geometry" : {"type" : "Point", "coordinates" : [121.472350890502,25.031711787466]}, "properties" : {"id" : 687, "name" : "新北市板橋區純翠里辦公處", "district" : "板橋區", "zip_code" : 65000010, "address" : "新北市板橋區文化路二段369巷26號", "tel" : "(02)22586898", "data_time" : "2026-05-03T08:22:28.480765+08:00"}}, {"type" : "Feature", "geometry" : {"type" : "Point", "coordinates" : [121.456633983858,25.014933983337]}, "properties" : {"id" : 688, "name" : "新北市板橋區老人會", "district" : "板橋區", "zip_code" : 65000010, "address" : "新北市板橋區中正路86號", "tel" : "(02)29692100", "data_time" : "2026-05-03T08:22:28.480765+08:00"}}, {"type" : "Feature", "geometry" : {"type" : "Point", "coordinates" : [121.479577013049,25.028720998684]}, "properties" : {"id" : 689, "name" : "新北市板橋區老人會", "district" : "板橋區", "zip_code" : 65000010, "address" : "新北市板橋區文聖街149巷27號(文聖市民活動中心)", "tel" : "(02)29692100", "data_time" : "2026-05-03T08:22:28.480765+08:00"}}, {"type" : "Feature", "geometry" : {"type" : "Point", "coordinates" : [121.457418027081,25.026385004179]}, "properties" : {"id" : 690, "name" : "新北市板橋區老人會", "district" : "板橋區", "zip_code" : 65000010, "address" : "新北市板橋區新海路403巷22號(新海里巡守崗亭)", "tel" : "(02)29692100", "data_time" : "2026-05-03T08:22:28.480765+08:00"}}, {"type" : "Feature", "geometry" : {"type" : "Point", "coordinates" : [121.473834990279,25.030268004644]}, "properties" : {"id" : 691, "name" : "新北市板橋區老人會", "district" : "板橋區", "zip_code" : 65000010, "address" : "新北市板橋區松柏街15巷22-1號", "tel" : "(02)29692100", "data_time" : "2026-05-03T08:22:28.480765+08:00"}}, {"type" : "Feature", "geometry" : {"type" : "Point", "coordinates" : [121.482736990546,25.027421007411]}, "properties" : {"id" : 692, "name" : "新北市板橋區聚安里辦公處", "district" : "板橋區", "zip_code" : 65000010, "address" : "新北市板橋區萬板路812-1號(福翠市民活動中心)", "tel" : "(02)29600213", "data_time" : "2026-05-03T08:22:28.480765+08:00"}}, {"type" : "Feature", "geometry" : {"type" : "Point", "coordinates" : [121.442936696784,24.996103995943]}, "properties" : {"id" : 693, "name" : "新北市板橋區聯翠里辦公處", "district" : "板橋區", "zip_code" : 65000010, "address" : "新北市板橋區大觀路二段265巷15號", "tel" : null, "data_time" : "2026-05-03T08:22:28.480765+08:00"}}, {"type" : "Feature", "geometry" : {"type" : "Point", "coordinates" : [121.467842013327,25.030322989929]}, "properties" : {"id" : 694, "name" : "新北市板橋區自立里辦公處", "district" : "板橋區", "zip_code" : 65000010, "address" : "新北市板橋區吳鳳路50巷93號", "tel" : "(02)29679914", "data_time" : "2026-05-03T08:22:28.480765+08:00"}}, {"type" : "Feature", "geometry" : {"type" : "Point", "coordinates" : [121.472782977611,25.010308010974]}, "properties" : {"id" : 695, "name" : "新北市板橋區莊敬里辦公處", "district" : "板橋區", "zip_code" : 65000010, "address" : "新北市板橋區長安街253號", "tel" : "(02)22542199", "data_time" : "2026-05-03T08:22:28.480765+08:00"}}, {"type" : "Feature", "geometry" : {"type" : "Point", "coordinates" : [121.467127036986,25.03007698107]}, "properties" : {"id" : 696, "name" : "新北市板橋區莒光里辦公處", "district" : "板橋區", "zip_code" : 65000010, "address" : "新北市板橋區光武街110巷42號", "tel" : "(02)22566699", "data_time" : "2026-05-03T08:22:28.480765+08:00"}}, {"type" : "Feature", "geometry" : {"type" : "Point", "coordinates" : [121.481336961259,25.02594948049]}, "properties" : {"id" : 697, "name" : "新北市板橋區華中里辦公處", "district" : "板橋區", "zip_code" : 65000010, "address" : "新北市板橋區縣民大道三段245-1號(港嘴市民活動中心)", "tel" : "(02)29680023", "data_time" : "2026-05-03T08:22:28.480765+08:00"}}, {"type" : "Feature", "geometry" : {"type" : "Point", "coordinates" : [121.457926976242,25.00491601648]}, "properties" : {"id" : 698, "name" : "新北市板橋區華德里辦公處", "district" : "板橋區", "zip_code" : 65000010, "address" : "新北市板橋區大華街居安巷31號", "tel" : "(02)89676580", "data_time" : "2026-05-03T08:22:28.480765+08:00"}}, {"type" : "Feature", "geometry" : {"type" : "Point", "coordinates" : [121.47230956772,25.024773289927]}, "properties" : {"id" : 699, "name" : "新北市板橋區華東社區發展協會", "district" : "板橋區", "zip_code" : 65000010, "address" : "新北市板橋區莒光路133巷42號(華翠市民活動中心)", "tel" : null, "data_time" : "2026-05-03T08:22:28.480765+08:00"}}, {"type" : "Feature", "geometry" : {"type" : "Point", "coordinates" : [121.44675121296,25.012801530226]}, "properties" : {"id" : 700, "name" : "新北市板橋區華江里辦公處", "district" : "板橋區", "zip_code" : 65000010, "address" : "新北市板橋區僑中一街102巷7弄1、3號(華中市民活動中心)", "tel" : "(02)22528366", "data_time" : "2026-05-03T08:22:28.480765+08:00"}}, {"type" : "Feature", "geometry" : {"type" : "Point", "coordinates" : [121.47007696399,25.022031988493]}, "properties" : {"id" : 701, "name" : "新北市板橋區華福里辦公處", "district" : "板橋區", "zip_code" : 65000010, "address" : "新北市板橋區民生路二段226巷17弄9號(巡守隊旁)", "tel" : "(02)29580219", "data_time" : "2026-05-03T08:22:28.480765+08:00"}}, {"type" : "Feature", "geometry" : {"type" : "Point", "coordinates" : [121.458413964817,25.005145010075]}, "properties" : {"id" : 702, "name" : "新北市板橋區華翠里辦公處", "district" : "板橋區", "zip_code" : 65000010, "address" : "新北市板橋區東興街17號", "tel" : "(02)22528552", "data_time" : "2026-05-03T08:22:28.480765+08:00"}}, {"type" : "Feature", "geometry" : {"type" : "Point", "coordinates" : [121.475602049269,25.048418678159]}, "properties" : {"id" : 703, "name" : "新北市板橋區華興里辦公處", "district" : "板橋區", "zip_code" : 65000010, "address" : "新北市板橋區五谷王北街48巷18號2樓(神農市民活動中心)", "tel" : "(02)29598803", "data_time" : "2026-05-03T08:22:28.480765+08:00"}}, {"type" : "Feature", "geometry" : {"type" : "Point", "coordinates" : [121.472514442568,25.022112075781]}, "properties" : {"id" : 704, "name" : "新北市板橋區華貴里辦公處", "district" : "板橋區", "zip_code" : 65000010, "address" : "新北市板橋區莊敬路179號(埤墘第二市民活動中心)", "tel" : "(02)29510606", "data_time" : "2026-05-03T08:22:28.480765+08:00"}}, {"type" : "Feature", "geometry" : {"type" : "Point", "coordinates" : [121.457534032621,25.004312016538]}, "properties" : {"id" : 705, "name" : "新北市板橋區西安里辦公處", "district" : "板橋區", "zip_code" : 65000010, "address" : "新北市板橋區貴興路8號1樓", "tel" : "(02)29543958", "data_time" : "2026-05-03T08:22:28.480765+08:00"}}, {"type" : "Feature", "geometry" : {"type" : "Point", "coordinates" : [121.453246010123,25.023173899296]}, "properties" : {"id" : 706, "name" : "新北市板橋區親子服務協會", "district" : "板橋區", "zip_code" : 65000010, "address" : "新北市板橋區中正路413巷2弄24、26號(中正市民活動中心)", "tel" : "(02)29534297", "data_time" : "2026-05-03T08:22:28.480765+08:00"}}, {"type" : "Feature", "geometry" : {"type" : "Point", "coordinates" : [121.481123977099,25.028515013414]}, "properties" : {"id" : 707, "name" : "新北市板橋區赤松里辦公處", "district" : "板橋區", "zip_code" : 65000010, "address" : "新北市板橋區懷德街235巷2號2樓", "tel" : "(02)22721380", "data_time" : "2026-05-03T08:22:28.480765+08:00"}}, {"type" : "Feature", "geometry" : {"type" : "Point", "coordinates" : [121.45346202024,24.992598013483]}, "properties" : {"id" : 708, "name" : "新北市板橋區鄉雲里辦公處", "district" : "板橋區", "zip_code" : 65000010, "address" : "新北市板橋區四川路二段245巷125號(華德公園活動中心)", "tel" : "(02)29531198", "data_time" : "2026-05-03T08:22:28.480765+08:00"}}, {"type" : "Feature", "geometry" : {"type" : "Point", "coordinates" : [121.456054039978,25.017002008398]}, "properties" : {"id" : 709, "name" : "新北市板橋區金華里辦公處", "district" : "板橋區", "zip_code" : 65000010, "address" : "新北市板橋區大仁街33巷2號(社後里活動中心)", "tel" : "(02)29693025", "data_time" : "2026-05-03T08:22:28.480765+08:00"}}, {"type" : "Feature", "geometry" : {"type" : "Point", "coordinates" : [121.455864022233,25.020019996455]}, "properties" : {"id" : 710, "name" : "新北市板橋區長壽里辦公處", "district" : "板橋區", "zip_code" : 65000010, "address" : "新北市板橋區金華街10巷4號(金華市民活動中心)", "tel" : "(02)29612968", "data_time" : "2026-05-03T08:22:28.480765+08:00"}}, {"type" : "Feature", "geometry" : {"type" : "Point", "coordinates" : [121.459308900619,25.003769288307]}, "properties" : {"id" : 711, "name" : "新北市板橋區陽明里辦公處", "district" : "板橋區", "zip_code" : 65000010, "address" : "新北市板橋區大華街168號(鄉雲市民活動中心)", "tel" : "(02)22573159", "data_time" : "2026-05-03T08:22:28.480765+08:00"}}, {"type" : "Feature", "geometry" : {"type" : "Point", "coordinates" : [121.4650950122,25.004653998187]}, "properties" : {"id" : 712, "name" : "新北市板橋區雙新社區發展協會", "district" : "板橋區", "zip_code" : 65000010, "address" : "新北市板橋區忠孝路忠義巷9弄1-1號(福泰市民活動中心)", "tel" : "(02)89645966", "data_time" : "2026-05-03T08:22:28.480765+08:00"}}, {"type" : "Feature", "geometry" : {"type" : "Point", "coordinates" : [121.461605961184,25.030100995223]}, "properties" : {"id" : 713, "name" : "新北市板橋區青翠里辦公處", "district" : "板橋區", "zip_code" : 65000010, "address" : "新北市板橋區長江路一段156巷9弄5號", "tel" : "(02)22596936", "data_time" : "2026-05-03T08:22:28.480765+08:00"}}, {"type" : "Feature", "geometry" : {"type" : "Point", "coordinates" : [121.457955977627,25.008611010857]}, "properties" : {"id" : 714, "name" : "新北市板橋區香丘里辦公處", "district" : "板橋區", "zip_code" : 65000010, "address" : "新北市板橋區東門街30之2號4樓", "tel" : "(02)89514121", "data_time" : "2026-05-03T08:22:28.480765+08:00"}}, {"type" : "Feature", "geometry" : {"type" : "Point", "coordinates" : [121.467800019992,25.015033979442]}, "properties" : {"id" : 715, "name" : "新北市板橋區香社里辦公處", "district" : "板橋區", "zip_code" : 65000010, "address" : "新北市板橋區漢生東路117巷7號", "tel" : "(02)29695810", "data_time" : "2026-05-03T08:22:28.480765+08:00"}}, {"type" : "Feature", "geometry" : {"type" : "Point", "coordinates" : [121.452762969515,25.017809981954]}, "properties" : {"id" : 716, "name" : "新北市板橋區香雅里辦公處", "district" : "板橋區", "zip_code" : 65000010, "address" : "新北市板橋區中正路275巷69號", "tel" : "(02)29669675", "data_time" : "2026-05-03T08:22:28.480765+08:00"}}, {"type" : "Feature", "geometry" : {"type" : "Point", "coordinates" : [121.4605640068,25.028811984243]}, "properties" : {"id" : 717, "name" : "新北市板橋區鶴齡服務協會", "district" : "板橋區", "zip_code" : 65000010, "address" : "新北市板橋區裕民街76巷14號", "tel" : "(02)22595930", "data_time" : "2026-05-03T08:22:28.480765+08:00"}}, {"type" : "Feature", "geometry" : {"type" : "Point", "coordinates" : [121.377933026002,24.931680017585]}, "properties" : {"id" : 718, "name" : "新北市板橋區黃石里辦公處", "district" : "板橋區", "zip_code" : 65000010, "address" : "新北市板橋區長泰街33巷3號1樓", "tel" : "(02)29682939", "data_time" : "2026-05-03T08:22:28.480765+08:00"}}, {"type" : "Feature", "geometry" : {"type" : "Point", "coordinates" : [121.457418027081,25.026385004179]}, "properties" : {"id" : 719, "name" : "新北市板橋區龍興社區發展協會", "district" : "板橋區", "zip_code" : 65000010, "address" : "新北市板橋區新海路403巷22號(新海里巡守崗亭)", "tel" : "(02)29670787", "data_time" : "2026-05-03T08:22:28.480765+08:00"}}, {"type" : "Feature", "geometry" : {"type" : "Point", "coordinates" : [121.44325998679,25.00072099967]}, "properties" : {"id" : 720, "name" : "新北市板橋大同長青關懷協會", "district" : "板橋區", "zip_code" : 65000010, "address" : "新北市板橋區龍興街42號B1", "tel" : "(02)22512275", "data_time" : "2026-05-03T08:22:28.480765+08:00"}}, {"type" : "Feature", "geometry" : {"type" : "Point", "coordinates" : [121.476056278439,25.01352180029]}, "properties" : {"id" : 721, "name" : "新北市板橋大後埔文化關懷協進會(重慶站)", "district" : "板橋區", "zip_code" : 65000010, "address" : "新北市板橋區民生路1段30-1號(民生公園活動中心)", "tel" : "(02)29632763", "data_time" : "2026-05-03T08:22:28.480765+08:00"}}, {"type" : "Feature", "geometry" : {"type" : "Point", "coordinates" : [121.473637009726,25.028732984806]}, "properties" : {"id" : 722, "name" : "新北市板橋愛活樂園公共托老中心(社團法人愛福家協會)", "district" : "板橋區", "zip_code" : 65000010, "address" : "新北市板橋區雙十路二段191號", "tel" : "(02)22506500", "data_time" : "2026-05-03T08:22:28.480765+08:00"}}, {"type" : "Feature", "geometry" : {"type" : "Point", "coordinates" : [121.456485707991,25.022500788338]}, "properties" : {"id" : 723, "name" : "新北市板橋新埔商圈協會", "district" : "板橋區", "zip_code" : 65000010, "address" : "新北市板橋區新生街23巷17號1樓(新生市民活動中心)", "tel" : "(02)82536119", "data_time" : "2026-05-03T08:22:28.480765+08:00"}}, {"type" : "Feature", "geometry" : {"type" : "Point", "coordinates" : [121.430636002417,24.99172998359]}, "properties" : {"id" : 724, "name" : "新北市板橋海山公共托老中心", "district" : "板橋區", "zip_code" : 65000010, "address" : "新北市板橋區存德街29號", "tel" : "(02)89520151", "data_time" : "2026-05-03T08:22:28.480765+08:00"}}, {"type" : "Feature", "geometry" : {"type" : "Point", "coordinates" : [121.480026031602,25.026205002808]}, "properties" : {"id" : 725, "name" : "新北市板橋雙玉環保協會", "district" : "板橋區", "zip_code" : 65000010, "address" : "新北市板橋區文聖街209-1號(龍翠市民活動中心)", "tel" : "(02)29529786", "data_time" : "2026-05-03T08:22:28.480765+08:00"}}, {"type" : "Feature", "geometry" : {"type" : "Point", "coordinates" : [121.477062023001,25.021083995244]}, "properties" : {"id" : 726, "name" : "新北市華東關懷服務協會", "district" : "板橋區", "zip_code" : 65000010, "address" : "新北市板橋區永豐街124號(永豐公園市民活動中心)", "tel" : "(02)89669361", "data_time" : "2026-05-03T08:22:28.480765+08:00"}}, {"type" : "Feature", "geometry" : {"type" : "Point", "coordinates" : [121.457968969577,25.003088007217]}, "properties" : {"id" : 727, "name" : "新北市華福關懷協會", "district" : "板橋區", "zip_code" : 65000010, "address" : "新北市板橋區大明街20巷19弄13號(華貴市民活動中心)", "tel" : "(02)89658171", "data_time" : "2026-05-03T08:22:28.480765+08:00"}}, {"type" : "Feature", "geometry" : {"type" : "Point", "coordinates" : [121.476056278439,25.01352180029]}, "properties" : {"id" : 728, "name" : "新北市萬福關懷銀髮族協會", "district" : "板橋區", "zip_code" : 65000010, "address" : "新北市板橋區民生路1段30-1號(民生公園活動中心)", "tel" : "(02)29552532", "data_time" : "2026-05-03T08:22:28.480765+08:00"}}, {"type" : "Feature", "geometry" : {"type" : "Point", "coordinates" : [121.456633983858,25.014933983337]}, "properties" : {"id" : 729, "name" : "板橋北極壇", "district" : "板橋區", "zip_code" : 65000010, "address" : "新北市板橋區中正路86號", "tel" : "(02)29680470", "data_time" : "2026-05-03T08:22:28.480765+08:00"}}, {"type" : "Feature", "geometry" : {"type" : "Point", "coordinates" : [121.453874996609,25.013087994891]}, "properties" : {"id" : 730, "name" : "潮和鶴齡關懷協會(板橋江子翠潮和宮)", "district" : "板橋區", "zip_code" : 65000010, "address" : "新北市板橋區光華街52號(光榮市民活動中心)", "tel" : "(02)89552550", "data_time" : "2026-05-03T08:22:28.480765+08:00"}}, {"type" : "Feature", "geometry" : {"type" : "Point", "coordinates" : [121.45346202024,24.992598013483]}, "properties" : {"id" : 731, "name" : "社團法人中華民國天元慈善功德會", "district" : "板橋區", "zip_code" : 65000010, "address" : "新北市板橋區四川路二段245巷125號", "tel" : "(02)89673536", "data_time" : "2026-05-03T08:22:28.480765+08:00"}}, {"type" : "Feature", "geometry" : {"type" : "Point", "coordinates" : [121.462358991365,25.006594995505]}, "properties" : {"id" : 732, "name" : "社團法人中華民國愛與希望協會", "district" : "板橋區", "zip_code" : 65000010, "address" : "新北市板橋區重慶路89巷9弄2號(後埔市民活動中心)", "tel" : "(02)29511040", "data_time" : "2026-05-03T08:22:28.480765+08:00"}}, {"type" : "Feature", "geometry" : {"type" : "Point", "coordinates" : [121.459123995835,24.992245009631]}, "properties" : {"id" : 733, "name" : "社團法人玉山菊元協會(板橋新民站)", "district" : "板橋區", "zip_code" : 65000010, "address" : "新北市板橋區信義路179之1號", "tel" : "(02)22542673", "data_time" : "2026-05-03T08:22:28.480765+08:00"}}, {"type" : "Feature", "geometry" : {"type" : "Point", "coordinates" : [121.465769001034,25.016796987046]}, "properties" : {"id" : 734, "name" : "財團法人中華民國佛教慈濟慈善事業基金會(板橋靜思堂)", "district" : "板橋區", "zip_code" : 65000010, "address" : "新北市板橋區漢生東路45號", "tel" : "(02)82281628", "data_time" : "2026-05-03T08:22:28.480765+08:00"}}, {"type" : "Feature", "geometry" : {"type" : "Point", "coordinates" : [121.46238103577,25.0074559846]}, "properties" : {"id" : 735, "name" : "財團法人台北市基督教台灣貴格會國光教會", "district" : "板橋區", "zip_code" : 65000010, "address" : "新北市板橋區後埔里館前東路96-3號", "tel" : "(02)29694665", "data_time" : "2026-05-03T08:22:28.480765+08:00"}}, {"type" : "Feature", "geometry" : {"type" : "Point", "coordinates" : [121.450853907247,24.994428914503]}, "properties" : {"id" : 736, "name" : "財團法人新北市基督教仁愛浸信會", "district" : "板橋區", "zip_code" : 65000010, "address" : "新北市板橋區四川路二段98~100號", "tel" : "(02)29550629", "data_time" : "2026-05-03T08:22:28.480765+08:00"}}, {"type" : "Feature", "geometry" : {"type" : "Point", "coordinates" : [121.470775930896,25.01903009369]}, "properties" : {"id" : 737, "name" : "財團法人新北市自強基督教板橋浸禮聖經會", "district" : "板橋區", "zip_code" : 65000010, "address" : "新北市板橋區民生路二段臨89之5號(百壽介壽市民活動中心)", "tel" : "(02)29654997", "data_time" : "2026-05-03T08:22:28.480765+08:00"}}, {"type" : "Feature", "geometry" : {"type" : "Point", "coordinates" : [121.434895015059,25.061662381078]}, "properties" : {"id" : 738, "name" : "新北市林口區下福里辦公處", "district" : "林口區", "zip_code" : 65000170, "address" : "新北市林口區楓江路26巷26號2樓(楓樹福泰市民活動中心)", "tel" : null, "data_time" : "2026-05-03T08:22:28.480765+08:00"}}, {"type" : "Feature", "geometry" : {"type" : "Point", "coordinates" : [121.434895015059,25.061662381078]}, "properties" : {"id" : 739, "name" : "新北市林口區中菁社區發展協會", "district" : "林口區", "zip_code" : 65000170, "address" : "新北市林口區楓江路26巷26號2樓(楓樹福泰市民活動中心)", "tel" : null, "data_time" : "2026-05-03T08:22:28.480765+08:00"}}, {"type" : "Feature", "geometry" : {"type" : "Point", "coordinates" : [121.3888989,25.0770583]}, "properties" : {"id" : 740, "name" : "新北市林口區南勢里辦公處", "district" : "林口區", "zip_code" : 65000170, "address" : "新北市林口區林口區麗園ㄧ街35號2樓", "tel" : "(02)26090168", "data_time" : "2026-05-03T08:22:28.480765+08:00"}}, {"type" : "Feature", "geometry" : {"type" : "Point", "coordinates" : [121.359268,25.110889]}, "properties" : {"id" : 741, "name" : "新北市林口區嘉寶里辦公處", "district" : "林口區", "zip_code" : 65000170, "address" : "新北市林口區瑞樹坑52號之2", "tel" : "(02)26051251", "data_time" : "2026-05-03T08:22:28.480765+08:00"}}, {"type" : "Feature", "geometry" : {"type" : "Point", "coordinates" : [121.38972720196,25.082462702451]}, "properties" : {"id" : 742, "name" : "新北市林口區嘉瑞社區發展協會", "district" : "林口區", "zip_code" : 65000170, "address" : "新北市林口區竹林路323號", "tel" : null, "data_time" : "2026-05-03T08:22:28.480765+08:00"}}, {"type" : "Feature", "geometry" : {"type" : "Point", "coordinates" : [121.372020934416,25.070603985838]}, "properties" : {"id" : 743, "name" : "新北市林口區太平社區發展協會", "district" : "林口區", "zip_code" : 65000170, "address" : "新北市林口區文化一路一段93號1樓之2", "tel" : null, "data_time" : "2026-05-03T08:22:28.480765+08:00"}}, {"type" : "Feature", "geometry" : {"type" : "Point", "coordinates" : [121.388250813535,25.078648098315]}, "properties" : {"id" : 744, "name" : "新北市林口區東南社區發展協會", "district" : "林口區", "zip_code" : 65000170, "address" : "新北市林口區竹林路80-1號(西林市民活動中心)", "tel" : "(02)26095928", "data_time" : "2026-05-03T08:22:28.480765+08:00"}}, {"type" : "Feature", "geometry" : {"type" : "Point", "coordinates" : [121.38900610683,25.077762717883]}, "properties" : {"id" : 745, "name" : "新北市林口區東林社區發展協會", "district" : "林口區", "zip_code" : 65000170, "address" : "新北市林口區中正路280號", "tel" : "(02)26012221", "data_time" : "2026-05-03T08:22:28.480765+08:00"}}, {"type" : "Feature", "geometry" : {"type" : "Point", "coordinates" : [121.398445973824,25.07734399991]}, "properties" : {"id" : 746, "name" : "新北市林口區林口里辦公處", "district" : "林口區", "zip_code" : 65000170, "address" : "新北市林口區自強三街33號", "tel" : null, "data_time" : "2026-05-03T08:22:28.480765+08:00"}}, {"type" : "Feature", "geometry" : {"type" : "Point", "coordinates" : [121.359019093848,25.073834916145]}, "properties" : {"id" : 747, "name" : "新北市林口區湖北社區發展協會", "district" : "林口區", "zip_code" : 65000170, "address" : "新北市林口區南勢二街154號", "tel" : null, "data_time" : "2026-05-03T08:22:28.480765+08:00"}}, {"type" : "Feature", "geometry" : {"type" : "Point", "coordinates" : [121.3888989,25.0770583]}, "properties" : {"id" : 748, "name" : "新北市林口區湖南社區發展協會", "district" : "林口區", "zip_code" : 65000170, "address" : "新北市林口區頂福里5鄰20之16號", "tel" : "(02)26030595", "data_time" : "2026-05-03T08:22:28.480765+08:00"}}, {"type" : "Feature", "geometry" : {"type" : "Point", "coordinates" : [121.3766477,25.0843812]}, "properties" : {"id" : 749, "name" : "新北市林口區瑞平里辦公處", "district" : "林口區", "zip_code" : 65000170, "address" : "新北市林口區頭湖73號", "tel" : null, "data_time" : "2026-05-03T08:22:28.480765+08:00"}}, {"type" : "Feature", "geometry" : {"type" : "Point", "coordinates" : [121.359682,25.131323]}, "properties" : {"id" : 750, "name" : "新北市林口區西林里辦公處", "district" : "林口區", "zip_code" : 65000170, "address" : "新北市林口區汕頭32號(太平市民活動中心)", "tel" : null, "data_time" : "2026-05-03T08:22:28.480765+08:00"}}, {"type" : "Feature", "geometry" : {"type" : "Point", "coordinates" : [121.393978000336,25.077353010456]}, "properties" : {"id" : 751, "name" : "新北市林口區頂福里辦公處", "district" : "林口區", "zip_code" : 65000170, "address" : "新北市林口區中正路100號3樓(林口市民活動中心)", "tel" : null, "data_time" : "2026-05-03T08:22:28.480765+08:00"}}, {"type" : "Feature", "geometry" : {"type" : "Point", "coordinates" : [121.3888989,25.0770583]}, "properties" : {"id" : 752, "name" : "新北市林口區麗園里辦公室", "district" : "林口區", "zip_code" : 65000170, "address" : "新北市林口區嘉溪雅坑27號", "tel" : null, "data_time" : "2026-05-03T08:22:28.480765+08:00"}}, {"type" : "Feature", "geometry" : {"type" : "Point", "coordinates" : [121.3888989,25.0770583]}, "properties" : {"id" : 753, "name" : "新北市林口區麗林里辦公處", "district" : "林口區", "zip_code" : 65000170, "address" : "新北市林口區嘉溪雅坑22號", "tel" : null, "data_time" : "2026-05-03T08:22:28.480765+08:00"}}, {"type" : "Feature", "geometry" : {"type" : "Point", "coordinates" : [121.387459,25.098184]}, "properties" : {"id" : 754, "name" : "竹林山觀音寺鶴齡交誼中心", "district" : "林口區", "zip_code" : 65000170, "address" : "新北市林口區後湖17之6號(湖北市民活動中心)", "tel" : "(02)26015304", "data_time" : "2026-05-03T08:22:28.480765+08:00"}}, {"type" : "Feature", "geometry" : {"type" : "Point", "coordinates" : [121.3888989,25.0770583]}, "properties" : {"id" : 755, "name" : "財團法人新北市基督教林口靈糧堂", "district" : "林口區", "zip_code" : 65000170, "address" : "新北市林口區下福139-13號(下福市民活動中心)", "tel" : "(02)26097836", "data_time" : "2026-05-03T08:22:28.480765+08:00"}}, {"type" : "Feature", "geometry" : {"type" : "Point", "coordinates" : [121.378884,25.095944]}, "properties" : {"id" : 756, "name" : "財團法人新北市大樹社會福利基金會(新北市林口仁愛公共托老中心)", "district" : "林口區", "zip_code" : 65000170, "address" : "新北市林口區菁埔23號", "tel" : "(02)26068117", "data_time" : "2026-05-03T08:22:28.480765+08:00"}}, {"type" : "Feature", "geometry" : {"type" : "Point", "coordinates" : [121.373909628659,25.071966506109]}, "properties" : {"id" : 757, "name" : "財團法人華山社會褔利慈善基金會", "district" : "林口區", "zip_code" : 65000170, "address" : "新北市林口區文化一路一段137號1樓", "tel" : "(02)26020469", "data_time" : "2026-05-03T08:22:28.480765+08:00"}}, {"type" : "Feature", "geometry" : {"type" : "Point", "coordinates" : [121.404342977984,25.016610992614]}, "properties" : {"id" : 758, "name" : "全球台北人公寓大廈管理委員會", "district" : "樹林區", "zip_code" : 65000070, "address" : "新北市樹林區福興街17號(三多市民活動中心)", "tel" : "(02)86863764", "data_time" : "2026-05-03T08:22:28.480765+08:00"}}, {"type" : "Feature", "geometry" : {"type" : "Point", "coordinates" : [121.427889001289,24.962758019084]}, "properties" : {"id" : 759, "name" : "新北市全民愛心推廣協會", "district" : "樹林區", "zip_code" : 65000070, "address" : "新北市樹林區永平街37巷6號", "tel" : "(02)86862807", "data_time" : "2026-05-03T08:22:28.480765+08:00"}}, {"type" : "Feature", "geometry" : {"type" : "Point", "coordinates" : [121.418428011899,24.996100014539]}, "properties" : {"id" : 760, "name" : "新北市快樂銀髮族協會", "district" : "樹林區", "zip_code" : 65000070, "address" : "新北市樹林區保安街一段289巷8號2樓(潭底市民活動中心)", "tel" : "(02)22583550", "data_time" : "2026-05-03T08:22:28.480765+08:00"}}, {"type" : "Feature", "geometry" : {"type" : "Point", "coordinates" : [121.419675993463,24.987394988997]}, "properties" : {"id" : 761, "name" : "新北市文化發展協會", "district" : "樹林區", "zip_code" : 65000070, "address" : "新北市樹林區文化街15號2樓(文化市民活動中心)", "tel" : "(02)26832356", "data_time" : "2026-05-03T08:22:28.480765+08:00"}}, {"type" : "Feature", "geometry" : {"type" : "Point", "coordinates" : [121.404342977984,25.016610992614]}, "properties" : {"id" : 762, "name" : "新北市樹林區三龍里辦公處", "district" : "樹林區", "zip_code" : 65000070, "address" : "新北市樹林區福興街17號(三多市民活動中心)", "tel" : "(02)86883570", "data_time" : "2026-05-03T08:22:28.480765+08:00"}}, {"type" : "Feature", "geometry" : {"type" : "Point", "coordinates" : [121.413831460017,24.986649712076]}, "properties" : {"id" : 763, "name" : "新北市樹林區保安里辦公處", "district" : "樹林區", "zip_code" : 65000070, "address" : "新北市樹林區備內街10號之1(樹林玉明宮)", "tel" : "(02)26821723", "data_time" : "2026-05-03T08:22:28.480765+08:00"}}, {"type" : "Feature", "geometry" : {"type" : "Point", "coordinates" : [121.416087700713,24.979967616955]}, "properties" : {"id" : 764, "name" : "新北市樹林區北園里辦公處", "district" : "樹林區", "zip_code" : 65000070, "address" : "新北市樹林區中華路323號", "tel" : null, "data_time" : "2026-05-03T08:22:28.480765+08:00"}}, {"type" : "Feature", "geometry" : {"type" : "Point", "coordinates" : [121.400259230938,24.974002216465]}, "properties" : {"id" : 765, "name" : "新北市樹林區南園社區發展協會", "district" : "樹林區", "zip_code" : 65000070, "address" : "新北市樹林區新興街3-3號1樓(山佳市民活動中心)", "tel" : null, "data_time" : "2026-05-03T08:22:28.480765+08:00"}}, {"type" : "Feature", "geometry" : {"type" : "Point", "coordinates" : [121.38626103354,24.950785015221]}, "properties" : {"id" : 766, "name" : "新北市樹林區南園里辦公處", "district" : "樹林區", "zip_code" : 65000070, "address" : "新北市樹林區佳園路三段128號(柑園市民活動中心)", "tel" : "(02)89700036", "data_time" : "2026-05-03T08:22:28.480765+08:00"}}, {"type" : "Feature", "geometry" : {"type" : "Point", "coordinates" : [121.402780004499,24.960401991829]}, "properties" : {"id" : 767, "name" : "新北市樹林區南園里辦公處", "district" : "樹林區", "zip_code" : 65000070, "address" : "新北市樹林區柑園街一段60號4樓(東園市民活動中心)", "tel" : "(02)89700036", "data_time" : "2026-05-03T08:22:28.480765+08:00"}}, {"type" : "Feature", "geometry" : {"type" : "Point", "coordinates" : [121.404342977984,25.016610992614]}, "properties" : {"id" : 768, "name" : "新北市樹林區南園里辦公處", "district" : "樹林區", "zip_code" : 65000070, "address" : "新北市樹林區福興街17號(三多市民活動中心)", "tel" : "(02)89700036", "data_time" : "2026-05-03T08:22:28.480765+08:00"}}, {"type" : "Feature", "geometry" : {"type" : "Point", "coordinates" : [121.41679697736,24.983733019318]}, "properties" : {"id" : 769, "name" : "新北市樹林區原住民族發展協進會(新北市樹林原動力公共托老中心)", "district" : "樹林區", "zip_code" : 65000070, "address" : "新北市樹林區鎮前街347巷1弄4號", "tel" : "(02)35016895", "data_time" : "2026-05-03T08:22:28.480765+08:00"}}, {"type" : "Feature", "geometry" : {"type" : "Point", "coordinates" : [121.42337098784,25.014100989799]}, "properties" : {"id" : 770, "name" : "新北市樹林區和平里辦公處", "district" : "樹林區", "zip_code" : 65000070, "address" : "新北市樹林區圳生里三俊街287號", "tel" : null, "data_time" : "2026-05-03T08:22:28.480765+08:00"}}, {"type" : "Feature", "geometry" : {"type" : "Point", "coordinates" : [121.402780004499,24.960401991829]}, "properties" : {"id" : 771, "name" : "新北市樹林區圳安里辦公處", "district" : "樹林區", "zip_code" : 65000070, "address" : "新北市樹林區柑園街1段60號4樓(東園市民活動中心)", "tel" : null, "data_time" : "2026-05-03T08:22:28.480765+08:00"}}, {"type" : "Feature", "geometry" : {"type" : "Point", "coordinates" : [121.412604014116,24.982187983106]}, "properties" : {"id" : 772, "name" : "新北市樹林區圳民里辦公處", "district" : "樹林區", "zip_code" : 65000070, "address" : "新北市樹林區鎮前街467號(東陽市民活動中心)", "tel" : "(02)26885555", "data_time" : "2026-05-03T08:22:28.480765+08:00"}}, {"type" : "Feature", "geometry" : {"type" : "Point", "coordinates" : [121.424248573102,24.999205300118]}, "properties" : {"id" : 773, "name" : "新北市樹林區圳生里辦公處", "district" : "樹林區", "zip_code" : 65000070, "address" : "新北市樹林區潭興街107巷21弄6號", "tel" : null, "data_time" : "2026-05-03T08:22:28.480765+08:00"}}, {"type" : "Feature", "geometry" : {"type" : "Point", "coordinates" : [121.394597003886,24.972683994552]}, "properties" : {"id" : 774, "name" : "新北市樹林區圳福里辦公處", "district" : "樹林區", "zip_code" : 65000070, "address" : "新北市樹林區中山路三段40號3樓", "tel" : "(02)26830921", "data_time" : "2026-05-03T08:22:28.480765+08:00"}}, {"type" : "Feature", "geometry" : {"type" : "Point", "coordinates" : [121.394597003886,24.972683994552]}, "properties" : {"id" : 775, "name" : "新北市樹林區坡內里辦公處", "district" : "樹林區", "zip_code" : 65000070, "address" : "新北市樹林區中山路三段40號2樓(中山市民活動中心)", "tel" : "(02)26867040", "data_time" : "2026-05-03T08:22:28.480765+08:00"}}, {"type" : "Feature", "geometry" : {"type" : "Point", "coordinates" : [121.415187987227,24.984061296556]}, "properties" : {"id" : 776, "name" : "新北市樹林區山佳社區發展協會", "district" : "樹林區", "zip_code" : 65000070, "address" : "新北市樹林區中山路二段80號2樓(東昇市民活動中心)", "tel" : null, "data_time" : "2026-05-03T08:22:28.480765+08:00"}}, {"type" : "Feature", "geometry" : {"type" : "Point", "coordinates" : [121.404342977984,25.016610992614]}, "properties" : {"id" : 777, "name" : "新北市樹林區山佳社區發展協會", "district" : "樹林區", "zip_code" : 65000070, "address" : "新北市樹林區福興街17號(三多市民活動中心)", "tel" : null, "data_time" : "2026-05-03T08:22:28.480765+08:00"}}, {"type" : "Feature", "geometry" : {"type" : "Point", "coordinates" : [121.527376995202,24.995841013731]}, "properties" : {"id" : 778, "name" : "新北市樹林區山佳里辦公處", "district" : "樹林區", "zip_code" : 65000070, "address" : "新北市樹林區成功路2段201巷8弄7號1樓", "tel" : null, "data_time" : "2026-05-03T08:22:28.480765+08:00"}}, {"type" : "Feature", "geometry" : {"type" : "Point", "coordinates" : [121.413380010712,25.019119989601]}, "properties" : {"id" : 779, "name" : "新北市樹林區彭厝社區發展協會", "district" : "樹林區", "zip_code" : 65000070, "address" : "新北市樹林區三龍街21號", "tel" : "(02)86883570", "data_time" : "2026-05-03T08:22:28.480765+08:00"}}, {"type" : "Feature", "geometry" : {"type" : "Point", "coordinates" : [121.391060762755,24.949654380302]}, "properties" : {"id" : 780, "name" : "新北市樹林區彭厝社區發展協會", "district" : "樹林區", "zip_code" : 65000070, "address" : "新北市樹林區佳園路三段101巷38弄23號", "tel" : "(02)86858103", "data_time" : "2026-05-03T08:22:28.480765+08:00"}}, {"type" : "Feature", "geometry" : {"type" : "Point", "coordinates" : [121.428950569327,24.994785396845]}, "properties" : {"id" : 781, "name" : "新北市樹林區彭厝里辦公處", "district" : "樹林區", "zip_code" : 65000070, "address" : "新北市樹林區保順街88號(保安市民活動中心)", "tel" : "(02)86869288", "data_time" : "2026-05-03T08:22:28.480765+08:00"}}, {"type" : "Feature", "geometry" : {"type" : "Point", "coordinates" : [121.422029380417,24.981630293178]}, "properties" : {"id" : 782, "name" : "新北市樹林區彭興里辦公處", "district" : "樹林區", "zip_code" : 65000070, "address" : "新北市樹林區仁愛街12巷10號", "tel" : null, "data_time" : "2026-05-03T08:22:28.480765+08:00"}}, {"type" : "Feature", "geometry" : {"type" : "Point", "coordinates" : [121.394597003886,24.972683994552]}, "properties" : {"id" : 783, "name" : "新北市樹林區文林里辦公處", "district" : "樹林區", "zip_code" : 65000070, "address" : "新北市樹林區中山路三段40號2樓(中山市民活動中心)", "tel" : null, "data_time" : "2026-05-03T08:22:28.480765+08:00"}}, {"type" : "Feature", "geometry" : {"type" : "Point", "coordinates" : [121.427559005761,24.999087995383]}, "properties" : {"id" : 784, "name" : "新北市樹林區東園里辦公處", "district" : "樹林區", "zip_code" : 65000070, "address" : "新北市樹林區中正路21-1號", "tel" : "(02)26687343", "data_time" : "2026-05-03T08:22:28.480765+08:00"}}, {"type" : "Feature", "geometry" : {"type" : "Point", "coordinates" : [121.423933243267,25.012858392093]}, "properties" : {"id" : 785, "name" : "新北市樹林區東山里辦公處", "district" : "樹林區", "zip_code" : 65000070, "address" : "新北市樹林區俊英街219-3號(圳安松鶴會館)", "tel" : "(02)26807777", "data_time" : "2026-05-03T08:22:28.480765+08:00"}}, {"type" : "Feature", "geometry" : {"type" : "Point", "coordinates" : [121.538129971148,24.956770993283]}, "properties" : {"id" : 786, "name" : "新北市樹林區東昇里辦公處", "district" : "樹林區", "zip_code" : 65000070, "address" : "新北市樹林區北宜路一段39巷32號(文中廣明市民活動中心)", "tel" : "(02)86856377", "data_time" : "2026-05-03T08:22:28.480765+08:00"}}, {"type" : "Feature", "geometry" : {"type" : "Point", "coordinates" : [121.422176985732,24.979881995814]}, "properties" : {"id" : 787, "name" : "新北市樹林區樂山社區發展協會", "district" : "樹林區", "zip_code" : 65000070, "address" : "新北市樹林區彭福里國凱街65號4樓(彭厝市民活動中心)", "tel" : "(02)26803491", "data_time" : "2026-05-03T08:22:28.480765+08:00"}}, {"type" : "Feature", "geometry" : {"type" : "Point", "coordinates" : [121.413125033217,25.005276019222]}, "properties" : {"id" : 788, "name" : "新北市樹林區樹人里辦公處", "district" : "樹林區", "zip_code" : 65000070, "address" : "新北市樹林區保安街二段172號(獇寮市民活動中心)", "tel" : "(02)86753127", "data_time" : "2026-05-03T08:22:28.480765+08:00"}}, {"type" : "Feature", "geometry" : {"type" : "Point", "coordinates" : [121.419108732934,24.989784742497]}, "properties" : {"id" : 789, "name" : "新北市樹林區樹德里辦公處", "district" : "樹林區", "zip_code" : 65000070, "address" : "新北市樹林區復興路222號(樹西市民活動中心)", "tel" : "(02)26833968", "data_time" : "2026-05-03T08:22:28.480765+08:00"}}, {"type" : "Feature", "geometry" : {"type" : "Point", "coordinates" : [121.421537027425,24.97908500255]}, "properties" : {"id" : 790, "name" : "新北市樹林區樹福里辦公處", "district" : "樹林區", "zip_code" : 65000070, "address" : "新北市樹林區八德街231號", "tel" : null, "data_time" : "2026-05-03T08:22:28.480765+08:00"}}, {"type" : "Feature", "geometry" : {"type" : "Point", "coordinates" : [121.412604014116,24.982187983106]}, "properties" : {"id" : 791, "name" : "新北市樹林區樹興里辦公處", "district" : "樹林區", "zip_code" : 65000070, "address" : "新北市樹林區鎮前街467號(東陽市民活動中心)", "tel" : null, "data_time" : "2026-05-03T08:22:28.480765+08:00"}}, {"type" : "Feature", "geometry" : {"type" : "Point", "coordinates" : [121.417772211795,24.981322090598]}, "properties" : {"id" : 792, "name" : "新北市樹林區潭底里辦公處", "district" : "樹林區", "zip_code" : 65000070, "address" : "新北市樹林區太平路56巷43號2樓(大同市民活動中心)", "tel" : "(02)26819883", "data_time" : "2026-05-03T08:22:28.480765+08:00"}}, {"type" : "Feature", "geometry" : {"type" : "Point", "coordinates" : [121.38626103354,24.950785015221]}, "properties" : {"id" : 793, "name" : "新北市樹林區獇寮里辦公處 ", "district" : "樹林區", "zip_code" : 65000070, "address" : "新北市樹林區佳園路三段128號(柑園市民活動中心)", "tel" : "(02)26761194", "data_time" : "2026-05-03T08:22:28.480765+08:00"}}, {"type" : "Feature", "geometry" : {"type" : "Point", "coordinates" : [121.416857829977,24.98740768758]}, "properties" : {"id" : 794, "name" : "新北市樹林區育英里辦公處", "district" : "樹林區", "zip_code" : 65000070, "address" : "新北市樹林區復興路308巷2弄6號", "tel" : "(02)26832813", "data_time" : "2026-05-03T08:22:28.480765+08:00"}}, {"type" : "Feature", "geometry" : {"type" : "Point", "coordinates" : [121.425058013492,25.010041005448]}, "properties" : {"id" : 795, "name" : "新北市樹林區金寮里辦公處", "district" : "樹林區", "zip_code" : 65000070, "address" : "新北市樹林區俊英街222號", "tel" : null, "data_time" : "2026-05-03T08:22:28.480765+08:00"}}, {"type" : "Feature", "geometry" : {"type" : "Point", "coordinates" : [121.38626103354,24.950785015221]}, "properties" : {"id" : 796, "name" : "新北市畫眉鳥晚香玉協會", "district" : "樹林區", "zip_code" : 65000070, "address" : "新北市樹林區佳園路三段128號(柑園市民活動中心)", "tel" : "(02)26822426", "data_time" : "2026-05-03T08:22:28.480765+08:00"}}, {"type" : "Feature", "geometry" : {"type" : "Point", "coordinates" : [121.415906986881,25.000178019982]}, "properties" : {"id" : 797, "name" : "新北市畫眉鳥晚香玉協會", "district" : "樹林區", "zip_code" : 65000070, "address" : "新北市樹林區保安街2段49號", "tel" : "(02)26822426", "data_time" : "2026-05-03T08:22:28.480765+08:00"}}, {"type" : "Feature", "geometry" : {"type" : "Point", "coordinates" : [121.542371968526,24.968144188155]}, "properties" : {"id" : 798, "name" : "新北市畫眉鳥晚香玉協會", "district" : "樹林區", "zip_code" : 65000070, "address" : "新北市樹林區北新路1段92號2樓(馬公多功能集會中心)", "tel" : "(02)26822426", "data_time" : "2026-05-03T08:22:28.480765+08:00"}}, {"type" : "Feature", "geometry" : {"type" : "Point", "coordinates" : [121.38985787583,24.973637016943]}, "properties" : {"id" : 799, "name" : "樹林耶穌聖心堂", "district" : "樹林區", "zip_code" : 65000070, "address" : "新北市樹林區中和街38號3樓(樂山市民活動中心)", "tel" : "(02)26811083", "data_time" : "2026-05-03T08:22:28.480765+08:00"}}, {"type" : "Feature", "geometry" : {"type" : "Point", "coordinates" : [121.412604014116,24.982187983106]}, "properties" : {"id" : 800, "name" : "江山萬里公寓大廈管理委員會", "district" : "樹林區", "zip_code" : 65000070, "address" : "新北市樹林區鎮前街467號(東陽市民活動中心)", "tel" : "(02)26870916", "data_time" : "2026-05-03T08:22:28.480765+08:00"}}, {"type" : "Feature", "geometry" : {"type" : "Point", "coordinates" : [121.422234988502,24.989637986286]}, "properties" : {"id" : 801, "name" : "社團法人中華慈雲慈善利生推廣協會", "district" : "樹林區", "zip_code" : 65000070, "address" : "新北市樹林區中山路一段154號", "tel" : "(02)86845058", "data_time" : "2026-05-03T08:22:28.480765+08:00"}}, {"type" : "Feature", "geometry" : {"type" : "Point", "coordinates" : [121.417205092226,24.986238579725]}, "properties" : {"id" : 802, "name" : "社團法人中華民國紳士協會", "district" : "樹林區", "zip_code" : 65000070, "address" : "新北市樹林區備前街36巷3號3樓(中正體育活動中心)", "tel" : null, "data_time" : "2026-05-03T08:22:28.480765+08:00"}}, {"type" : "Feature", "geometry" : {"type" : "Point", "coordinates" : [121.419835417261,24.980724879997]}, "properties" : {"id" : 803, "name" : "社團法人中華民國紳士協會", "district" : "樹林區", "zip_code" : 65000070, "address" : "新北市樹林區太平路127巷14號1樓", "tel" : null, "data_time" : "2026-05-03T08:22:28.480765+08:00"}}, {"type" : "Feature", "geometry" : {"type" : "Point", "coordinates" : [121.417772211795,24.981322090598]}, "properties" : {"id" : 804, "name" : "社團法人中華民國紳士協會", "district" : "樹林區", "zip_code" : 65000070, "address" : "新北市樹林區太平路56巷43號2樓(大同市民活動中心)", "tel" : null, "data_time" : "2026-05-03T08:22:28.480765+08:00"}}, {"type" : "Feature", "geometry" : {"type" : "Point", "coordinates" : [121.419488993203,24.993260016196]}, "properties" : {"id" : 805, "name" : "社團法人中華民國紳士協會", "district" : "樹林區", "zip_code" : 65000070, "address" : "新北市樹林區樹德街136巷13弄2號2樓", "tel" : null, "data_time" : "2026-05-03T08:22:28.480765+08:00"}}, {"type" : "Feature", "geometry" : {"type" : "Point", "coordinates" : [121.424086970009,24.992801987097]}, "properties" : {"id" : 806, "name" : "社團法人新北市陽春麵里長銀髮婦幼發展協會", "district" : "樹林區", "zip_code" : 65000070, "address" : "新北市樹林區中山路1段16號1樓(三芝區埔頭里市民活動中心)", "tel" : null, "data_time" : "2026-05-03T08:22:28.480765+08:00"}}, {"type" : "Feature", "geometry" : {"type" : "Point", "coordinates" : [121.513077971299,25.007843982898]}, "properties" : {"id" : 807, "name" : "中華保福西王母協會", "district" : "永和區", "zip_code" : 65000040, "address" : "新北市永和區保平路2號", "tel" : "(02)29298555", "data_time" : "2026-05-03T08:22:28.480765+08:00"}}, {"type" : "Feature", "geometry" : {"type" : "Point", "coordinates" : [121.519446960427,25.005900010004]}, "properties" : {"id" : 808, "name" : "中華民國基督教生命樹全人關懷協會", "district" : "永和區", "zip_code" : 65000040, "address" : "新北市永和區永亨路9號", "tel" : null, "data_time" : "2026-05-03T08:22:28.480765+08:00"}}, {"type" : "Feature", "geometry" : {"type" : "Point", "coordinates" : [121.516420003733,25.006007004998]}, "properties" : {"id" : 809, "name" : "台灣基督長老教會永和教會", "district" : "永和區", "zip_code" : 65000040, "address" : "新北市永和區中正路465巷18號1樓、2樓", "tel" : "(02)29216289", "data_time" : "2026-05-03T08:22:28.480765+08:00"}}, {"type" : "Feature", "geometry" : {"type" : "Point", "coordinates" : [121.520576086603,25.0087353983]}, "properties" : {"id" : 810, "name" : "台灣基督長老教會秀朗教會", "district" : "永和區", "zip_code" : 65000040, "address" : "新北市永和區竹林路202號", "tel" : "(02)29270194", "data_time" : "2026-05-03T08:22:28.480765+08:00"}}, {"type" : "Feature", "geometry" : {"type" : "Point", "coordinates" : [121.515577873921,25.00873971498]}, "properties" : {"id" : 811, "name" : "台灣基督長老教會雙和教會", "district" : "永和區", "zip_code" : 65000040, "address" : "新北市永和區大新街45巷1-1號(大新光明市民活動中心)", "tel" : "(02)29210855", "data_time" : "2026-05-03T08:22:28.480765+08:00"}}, {"type" : "Feature", "geometry" : {"type" : "Point", "coordinates" : [121.513077971299,25.007843982898]}, "properties" : {"id" : 812, "name" : "新北市健康關懷協會", "district" : "永和區", "zip_code" : 65000040, "address" : "新北市永和區保平路2號", "tel" : "(02)89213056", "data_time" : "2026-05-03T08:22:28.480765+08:00"}}, {"type" : "Feature", "geometry" : {"type" : "Point", "coordinates" : [121.516245576328,25.014283002827]}, "properties" : {"id" : 813, "name" : "新北市永和中興公共托老中心", "district" : "永和區", "zip_code" : 65000040, "address" : "新北市永和區勵行街15號", "tel" : "(02)89218765", "data_time" : "2026-05-03T08:22:28.480765+08:00"}}, {"type" : "Feature", "geometry" : {"type" : "Point", "coordinates" : [121.521855667942,25.00812079525]}, "properties" : {"id" : 814, "name" : "新北市永和區上林里辦公處", "district" : "永和區", "zip_code" : 65000040, "address" : "新北市永和區福和路122號1樓", "tel" : "(02)89269859", "data_time" : "2026-05-03T08:22:28.480765+08:00"}}, {"type" : "Feature", "geometry" : {"type" : "Point", "coordinates" : [122.002462093719,25.012648615526]}, "properties" : {"id" : 815, "name" : "新北市永和區上溪里辦公處", "district" : "永和區", "zip_code" : 65000040, "address" : "新北市永和區馬崗街31-6號", "tel" : null, "data_time" : "2026-05-03T08:22:28.480765+08:00"}}, {"type" : "Feature", "geometry" : {"type" : "Point", "coordinates" : [121.508097025337,25.000596989412]}, "properties" : {"id" : 816, "name" : "新北市永和區中溪里辦公處", "district" : "永和區", "zip_code" : 65000040, "address" : "新北市永和區中和路389巷5號", "tel" : "(02)29298555", "data_time" : "2026-05-03T08:22:28.480765+08:00"}}, {"type" : "Feature", "geometry" : {"type" : "Point", "coordinates" : [121.518367036021,25.008432015315]}, "properties" : {"id" : 817, "name" : "新北市永和區中溪里辦公處", "district" : "永和區", "zip_code" : 65000040, "address" : "新北市永和區中正路654巷58號1、2樓", "tel" : "(02)29298555", "data_time" : "2026-05-03T08:22:28.480765+08:00"}}, {"type" : "Feature", "geometry" : {"type" : "Point", "coordinates" : [121.516662995106,25.012256007182]}, "properties" : {"id" : 818, "name" : "新北市永和區中溪里辦公處", "district" : "永和區", "zip_code" : 65000040, "address" : "新北市永和區中興街65巷3號", "tel" : "(02)29298555", "data_time" : "2026-05-03T08:22:28.480765+08:00"}}, {"type" : "Feature", "geometry" : {"type" : "Point", "coordinates" : [121.516685961521,25.016764004257]}, "properties" : {"id" : 819, "name" : "新北市永和區中興社區發展協會", "district" : "永和區", "zip_code" : 65000040, "address" : "新北市永和區光復街2巷1號(主場地)\n新北市永和區光復街2巷2號(副場地)", "tel" : "(02)29205984", "data_time" : "2026-05-03T08:22:28.480765+08:00"}}, {"type" : "Feature", "geometry" : {"type" : "Point", "coordinates" : [121.5202721,25.0091739]}, "properties" : {"id" : 820, "name" : "新北市永和區中興里辦公處", "district" : "永和區", "zip_code" : 65000040, "address" : "新北市永和區李茂岸51號(福山市民活動中心)", "tel" : "(02)29205984", "data_time" : "2026-05-03T08:22:28.480765+08:00"}}, {"type" : "Feature", "geometry" : {"type" : "Point", "coordinates" : [121.507203598277,25.01103899675]}, "properties" : {"id" : 821, "name" : "新北市永和區仁愛里辦公處", "district" : "永和區", "zip_code" : 65000040, "address" : "新北市永和區仁愛路244-1號2樓(保安中溪市民活動中心 )", "tel" : "(02)29292637", "data_time" : "2026-05-03T08:22:28.480765+08:00"}}, {"type" : "Feature", "geometry" : {"type" : "Point", "coordinates" : [121.522649015078,25.006899007134]}, "properties" : {"id" : 822, "name" : "新北市永和區光復里辦公處", "district" : "永和區", "zip_code" : 65000040, "address" : "新北市永和區國中路150號1樓(新北市永和區永福里辦公處)", "tel" : "(02)29240210", "data_time" : "2026-05-03T08:22:28.480765+08:00"}}, {"type" : "Feature", "geometry" : {"type" : "Point", "coordinates" : [121.518108035213,25.011495014192]}, "properties" : {"id" : 823, "name" : "新北市永和區光復里辦公處", "district" : "永和區", "zip_code" : 65000040, "address" : "新北市永和區國光路116巷2號", "tel" : "(02)29240210", "data_time" : "2026-05-03T08:22:28.480765+08:00"}}, {"type" : "Feature", "geometry" : {"type" : "Point", "coordinates" : [121.517908965013,24.999591999221]}, "properties" : {"id" : 824, "name" : "新北市永和區光復里辦公處", "district" : "永和區", "zip_code" : 65000040, "address" : "新北市永和區得和路104巷14號", "tel" : "(02)29240210", "data_time" : "2026-05-03T08:22:28.480765+08:00"}}, {"type" : "Feature", "geometry" : {"type" : "Point", "coordinates" : [121.507536024557,25.000242979732]}, "properties" : {"id" : 825, "name" : "新北市永和區光明里辦公處", "district" : "永和區", "zip_code" : 65000040, "address" : "新北市永和區區中和路335巷14號  2.新北市永和區中和路335巷18弄1號", "tel" : "(02)29286288", "data_time" : "2026-05-03T08:22:28.480765+08:00"}}, {"type" : "Feature", "geometry" : {"type" : "Point", "coordinates" : [121.526440988074,24.998255001846]}, "properties" : {"id" : 826, "name" : "新北市永和區公所", "district" : "永和區", "zip_code" : 65000040, "address" : "新北市永和區成功路二段102巷2號", "tel" : "(02)29282828", "data_time" : "2026-05-03T08:22:28.480765+08:00"}}, {"type" : "Feature", "geometry" : {"type" : "Point", "coordinates" : [121.51830400411,25.01141299727]}, "properties" : {"id" : 827, "name" : "新北市永和區公所", "district" : "永和區", "zip_code" : 65000040, "address" : "新北市永和區竹林路124巷30號", "tel" : "(02)29282828", "data_time" : "2026-05-03T08:22:28.480765+08:00"}}, {"type" : "Feature", "geometry" : {"type" : "Point", "coordinates" : [121.509769969392,25.004859019539]}, "properties" : {"id" : 828, "name" : "新北市永和區和平社區發展協會", "district" : "永和區", "zip_code" : 65000040, "address" : "新北市永和區保平路177巷6弄2號(水源市民活動中心)", "tel" : null, "data_time" : "2026-05-03T08:22:28.480765+08:00"}}, {"type" : "Feature", "geometry" : {"type" : "Point", "coordinates" : [121.508679986703,25.006640006326]}, "properties" : {"id" : 829, "name" : "新北市永和區和平社區發展協會", "district" : "永和區", "zip_code" : 65000040, "address" : "新北市永和區保平路236巷12弄7號", "tel" : null, "data_time" : "2026-05-03T08:22:28.480765+08:00"}}, {"type" : "Feature", "geometry" : {"type" : "Point", "coordinates" : [121.526036980341,25.006603000223]}, "properties" : {"id" : 830, "name" : "新北市永和區和平社區發展協會", "district" : "永和區", "zip_code" : 65000040, "address" : "新北市永和區林森路10巷18弄6號(河濱第一市民活動中心)", "tel" : null, "data_time" : "2026-05-03T08:22:28.480765+08:00"}}, {"type" : "Feature", "geometry" : {"type" : "Point", "coordinates" : [121.515266989132,25.016861988705]}, "properties" : {"id" : 831, "name" : "新北市永和區和平里辦公處", "district" : "永和區", "zip_code" : 65000040, "address" : "新北市永和區忠孝街26巷8號6樓(忠孝市民活動中心)", "tel" : null, "data_time" : "2026-05-03T08:22:28.480765+08:00"}}, {"type" : "Feature", "geometry" : {"type" : "Point", "coordinates" : [121.519872006737,24.998041011858]}, "properties" : {"id" : 832, "name" : "新北市永和區大同社區發展協會", "district" : "永和區", "zip_code" : 65000040, "address" : "新北市永和區民權路60號4樓(民權市民活動中心)", "tel" : null, "data_time" : "2026-05-03T08:22:28.480765+08:00"}}, {"type" : "Feature", "geometry" : {"type" : "Point", "coordinates" : [121.488745725476,24.996510392519]}, "properties" : {"id" : 833, "name" : "新北市永和區大新里辦公處", "district" : "永和區", "zip_code" : 65000040, "address" : "新北市永和區連城路236號4樓", "tel" : "(02)29211945", "data_time" : "2026-05-03T08:22:28.480765+08:00"}}, {"type" : "Feature", "geometry" : {"type" : "Point", "coordinates" : [121.516685961521,25.016764004257]}, "properties" : {"id" : 834, "name" : "新北市永和區婦女會", "district" : "永和區", "zip_code" : 65000040, "address" : "新北市永和區光復街2巷1號(主場地)\n新北市永和區光復街2巷2號(副場地)", "tel" : "(02)29293725", "data_time" : "2026-05-03T08:22:28.480765+08:00"}}, {"type" : "Feature", "geometry" : {"type" : "Point", "coordinates" : [121.483820016255,25.00132001238]}, "properties" : {"id" : 835, "name" : "新北市永和區店街里辦公處", "district" : "永和區", "zip_code" : 65000040, "address" : "新北市永和區民樂路65號", "tel" : null, "data_time" : "2026-05-03T08:22:28.480765+08:00"}}, {"type" : "Feature", "geometry" : {"type" : "Point", "coordinates" : [121.518683033771,25.014295994776]}, "properties" : {"id" : 836, "name" : "新北市永和區得和社區發展協會", "district" : "永和區", "zip_code" : 65000040, "address" : "新北市永和區竹林路39巷6弄9號(上林市民活動中心)", "tel" : null, "data_time" : "2026-05-03T08:22:28.480765+08:00"}}, {"type" : "Feature", "geometry" : {"type" : "Point", "coordinates" : [121.521976032072,25.012914992409]}, "properties" : {"id" : 837, "name" : "新北市永和區得和社區發展協會", "district" : "永和區", "zip_code" : 65000040, "address" : "新北市永和區竹林路91巷60弄5號", "tel" : null, "data_time" : "2026-05-03T08:22:28.480765+08:00"}}, {"type" : "Feature", "geometry" : {"type" : "Point", "coordinates" : [121.520194961466,25.001896016766]}, "properties" : {"id" : 838, "name" : "新北市永和區忠孝社區發展協會", "district" : "永和區", "zip_code" : 65000040, "address" : "新北市永和區秀朗路2段24巷35號(得和市民活動中心)", "tel" : null, "data_time" : "2026-05-03T08:22:28.480765+08:00"}}, {"type" : "Feature", "geometry" : {"type" : "Point", "coordinates" : [121.523502963373,25.001580019017]}, "properties" : {"id" : 839, "name" : "新北市永和區忠孝社區發展協會", "district" : "永和區", "zip_code" : 65000040, "address" : "新北市永和區秀林里秀朗路2段94號1樓", "tel" : null, "data_time" : "2026-05-03T08:22:28.480765+08:00"}}, {"type" : "Feature", "geometry" : {"type" : "Point", "coordinates" : [121.507203598277,25.01103899675]}, "properties" : {"id" : 840, "name" : "新北市永和區新廍里辦公處", "district" : "永和區", "zip_code" : 65000040, "address" : "新北市永和區仁愛路244-1號2樓(保安中溪市民活動中心 )", "tel" : "(02)29236366", "data_time" : "2026-05-03T08:22:28.480765+08:00"}}, {"type" : "Feature", "geometry" : {"type" : "Point", "coordinates" : [121.520576086603,25.0087353983]}, "properties" : {"id" : 841, "name" : "新北市永和區桂林里辦公處", "district" : "永和區", "zip_code" : 65000040, "address" : "新北市永和區竹林路202號", "tel" : null, "data_time" : "2026-05-03T08:22:28.480765+08:00"}}, {"type" : "Feature", "geometry" : {"type" : "Point", "coordinates" : [121.516685961521,25.016764004257]}, "properties" : {"id" : 842, "name" : "新北市永和區正興里辦公處", "district" : "永和區", "zip_code" : 65000040, "address" : "新北市永和區光復街2巷1號(主場地)\n新北市永和區光復街2巷2號(副場地)", "tel" : null, "data_time" : "2026-05-03T08:22:28.480765+08:00"}}, {"type" : "Feature", "geometry" : {"type" : "Point", "coordinates" : [121.527136937495,25.005000799431]}, "properties" : {"id" : 843, "name" : "新北市永和區民富里辦公處", "district" : "永和區", "zip_code" : 65000040, "address" : "新北市永和區成功路1段20-1號(秀朗市民活動中心)", "tel" : "(02)86687369", "data_time" : "2026-05-03T08:22:28.480765+08:00"}}, {"type" : "Feature", "geometry" : {"type" : "Point", "coordinates" : [121.527136937495,25.005000799431]}, "properties" : {"id" : 844, "name" : "新北市永和區民富里辦公處", "district" : "永和區", "zip_code" : 65000040, "address" : "新北市永和區成功路一段20-1號(秀朗市民活動中心)", "tel" : "(02)86687369", "data_time" : "2026-05-03T08:22:28.480765+08:00"}}, {"type" : "Feature", "geometry" : {"type" : "Point", "coordinates" : [121.523876460979,24.97911530313]}, "properties" : {"id" : 845, "name" : "新北市永和區民本里辦公處", "district" : "永和區", "zip_code" : 65000040, "address" : "新北市永和區溪園路387號1F", "tel" : null, "data_time" : "2026-05-03T08:22:28.480765+08:00"}}, {"type" : "Feature", "geometry" : {"type" : "Point", "coordinates" : [121.514162002836,25.009330010512]}, "properties" : {"id" : 846, "name" : "新北市永和區民樂里辦公處", "district" : "永和區", "zip_code" : 65000040, "address" : "新北市永和區永和路一段153號", "tel" : "(02)22319635", "data_time" : "2026-05-03T08:22:28.480765+08:00"}}, {"type" : "Feature", "geometry" : {"type" : "Point", "coordinates" : [121.510414034832,25.016313979875]}, "properties" : {"id" : 847, "name" : "新北市永和區民權社區發展協會", "district" : "永和區", "zip_code" : 65000040, "address" : "新北市永和區文化路155號", "tel" : "(02)29433377", "data_time" : "2026-05-03T08:22:28.480765+08:00"}}, {"type" : "Feature", "geometry" : {"type" : "Point", "coordinates" : [121.512960037921,25.016570005108]}, "properties" : {"id" : 848, "name" : "新北市永和區民權社區發展協會", "district" : "永和區", "zip_code" : 65000040, "address" : "新北市永和區文化路90巷33號", "tel" : "(02)29433377", "data_time" : "2026-05-03T08:22:28.480765+08:00"}}, {"type" : "Feature", "geometry" : {"type" : "Point", "coordinates" : [121.512960037921,25.016570005108]}, "properties" : {"id" : 849, "name" : "新北市永和區民權社區發展協會", "district" : "永和區", "zip_code" : 65000040, "address" : "新北市永和區文化路90巷33號", "tel" : "(02)29433377", "data_time" : "2026-05-03T08:22:28.480765+08:00"}}, {"type" : "Feature", "geometry" : {"type" : "Point", "coordinates" : [121.510909992042,25.011805018881]}, "properties" : {"id" : 850, "name" : "新北市永和區民治里辦公處", "district" : "永和區", "zip_code" : 65000040, "address" : "新北市永和區保福路二段47號", "tel" : null, "data_time" : "2026-05-03T08:22:28.480765+08:00"}}, {"type" : "Feature", "geometry" : {"type" : "Point", "coordinates" : [121.515266989132,25.016861988705]}, "properties" : {"id" : 851, "name" : "新北市永和區水源社區發展協會", "district" : "永和區", "zip_code" : 65000040, "address" : "新北市永和區忠孝街26巷8號6樓(忠孝市民活動中心)", "tel" : "(02)89232312", "data_time" : "2026-05-03T08:22:28.480765+08:00"}}, {"type" : "Feature", "geometry" : {"type" : "Point", "coordinates" : [121.519872006737,24.998041011858]}, "properties" : {"id" : 852, "name" : "新北市永和區永安社區發展協會", "district" : "永和區", "zip_code" : 65000040, "address" : "新北市永和區民權路60號5樓", "tel" : null, "data_time" : "2026-05-03T08:22:28.480765+08:00"}}, {"type" : "Feature", "geometry" : {"type" : "Point", "coordinates" : [121.507203598277,25.01103899675]}, "properties" : {"id" : 853, "name" : "新北市永和區永安里辦公處", "district" : "永和區", "zip_code" : 65000040, "address" : "新北市永和區仁愛路244-1號2樓(保安中溪市民活動中心 )", "tel" : "(02)29273136", "data_time" : "2026-05-03T08:22:28.480765+08:00"}}, {"type" : "Feature", "geometry" : {"type" : "Point", "coordinates" : [121.926979745797,25.052588413978]}, "properties" : {"id" : 854, "name" : "新北市永和區永成里辦公處", "district" : "永和區", "zip_code" : 65000040, "address" : "新北市永和區仁義街8號1-2樓(仁里里第一市民活動中心)", "tel" : "(02)29240546", "data_time" : "2026-05-03T08:22:28.480765+08:00"}}, {"type" : "Feature", "geometry" : {"type" : "Point", "coordinates" : [121.505796025277,25.013840019244]}, "properties" : {"id" : 855, "name" : "新北市永和區永樂里辦公處", "district" : "永和區", "zip_code" : 65000040, "address" : "新北市永和區永平路368號(永平市民活動中心)", "tel" : null, "data_time" : "2026-05-03T08:22:28.480765+08:00"}}, {"type" : "Feature", "geometry" : {"type" : "Point", "coordinates" : [121.513077971299,25.007843982898]}, "properties" : {"id" : 856, "name" : "新北市永和區永福里辦公處", "district" : "永和區", "zip_code" : 65000040, "address" : "新北市永和區保平路2號", "tel" : null, "data_time" : "2026-05-03T08:22:28.480765+08:00"}}, {"type" : "Feature", "geometry" : {"type" : "Point", "coordinates" : [121.527989963781,25.002485013102]}, "properties" : {"id" : 857, "name" : "新北市永和區永興里辦公處", "district" : "永和區", "zip_code" : 65000040, "address" : "新北市永和區成功路一段93巷20弄10號", "tel" : "(02)29283248", "data_time" : "2026-05-03T08:22:28.480765+08:00"}}, {"type" : "Feature", "geometry" : {"type" : "Point", "coordinates" : [121.526440988074,24.998255001846]}, "properties" : {"id" : 858, "name" : "新北市永和區永興里辦公處", "district" : "永和區", "zip_code" : 65000040, "address" : "新北市永和區成功路二段102巷2號", "tel" : "(02)29283248", "data_time" : "2026-05-03T08:22:28.480765+08:00"}}, {"type" : "Feature", "geometry" : {"type" : "Point", "coordinates" : [121.520194961466,25.001896016766]}, "properties" : {"id" : 859, "name" : "新北市永和區河濱里辦公處", "district" : "永和區", "zip_code" : 65000040, "address" : "新北市永和區秀朗路2段24巷35號(得和市民活動中心)", "tel" : "(02)29252606", "data_time" : "2026-05-03T08:22:28.480765+08:00"}}, {"type" : "Feature", "geometry" : {"type" : "Point", "coordinates" : [121.513302019571,25.004292989617]}, "properties" : {"id" : 860, "name" : "新北市永和區潭墘社區發展協會", "district" : "永和區", "zip_code" : 65000040, "address" : "新北市永和區永和路1段18巷8號", "tel" : "(02)29413636", "data_time" : "2026-05-03T08:22:28.480765+08:00"}}, {"type" : "Feature", "geometry" : {"type" : "Point", "coordinates" : [121.515454240849,25.011637590365]}, "properties" : {"id" : 861, "name" : "新北市永和區潭墘社區發展協會", "district" : "永和區", "zip_code" : 65000040, "address" : "新北市永和區永和路2段92巷1號", "tel" : "(02)29413636", "data_time" : "2026-05-03T08:22:28.480765+08:00"}}, {"type" : "Feature", "geometry" : {"type" : "Point", "coordinates" : [121.51830400411,25.01141299727]}, "properties" : {"id" : 862, "name" : "新北市永和區福林里辦公處", "district" : "永和區", "zip_code" : 65000040, "address" : "新北市永和區竹林路124巷30號", "tel" : null, "data_time" : "2026-05-03T08:22:28.480765+08:00"}}, {"type" : "Feature", "geometry" : {"type" : "Point", "coordinates" : [121.527136937495,25.005000799431]}, "properties" : {"id" : 863, "name" : "新北市永和區秀成里辦公處", "district" : "永和區", "zip_code" : 65000040, "address" : "新北市永和區成功路1段20-1號(秀朗市民活動中心)", "tel" : null, "data_time" : "2026-05-03T08:22:28.480765+08:00"}}, {"type" : "Feature", "geometry" : {"type" : "Point", "coordinates" : [121.514339028631,24.999427001457]}, "properties" : {"id" : 864, "name" : "新北市永和區秀朗社區發展協會", "district" : "永和區", "zip_code" : 65000040, "address" : "新北市永和區安樂路102號(潭墘社區活動中心)", "tel" : "(02)22553119", "data_time" : "2026-05-03T08:22:28.480765+08:00"}}, {"type" : "Feature", "geometry" : {"type" : "Point", "coordinates" : [121.514339028631,24.999427001457]}, "properties" : {"id" : 865, "name" : "新北市永和區秀朗社區發展協會", "district" : "永和區", "zip_code" : 65000040, "address" : "新北市永和區安樂路102號(潭墘社區活動中心)", "tel" : "(02)22553119", "data_time" : "2026-05-03T08:22:28.480765+08:00"}}, {"type" : "Feature", "geometry" : {"type" : "Point", "coordinates" : [121.514271973406,25.004216001837]}, "properties" : {"id" : 866, "name" : "新北市永和區秀朗社區發展協會", "district" : "永和區", "zip_code" : 65000040, "address" : "新北市永和區安樂路431號2樓(永安市民活動中心)", "tel" : "(02)22553119", "data_time" : "2026-05-03T08:22:28.480765+08:00"}}, {"type" : "Feature", "geometry" : {"type" : "Point", "coordinates" : [121.501703980147,24.997930999379]}, "properties" : {"id" : 867, "name" : "新北市永和區雙和里辦公處", "district" : "永和區", "zip_code" : 65000040, "address" : "新北市永和區圓通路367巷7號", "tel" : "(02)89234548", "data_time" : "2026-05-03T08:22:28.480765+08:00"}}, {"type" : "Feature", "geometry" : {"type" : "Point", "coordinates" : [121.507203598277,25.01103899675]}, "properties" : {"id" : 868, "name" : "社團法人中華長照協會", "district" : "永和區", "zip_code" : 65000040, "address" : "新北市永和區仁愛路244-1號2樓(保安中溪市民活動中心)", "tel" : "(02)29212212", "data_time" : "2026-05-03T08:22:28.480765+08:00"}}, {"type" : "Feature", "geometry" : {"type" : "Point", "coordinates" : [121.51249730731,25.015372511218]}, "properties" : {"id" : 869, "name" : "社團法人台灣多元社會福利協會", "district" : "永和區", "zip_code" : 65000040, "address" : "新北市永和區文化路142號1樓(新廍市民活動中心)", "tel" : "(02)29251469", "data_time" : "2026-05-03T08:22:28.480765+08:00"}}, {"type" : "Feature", "geometry" : {"type" : "Point", "coordinates" : [121.512984010164,25.014456005308]}, "properties" : {"id" : 870, "name" : "社團法人台灣多元社會福利協會(永和禧德站)", "district" : "永和區", "zip_code" : 65000040, "address" : "新北市永和區文化路113巷16號", "tel" : "(02)29251469", "data_time" : "2026-05-03T08:22:28.480765+08:00"}}, {"type" : "Feature", "geometry" : {"type" : "Point", "coordinates" : [121.519872006737,24.998041011858]}, "properties" : {"id" : 871, "name" : "社團法人台灣恩朵關懷協會", "district" : "永和區", "zip_code" : 65000040, "address" : "新北市永和區民權路60號4樓(民權市民活動中心)", "tel" : "(02)29214000", "data_time" : "2026-05-03T08:22:28.480765+08:00"}}, {"type" : "Feature", "geometry" : {"type" : "Point", "coordinates" : [121.519872006737,24.998041011858]}, "properties" : {"id" : 872, "name" : "財團法人台灣省私立健順養護中心(新北市永和民權公共托老中心)", "district" : "永和區", "zip_code" : 65000040, "address" : "新北市永和區民權路60號4樓(民權市民活動中心)", "tel" : "(02)29451169", "data_time" : "2026-05-03T08:22:28.480765+08:00"}}, {"type" : "Feature", "geometry" : {"type" : "Point", "coordinates" : [121.484334916568,25.07982500134]}, "properties" : {"id" : 873, "name" : "財團法人新北市基督教新希望教會(環河站)", "district" : "永和區", "zip_code" : 65000040, "address" : "新北市永和區三和路4段191巷78號(慈生市民活動中心)", "tel" : "(02)29598539", "data_time" : "2026-05-03T08:22:28.480765+08:00"}}, {"type" : "Feature", "geometry" : {"type" : "Point", "coordinates" : [121.473051030875,25.092723995956]}, "properties" : {"id" : 874, "name" : "財團法人新北市基督教新希望教會(環河站)", "district" : "永和區", "zip_code" : 65000040, "address" : "新北市永和區民族路426巷17號(水湳市民活動中心)", "tel" : "(02)29598539", "data_time" : "2026-05-03T08:22:28.480765+08:00"}}, {"type" : "Feature", "geometry" : {"type" : "Point", "coordinates" : [121.495573204707,25.086688397027]}, "properties" : {"id" : 875, "name" : "財團法人新北市基督教新希望教會(環河站)", "district" : "永和區", "zip_code" : 65000040, "address" : "新北市永和區環河北路三段86號(重陽橋市民活動中心)", "tel" : "(02)29598539", "data_time" : "2026-05-03T08:22:28.480765+08:00"}}, {"type" : "Feature", "geometry" : {"type" : "Point", "coordinates" : [121.514271973406,25.004216001837]}, "properties" : {"id" : 876, "name" : "財團法人新北市永和區中華基督教浸信會中和堂", "district" : "永和區", "zip_code" : 65000040, "address" : "新北市永和區永和區安樂路431號2樓(永安市民活動中心)", "tel" : "(02)29213407", "data_time" : "2026-05-03T08:22:28.480765+08:00"}}, {"type" : "Feature", "geometry" : {"type" : "Point", "coordinates" : [121.420275970092,25.184912986674]}, "properties" : {"id" : 877, "name" : "新北市原住民家庭關懷協會", "district" : "汐止區", "zip_code" : 65000110, "address" : "新北市汐止區淡海路199號", "tel" : "(02)26426598", "data_time" : "2026-05-03T08:22:28.480765+08:00"}}, {"type" : "Feature", "geometry" : {"type" : "Point", "coordinates" : [121.640863018874,25.06598798794]}, "properties" : {"id" : 878, "name" : "新北市汐止佳醫公共托老中心", "district" : "汐止區", "zip_code" : 65000110, "address" : "新北市汐止區樟樹一路137巷26弄2樓(厚德山光市民活動中心)", "tel" : "(02)86486672", "data_time" : "2026-05-03T08:22:28.480765+08:00"}}, {"type" : "Feature", "geometry" : {"type" : "Point", "coordinates" : [121.654991973962,25.065303018813]}, "properties" : {"id" : 879, "name" : "新北市汐止區保新里辦公處", "district" : "汐止區", "zip_code" : 65000110, "address" : "新北市汐止區大同路2段312巷16弄35號(大同市民活動中心)", "tel" : null, "data_time" : "2026-05-03T08:22:28.480765+08:00"}}, {"type" : "Feature", "geometry" : {"type" : "Point", "coordinates" : [121.62951777765,25.068391792042]}, "properties" : {"id" : 880, "name" : "新北市汐止區保長里辦公處", "district" : "汐止區", "zip_code" : 65000110, "address" : "新北市汐止區中興路250號2樓(北峰市民活動中心)", "tel" : null, "data_time" : "2026-05-03T08:22:28.480765+08:00"}}, {"type" : "Feature", "geometry" : {"type" : "Point", "coordinates" : [121.539794533299,24.96385600649]}, "properties" : {"id" : 881, "name" : "新北市汐止區北山里辦公處", "district" : "汐止區", "zip_code" : 65000110, "address" : "新北市汐止區北新路一段163號", "tel" : "(02)26926255", "data_time" : "2026-05-03T08:22:28.480765+08:00"}}, {"type" : "Feature", "geometry" : {"type" : "Point", "coordinates" : [121.448372025717,25.179389983033]}, "properties" : {"id" : 882, "name" : "新北市汐止區北峰國民小學", "district" : "汐止區", "zip_code" : 65000110, "address" : "新北市汐止區北新路141巷27號", "tel" : "(02)26941817", "data_time" : "2026-05-03T08:22:28.480765+08:00"}}, {"type" : "Feature", "geometry" : {"type" : "Point", "coordinates" : [121.641680002977,25.069239998734]}, "properties" : {"id" : 883, "name" : "新北市汐止區北峰里辦公處", "district" : "汐止區", "zip_code" : 65000110, "address" : "新北市汐止區樟樹二路302巷10號", "tel" : "(02)26953955", "data_time" : "2026-05-03T08:22:28.480765+08:00"}}, {"type" : "Feature", "geometry" : {"type" : "Point", "coordinates" : [121.656859210533,25.055422305621]}, "properties" : {"id" : 884, "name" : "新北市汐止區厚德里辦公室", "district" : "汐止區", "zip_code" : 65000110, "address" : "新北市汐止區水源路二段112號(白雲市民活動中心)", "tel" : "(02)26481234", "data_time" : "2026-05-03T08:22:28.480765+08:00"}}, {"type" : "Feature", "geometry" : {"type" : "Point", "coordinates" : [121.687982977223,25.070308188475]}, "properties" : {"id" : 885, "name" : "新北市汐止區城中里辦公處", "district" : "汐止區", "zip_code" : 65000110, "address" : "新北市汐止區保新街112之1號(保新市民活動中心)", "tel" : "(02)26472277", "data_time" : "2026-05-03T08:22:28.480765+08:00"}}, {"type" : "Feature", "geometry" : {"type" : "Point", "coordinates" : [121.661933782353,25.073378982522]}, "properties" : {"id" : 886, "name" : "新北市汐止區復興里辦公處", "district" : "汐止區", "zip_code" : 65000110, "address" : "新北市汐止區建成路152號B1", "tel" : "(02)26426123", "data_time" : "2026-05-03T08:22:28.480765+08:00"}}, {"type" : "Feature", "geometry" : {"type" : "Point", "coordinates" : [121.621089019636,25.067123987278]}, "properties" : {"id" : 887, "name" : "新北市汐止區橫科里辦公處", "district" : "汐止區", "zip_code" : 65000110, "address" : "新北市汐止區康寧街141巷3號1樓", "tel" : "(02)26402988", "data_time" : "2026-05-03T08:22:28.480765+08:00"}}, {"type" : "Feature", "geometry" : {"type" : "Point", "coordinates" : [121.633830266834,25.068621581918]}, "properties" : {"id" : 888, "name" : "新北市汐止區江北里辦公處", "district" : "汐止區", "zip_code" : 65000110, "address" : "新北市汐止區康寧街520號之1(湖光市民活動中心)", "tel" : "(02)26413009", "data_time" : "2026-05-03T08:22:28.480765+08:00"}}, {"type" : "Feature", "geometry" : {"type" : "Point", "coordinates" : [121.672060965408,25.069252990684]}, "properties" : {"id" : 889, "name" : "新北市汐止區湖光里辦公處", "district" : "汐止區", "zip_code" : 65000110, "address" : "新北市汐止區茄苳路225巷35號1樓、3樓(茄苳市民活動中心)", "tel" : null, "data_time" : "2026-05-03T08:22:28.480765+08:00"}}, {"type" : "Feature", "geometry" : {"type" : "Point", "coordinates" : [121.673024129902,25.067050100801]}, "properties" : {"id" : 890, "name" : "新北市汐止區湖蓮里辦公處", "district" : "汐止區", "zip_code" : 65000110, "address" : "新北市汐止區茄苳路296號", "tel" : "(02)26908318", "data_time" : "2026-05-03T08:22:28.480765+08:00"}}, {"type" : "Feature", "geometry" : {"type" : "Point", "coordinates" : [121.620147983367,25.050521616382]}, "properties" : {"id" : 891, "name" : "新北市汐止區烘內里辦公處", "district" : "汐止區", "zip_code" : 65000110, "address" : "新北市汐止區橫科路119號2樓(橫科福山市民活動中心)", "tel" : "(02)26461346", "data_time" : "2026-05-03T08:22:28.480765+08:00"}}, {"type" : "Feature", "geometry" : {"type" : "Point", "coordinates" : [121.631521974519,25.063037013199]}, "properties" : {"id" : 892, "name" : "新北市汐止區白雲里辦公處", "district" : "汐止區", "zip_code" : 65000110, "address" : "新北市汐止區環河街1號", "tel" : null, "data_time" : "2026-05-03T08:22:28.480765+08:00"}}, {"type" : "Feature", "geometry" : {"type" : "Point", "coordinates" : [121.662363019615,25.069092016234]}, "properties" : {"id" : 893, "name" : "新北市汐止區禮門里辦公處", "district" : "汐止區", "zip_code" : 65000110, "address" : "新北市汐止區信義路1號2樓(火車站)", "tel" : "(02)86923954", "data_time" : "2026-05-03T08:22:28.480765+08:00"}}, {"type" : "Feature", "geometry" : {"type" : "Point", "coordinates" : [121.625237977889,25.067846004417]}, "properties" : {"id" : 894, "name" : "新北市汐止區秀峰社區發展協會", "district" : "汐止區", "zip_code" : 65000110, "address" : "新北市汐止區明峰街298巷1-2號", "tel" : null, "data_time" : "2026-05-03T08:22:28.480765+08:00"}}, {"type" : "Feature", "geometry" : {"type" : "Point", "coordinates" : [121.670611985806,25.079203986134]}, "properties" : {"id" : 895, "name" : "新北市汐止區老人會", "district" : "汐止區", "zip_code" : 65000110, "address" : "新北市汐止區長興街一段50號2樓(長安市民活動中心)", "tel" : "(02)86481959", "data_time" : "2026-05-03T08:22:28.480765+08:00"}}, {"type" : "Feature", "geometry" : {"type" : "Point", "coordinates" : [121.63189496921,25.069385005659]}, "properties" : {"id" : 896, "name" : "新北市汐止區自強里辦公處", "district" : "汐止區", "zip_code" : 65000110, "address" : "新北市汐止區湖前街31巷2弄2號(金龍市民活動中心)", "tel" : "(02)26432246", "data_time" : "2026-05-03T08:22:28.480765+08:00"}}, {"type" : "Feature", "geometry" : {"type" : "Point", "coordinates" : [121.663231971517,25.071039006613]}, "properties" : {"id" : 897, "name" : "新北市汐止區農會", "district" : "汐止區", "zip_code" : 65000110, "address" : "新北市汐止區和平街6巷1弄1號(仁德市民活動中心)", "tel" : "(02)26416666", "data_time" : "2026-05-03T08:22:28.480765+08:00"}}, {"type" : "Feature", "geometry" : {"type" : "Point", "coordinates" : [121.664048664427,25.066724872035]}, "properties" : {"id" : 898, "name" : "新北市汐止區農會", "district" : "汐止區", "zip_code" : 65000110, "address" : "新北市汐止區新台五路二段81號1樓", "tel" : "(02)26416666", "data_time" : "2026-05-03T08:22:28.480765+08:00"}}, {"type" : "Feature", "geometry" : {"type" : "Point", "coordinates" : [121.642404031773,25.097421004948]}, "properties" : {"id" : 899, "name" : "新北市汐止區農會", "district" : "汐止區", "zip_code" : 65000110, "address" : "新北市汐止區汐萬路三段246號", "tel" : "(02)26416666", "data_time" : "2026-05-03T08:22:28.480765+08:00"}}, {"type" : "Feature", "geometry" : {"type" : "Point", "coordinates" : [121.664822018549,25.081700996999]}, "properties" : {"id" : 900, "name" : "新北市汐止區農會", "district" : "汐止區", "zip_code" : 65000110, "address" : "新北市汐止區長江街287-1號(玉泉宮)", "tel" : "(02)26416666", "data_time" : "2026-05-03T08:22:28.480765+08:00"}}, {"type" : "Feature", "geometry" : {"type" : "Point", "coordinates" : [121.667023022504,25.070444017216]}, "properties" : {"id" : 901, "name" : "新北市汐止區鄉長社區發展協會", "district" : "汐止區", "zip_code" : 65000110, "address" : "新北市汐止區茄苳路82號(崇德橋東市民活動中心)", "tel" : "(02)26419980", "data_time" : "2026-05-03T08:22:28.480765+08:00"}}, {"type" : "Feature", "geometry" : {"type" : "Point", "coordinates" : [121.635741005482,25.065461017688]}, "properties" : {"id" : 902, "name" : "新北市汐止區金龍里辦公處", "district" : "汐止區", "zip_code" : 65000110, "address" : "新北市汐止區福德一路201巷3號1樓", "tel" : "(02)26925688", "data_time" : "2026-05-03T08:22:28.480765+08:00"}}, {"type" : "Feature", "geometry" : {"type" : "Point", "coordinates" : [121.642404031773,25.097421004948]}, "properties" : {"id" : 903, "name" : "新北市汐止區長安里辦公處", "district" : "汐止區", "zip_code" : 65000110, "address" : "新北市汐止區汐萬路三段246號", "tel" : "(02)86483938", "data_time" : "2026-05-03T08:22:28.480765+08:00"}}, {"type" : "Feature", "geometry" : {"type" : "Point", "coordinates" : [121.660393020911,25.062039985816]}, "properties" : {"id" : 904, "name" : "新北市飛頓耐溫馨關懷協會", "district" : "汐止區", "zip_code" : 65000110, "address" : "新北市汐止區勤進路1號(新北市政府汐止區秀山秀峰福安市民活動中心)", "tel" : null, "data_time" : "2026-05-03T08:22:28.480765+08:00"}}, {"type" : "Feature", "geometry" : {"type" : "Point", "coordinates" : [121.637468515726,25.066506408652]}, "properties" : {"id" : 905, "name" : "新北市飛頓耐溫馨關懷協會", "district" : "汐止區", "zip_code" : 65000110, "address" : "新北市汐止區福德一路141巷52號(興福市民活動中心)", "tel" : null, "data_time" : "2026-05-03T08:22:28.480765+08:00"}}, {"type" : "Feature", "geometry" : {"type" : "Point", "coordinates" : [121.6305159785,25.077116012143]}, "properties" : {"id" : 906, "name" : "新北市龍馬湖發展協進會", "district" : "汐止區", "zip_code" : 65000110, "address" : "新北市汐止區湖前街110巷97弄24號B2(中餐廳大廳及才藝教室)", "tel" : null, "data_time" : "2026-05-03T08:22:28.480765+08:00"}}, {"type" : "Feature", "geometry" : {"type" : "Point", "coordinates" : [121.644837968817,25.105300999761]}, "properties" : {"id" : 907, "name" : "白雲山莊社區管理委員會", "district" : "汐止區", "zip_code" : 65000110, "address" : "新北市汐止區汐萬路三段252巷27號(烘內市民活動中心)", "tel" : "(02)26901132", "data_time" : "2026-05-03T08:22:28.480765+08:00"}}, {"type" : "Feature", "geometry" : {"type" : "Point", "coordinates" : [121.638857919145,25.078432551822]}, "properties" : {"id" : 908, "name" : "社團法人中華關懷身心促進發展協會(大同站)", "district" : "汐止區", "zip_code" : 65000110, "address" : "新北市汐止區伯爵街2巷1號", "tel" : null, "data_time" : "2026-05-03T08:22:28.480765+08:00"}}, {"type" : "Feature", "geometry" : {"type" : "Point", "coordinates" : [121.654991973962,25.065303018813]}, "properties" : {"id" : 909, "name" : "社團法人中華關懷身心促進發展協會(大同站)", "district" : "汐止區", "zip_code" : 65000110, "address" : "新北市汐止區大同路2段312巷16弄35號(大同市民活動中心)", "tel" : null, "data_time" : "2026-05-03T08:22:28.480765+08:00"}}, {"type" : "Feature", "geometry" : {"type" : "Point", "coordinates" : [121.656657961037,25.068103999397]}, "properties" : {"id" : 910, "name" : "社團法人中華關懷身心促進發展協會-仁德站", "district" : "汐止區", "zip_code" : 65000110, "address" : "新北市汐止區中正路285號(禮門市民活動中心)", "tel" : null, "data_time" : "2026-05-03T08:22:28.480765+08:00"}}, {"type" : "Feature", "geometry" : {"type" : "Point", "coordinates" : [121.642404031773,25.097421004948]}, "properties" : {"id" : 911, "name" : "社團法人中華關懷身心促進發展協會-仁德站", "district" : "汐止區", "zip_code" : 65000110, "address" : "新北市汐止區汐萬路三段246號", "tel" : null, "data_time" : "2026-05-03T08:22:28.480765+08:00"}}, {"type" : "Feature", "geometry" : {"type" : "Point", "coordinates" : [121.624409007665,25.078356994818]}, "properties" : {"id" : 912, "name" : "社團法人中華關懷身心促進發展協會-宜興站", "district" : "汐止區", "zip_code" : 65000110, "address" : "新北市汐止區忠三街8號(忠山市民活動中心)", "tel" : null, "data_time" : "2026-05-03T08:22:28.480765+08:00"}}, {"type" : "Feature", "geometry" : {"type" : "Point", "coordinates" : [121.664048664427,25.066724872035]}, "properties" : {"id" : 913, "name" : "社團法人中華關懷身心促進發展協會-康福站", "district" : "汐止區", "zip_code" : 65000110, "address" : "新北市汐止區新台五路二段81號1樓", "tel" : null, "data_time" : "2026-05-03T08:22:28.480765+08:00"}}, {"type" : "Feature", "geometry" : {"type" : "Point", "coordinates" : [121.672060965408,25.069252990684]}, "properties" : {"id" : 914, "name" : "社團法人台灣信望愛發展協會", "district" : "汐止區", "zip_code" : 65000110, "address" : "新北市汐止區茄苳路225巷35號1樓、3樓(茄苳市民活動中心)", "tel" : "(02)26419280", "data_time" : "2026-05-03T08:22:28.480765+08:00"}}, {"type" : "Feature", "geometry" : {"type" : "Point", "coordinates" : [121.664530998871,25.065708996293]}, "properties" : {"id" : 915, "name" : "社團法人台灣厝邊有愛關懷協會(水源教會)", "district" : "汐止區", "zip_code" : 65000110, "address" : "新北市汐止區仁愛路193號1樓", "tel" : "(02)23640534", "data_time" : "2026-05-03T08:22:28.480765+08:00"}}, {"type" : "Feature", "geometry" : {"type" : "Point", "coordinates" : [121.657173867178,25.062916481431]}, "properties" : {"id" : 916, "name" : "社團法人台灣厝邊有愛關懷協會(水源教會)", "district" : "汐止區", "zip_code" : 65000110, "address" : "新北市汐止區新興路54號(自強市民活動中心)", "tel" : "(02)23640534", "data_time" : "2026-05-03T08:22:28.480765+08:00"}}, {"type" : "Feature", "geometry" : {"type" : "Point", "coordinates" : [121.642404031773,25.097421004948]}, "properties" : {"id" : 917, "name" : "社團法人台灣厝邊有愛關懷協會(社后教會)", "district" : "汐止區", "zip_code" : 65000110, "address" : "新北市汐止區汐萬路三段246號", "tel" : "(02)26941005", "data_time" : "2026-05-03T08:22:28.480765+08:00"}}, {"type" : "Feature", "geometry" : {"type" : "Point", "coordinates" : [121.637542779389,25.058767816545]}, "properties" : {"id" : 918, "name" : "社團法人台灣幸扶公益協會", "district" : "汐止區", "zip_code" : 65000110, "address" : "新北市汐止區大同路1段324號2樓", "tel" : null, "data_time" : "2026-05-03T08:22:28.480765+08:00"}}, {"type" : "Feature", "geometry" : {"type" : "Point", "coordinates" : [121.6401509762,25.067712983614]}, "properties" : {"id" : 919, "name" : "社團法人台灣幸扶公益協會", "district" : "汐止區", "zip_code" : 65000110, "address" : "新北市汐止區樟樹二路251巷25號", "tel" : null, "data_time" : "2026-05-03T08:22:28.480765+08:00"}}, {"type" : "Feature", "geometry" : {"type" : "Point", "coordinates" : [121.654541027571,25.069962015874]}, "properties" : {"id" : 920, "name" : "社團法人台灣新住民關懷協會(興福站)", "district" : "汐止區", "zip_code" : 65000110, "address" : "新北市汐止區汐萬路1段81號(江北市民活動中心)", "tel" : "(02)26648575", "data_time" : "2026-05-03T08:22:28.480765+08:00"}}, {"type" : "Feature", "geometry" : {"type" : "Point", "coordinates" : [121.622600025322,25.044185987229]}, "properties" : {"id" : 921, "name" : "社團法人台灣樂活服務發展協會(汐止信望站)", "district" : "汐止區", "zip_code" : 65000110, "address" : "新北市汐止區國興街22巷28號(新雪梨活動中心週邊)", "tel" : null, "data_time" : "2026-05-03T08:22:28.480765+08:00"}}, {"type" : "Feature", "geometry" : {"type" : "Point", "coordinates" : [121.637758361938,25.069430100298]}, "properties" : {"id" : 922, "name" : "社團法人台灣樂活服務發展協會(汐止盼望站)", "district" : "汐止區", "zip_code" : 65000110, "address" : "新北市汐止區福德三路9號1樓(康福市民活動中心)", "tel" : null, "data_time" : "2026-05-03T08:22:28.480765+08:00"}}, {"type" : "Feature", "geometry" : {"type" : "Point", "coordinates" : [121.634711707772,25.040516012833]}, "properties" : {"id" : 923, "name" : "社團法人大中華婦幼關懷成長協會", "district" : "汐止區", "zip_code" : 65000110, "address" : "新北市汐止區東勢街216巷22弄2-1號", "tel" : "(02)86488662", "data_time" : "2026-05-03T08:22:28.480765+08:00"}}, {"type" : "Feature", "geometry" : {"type" : "Point", "coordinates" : [121.620147983367,25.050521616382]}, "properties" : {"id" : 924, "name" : "社團法人大中華婦幼關懷成長協會", "district" : "汐止區", "zip_code" : 65000110, "address" : "新北市汐止區橫科路119號2樓(橫科福山市民活動中心)", "tel" : "(02)86488662", "data_time" : "2026-05-03T08:22:28.480765+08:00"}}, {"type" : "Feature", "geometry" : {"type" : "Point", "coordinates" : [121.65367802682,25.06290101682]}, "properties" : {"id" : 925, "name" : "社團法人大中華婦幼關懷成長協會", "district" : "汐止區", "zip_code" : 65000110, "address" : "新北市汐止區連興街114號2樓", "tel" : "(02)86488662", "data_time" : "2026-05-03T08:22:28.480765+08:00"}}, {"type" : "Feature", "geometry" : {"type" : "Point", "coordinates" : [121.6401509762,25.067712983614]}, "properties" : {"id" : 926, "name" : "社團法人新北市汐止區基督教全人關懷福音發展協會(崇德站)", "district" : "汐止區", "zip_code" : 65000110, "address" : "新北市汐止區樟樹二路251巷25號", "tel" : "(02)26917152", "data_time" : "2026-05-03T08:22:28.480765+08:00"}}, {"type" : "Feature", "geometry" : {"type" : "Point", "coordinates" : [121.673759494479,25.078996963791]}, "properties" : {"id" : 927, "name" : "社團法人新北市汐止區基督教全人關懷福音發展協會(建成站)", "district" : "汐止區", "zip_code" : 65000110, "address" : "新北市汐止區保長路51巷11、13號(保長市民活動中心)", "tel" : "(02)26917152", "data_time" : "2026-05-03T08:22:28.480765+08:00"}}, {"type" : "Feature", "geometry" : {"type" : "Point", "coordinates" : [121.662969031214,25.072882983402]}, "properties" : {"id" : 928, "name" : "社團法人臺北市心藝社會關懷協會(汐止福安站)", "district" : "汐止區", "zip_code" : 65000110, "address" : "新北市汐止區建成路39號(城中建成市民活動中心(2樓))", "tel" : "(02)22398785", "data_time" : "2026-05-03T08:22:28.480765+08:00"}}, {"type" : "Feature", "geometry" : {"type" : "Point", "coordinates" : [121.663231971517,25.071039006613]}, "properties" : {"id" : 929, "name" : "財團法人北部台灣基督長老教會七星中會(康寧街教會)", "district" : "汐止區", "zip_code" : 65000110, "address" : "新北市汐止區和平街6巷1弄1號(仁德市民活動中心)", "tel" : "(02)26953081", "data_time" : "2026-05-03T08:22:28.480765+08:00"}}, {"type" : "Feature", "geometry" : {"type" : "Point", "coordinates" : [121.665313410472,25.069896162734]}, "properties" : {"id" : 930, "name" : "財團法人台灣省台北縣基督教汐止讚美浸信會", "district" : "汐止區", "zip_code" : 65000110, "address" : "新北市汐止區忠孝東路9號(汐止區綜合運動場)", "tel" : "(02)26439822", "data_time" : "2026-05-03T08:22:28.480765+08:00"}}, {"type" : "Feature", "geometry" : {"type" : "Point", "coordinates" : [121.655812729921,25.064921013575]}, "properties" : {"id" : 931, "name" : "迎旭大愛協會", "district" : "汐止區", "zip_code" : 65000110, "address" : "新北市汐止區復興路1之1號(復興市民活動中心)", "tel" : null, "data_time" : "2026-05-03T08:22:28.480765+08:00"}}, {"type" : "Feature", "geometry" : {"type" : "Point", "coordinates" : [121.420982815987,25.062661001022]}, "properties" : {"id" : 932, "name" : "新北市市敏動齡健康關懷協會(泰山全興站)", "district" : "泰山區", "zip_code" : 65000160, "address" : "新北市泰山區黎明路23號(黎明市民活動中心)", "tel" : null, "data_time" : "2026-05-03T08:22:28.480765+08:00"}}, {"type" : "Feature", "geometry" : {"type" : "Point", "coordinates" : [121.432282962572,25.055610018343]}, "properties" : {"id" : 933, "name" : "新北市市敏動齡健康關懷協會(泰山明志站)", "district" : "泰山區", "zip_code" : 65000160, "address" : "新北市泰山區仁義路11巷1號(歡比屋休閒餐飲)", "tel" : null, "data_time" : "2026-05-03T08:22:28.480765+08:00"}}, {"type" : "Feature", "geometry" : {"type" : "Point", "coordinates" : [121.4247629705,25.043754989767]}, "properties" : {"id" : 934, "name" : "新北市市敏動齡健康關懷協會(泰山明志站)", "district" : "泰山區", "zip_code" : 65000160, "address" : "新北市泰山區明志路2段426號4樓(明志市民活動中心)", "tel" : null, "data_time" : "2026-05-03T08:22:28.480765+08:00"}}, {"type" : "Feature", "geometry" : {"type" : "Point", "coordinates" : [121.430964992117,25.056703018517]}, "properties" : {"id" : 935, "name" : "新北市泰山區中保公共托老中心", "district" : "泰山區", "zip_code" : 65000160, "address" : "新北市泰山區明志路一段427號(同榮市民活動中心)", "tel" : "(02)29085168", "data_time" : "2026-05-03T08:22:28.480765+08:00"}}, {"type" : "Feature", "geometry" : {"type" : "Point", "coordinates" : [121.432334176,25.062660581927]}, "properties" : {"id" : 936, "name" : "新北市泰山區同榮社區發展協會", "district" : "泰山區", "zip_code" : 65000160, "address" : "新北市泰山區福德街14號(大科市民活動中心)", "tel" : "(02)85312129", "data_time" : "2026-05-03T08:22:28.480765+08:00"}}, {"type" : "Feature", "geometry" : {"type" : "Point", "coordinates" : [121.429523975323,25.090328992852]}, "properties" : {"id" : 937, "name" : "新北市泰山區大科社區發展協會", "district" : "泰山區", "zip_code" : 65000160, "address" : "新北市泰山區民義路一段218號", "tel" : "(02)29092746", "data_time" : "2026-05-03T08:22:28.480765+08:00"}}, {"type" : "Feature", "geometry" : {"type" : "Point", "coordinates" : [121.436818326561,25.083583195267]}, "properties" : {"id" : 938, "name" : "新北市泰山區山腳社區發展協會", "district" : "泰山區", "zip_code" : 65000160, "address" : "新北市泰山區中興路4段67號之1", "tel" : "(02)29096191", "data_time" : "2026-05-03T08:22:28.480765+08:00"}}, {"type" : "Feature", "geometry" : {"type" : "Point", "coordinates" : [121.424518973299,25.040018002056]}, "properties" : {"id" : 939, "name" : "新北市泰山區楓樹里辦公處", "district" : "泰山區", "zip_code" : 65000160, "address" : "新北市泰山區明志路三段142巷8號5樓之1(泰山中保公共托老中心)", "tel" : "(02)29097669", "data_time" : "2026-05-03T08:22:28.480765+08:00"}}, {"type" : "Feature", "geometry" : {"type" : "Point", "coordinates" : [121.428011796171,25.050130181504]}, "properties" : {"id" : 940, "name" : "新北市泰山區福興里辦公處", "district" : "泰山區", "zip_code" : 65000160, "address" : "新北市泰山區明志路二段177號(義仁市民活動中心)", "tel" : "(02)22963466", "data_time" : "2026-05-03T08:22:28.480765+08:00"}}, {"type" : "Feature", "geometry" : {"type" : "Point", "coordinates" : [121.422411008469,25.034418010635]}, "properties" : {"id" : 941, "name" : "新北市泰山區義仁社區發展協會", "district" : "泰山區", "zip_code" : 65000160, "address" : "新北市泰山區明志路三段365號(貴和市民活動中心)", "tel" : null, "data_time" : "2026-05-03T08:22:28.480765+08:00"}}, {"type" : "Feature", "geometry" : {"type" : "Point", "coordinates" : [121.423626971163,25.039866415337]}, "properties" : {"id" : 942, "name" : "新北市泰山區貴和社區發展協會", "district" : "泰山區", "zip_code" : 65000160, "address" : "新北市泰山區工專路22號(貴子市民活動中心)", "tel" : "(02)29065998", "data_time" : "2026-05-03T08:22:28.480765+08:00"}}, {"type" : "Feature", "geometry" : {"type" : "Point", "coordinates" : [121.428238275195,25.044871710727]}, "properties" : {"id" : 943, "name" : "新北市泰山區貴子社區發展協會", "district" : "泰山區", "zip_code" : 65000160, "address" : "新北市泰山區新生路4號(泰山奇蹟之家公共托老中心)", "tel" : null, "data_time" : "2026-05-03T08:22:28.480765+08:00"}}, {"type" : "Feature", "geometry" : {"type" : "Point", "coordinates" : [121.430636002417,25.05824101393]}, "properties" : {"id" : 944, "name" : "新北市泰山區貴子社區發展協會", "district" : "泰山區", "zip_code" : 65000160, "address" : "新北市泰山區明志路一段354號6樓(泰山基督教會美門堂)", "tel" : null, "data_time" : "2026-05-03T08:22:28.480765+08:00"}}, {"type" : "Feature", "geometry" : {"type" : "Point", "coordinates" : [121.434895015059,25.061662381078]}, "properties" : {"id" : 945, "name" : "新北市泰山區黎明社區發展協會", "district" : "泰山區", "zip_code" : 65000160, "address" : "新北市泰山區楓江路26巷26號1樓(楓樹福泰市民活動中心)", "tel" : null, "data_time" : "2026-05-03T08:22:28.480765+08:00"}}, {"type" : "Feature", "geometry" : {"type" : "Point", "coordinates" : [121.404935494719,25.056558011592]}, "properties" : {"id" : 946, "name" : "新北市泰山睦鄰協會", "district" : "泰山區", "zip_code" : 65000160, "address" : "新北市泰山區大科路300號(大科市民活動中心)", "tel" : "(02)29094036", "data_time" : "2026-05-03T08:22:28.480765+08:00"}}, {"type" : "Feature", "geometry" : {"type" : "Point", "coordinates" : [121.423626971163,25.039866415337]}, "properties" : {"id" : 947, "name" : "泰山區老人會", "district" : "泰山區", "zip_code" : 65000160, "address" : "新北市泰山區工專路22號(貴子市民活動中心)", "tel" : "(02)29000530", "data_time" : "2026-05-03T08:22:28.480765+08:00"}}, {"type" : "Feature", "geometry" : {"type" : "Point", "coordinates" : [121.4247629705,25.043754989767]}, "properties" : {"id" : 948, "name" : "泰山區老人會", "district" : "泰山區", "zip_code" : 65000160, "address" : "新北市泰山區明志路2段426號4樓(明志市民活動中心)", "tel" : "(02)29000530", "data_time" : "2026-05-03T08:22:28.480765+08:00"}}, {"type" : "Feature", "geometry" : {"type" : "Point", "coordinates" : [121.434895015059,25.061662381078]}, "properties" : {"id" : 949, "name" : "財團法人天主教主顧修女會(新北市泰山奇蹟之家公共托老中心)", "district" : "泰山區", "zip_code" : 65000160, "address" : "新北市泰山區楓江路26巷26號1樓(楓樹福泰市民活動中心)", "tel" : "(02)29062242", "data_time" : "2026-05-03T08:22:28.480765+08:00"}}, {"type" : "Feature", "geometry" : {"type" : "Point", "coordinates" : [121.438299995586,25.176605011884]}, "properties" : {"id" : 950, "name" : "台灣在地安老推展協會(淡水埤島站)", "district" : "淡水區", "zip_code" : 65000100, "address" : "新北市淡水區新民街71號", "tel" : "(02)26412977", "data_time" : "2026-05-03T08:22:28.480765+08:00"}}, {"type" : "Feature", "geometry" : {"type" : "Point", "coordinates" : [121.4404435,25.1694686]}, "properties" : {"id" : 951, "name" : "新北市淡水區中和里辦公處", "district" : "淡水區", "zip_code" : 65000100, "address" : "新北市淡水區五寮89之7號(五寮市民活動中心)", "tel" : "(02)28013232", "data_time" : "2026-05-03T08:22:28.480765+08:00"}}, {"type" : "Feature", "geometry" : {"type" : "Point", "coordinates" : [121.376129324257,24.928296620458]}, "properties" : {"id" : 952, "name" : "新北市淡水區中興里辦公處", "district" : "淡水區", "zip_code" : 65000100, "address" : "新北市淡水區光明路71號6樓(光明市民活動中心)", "tel" : "(02)26226070", "data_time" : "2026-05-03T08:22:28.480765+08:00"}}, {"type" : "Feature", "geometry" : {"type" : "Point", "coordinates" : [121.447737096552,25.168438900806]}, "properties" : {"id" : 953, "name" : "新北市淡水區北投里辦公處", "district" : "淡水區", "zip_code" : 65000100, "address" : "新北市淡水區學府路28號6樓", "tel" : "(02)26205789", "data_time" : "2026-05-03T08:22:28.480765+08:00"}}, {"type" : "Feature", "geometry" : {"type" : "Point", "coordinates" : [121.478196,25.222982]}, "properties" : {"id" : 954, "name" : "新北市淡水區協元里辦公處", "district" : "淡水區", "zip_code" : 65000100, "address" : "新北市淡水區水碓5號", "tel" : "(02)26226162", "data_time" : "2026-05-03T08:22:28.480765+08:00"}}, {"type" : "Feature", "geometry" : {"type" : "Point", "coordinates" : [121.448372025717,25.179389983033]}, "properties" : {"id" : 955, "name" : "新北市淡水區坪頂里辦公處", "district" : "淡水區", "zip_code" : 65000100, "address" : "新北市淡水區北新路141巷27號", "tel" : null, "data_time" : "2026-05-03T08:22:28.480765+08:00"}}, {"type" : "Feature", "geometry" : {"type" : "Point", "coordinates" : [121.4404435,25.1694686]}, "properties" : {"id" : 956, "name" : "新北市淡水區大庄里辦公處", "district" : "淡水區", "zip_code" : 65000100, "address" : "新北市淡水區插角25-1號(大有市民活動中心)", "tel" : "(02)28053356", "data_time" : "2026-05-03T08:22:28.480765+08:00"}}, {"type" : "Feature", "geometry" : {"type" : "Point", "coordinates" : [121.459491586911,25.205334130529]}, "properties" : {"id" : 957, "name" : "新北市淡水區學府社區發展協會", "district" : "淡水區", "zip_code" : 65000100, "address" : "新北市淡水區奎柔山路3號", "tel" : null, "data_time" : "2026-05-03T08:22:28.480765+08:00"}}, {"type" : "Feature", "geometry" : {"type" : "Point", "coordinates" : [121.421706006593,25.182494011327]}, "properties" : {"id" : 958, "name" : "新北市淡水區屯山里辦公處", "district" : "淡水區", "zip_code" : 65000100, "address" : "新北市淡水區淡海路111號(淡海市民活動中心)", "tel" : "(02)28012408", "data_time" : "2026-05-03T08:22:28.480765+08:00"}}, {"type" : "Feature", "geometry" : {"type" : "Point", "coordinates" : [121.461355509917,25.138020387449]}, "properties" : {"id" : 959, "name" : "新北市淡水區幸福里辦公處", "district" : "淡水區", "zip_code" : 65000100, "address" : "新北市淡水區民生路27號(民生市民活動中心)", "tel" : "(02)26251855", "data_time" : "2026-05-03T08:22:28.480765+08:00"}}, {"type" : "Feature", "geometry" : {"type" : "Point", "coordinates" : [121.48219300503,25.158376006949]}, "properties" : {"id" : 960, "name" : "新北市淡水區忠寮社區發展協會", "district" : "淡水區", "zip_code" : 65000100, "address" : "新北市淡水區坪頂路710巷1號", "tel" : "(02)26212923", "data_time" : "2026-05-03T08:22:28.480765+08:00"}}, {"type" : "Feature", "geometry" : {"type" : "Point", "coordinates" : [121.462001000281,25.134599020302]}, "properties" : {"id" : 961, "name" : "新北市淡水區忠山里辦公處", "district" : "淡水區", "zip_code" : 65000100, "address" : "新北市淡水區民族路112巷32號", "tel" : "(02)26210658", "data_time" : "2026-05-03T08:22:28.480765+08:00"}}, {"type" : "Feature", "geometry" : {"type" : "Point", "coordinates" : [121.441136012525,25.170516020232]}, "properties" : {"id" : 962, "name" : "新北市淡水區文化里辦公處", "district" : "淡水區", "zip_code" : 65000100, "address" : "新北市淡水區清水街160號2樓", "tel" : "(02)86310333", "data_time" : "2026-05-03T08:22:28.480765+08:00"}}, {"type" : "Feature", "geometry" : {"type" : "Point", "coordinates" : [121.443938920947,25.184194699481]}, "properties" : {"id" : 963, "name" : "新北市淡水區新春里辦公處", "district" : "淡水區", "zip_code" : 65000100, "address" : "新北市淡水區中山北路二段159~185號", "tel" : "(02)26262568", "data_time" : "2026-05-03T08:22:28.480765+08:00"}}, {"type" : "Feature", "geometry" : {"type" : "Point", "coordinates" : [121.423871953643,25.178927453192]}, "properties" : {"id" : 964, "name" : "新北市淡水區新民里辦公處", "district" : "淡水區", "zip_code" : 65000100, "address" : "新北市淡水區淡海路32號", "tel" : "(02)86310077", "data_time" : "2026-05-03T08:22:28.480765+08:00"}}, {"type" : "Feature", "geometry" : {"type" : "Point", "coordinates" : [121.45105800659,25.164844992182]}, "properties" : {"id" : 965, "name" : "新北市淡水區新生里辦公處", "district" : "淡水區", "zip_code" : 65000100, "address" : "新北市淡水區中正東路一段3巷6號(竿蓁市民活動中心)", "tel" : "(02)26211472", "data_time" : "2026-05-03T08:22:28.480765+08:00"}}, {"type" : "Feature", "geometry" : {"type" : "Point", "coordinates" : [121.439035088494,25.178227287334]}, "properties" : {"id" : 966, "name" : "新北市淡水區新義里辦公處", "district" : "淡水區", "zip_code" : 65000100, "address" : "新北市淡水區新民街120巷60號旁", "tel" : "(02)26220282", "data_time" : "2026-05-03T08:22:28.480765+08:00"}}, {"type" : "Feature", "geometry" : {"type" : "Point", "coordinates" : [121.437422997056,25.171966005662]}, "properties" : {"id" : 967, "name" : "新北市淡水區新興里辦公處", "district" : "淡水區", "zip_code" : 65000100, "address" : "新北市淡水區中正路207號2樓(滬尾市民活動中心)", "tel" : "(02)26205051", "data_time" : "2026-05-03T08:22:28.480765+08:00"}}, {"type" : "Feature", "geometry" : {"type" : "Point", "coordinates" : [121.463222997944,25.127532992106]}, "properties" : {"id" : 968, "name" : "新北市淡水區樹興里辦公處", "district" : "淡水區", "zip_code" : 65000100, "address" : "新北市淡水區自強路58號", "tel" : "(02)86260291", "data_time" : "2026-05-03T08:22:28.480765+08:00"}}, {"type" : "Feature", "geometry" : {"type" : "Point", "coordinates" : [121.460658,25.237656]}, "properties" : {"id" : 969, "name" : "新北市淡水區正德里辦公處", "district" : "淡水區", "zip_code" : 65000100, "address" : "新北市淡水區屯山里石頭厝9-3號", "tel" : "(02)26250849", "data_time" : "2026-05-03T08:22:28.480765+08:00"}}, {"type" : "Feature", "geometry" : {"type" : "Point", "coordinates" : [121.451111986046,25.171493014866]}, "properties" : {"id" : 970, "name" : "新北市淡水區正德里辦公處", "district" : "淡水區", "zip_code" : 65000100, "address" : "新北市淡水區鄧公路32巷7號", "tel" : "(02)26281049", "data_time" : "2026-05-03T08:22:28.480765+08:00"}}, {"type" : "Feature", "geometry" : {"type" : "Point", "coordinates" : [121.444117036389,25.178123016459]}, "properties" : {"id" : 971, "name" : "新北市淡水區民權里辦公處", "district" : "淡水區", "zip_code" : 65000100, "address" : "新北市淡水區中山北路一段158號(水碓市民活動中心)", "tel" : "(02)28087612", "data_time" : "2026-05-03T08:22:28.480765+08:00"}}, {"type" : "Feature", "geometry" : {"type" : "Point", "coordinates" : [121.476446036937,25.185834996023]}, "properties" : {"id" : 972, "name" : "新北市淡水區民生里辦公處", "district" : "淡水區", "zip_code" : 65000100, "address" : "新北市淡水區北新路二段15號(水源市民活動中心)", "tel" : "(02)28091583", "data_time" : "2026-05-03T08:22:28.480765+08:00"}}, {"type" : "Feature", "geometry" : {"type" : "Point", "coordinates" : [121.4404435,25.1694686]}, "properties" : {"id" : 973, "name" : "新北市淡水區水源里辦公處", "district" : "淡水區", "zip_code" : 65000100, "address" : "新北市淡水區小中寮19-2號", "tel" : "(02)26211171", "data_time" : "2026-05-03T08:22:28.480765+08:00"}}, {"type" : "Feature", "geometry" : {"type" : "Point", "coordinates" : [121.443218999283,25.172381999517]}, "properties" : {"id" : 974, "name" : "新北市淡水區水碓里辦公處", "district" : "淡水區", "zip_code" : 65000100, "address" : "新北市淡水區水源街一段29號(中興市民活動中心)", "tel" : "(02)26213948", "data_time" : "2026-05-03T08:22:28.480765+08:00"}}, {"type" : "Feature", "geometry" : {"type" : "Point", "coordinates" : [121.4404435,25.1694686]}, "properties" : {"id" : 975, "name" : "新北市淡水區沙崙里辦公處", "district" : "淡水區", "zip_code" : 65000100, "address" : "新北市淡水區埤島7-5號", "tel" : "(02)28058128", "data_time" : "2026-05-03T08:22:28.480765+08:00"}}, {"type" : "Feature", "geometry" : {"type" : "Point", "coordinates" : [121.446930003095,25.169394018673]}, "properties" : {"id" : 976, "name" : "新北市淡水區油車社區發展協會", "district" : "淡水區", "zip_code" : 65000100, "address" : "新北市淡水區學府路51巷3弄10號", "tel" : null, "data_time" : "2026-05-03T08:22:28.480765+08:00"}}, {"type" : "Feature", "geometry" : {"type" : "Point", "coordinates" : [121.443431983443,25.17808999176]}, "properties" : {"id" : 977, "name" : "新北市淡水區福德里辦公處", "district" : "淡水區", "zip_code" : 65000100, "address" : "新北市淡水區大義街5號", "tel" : null, "data_time" : "2026-05-03T08:22:28.480765+08:00"}}, {"type" : "Feature", "geometry" : {"type" : "Point", "coordinates" : [121.441136012525,25.170516020232]}, "properties" : {"id" : 978, "name" : "新北市淡水區竹圍里辦公處", "district" : "淡水區", "zip_code" : 65000100, "address" : "新北市淡水區清水街160號2樓", "tel" : "(02)28096614", "data_time" : "2026-05-03T08:22:28.480765+08:00"}}, {"type" : "Feature", "geometry" : {"type" : "Point", "coordinates" : [121.439885013476,25.170180995562]}, "properties" : {"id" : 979, "name" : "新北市淡水區竿蓁里辦公處", "district" : "淡水區", "zip_code" : 65000100, "address" : "新北市淡水區中正路200號", "tel" : "(02)26221769", "data_time" : "2026-05-03T08:22:28.480765+08:00"}}, {"type" : "Feature", "geometry" : {"type" : "Point", "coordinates" : [121.4404435,25.1694686]}, "properties" : {"id" : 980, "name" : "新北市淡水區竿蓁里辦公處", "district" : "淡水區", "zip_code" : 65000100, "address" : "新北市淡水區後坑子18-1號", "tel" : "(02)26221769", "data_time" : "2026-05-03T08:22:28.480765+08:00"}}, {"type" : "Feature", "geometry" : {"type" : "Point", "coordinates" : [121.451679021796,25.228896017759]}, "properties" : {"id" : 981, "name" : "新北市淡水區興仁里辦公處", "district" : "淡水區", "zip_code" : 65000100, "address" : "新北市淡水區淡金路四段600號", "tel" : "(02)26212461", "data_time" : "2026-05-03T08:22:28.480765+08:00"}}, {"type" : "Feature", "geometry" : {"type" : "Point", "coordinates" : [121.450282009994,25.172309998969]}, "properties" : {"id" : 982, "name" : "新北市淡水區蕃薯里辦公處", "district" : "淡水區", "zip_code" : 65000100, "address" : "新北市淡水區學府路116號", "tel" : null, "data_time" : "2026-05-03T08:22:28.480765+08:00"}}, {"type" : "Feature", "geometry" : {"type" : "Point", "coordinates" : [121.441496015266,25.181503018914]}, "properties" : {"id" : 983, "name" : "新北市淡水區賢孝里辦公處", "district" : "淡水區", "zip_code" : 65000100, "address" : "新北市淡水區新春街138號", "tel" : "(02)28010288", "data_time" : "2026-05-03T08:22:28.480765+08:00"}}, {"type" : "Feature", "geometry" : {"type" : "Point", "coordinates" : [121.460995004261,25.13740398229]}, "properties" : {"id" : 984, "name" : "新北市淡水區鄧公社區發展協會", "district" : "淡水區", "zip_code" : 65000100, "address" : "新北市淡水區竹圍里民生路16巷2號2樓(竹圍市民活動中心)", "tel" : "(02)26221599", "data_time" : "2026-05-03T08:22:28.480765+08:00"}}, {"type" : "Feature", "geometry" : {"type" : "Point", "coordinates" : [121.4404435,25.1694686]}, "properties" : {"id" : 985, "name" : "新北市淡水區長庚里辦公處", "district" : "淡水區", "zip_code" : 65000100, "address" : "新北市淡水區糞箕湖25號(樹興市民活動中心)", "tel" : null, "data_time" : "2026-05-03T08:22:28.480765+08:00"}}, {"type" : "Feature", "geometry" : {"type" : "Point", "coordinates" : [121.437510001211,25.181696096054]}, "properties" : {"id" : 986, "name" : "新北市淡水義山公共托老中心", "district" : "淡水區", "zip_code" : 65000100, "address" : "新北市淡水區新春街46之1號", "tel" : "(02)26256017", "data_time" : "2026-05-03T08:22:28.480765+08:00"}}, {"type" : "Feature", "geometry" : {"type" : "Point", "coordinates" : [121.443191003726,25.17112999464]}, "properties" : {"id" : 987, "name" : "淡水清水巖", "district" : "淡水區", "zip_code" : 65000100, "address" : "新北市淡水區中山路72巷1弄10號(長庚市民活動中心)", "tel" : "(02)26212236", "data_time" : "2026-05-03T08:22:28.480765+08:00"}}, {"type" : "Feature", "geometry" : {"type" : "Point", "coordinates" : [121.439885013476,25.170180995562]}, "properties" : {"id" : 988, "name" : "淡水清水巖", "district" : "淡水區", "zip_code" : 65000100, "address" : "新北市淡水區中正路200號", "tel" : "(02)26212236", "data_time" : "2026-05-03T08:22:28.480765+08:00"}}, {"type" : "Feature", "geometry" : {"type" : "Point", "coordinates" : [121.440019962117,25.174578980158]}, "properties" : {"id" : 989, "name" : "淡水福佑宮", "district" : "淡水區", "zip_code" : 65000100, "address" : "新北市淡水區新生街108巷4號", "tel" : "(02)26211731", "data_time" : "2026-05-03T08:22:28.480765+08:00"}}, {"type" : "Feature", "geometry" : {"type" : "Point", "coordinates" : [121.451272080397,25.218091996023]}, "properties" : {"id" : 990, "name" : "淡水福佑宮", "district" : "淡水區", "zip_code" : 65000100, "address" : "新北市淡水區興仁路101巷5號", "tel" : "(02)26211731", "data_time" : "2026-05-03T08:22:28.480765+08:00"}}, {"type" : "Feature", "geometry" : {"type" : "Point", "coordinates" : [121.4404435,25.1694686]}, "properties" : {"id" : 991, "name" : "社團法人台灣愛鄰社區服務協會(崁頂站)", "district" : "淡水區", "zip_code" : 65000100, "address" : "新北市淡水區後寮6號", "tel" : "(02)26269995", "data_time" : "2026-05-03T08:22:28.480765+08:00"}}, {"type" : "Feature", "geometry" : {"type" : "Point", "coordinates" : [121.45105800659,25.164844992182]}, "properties" : {"id" : 992, "name" : "社團法人台灣愛鄰社區服務協會(幸福站)", "district" : "淡水區", "zip_code" : 65000100, "address" : "新北市淡水區中正東路一段3巷6號(竿蓁市民活動中心)", "tel" : "(02)26269995", "data_time" : "2026-05-03T08:22:28.480765+08:00"}}, {"type" : "Feature", "geometry" : {"type" : "Point", "coordinates" : [121.453768294982,25.040258395039]}, "properties" : {"id" : 993, "name" : "新北市深坑區土庫里辦公處", "district" : "深坑區", "zip_code" : 65000180, "address" : "新北市深坑區公園路59號3樓(麗林市民活動中心)", "tel" : "(02)26627777", "data_time" : "2026-05-03T08:22:28.480765+08:00"}}, {"type" : "Feature", "geometry" : {"type" : "Point", "coordinates" : [121.373755988373,25.068978986269]}, "properties" : {"id" : 994, "name" : "新北市深坑區昇高社區發展協會", "district" : "深坑區", "zip_code" : 65000180, "address" : "新北市深坑區忠孝路569巷17號(麗園市民活動中心)", "tel" : null, "data_time" : "2026-05-03T08:22:28.480765+08:00"}}, {"type" : "Feature", "geometry" : {"type" : "Point", "coordinates" : [121.618006993839,25.003615983298]}, "properties" : {"id" : 995, "name" : "新北市深坑區深坑社區發展協會", "district" : "深坑區", "zip_code" : 65000180, "address" : "新北市深坑區北深路二段87號", "tel" : null, "data_time" : "2026-05-03T08:22:28.480765+08:00"}}, {"type" : "Feature", "geometry" : {"type" : "Point", "coordinates" : [121.61685900838,25.001789985691]}, "properties" : {"id" : 996, "name" : "新北市深坑區萬順社區發展協會", "district" : "深坑區", "zip_code" : 65000180, "address" : "新北市深坑區文化街45號", "tel" : null, "data_time" : "2026-05-03T08:22:28.480765+08:00"}}, {"type" : "Feature", "geometry" : {"type" : "Point", "coordinates" : [121.634586985053,25.010022984357]}, "properties" : {"id" : 997, "name" : "新北市深坑區阿柔社區發展協會", "district" : "深坑區", "zip_code" : 65000180, "address" : "新北市深坑區北深路一段83巷8弄36號3樓(深坑第1市民活動中心)", "tel" : "(02)26647265", "data_time" : "2026-05-03T08:22:28.480765+08:00"}}, {"type" : "Feature", "geometry" : {"type" : "Point", "coordinates" : [121.614697986103,25.002515020316]}, "properties" : {"id" : 998, "name" : "新北市深坑詠靜公共托老中心", "district" : "深坑區", "zip_code" : 65000180, "address" : "新北市深坑區北深路二段166號(深坑第2市民活動中心)", "tel" : "(02)26621660", "data_time" : "2026-05-03T08:22:28.480765+08:00"}}, {"type" : "Feature", "geometry" : {"type" : "Point", "coordinates" : [121.628227163086,25.004868891139]}, "properties" : {"id" : 999, "name" : "新北市身心障礙多愛公益推廣協會", "district" : "深坑區", "zip_code" : 65000180, "address" : "新北市深坑區旺耽路25號(昇高市民活動中心)", "tel" : "(02)27331648", "data_time" : "2026-05-03T08:22:28.480765+08:00"}}, {"type" : "Feature", "geometry" : {"type" : "Point", "coordinates" : [121.6097731,24.9989378]}, "properties" : {"id" : 1000, "name" : "深坑國小", "district" : "深坑區", "zip_code" : 65000180, "address" : "新北市深坑區阿柔洋66號(阿柔市民活動中心)", "tel" : "(02)26624675", "data_time" : "2026-05-03T08:22:28.480765+08:00"}}, {"type" : "Feature", "geometry" : {"type" : "Point", "coordinates" : [121.604106026517,25.00075301854]}, "properties" : {"id" : 1001, "name" : "深坑慈聖宮", "district" : "深坑區", "zip_code" : 65000180, "address" : "新北市深坑區北深路三段107巷26號(萬順市民活動中心)", "tel" : "(02)26621515", "data_time" : "2026-05-03T08:22:28.480765+08:00"}}, {"type" : "Feature", "geometry" : {"type" : "Point", "coordinates" : [121.548059,24.8717079]}, "properties" : {"id" : 1002, "name" : "新北市烏來區溫泉社區發展協會", "district" : "烏來區", "zip_code" : 65000290, "address" : "新北市烏來區員潭路14-1號(磺潭市民活動中心)", "tel" : "(02)26616860", "data_time" : "2026-05-03T08:22:28.480765+08:00"}}, {"type" : "Feature", "geometry" : {"type" : "Point", "coordinates" : [121.548059,24.8717079]}, "properties" : {"id" : 1003, "name" : "新北市烏來區環山社區發展協會", "district" : "烏來區", "zip_code" : 65000290, "address" : "新北市烏來區忠治路76號", "tel" : "(02)26616583", "data_time" : "2026-05-03T08:22:28.480765+08:00"}}, {"type" : "Feature", "geometry" : {"type" : "Point", "coordinates" : [121.548059,24.8717079]}, "properties" : {"id" : 1004, "name" : "新北市烏來區環山社區發展協會", "district" : "烏來區", "zip_code" : 65000290, "address" : "新北市烏來區雙興里二坪1-1號", "tel" : "(02)26616583", "data_time" : "2026-05-03T08:22:28.480765+08:00"}}, {"type" : "Feature", "geometry" : {"type" : "Point", "coordinates" : [121.548541971272,24.863391981862]}, "properties" : {"id" : 1005, "name" : "新北市烏來區福山社區發展協會", "district" : "烏來區", "zip_code" : 65000290, "address" : "新北市烏來區環山路82巷3號", "tel" : "(02)26616539", "data_time" : "2026-05-03T08:22:28.480765+08:00"}}, {"type" : "Feature", "geometry" : {"type" : "Point", "coordinates" : [121.551198196388,24.863484895259]}, "properties" : {"id" : 1006, "name" : "有限責任新北市原住民溫馨照顧服務勞動合作社", "district" : "烏來區", "zip_code" : 65000290, "address" : "新北市烏來區烏來街34號1樓(新北市烏來區民代表會)", "tel" : "(02)26118120", "data_time" : "2026-05-03T08:22:28.480765+08:00"}}, {"type" : "Feature", "geometry" : {"type" : "Point", "coordinates" : [121.551198196388,24.863484895259]}, "properties" : {"id" : 1007, "name" : "財團法人台灣基督教長老教會泰雅爾中會信賢教會", "district" : "烏來區", "zip_code" : 65000290, "address" : "新北市烏來區烏來街34號3樓(新北市烏來區民代表會)", "tel" : "(02)26616189", "data_time" : "2026-05-03T08:22:28.480765+08:00"}}, {"type" : "Feature", "geometry" : {"type" : "Point", "coordinates" : [121.548059,24.8717079]}, "properties" : {"id" : 1008, "name" : "財團法人台灣基督長老教會泰雅爾中會烏來教會", "district" : "烏來區", "zip_code" : 65000290, "address" : "新北市烏來區富士坪路7-1號", "tel" : "(02)26616189", "data_time" : "2026-05-03T08:22:28.480765+08:00"}}, {"type" : "Feature", "geometry" : {"type" : "Point", "coordinates" : [121.782101512608,25.097923936478]}, "properties" : {"id" : 1009, "name" : "新北市柑松青關懷褔利協會", "district" : "瑞芳區", "zip_code" : 65000120, "address" : "新北市瑞芳區大寮路49巷5之2號", "tel" : null, "data_time" : "2026-05-03T08:22:28.480765+08:00"}}, {"type" : "Feature", "geometry" : {"type" : "Point", "coordinates" : [121.808939036824,25.107796208518]}, "properties" : {"id" : 1010, "name" : "新北市瑞芳區保安宮", "district" : "瑞芳區", "zip_code" : 65000120, "address" : "新北市瑞芳區明燈路三段2號2樓(瑞龍市民活動中心)", "tel" : null, "data_time" : "2026-05-03T08:22:28.480765+08:00"}}, {"type" : "Feature", "geometry" : {"type" : "Point", "coordinates" : [121.764391987475,25.10140898875]}, "properties" : {"id" : 1011, "name" : "新北市瑞芳區傑魚社區發展協會", "district" : "瑞芳區", "zip_code" : 65000120, "address" : "新北市瑞芳區大埔路23巷20-1號(吉安市民活動中心)", "tel" : "(02)24973228", "data_time" : "2026-05-03T08:22:28.480765+08:00"}}, {"type" : "Feature", "geometry" : {"type" : "Point", "coordinates" : [121.820494831456,25.1209941018]}, "properties" : {"id" : 1012, "name" : "新北市瑞芳區傑魚里辦公處", "district" : "瑞芳區", "zip_code" : 65000120, "address" : "新北市瑞芳區建基路一段4之2號(瑞濱市民活動中心)", "tel" : "(02)24973228", "data_time" : "2026-05-03T08:22:28.480765+08:00"}}, {"type" : "Feature", "geometry" : {"type" : "Point", "coordinates" : [121.818536986512,25.105218982839]}, "properties" : {"id" : 1013, "name" : "新北市瑞芳區光復里辦公處", "district" : "瑞芳區", "zip_code" : 65000120, "address" : "新北市瑞芳區三爪子坑路309之2號", "tel" : "(02)24975341", "data_time" : "2026-05-03T08:22:28.480765+08:00"}}, {"type" : "Feature", "geometry" : {"type" : "Point", "coordinates" : [121.804722017518,25.111357008625]}, "properties" : {"id" : 1014, "name" : "新北市瑞芳區南雅里辦公處", "district" : "瑞芳區", "zip_code" : 65000120, "address" : "新北市瑞芳區逢甲路274-2號(龍山市民活動中心)", "tel" : "(02)24911369", "data_time" : "2026-05-03T08:22:28.480765+08:00"}}, {"type" : "Feature", "geometry" : {"type" : "Point", "coordinates" : [121.801430761606,25.110832946461]}, "properties" : {"id" : 1015, "name" : "新北市瑞芳區吉安里辦公處", "district" : "瑞芳區", "zip_code" : 65000120, "address" : "新北市瑞芳區瑞芳街112巷7號(龍安市民活動中心)", "tel" : "(02)24586316", "data_time" : "2026-05-03T08:22:28.480765+08:00"}}, {"type" : "Feature", "geometry" : {"type" : "Point", "coordinates" : [121.8098925,25.1088197]}, "properties" : {"id" : 1016, "name" : "新北市瑞芳區吉慶里辦公處", "district" : "瑞芳區", "zip_code" : 65000120, "address" : "新北市瑞芳區傑魚坑路195號\n新北市瑞芳區傑魚坑路245巷之2號(傑魚市民活動中心)", "tel" : null, "data_time" : "2026-05-03T08:22:28.480765+08:00"}}, {"type" : "Feature", "geometry" : {"type" : "Point", "coordinates" : [121.866446268683,25.118822392597]}, "properties" : {"id" : 1017, "name" : "新北市瑞芳區基山里辦公處", "district" : "瑞芳區", "zip_code" : 65000120, "address" : "新北市瑞芳區長仁路50之3號(長仁市民活動中心)", "tel" : null, "data_time" : "2026-05-03T08:22:28.480765+08:00"}}, {"type" : "Feature", "geometry" : {"type" : "Point", "coordinates" : [121.817896022377,25.129706000504]}, "properties" : {"id" : 1018, "name" : "新北市瑞芳區弓橋社區發展協會", "district" : "瑞芳區", "zip_code" : 65000120, "address" : "新北市瑞芳區深澳路67之1號(深奧市民活動中心)", "tel" : null, "data_time" : "2026-05-03T08:22:28.480765+08:00"}}, {"type" : "Feature", "geometry" : {"type" : "Point", "coordinates" : [121.672060965408,25.069252990684]}, "properties" : {"id" : 1019, "name" : "新北市瑞芳區慶平社區發展協會", "district" : "瑞芳區", "zip_code" : 65000120, "address" : "新北市瑞芳區茄苳路225巷35號1樓、3樓(茄苳市民活動中心)", "tel" : "(02)20214000", "data_time" : "2026-05-03T08:22:28.480765+08:00"}}, {"type" : "Feature", "geometry" : {"type" : "Point", "coordinates" : [121.844406976292,25.107805009516]}, "properties" : {"id" : 1020, "name" : "新北市瑞芳區新山里辦公處", "district" : "瑞芳區", "zip_code" : 65000120, "address" : "新北市瑞芳區街頂巷56之1號(長樂市民活動中心)", "tel" : null, "data_time" : "2026-05-03T08:22:28.480765+08:00"}}, {"type" : "Feature", "geometry" : {"type" : "Point", "coordinates" : [121.8098925,25.1088197]}, "properties" : {"id" : 1021, "name" : "新北市瑞芳區新峰社區發展協會", "district" : "瑞芳區", "zip_code" : 65000120, "address" : "新北市瑞芳區傑魚坑路245巷之2號(傑魚市民活動中心)", "tel" : null, "data_time" : "2026-05-03T08:22:28.480765+08:00"}}, {"type" : "Feature", "geometry" : {"type" : "Point", "coordinates" : [121.804422867393,25.10804879717]}, "properties" : {"id" : 1022, "name" : "新北市瑞芳區東和里辦公處", "district" : "瑞芳區", "zip_code" : 65000120, "address" : "新北市瑞芳區中山路2號(瑞芳國小)", "tel" : "(02)24972704", "data_time" : "2026-05-03T08:22:28.480765+08:00"}}, {"type" : "Feature", "geometry" : {"type" : "Point", "coordinates" : [121.808939036824,25.107796208518]}, "properties" : {"id" : 1023, "name" : "新北市瑞芳區柑坪社區發展協會", "district" : "瑞芳區", "zip_code" : 65000120, "address" : "新北市瑞芳區明燈路三段2號3樓(瑞龍市民活動中心)", "tel" : null, "data_time" : "2026-05-03T08:22:28.480765+08:00"}}, {"type" : "Feature", "geometry" : {"type" : "Point", "coordinates" : [121.851409972576,25.106919000441]}, "properties" : {"id" : 1024, "name" : "新北市瑞芳區永慶里辦公處", "district" : "瑞芳區", "zip_code" : 65000120, "address" : "新北市瑞芳區金光路241-1號(新山市民活動中心)", "tel" : "(02)24976403", "data_time" : "2026-05-03T08:22:28.480765+08:00"}}, {"type" : "Feature", "geometry" : {"type" : "Point", "coordinates" : [121.804722017518,25.111357008625]}, "properties" : {"id" : 1025, "name" : "新北市瑞芳區海濱社區發展協會", "district" : "瑞芳區", "zip_code" : 65000120, "address" : "新北市瑞芳區逢甲路274-2號(龍山市民活動中心)", "tel" : "(02)24971620", "data_time" : "2026-05-03T08:22:28.480765+08:00"}}, {"type" : "Feature", "geometry" : {"type" : "Point", "coordinates" : [121.860967689129,25.122237305679]}, "properties" : {"id" : 1026, "name" : "新北市瑞芳區濂新社區發展協會", "district" : "瑞芳區", "zip_code" : 65000120, "address" : "新北市瑞芳區洞頂路235之1號(濂洞市民活動中心)", "tel" : null, "data_time" : "2026-05-03T08:22:28.480765+08:00"}}, {"type" : "Feature", "geometry" : {"type" : "Point", "coordinates" : [121.818508572183,25.107510099843]}, "properties" : {"id" : 1027, "name" : "新北市瑞芳區爪峰社區發展協會", "district" : "瑞芳區", "zip_code" : 65000120, "address" : "新北市瑞芳區明燈路一段201巷93號", "tel" : null, "data_time" : "2026-05-03T08:22:28.480765+08:00"}}, {"type" : "Feature", "geometry" : {"type" : "Point", "coordinates" : [121.65367802682,25.06290101682]}, "properties" : {"id" : 1028, "name" : "新北市瑞芳區猴硐社區發展協會", "district" : "瑞芳區", "zip_code" : 65000120, "address" : "新北市瑞芳區連興街114號2樓", "tel" : null, "data_time" : "2026-05-03T08:22:28.480765+08:00"}}, {"type" : "Feature", "geometry" : {"type" : "Point", "coordinates" : [121.80359297516,25.108293003919]}, "properties" : {"id" : 1029, "name" : "新北市瑞芳區瑞濱里辦公處", "district" : "瑞芳區", "zip_code" : 65000120, "address" : "新北市瑞芳區一坑路70-7號、8號(龍川市民活動中心)", "tel" : "(02)24966599", "data_time" : "2026-05-03T08:22:28.480765+08:00"}}, {"type" : "Feature", "geometry" : {"type" : "Point", "coordinates" : [121.846471019949,25.106879982681]}, "properties" : {"id" : 1030, "name" : "新北市瑞芳區瓜山里辦公處", "district" : "瑞芳區", "zip_code" : 65000120, "address" : "新北市瑞芳區崙頂路2之3號(永慶市民活動中心)", "tel" : "(02)24961283", "data_time" : "2026-05-03T08:22:28.480765+08:00"}}, {"type" : "Feature", "geometry" : {"type" : "Point", "coordinates" : [121.859150911616,25.10975589748]}, "properties" : {"id" : 1031, "name" : "新北市瑞芳區石山里辦公處", "district" : "瑞芳區", "zip_code" : 65000120, "address" : "新北市瑞芳區祈堂路74-1號(金瓜石文化館)", "tel" : "(02)24962675", "data_time" : "2026-05-03T08:22:28.480765+08:00"}}, {"type" : "Feature", "geometry" : {"type" : "Point", "coordinates" : [121.855050287656,25.106459488462]}, "properties" : {"id" : 1032, "name" : "新北市瑞芳區碧雲宮", "district" : "瑞芳區", "zip_code" : 65000120, "address" : "新北市瑞芳區金光路117-2號(瓜山社區發展協會圖書室)", "tel" : null, "data_time" : "2026-05-03T08:22:28.480765+08:00"}}, {"type" : "Feature", "geometry" : {"type" : "Point", "coordinates" : [121.84189998023,25.106800816183]}, "properties" : {"id" : 1033, "name" : "新北市瑞芳區碩仁里辦公處", "district" : "瑞芳區", "zip_code" : 65000120, "address" : "新北市瑞芳區佛堂巷7號(福住市民活動中心)", "tel" : "(02)24061650", "data_time" : "2026-05-03T08:22:28.480765+08:00"}}, {"type" : "Feature", "geometry" : {"type" : "Point", "coordinates" : [121.845382965098,25.110395981516]}, "properties" : {"id" : 1034, "name" : "新北市瑞芳區福住里辦公處", "district" : "瑞芳區", "zip_code" : 65000120, "address" : "新北市瑞芳區輕便路194號(基山市民活動中心)", "tel" : "(02)24970372", "data_time" : "2026-05-03T08:22:28.480765+08:00"}}, {"type" : "Feature", "geometry" : {"type" : "Point", "coordinates" : [121.807572116054,25.106141411283]}, "properties" : {"id" : 1035, "name" : "新北市瑞芳區老人會", "district" : "瑞芳區", "zip_code" : 65000120, "address" : "新北市瑞芳區民權街10號(龍興市民活動中心)", "tel" : "(02)24972250", "data_time" : "2026-05-03T08:22:28.480765+08:00"}}, {"type" : "Feature", "geometry" : {"type" : "Point", "coordinates" : [121.827733784165,25.087540452692]}, "properties" : {"id" : 1036, "name" : "新北市瑞芳區長樂社區發展協會", "district" : "瑞芳區", "zip_code" : 65000120, "address" : "新北市瑞芳區柴寮路309號(光復里活動中心)", "tel" : "(02)24972179", "data_time" : "2026-05-03T08:22:28.480765+08:00"}}, {"type" : "Feature", "geometry" : {"type" : "Point", "coordinates" : [121.829813831407,25.119818288423]}, "properties" : {"id" : 1037, "name" : "新北市瑞芳區鼻頭社區發展協會", "district" : "瑞芳區", "zip_code" : 65000120, "address" : "新北市瑞芳區海濱二路68-1號(海濱集會所)", "tel" : null, "data_time" : "2026-05-03T08:22:28.480765+08:00"}}, {"type" : "Feature", "geometry" : {"type" : "Point", "coordinates" : [121.810210990631,25.106499989101]}, "properties" : {"id" : 1038, "name" : "新北市瑞芳區龍安里辦公處", "district" : "瑞芳區", "zip_code" : 65000120, "address" : "新北市瑞芳區三爪子坑路18號", "tel" : null, "data_time" : "2026-05-03T08:22:28.480765+08:00"}}, {"type" : "Feature", "geometry" : {"type" : "Point", "coordinates" : [121.8098925,25.1088197]}, "properties" : {"id" : 1039, "name" : "新北市瑞芳區龍山里辦公處", "district" : "瑞芳區", "zip_code" : 65000120, "address" : "新北市瑞芳區猴硐里猴硐路55號(猴硐介壽堂)", "tel" : null, "data_time" : "2026-05-03T08:22:28.480765+08:00"}}, {"type" : "Feature", "geometry" : {"type" : "Point", "coordinates" : [121.812288410854,25.106205950529]}, "properties" : {"id" : 1040, "name" : "新北市瑞芳區龍川社區發展協會", "district" : "瑞芳區", "zip_code" : 65000120, "address" : "新北市瑞芳區三爪子坑路279之1號(爪峰市民活動中心)", "tel" : null, "data_time" : "2026-05-03T08:22:28.480765+08:00"}}, {"type" : "Feature", "geometry" : {"type" : "Point", "coordinates" : [121.825610977516,25.083039000203]}, "properties" : {"id" : 1041, "name" : "新北市瑞芳區龍潭社區發展協會", "district" : "瑞芳區", "zip_code" : 65000120, "address" : "新北市瑞芳區侯硐路25號(猴硐市民活動中心)", "tel" : "(02)24970512", "data_time" : "2026-05-03T08:22:28.480765+08:00"}}, {"type" : "Feature", "geometry" : {"type" : "Point", "coordinates" : [121.806597300715,25.109546098443]}, "properties" : {"id" : 1042, "name" : "新北市瑞芳區龍興社區發展協會", "district" : "瑞芳區", "zip_code" : 65000120, "address" : "新北市瑞芳區瑞芳街23號(三里市民活動中心)", "tel" : null, "data_time" : "2026-05-03T08:22:28.480765+08:00"}}, {"type" : "Feature", "geometry" : {"type" : "Point", "coordinates" : [121.827733784165,25.087540452692]}, "properties" : {"id" : 1043, "name" : "新北市瑞芳區龍鎮里辦公處", "district" : "瑞芳區", "zip_code" : 65000120, "address" : "新北市瑞芳區柴寮路309號(光復市民活動中心)", "tel" : null, "data_time" : "2026-05-03T08:22:28.480765+08:00"}}, {"type" : "Feature", "geometry" : {"type" : "Point", "coordinates" : [121.844030964116,25.110385001223]}, "properties" : {"id" : 1044, "name" : "瑞芳國小", "district" : "瑞芳區", "zip_code" : 65000120, "address" : "新北市瑞芳區坑尾巷28號之1(慶平市民活動中心)", "tel" : "(02)24972058", "data_time" : "2026-05-03T08:22:28.480765+08:00"}}, {"type" : "Feature", "geometry" : {"type" : "Point", "coordinates" : [121.823256668552,25.107122890235]}, "properties" : {"id" : 1045, "name" : "社團法人愛福家協會(瑞芳站)", "district" : "瑞芳區", "zip_code" : 65000120, "address" : "新北市瑞芳區明燈路一段17-1號(柑坪市民活動中心)", "tel" : "(02)24967130", "data_time" : "2026-05-03T08:22:28.480765+08:00"}}, {"type" : "Feature", "geometry" : {"type" : "Point", "coordinates" : [121.855357934777,25.110632620917]}, "properties" : {"id" : 1046, "name" : "臺灣金仔山愛鄉協會", "district" : "瑞芳區", "zip_code" : 65000120, "address" : "新北市瑞芳區五號路170號(石山市民活動中心)", "tel" : "(02)24961009", "data_time" : "2026-05-03T08:22:28.480765+08:00"}}, {"type" : "Feature", "geometry" : {"type" : "Point", "coordinates" : [121.804286493829,25.106376481758]}, "properties" : {"id" : 1047, "name" : "財團法人私立廣恩老人養護中心(瑞芳明燈站)", "district" : "瑞芳區", "zip_code" : 65000120, "address" : "新北市瑞芳區中山路55號\n新北市瑞芳區中山路20號(東和市民活動中心 )", "tel" : "(02)24063888", "data_time" : "2026-05-03T08:22:28.480765+08:00"}}, {"type" : "Feature", "geometry" : {"type" : "Point", "coordinates" : [121.76382101223,25.10303998138]}, "properties" : {"id" : 1048, "name" : "金瓜石勸濟堂", "district" : "瑞芳區", "zip_code" : 65000120, "address" : "新北市瑞芳區瑞竹路91號", "tel" : "(02)24961273", "data_time" : "2026-05-03T08:22:28.480765+08:00"}}, {"type" : "Feature", "geometry" : {"type" : "Point", "coordinates" : [121.641723588874,25.011662400799]}, "properties" : {"id" : 1049, "name" : "新北市石碇區光明社區發展協會", "district" : "石碇區", "zip_code" : 65000190, "address" : "新北市石碇區靜安路一段5號", "tel" : "(02)26632070", "data_time" : "2026-05-03T08:22:28.480765+08:00"}}, {"type" : "Feature", "geometry" : {"type" : "Point", "coordinates" : [121.684445991686,24.976457018511]}, "properties" : {"id" : 1050, "name" : "新北市石碇區光明里辦公處", "district" : "石碇區", "zip_code" : 65000190, "address" : "新北市石碇區碇坪路二段28號(豐田里民活動中心)", "tel" : "(02)26638182", "data_time" : "2026-05-03T08:22:28.480765+08:00"}}, {"type" : "Feature", "geometry" : {"type" : "Point", "coordinates" : [121.629088959484,24.954214009901]}, "properties" : {"id" : 1051, "name" : "新北市石碇區彭山里辦公處", "district" : "石碇區", "zip_code" : 65000190, "address" : "新北市石碇區北宜路五段3號(格頭市民活動中心)", "tel" : "(02)26631028", "data_time" : "2026-05-03T08:22:28.480765+08:00"}}, {"type" : "Feature", "geometry" : {"type" : "Point", "coordinates" : [121.655169,24.976707]}, "properties" : {"id" : 1052, "name" : "新北市石碇區格頭里辦公處", "district" : "石碇區", "zip_code" : 65000190, "address" : "新北市石碇區烏塗窟23之1號(烏塗市民活動中心)", "tel" : "(02)26651723", "data_time" : "2026-05-03T08:22:28.480765+08:00"}}, {"type" : "Feature", "geometry" : {"type" : "Point", "coordinates" : [121.658955524517,24.990263192444]}, "properties" : {"id" : 1053, "name" : "新北市石碇區永安里辦公處", "district" : "石碇區", "zip_code" : 65000190, "address" : "新北市石碇區石碇西街15號", "tel" : "(02)26651786", "data_time" : "2026-05-03T08:22:28.480765+08:00"}}, {"type" : "Feature", "geometry" : {"type" : "Point", "coordinates" : [121.67264250185,25.008039113604]}, "properties" : {"id" : 1054, "name" : "新北市石碇區永定里辦公處", "district" : "石碇區", "zip_code" : 65000190, "address" : "新北市石碇區靜安路一段183號(中民市民活動中心)", "tel" : null, "data_time" : "2026-05-03T08:22:28.480765+08:00"}}, {"type" : "Feature", "geometry" : {"type" : "Point", "coordinates" : [121.679887986593,25.031542012017]}, "properties" : {"id" : 1055, "name" : "新北市石碇區潭邊里辦公處", "district" : "石碇區", "zip_code" : 65000190, "address" : "新北市石碇區光明路12-1號(光明市民活動中心)", "tel" : "(02)26631217", "data_time" : "2026-05-03T08:22:28.480765+08:00"}}, {"type" : "Feature", "geometry" : {"type" : "Point", "coordinates" : [121.623542989429,25.005703999198]}, "properties" : {"id" : 1056, "name" : "新北市石碇區烏塗社區發展協會", "district" : "石碇區", "zip_code" : 65000190, "address" : "新北市石碇區北深路一段300號", "tel" : "(02)26632663", "data_time" : "2026-05-03T08:22:28.480765+08:00"}}, {"type" : "Feature", "geometry" : {"type" : "Point", "coordinates" : [121.657961,24.9915339]}, "properties" : {"id" : 1057, "name" : "新北市石碇區石碇國小", "district" : "石碇區", "zip_code" : 65000190, "address" : "新北市石碇區崩山路33之3號", "tel" : "(02)26631244", "data_time" : "2026-05-03T08:22:28.480765+08:00"}}, {"type" : "Feature", "geometry" : {"type" : "Point", "coordinates" : [121.658465015543,24.937730997306]}, "properties" : {"id" : 1058, "name" : "新北市石碇區老人會", "district" : "石碇區", "zip_code" : 65000190, "address" : "新北市石碇區北宜路六段小金瓜寮巷2-1號", "tel" : "(02)26632116", "data_time" : "2026-05-03T08:22:28.480765+08:00"}}, {"type" : "Feature", "geometry" : {"type" : "Point", "coordinates" : [121.605474372211,25.001728881617]}, "properties" : {"id" : 1059, "name" : "新北市石碇區豐田里辦公處", "district" : "石碇區", "zip_code" : 65000190, "address" : "新北市石碇區北深路三段105號1樓", "tel" : "(02)29395196", "data_time" : "2026-05-03T08:22:28.480765+08:00"}}, {"type" : "Feature", "geometry" : {"type" : "Point", "coordinates" : [121.658214983371,24.991515993602]}, "properties" : {"id" : 1060, "name" : "新北市石碇區隆盛里辦公處", "district" : "石碇區", "zip_code" : 65000190, "address" : "新北市石碇區碇坪路一段39號1樓(潭邊市民活動中心)", "tel" : "(02)26632113", "data_time" : "2026-05-03T08:22:28.480765+08:00"}}, {"type" : "Feature", "geometry" : {"type" : "Point", "coordinates" : [121.698690020339,25.014665008064]}, "properties" : {"id" : 1061, "name" : "財團法人老五老基金會(新北市石碇楓子林公共托老中心)", "district" : "石碇區", "zip_code" : 65000190, "address" : "新北市石碇區靜安路一段337號", "tel" : "(02)26632885", "data_time" : "2026-05-03T08:22:28.480765+08:00"}}, {"type" : "Feature", "geometry" : {"type" : "Point", "coordinates" : [121.50344196777,25.256862992075]}, "properties" : {"id" : 1062, "name" : "新北市石門區乾華里辦公處", "district" : "石門區", "zip_code" : 65000220, "address" : "新北市石門區智成街18號", "tel" : "(02)26381721", "data_time" : "2026-05-03T08:22:28.480765+08:00"}}, {"type" : "Feature", "geometry" : {"type" : "Point", "coordinates" : [121.556546,25.282976]}, "properties" : {"id" : 1063, "name" : "新北市石門區富基里辦公處", "district" : "石門區", "zip_code" : 65000220, "address" : "新北市石門區老崩山6-5號(山溪市民活動中心)", "tel" : "(02)26381721", "data_time" : "2026-05-03T08:22:28.480765+08:00"}}, {"type" : "Feature", "geometry" : {"type" : "Point", "coordinates" : [121.5678418,25.2912319]}, "properties" : {"id" : 1064, "name" : "新北市石門區尖鹿里辦公處", "district" : "石門區", "zip_code" : 65000220, "address" : "新北市石門區公地44號(老人休閒活動中心)", "tel" : "(02)26381721", "data_time" : "2026-05-03T08:22:28.480765+08:00"}}, {"type" : "Feature", "geometry" : {"type" : "Point", "coordinates" : [121.501634997084,25.25787799864]}, "properties" : {"id" : 1065, "name" : "新北市石門區嵩山社區發展協會", "district" : "石門區", "zip_code" : 65000220, "address" : "新北市石門區育英街22號", "tel" : "(02)26382012", "data_time" : "2026-05-03T08:22:28.480765+08:00"}}, {"type" : "Feature", "geometry" : {"type" : "Point", "coordinates" : [121.545194993515,25.289433014248]}, "properties" : {"id" : 1066, "name" : "新北市石門區德茂里辦公處", "district" : "石門區", "zip_code" : 65000220, "address" : "新北市石門區老梅路43號(老梅市民活動中心)", "tel" : "(02)26381721", "data_time" : "2026-05-03T08:22:28.480765+08:00"}}, {"type" : "Feature", "geometry" : {"type" : "Point", "coordinates" : [121.587121,25.278764]}, "properties" : {"id" : 1067, "name" : "新北市石門區石門里辦公處", "district" : "石門區", "zip_code" : 65000220, "address" : "新北市石門區茂林里社區1之1號(茂林市民活動中心)", "tel" : "(02)26381721", "data_time" : "2026-05-03T08:22:28.480765+08:00"}}, {"type" : "Feature", "geometry" : {"type" : "Point", "coordinates" : [121.5678418,25.2912319]}, "properties" : {"id" : 1068, "name" : "新北市石門區老梅社區發展協會", "district" : "石門區", "zip_code" : 65000220, "address" : "新北市石門區公地44號(老人休閒活動中心)", "tel" : null, "data_time" : "2026-05-03T08:22:28.480765+08:00"}}, {"type" : "Feature", "geometry" : {"type" : "Point", "coordinates" : [121.587121,25.278764]}, "properties" : {"id" : 1069, "name" : "新北市石門區茂林里辦公處", "district" : "石門區", "zip_code" : 65000220, "address" : "新北市石門區茂林里社區1之1號(茂林市民活動中心)", "tel" : "(02)26381721", "data_time" : "2026-05-03T08:22:28.480765+08:00"}}, {"type" : "Feature", "geometry" : {"type" : "Point", "coordinates" : [121.566841677561,25.292022016501]}, "properties" : {"id" : 1070, "name" : "新北市石門區草里里辦公處", "district" : "石門區", "zip_code" : 65000220, "address" : "新北市石門區中央路9-3號(尖鹿市民活動中心)", "tel" : "(02)26381721", "data_time" : "2026-05-03T08:22:28.480765+08:00"}}, {"type" : "Feature", "geometry" : {"type" : "Point", "coordinates" : [121.540412573057,25.28926321433]}, "properties" : {"id" : 1071, "name" : "石門區老人會", "district" : "石門區", "zip_code" : 65000220, "address" : "新北市石門區楓林路37-6號(富基市民活動中心)", "tel" : "(02)26383046", "data_time" : "2026-05-03T08:22:28.480765+08:00"}}, {"type" : "Feature", "geometry" : {"type" : "Point", "coordinates" : [121.636150964366,25.223393004957]}, "properties" : {"id" : 1072, "name" : "新北市快樂姊妹花關懷協會", "district" : "萬里區", "zip_code" : 65000280, "address" : "新北市萬里區中山路236號2樓(美田市民活動中心)", "tel" : "(02)24927080", "data_time" : "2026-05-03T08:22:28.480765+08:00"}}, {"type" : "Feature", "geometry" : {"type" : "Point", "coordinates" : [121.658547707489,25.208398773926]}, "properties" : {"id" : 1073, "name" : "新北市社區工作者協會(萬里站)", "district" : "萬里區", "zip_code" : 65000280, "address" : "新北市萬里區頂社路18-6號(頂寮市民活動中心)", "tel" : "(02)29534297", "data_time" : "2026-05-03T08:22:28.480765+08:00"}}, {"type" : "Feature", "geometry" : {"type" : "Point", "coordinates" : [121.689489205223,25.179446812337]}, "properties" : {"id" : 1074, "name" : "新北市立仁愛之家", "district" : "萬里區", "zip_code" : 65000280, "address" : "新北市萬里區瑪鋉路261號2樓(老人會活動中心)", "tel" : "(02)24922511", "data_time" : "2026-05-03T08:22:28.480765+08:00"}}, {"type" : "Feature", "geometry" : {"type" : "Point", "coordinates" : [121.646678658872,25.213539044358]}, "properties" : {"id" : 1075, "name" : "新北市萬里區中幅社區發展協會", "district" : "萬里區", "zip_code" : 65000280, "address" : "新北市萬里區加投路153-1號(加投市民活動中心)", "tel" : "(02)24922081", "data_time" : "2026-05-03T08:22:28.480765+08:00"}}, {"type" : "Feature", "geometry" : {"type" : "Point", "coordinates" : [121.636111988517,25.222929988626]}, "properties" : {"id" : 1076, "name" : "新北市萬里區加投社區發展協會", "district" : "萬里區", "zip_code" : 65000280, "address" : "新北市萬里區中山路277號3樓(新北市金山區公所閒置辦公場域)", "tel" : "(02)24981516", "data_time" : "2026-05-03T08:22:28.480765+08:00"}}, {"type" : "Feature", "geometry" : {"type" : "Point", "coordinates" : [121.6894295,25.1780809]}, "properties" : {"id" : 1077, "name" : "新北市萬里區北基社區發展協會", "district" : "萬里區", "zip_code" : 65000280, "address" : "新北市萬里區下社33-2號(加頭社區下社老人活動中心)", "tel" : "(02)24924758", "data_time" : "2026-05-03T08:22:28.480765+08:00"}}, {"type" : "Feature", "geometry" : {"type" : "Point", "coordinates" : [121.454169729922,24.89523500217]}, "properties" : {"id" : 1078, "name" : "新北市萬里區崁脚里辦公處", "district" : "萬里區", "zip_code" : 65000280, "address" : "新北市萬里區中福路112之1號(中幅市民活動中心)", "tel" : "(02)24923392", "data_time" : "2026-05-03T08:22:28.480765+08:00"}}, {"type" : "Feature", "geometry" : {"type" : "Point", "coordinates" : [121.681258,25.189296]}, "properties" : {"id" : 1079, "name" : "新北市萬里區溪底里辦公處", "district" : "萬里區", "zip_code" : 65000280, "address" : "新北市萬里區玉田61號", "tel" : "(02)22826423", "data_time" : "2026-05-03T08:22:28.480765+08:00"}}, {"type" : "Feature", "geometry" : {"type" : "Point", "coordinates" : [121.689661034238,25.179791518105]}, "properties" : {"id" : 1080, "name" : "新北市萬里區磺潭社區發展協會", "district" : "萬里區", "zip_code" : 65000280, "address" : "新北市萬里區瑪鋉路221號3樓(商業文教綜合大樓)", "tel" : "(02)24982816", "data_time" : "2026-05-03T08:22:28.480765+08:00"}}, {"type" : "Feature", "geometry" : {"type" : "Point", "coordinates" : [121.683194982672,25.176061990287]}, "properties" : {"id" : 1081, "name" : "新北市萬里區老人會", "district" : "萬里區", "zip_code" : 65000280, "address" : "新北市萬里區孝六街5號", "tel" : "(02)24923737", "data_time" : "2026-05-03T08:22:28.480765+08:00"}}, {"type" : "Feature", "geometry" : {"type" : "Point", "coordinates" : [121.649451,25.159078]}, "properties" : {"id" : 1082, "name" : "新北市萬里區萬里社區發展協會", "district" : "萬里區", "zip_code" : 65000280, "address" : "新北市萬里區崁腳路55號之1(崁腳市民活動中心)", "tel" : "(02)24924758", "data_time" : "2026-05-03T08:22:28.480765+08:00"}}, {"type" : "Feature", "geometry" : {"type" : "Point", "coordinates" : [121.683783979008,25.17626600581]}, "properties" : {"id" : 1083, "name" : "新北市萬里區野柳國民小學", "district" : "萬里區", "zip_code" : 65000280, "address" : "新北市萬里區孝五街4號地下室", "tel" : "(02)24922512", "data_time" : "2026-05-03T08:22:28.480765+08:00"}}, {"type" : "Feature", "geometry" : {"type" : "Point", "coordinates" : [121.689661034238,25.179791518105]}, "properties" : {"id" : 1084, "name" : "新北市萬里區雙興里辦公處", "district" : "萬里區", "zip_code" : 65000280, "address" : "新北市萬里區瑪鋉路221號3樓(商業文教綜合大樓)", "tel" : "(02)24929299", "data_time" : "2026-05-03T08:22:28.480765+08:00"}}, {"type" : "Feature", "geometry" : {"type" : "Point", "coordinates" : [121.6894295,25.1780809]}, "properties" : {"id" : 1085, "name" : "新北市萬里區頂寮社區發展協會", "district" : "萬里區", "zip_code" : 65000280, "address" : "新北市萬里區南勢27號(五南市民活動中心)", "tel" : "(02)24981951", "data_time" : "2026-05-03T08:22:28.480765+08:00"}}, {"type" : "Feature", "geometry" : {"type" : "Point", "coordinates" : [121.689486774471,25.205606899786]}, "properties" : {"id" : 1086, "name" : "財團法人介惠社會福利慈善基金會(萬里瑪鋉公共托老中心)", "district" : "萬里區", "zip_code" : 65000280, "address" : "新北市萬里區港東路167號", "tel" : "(02)24928312", "data_time" : "2026-05-03T08:22:28.480765+08:00"}}, {"type" : "Feature", "geometry" : {"type" : "Point", "coordinates" : [121.383283027161,24.947386991674]}, "properties" : {"id" : 1087, "name" : "功學社銀髮俱樂部", "district" : "蘆洲區", "zip_code" : 65000140, "address" : "新北市蘆洲區學士路100號(明德市民活動中心 )", "tel" : "(02)22825151", "data_time" : "2026-05-03T08:22:28.480765+08:00"}}, {"type" : "Feature", "geometry" : {"type" : "Point", "coordinates" : [121.461941991682,25.080692989324]}, "properties" : {"id" : 1088, "name" : "新北市蘆洲區九芎里辦公處", "district" : "蘆洲區", "zip_code" : 65000140, "address" : "新北市蘆洲區長安街96號4樓(長安市民活動中心)", "tel" : "(02)28477418", "data_time" : "2026-05-03T08:22:28.480765+08:00"}}, {"type" : "Feature", "geometry" : {"type" : "Point", "coordinates" : [121.470990507617,25.081188695077]}, "properties" : {"id" : 1089, "name" : "新北市蘆洲區仁復社區發展協會", "district" : "蘆洲區", "zip_code" : 65000140, "address" : "新北市蘆洲區中山二路162號2樓", "tel" : "(02)22826399", "data_time" : "2026-05-03T08:22:28.480765+08:00"}}, {"type" : "Feature", "geometry" : {"type" : "Point", "coordinates" : [121.457172018223,25.082553017457]}, "properties" : {"id" : 1090, "name" : "新北市蘆洲區仁復社區發展協會", "district" : "蘆洲區", "zip_code" : 65000140, "address" : "新北市蘆洲區永安南路二段314號", "tel" : "(02)22826399", "data_time" : "2026-05-03T08:22:28.480765+08:00"}}, {"type" : "Feature", "geometry" : {"type" : "Point", "coordinates" : [121.467520986436,25.082036985588]}, "properties" : {"id" : 1091, "name" : "新北市蘆洲區仁愛里辦公處", "district" : "蘆洲區", "zip_code" : 65000140, "address" : "新北市蘆洲區光華路107巷11號", "tel" : "(02)28477885", "data_time" : "2026-05-03T08:22:28.480765+08:00"}}, {"type" : "Feature", "geometry" : {"type" : "Point", "coordinates" : [121.471279096543,25.091017314741]}, "properties" : {"id" : 1092, "name" : "新北市蘆洲區仁義里辦公處", "district" : "蘆洲區", "zip_code" : 65000140, "address" : "新北市蘆洲區民權路143號", "tel" : "(02)22891048", "data_time" : "2026-05-03T08:22:28.480765+08:00"}}, {"type" : "Feature", "geometry" : {"type" : "Point", "coordinates" : [121.471279096543,25.091017314741]}, "properties" : {"id" : 1093, "name" : "新北市蘆洲區保佑社區發展協會", "district" : "蘆洲區", "zip_code" : 65000140, "address" : "新北市蘆洲區民權路143號", "tel" : "(02)28487904", "data_time" : "2026-05-03T08:22:28.480765+08:00"}}, {"type" : "Feature", "geometry" : {"type" : "Point", "coordinates" : [121.461941991682,25.080692989324]}, "properties" : {"id" : 1094, "name" : "新北市蘆洲區保和里辦公處", "district" : "蘆洲區", "zip_code" : 65000140, "address" : "新北市蘆洲區長安街96號4樓(長安市民活動中心)", "tel" : "(02)22829598", "data_time" : "2026-05-03T08:22:28.480765+08:00"}}, {"type" : "Feature", "geometry" : {"type" : "Point", "coordinates" : [121.467846707193,25.088618288324]}, "properties" : {"id" : 1095, "name" : "新北市蘆洲區保新里辦公處", "district" : "蘆洲區", "zip_code" : 65000140, "address" : "新北市蘆洲區中正路192巷8號", "tel" : "(02)82821217", "data_time" : "2026-05-03T08:22:28.480765+08:00"}}, {"type" : "Feature", "geometry" : {"type" : "Point", "coordinates" : [121.462967014621,25.094310019675]}, "properties" : {"id" : 1096, "name" : "新北市蘆洲區信義里辦公處", "district" : "蘆洲區", "zip_code" : 65000140, "address" : "新北市蘆洲區中正路428號", "tel" : "(02)22828721", "data_time" : "2026-05-03T08:22:28.480765+08:00"}}, {"type" : "Feature", "geometry" : {"type" : "Point", "coordinates" : [121.459154003048,25.084820992818]}, "properties" : {"id" : 1097, "name" : "新北市蘆洲區光明里辦公處", "district" : "蘆洲區", "zip_code" : 65000140, "address" : "新北市蘆洲區長安街220巷14號", "tel" : "(02)82851391", "data_time" : "2026-05-03T08:22:28.480765+08:00"}}, {"type" : "Feature", "geometry" : {"type" : "Point", "coordinates" : [121.474295994953,25.082625018006]}, "properties" : {"id" : 1098, "name" : "新北市蘆洲區光明里辦公處(白鷺鷥)", "district" : "蘆洲區", "zip_code" : 65000140, "address" : "新北市蘆洲區中山二路36巷7號", "tel" : "(02)82851391", "data_time" : "2026-05-03T08:22:28.480765+08:00"}}, {"type" : "Feature", "geometry" : {"type" : "Point", "coordinates" : [121.467829021377,25.086672010406]}, "properties" : {"id" : 1099, "name" : "新北市蘆洲區光明里辦公處(白鷺鷥)", "district" : "蘆洲區", "zip_code" : 65000140, "address" : "新北市蘆洲區中正路241號4樓", "tel" : "(02)82851391", "data_time" : "2026-05-03T08:22:28.480765+08:00"}}, {"type" : "Feature", "geometry" : {"type" : "Point", "coordinates" : [121.45917370052,25.09035858097]}, "properties" : {"id" : 1100, "name" : "新北市蘆洲區光明里辦公處(白鷺鷥)", "district" : "蘆洲區", "zip_code" : 65000140, "address" : "新北市蘆洲區永平街1號4樓", "tel" : "(02)82851391", "data_time" : "2026-05-03T08:22:28.480765+08:00"}}, {"type" : "Feature", "geometry" : {"type" : "Point", "coordinates" : [121.467086971489,25.083515008485]}, "properties" : {"id" : 1101, "name" : "新北市蘆洲區光華里辦公處", "district" : "蘆洲區", "zip_code" : 65000140, "address" : "新北市蘆洲區中正路185巷31弄33號", "tel" : "(02)22828818", "data_time" : "2026-05-03T08:22:28.480765+08:00"}}, {"type" : "Feature", "geometry" : {"type" : "Point", "coordinates" : [121.471279096543,25.091017314741]}, "properties" : {"id" : 1102, "name" : "新北市蘆洲區南港里辦公處", "district" : "蘆洲區", "zip_code" : 65000140, "address" : "新北市蘆洲區民權路143號", "tel" : "(02)28489511", "data_time" : "2026-05-03T08:22:28.480765+08:00"}}, {"type" : "Feature", "geometry" : {"type" : "Point", "coordinates" : [121.463142783131,25.087558312848]}, "properties" : {"id" : 1103, "name" : "新北市蘆洲區客家傳統文化協會", "district" : "蘆洲區", "zip_code" : 65000140, "address" : "新北市蘆洲區光明路88巷5號", "tel" : "(02)22882276", "data_time" : "2026-05-03T08:22:28.480765+08:00"}}, {"type" : "Feature", "geometry" : {"type" : "Point", "coordinates" : [121.470017033382,25.082731007171]}, "properties" : {"id" : 1104, "name" : "新北市蘆洲區忠孝里辦公處", "district" : "蘆洲區", "zip_code" : 65000140, "address" : "新北市蘆洲區正和街16巷2號2樓", "tel" : null, "data_time" : "2026-05-03T08:22:28.480765+08:00"}}, {"type" : "Feature", "geometry" : {"type" : "Point", "coordinates" : [121.467763977809,25.077468010167]}, "properties" : {"id" : 1105, "name" : "新北市蘆洲區忠義里辦公處", "district" : "蘆洲區", "zip_code" : 65000140, "address" : "新北市蘆洲區永安南路二段16巷9號", "tel" : "(02)82814561", "data_time" : "2026-05-03T08:22:28.480765+08:00"}}, {"type" : "Feature", "geometry" : {"type" : "Point", "coordinates" : [121.468275022445,25.083597989326]}, "properties" : {"id" : 1106, "name" : "新北市蘆洲區成功里辦公處", "district" : "蘆洲區", "zip_code" : 65000140, "address" : "新北市蘆洲區光華路46巷21弄1號", "tel" : "(02)82855838", "data_time" : "2026-05-03T08:22:28.480765+08:00"}}, {"type" : "Feature", "geometry" : {"type" : "Point", "coordinates" : [121.476050578745,25.07957228696]}, "properties" : {"id" : 1107, "name" : "新北市蘆洲區樓厝里辦公處", "district" : "蘆洲區", "zip_code" : 65000140, "address" : "新北市蘆洲區信義路65號", "tel" : "(02)22813046", "data_time" : "2026-05-03T08:22:28.480765+08:00"}}, {"type" : "Feature", "geometry" : {"type" : "Point", "coordinates" : [121.47284802118,25.078371998425]}, "properties" : {"id" : 1108, "name" : "新北市蘆洲區樹德社區發展協會", "district" : "蘆洲區", "zip_code" : 65000140, "address" : "新北市蘆洲區民生街129巷14號", "tel" : "(02)82838995", "data_time" : "2026-05-03T08:22:28.480765+08:00"}}, {"type" : "Feature", "geometry" : {"type" : "Point", "coordinates" : [121.482111868207,25.088044798508]}, "properties" : {"id" : 1109, "name" : "新北市蘆洲區樹德里辦公處", "district" : "蘆洲區", "zip_code" : 65000140, "address" : "新北市蘆洲區中興街85號", "tel" : "(02)22816794", "data_time" : "2026-05-03T08:22:28.480765+08:00"}}, {"type" : "Feature", "geometry" : {"type" : "Point", "coordinates" : [121.473051030875,25.092723995956]}, "properties" : {"id" : 1110, "name" : "新北市蘆洲區正義里辦公處", "district" : "蘆洲區", "zip_code" : 65000140, "address" : "新北市蘆洲區民族路426巷17號(水湳市民活動中心)", "tel" : "(02)22836349", "data_time" : "2026-05-03T08:22:28.480765+08:00"}}, {"type" : "Feature", "geometry" : {"type" : "Point", "coordinates" : [121.471279096543,25.091017314741]}, "properties" : {"id" : 1111, "name" : "新北市蘆洲區民和里辦公處", "district" : "蘆洲區", "zip_code" : 65000140, "address" : "新北市蘆洲區民權路143號", "tel" : "(02)22811803", "data_time" : "2026-05-03T08:22:28.480765+08:00"}}, {"type" : "Feature", "geometry" : {"type" : "Point", "coordinates" : [121.481602332313,25.084811898454]}, "properties" : {"id" : 1112, "name" : "新北市蘆洲區水河里辦公處", "district" : "蘆洲區", "zip_code" : 65000140, "address" : "新北市蘆洲區集賢路245號7樓", "tel" : null, "data_time" : "2026-05-03T08:22:28.480765+08:00"}}, {"type" : "Feature", "geometry" : {"type" : "Point", "coordinates" : [121.478565987888,25.083517020141]}, "properties" : {"id" : 1113, "name" : "新北市蘆洲區水湳里辦公處", "district" : "蘆洲區", "zip_code" : 65000140, "address" : "新北市蘆洲區三民路26巷71弄2號B1", "tel" : "(02)28470836", "data_time" : "2026-05-03T08:22:28.480765+08:00"}}, {"type" : "Feature", "geometry" : {"type" : "Point", "coordinates" : [121.463426007639,25.080770982933]}, "properties" : {"id" : 1114, "name" : "新北市蘆洲區永安里辦公處", "district" : "蘆洲區", "zip_code" : 65000140, "address" : "新北市蘆洲區長安街68巷19號1樓", "tel" : "(02)22885918", "data_time" : "2026-05-03T08:22:28.480765+08:00"}}, {"type" : "Feature", "geometry" : {"type" : "Point", "coordinates" : [121.473884024412,25.079606988039]}, "properties" : {"id" : 1115, "name" : "新北市蘆洲區永德里辦公處", "district" : "蘆洲區", "zip_code" : 65000140, "address" : "新北市蘆洲區信義路27巷7號", "tel" : "(02)24848000", "data_time" : "2026-05-03T08:22:28.480765+08:00"}}, {"type" : "Feature", "geometry" : {"type" : "Point", "coordinates" : [121.467520986436,25.082036985588]}, "properties" : {"id" : 1116, "name" : "新北市蘆洲區玉清里辦公處", "district" : "蘆洲區", "zip_code" : 65000140, "address" : "新北市蘆洲區光華路107巷11號", "tel" : null, "data_time" : "2026-05-03T08:22:28.480765+08:00"}}, {"type" : "Feature", "geometry" : {"type" : "Point", "coordinates" : [121.467086971489,25.083515008485]}, "properties" : {"id" : 1117, "name" : "新北市蘆洲區福祿壽協會", "district" : "蘆洲區", "zip_code" : 65000140, "address" : "新北市蘆洲區中正路185巷31弄33號", "tel" : "(02)22859501", "data_time" : "2026-05-03T08:22:28.480765+08:00"}}, {"type" : "Feature", "geometry" : {"type" : "Point", "coordinates" : [121.516873967609,25.012776984373]}, "properties" : {"id" : 1118, "name" : "新北市蘆洲區老人會", "district" : "蘆洲區", "zip_code" : 65000140, "address" : "新北市蘆洲區勵行街72巷5號", "tel" : null, "data_time" : "2026-05-03T08:22:28.480765+08:00"}}, {"type" : "Feature", "geometry" : {"type" : "Point", "coordinates" : [121.480847458113,25.08710279832]}, "properties" : {"id" : 1119, "name" : "新北市蘆洲區長安里辦公處", "district" : "蘆洲區", "zip_code" : 65000140, "address" : "新北市蘆洲區中興街31號", "tel" : "(02)82851500", "data_time" : "2026-05-03T08:22:28.480765+08:00"}}, {"type" : "Feature", "geometry" : {"type" : "Point", "coordinates" : [121.467520986436,25.082036985588]}, "properties" : {"id" : 1120, "name" : "新北市蘆洲區體育會", "district" : "蘆洲區", "zip_code" : 65000140, "address" : "新北市蘆洲區光華路107巷11號", "tel" : "(02)22898822", "data_time" : "2026-05-03T08:22:28.480765+08:00"}}, {"type" : "Feature", "geometry" : {"type" : "Point", "coordinates" : [121.474295994953,25.082625018006]}, "properties" : {"id" : 1121, "name" : "新北市蘆洲集賢公共托老中心", "district" : "蘆洲區", "zip_code" : 65000140, "address" : "新北市蘆洲區中山二路36巷7號", "tel" : "(02)82853333", "data_time" : "2026-05-03T08:22:28.480765+08:00"}}, {"type" : "Feature", "geometry" : {"type" : "Point", "coordinates" : [121.481551035066,25.084495984523]}, "properties" : {"id" : 1122, "name" : "永安兒童公園", "district" : "蘆洲區", "zip_code" : 65000140, "address" : "新北市蘆洲區集賢路255號", "tel" : "(02)22811484", "data_time" : "2026-05-03T08:22:28.480765+08:00"}}, {"type" : "Feature", "geometry" : {"type" : "Point", "coordinates" : [121.476126015874,25.084346996194]}, "properties" : {"id" : 1123, "name" : "永安銀髮俱樂部", "district" : "蘆洲區", "zip_code" : 65000140, "address" : "新北市蘆洲區民族路7號", "tel" : "(02)22811484", "data_time" : "2026-05-03T08:22:28.480765+08:00"}}, {"type" : "Feature", "geometry" : {"type" : "Point", "coordinates" : [121.479484895933,25.091120286421]}, "properties" : {"id" : 1124, "name" : "社團法人台灣多元社會福利協會(蘆洲樓厝)", "district" : "蘆洲區", "zip_code" : 65000140, "address" : "新北市蘆洲區復興路227巷26號", "tel" : "(02)82820112", "data_time" : "2026-05-03T08:22:28.480765+08:00"}}, {"type" : "Feature", "geometry" : {"type" : "Point", "coordinates" : [121.461941991682,25.080692989324]}, "properties" : {"id" : 1125, "name" : "社團法人台灣新希望社區關懷協會(三民站)", "district" : "蘆洲區", "zip_code" : 65000140, "address" : "新北市蘆洲區長安街96號4樓(長安市民活動中心)", "tel" : "(02)82832858", "data_time" : "2026-05-03T08:22:28.480765+08:00"}}, {"type" : "Feature", "geometry" : {"type" : "Point", "coordinates" : [121.460699318729,25.093819148752]}, "properties" : {"id" : 1126, "name" : "社團法人台灣新希望社區關懷協會(得仁站)", "district" : "蘆洲區", "zip_code" : 65000140, "address" : "新北市蘆洲區三民路611號", "tel" : "(02)82832858", "data_time" : "2026-05-03T08:22:28.480765+08:00"}}, {"type" : "Feature", "geometry" : {"type" : "Point", "coordinates" : [121.453759996897,24.984282997895]}, "properties" : {"id" : 1127, "name" : "社團法人台灣新希望社區關懷協會(本站)", "district" : "蘆洲區", "zip_code" : 65000140, "address" : "新北市蘆洲區裕民路193-1號B1(學士市民活動中心)", "tel" : "(02)82832858", "data_time" : "2026-05-03T08:22:28.480765+08:00"}}, {"type" : "Feature", "geometry" : {"type" : "Point", "coordinates" : [121.480483012963,25.089753994294]}, "properties" : {"id" : 1128, "name" : "社團法人台灣新希望社區關懷協會(鷺江站)", "district" : "蘆洲區", "zip_code" : 65000140, "address" : "新北市蘆洲區復興路274號", "tel" : null, "data_time" : "2026-05-03T08:22:28.480765+08:00"}}, {"type" : "Feature", "geometry" : {"type" : "Point", "coordinates" : [121.532575856564,24.941686865734]}, "properties" : {"id" : 1129, "name" : "社團法人台灣新希望社區關懷協會(鷺江站)", "district" : "蘆洲區", "zip_code" : 65000140, "address" : "新北市蘆洲區直潭十街23號(直潭市民活動中心)", "tel" : null, "data_time" : "2026-05-03T08:22:28.480765+08:00"}}, {"type" : "Feature", "geometry" : {"type" : "Point", "coordinates" : [121.474887002946,25.077278998251]}, "properties" : {"id" : 1130, "name" : "社團法人新北市蘆洲燈塔全人關懷協會", "district" : "蘆洲區", "zip_code" : 65000140, "address" : "新北市蘆洲區信義路30巷100號1、2樓", "tel" : "(02)82823442", "data_time" : "2026-05-03T08:22:28.480765+08:00"}}, {"type" : "Feature", "geometry" : {"type" : "Point", "coordinates" : [121.45917370052,25.09035858097]}, "properties" : {"id" : 1131, "name" : "蘆洲保佑宮", "district" : "蘆洲區", "zip_code" : 65000140, "address" : "新北市蘆洲區永平街1號4樓", "tel" : "(02)22837158", "data_time" : "2026-05-03T08:22:28.480765+08:00"}}, {"type" : "Feature", "geometry" : {"type" : "Point", "coordinates" : [121.481945990344,25.08163599534]}, "properties" : {"id" : 1132, "name" : "蘆洲護天宮附設鶴齡交誼中心", "district" : "蘆洲區", "zip_code" : 65000140, "address" : "新北市蘆洲區永安北路二段42-6號", "tel" : "(02)22829437", "data_time" : "2026-05-03T08:22:28.480765+08:00"}}, {"type" : "Feature", "geometry" : {"type" : "Point", "coordinates" : [121.481602332313,25.084811898454]}, "properties" : {"id" : 1133, "name" : "財團法人新北市基督徒蘆洲禮拜堂(33銀髮俱樂部)", "district" : "蘆洲區", "zip_code" : 65000140, "address" : "新北市蘆洲區集賢路245號3樓", "tel" : "(02)22816700", "data_time" : "2026-05-03T08:22:28.480765+08:00"}}, {"type" : "Feature", "geometry" : {"type" : "Point", "coordinates" : [121.439078590571,24.965890420119]}, "properties" : {"id" : 1134, "name" : "新北市三貂角文化發展協會", "district" : "貢寮區", "zip_code" : 65000260, "address" : "新北市貢寮區忠承路30號(大安市民活動中心)", "tel" : null, "data_time" : "2026-05-03T08:22:28.480765+08:00"}}, {"type" : "Feature", "geometry" : {"type" : "Point", "coordinates" : [121.402440034506,24.972552985406]}, "properties" : {"id" : 1135, "name" : "新北市貢寮區仁里里辦公處", "district" : "貢寮區", "zip_code" : 65000260, "address" : "新北市貢寮區新興街19巷34弄27號1樓", "tel" : null, "data_time" : "2026-05-03T08:22:28.480765+08:00"}}, {"type" : "Feature", "geometry" : {"type" : "Point", "coordinates" : [121.909720190759,25.021959485031]}, "properties" : {"id" : 1136, "name" : "新北市貢寮區卯澳社區發展協會", "district" : "貢寮區", "zip_code" : 65000260, "address" : "新北市貢寮區朝陽街67號", "tel" : null, "data_time" : "2026-05-03T08:22:28.480765+08:00"}}, {"type" : "Feature", "geometry" : {"type" : "Point", "coordinates" : [121.932813088378,25.026554318623]}, "properties" : {"id" : 1137, "name" : "新北市貢寮區吉林里辦公處", "district" : "貢寮區", "zip_code" : 65000260, "address" : "新北市貢寮區龍門街60-1號2樓(龍門市民活動中心)", "tel" : "(02)24941611", "data_time" : "2026-05-03T08:22:28.480765+08:00"}}, {"type" : "Feature", "geometry" : {"type" : "Point", "coordinates" : [121.418979624947,24.982436590354]}, "properties" : {"id" : 1138, "name" : "新北市貢寮區和美里辦公處", "district" : "貢寮區", "zip_code" : 65000260, "address" : "新北市貢寮區太平路50號2樓", "tel" : "(02)24903410", "data_time" : "2026-05-03T08:22:28.480765+08:00"}}, {"type" : "Feature", "geometry" : {"type" : "Point", "coordinates" : [121.86538000678,25.037573000899]}, "properties" : {"id" : 1139, "name" : "新北市貢寮區守望相助協會", "district" : "貢寮區", "zip_code" : 65000260, "address" : "新北市貢寮區新基西街19號", "tel" : null, "data_time" : "2026-05-03T08:22:28.480765+08:00"}}, {"type" : "Feature", "geometry" : {"type" : "Point", "coordinates" : [121.922483985276,25.025726018951]}, "properties" : {"id" : 1140, "name" : "新北市貢寮區真理里辦公處", "district" : "貢寮區", "zip_code" : 65000260, "address" : "新北市貢寮區田寮洋街12-2號(雙玉第二市民活動中心)", "tel" : "(02)24901957", "data_time" : "2026-05-03T08:22:28.480765+08:00"}}, {"type" : "Feature", "geometry" : {"type" : "Point", "coordinates" : [121.904924401038,25.013085899415]}, "properties" : {"id" : 1141, "name" : "新北市貢寮區美豐里辦公處", "district" : "貢寮區", "zip_code" : 65000260, "address" : "新北市貢寮區嵩陽街41-4號(龍吉市民活動中心)", "tel" : "(02)24902416", "data_time" : "2026-05-03T08:22:28.480765+08:00"}}, {"type" : "Feature", "geometry" : {"type" : "Point", "coordinates" : [121.9102641,25.0218924]}, "properties" : {"id" : 1142, "name" : "新北市貢寮區老人會", "district" : "貢寮區", "zip_code" : 65000260, "address" : "新北市貢寮區雙澳路46號之1", "tel" : "(02)24942200", "data_time" : "2026-05-03T08:22:28.480765+08:00"}}, {"type" : "Feature", "geometry" : {"type" : "Point", "coordinates" : [121.913294988644,25.08340202043]}, "properties" : {"id" : 1143, "name" : "新北市貢寮區貢寮社區發展協會", "district" : "貢寮區", "zip_code" : 65000260, "address" : "新北市貢寮區和美街35之2號(和美市民活動中心)", "tel" : "(02)24941006", "data_time" : "2026-05-03T08:22:28.480765+08:00"}}, {"type" : "Feature", "geometry" : {"type" : "Point", "coordinates" : [121.945729014438,25.018383010765]}, "properties" : {"id" : 1144, "name" : "新北市貢寮區雙玉社區發展協會", "district" : "貢寮區", "zip_code" : 65000260, "address" : "新北市貢寮區福隆街60號2樓(福隆青少年活動中心)", "tel" : "(02)24942556", "data_time" : "2026-05-03T08:22:28.480765+08:00"}}, {"type" : "Feature", "geometry" : {"type" : "Point", "coordinates" : [121.950355992629,25.020633006944]}, "properties" : {"id" : 1145, "name" : "新北市貢寮區龍崗里辦公處", "district" : "貢寮區", "zip_code" : 65000260, "address" : "新北市貢寮區東興街3號(東興宮)", "tel" : "(02)24942666", "data_time" : "2026-05-03T08:22:28.480765+08:00"}}, {"type" : "Feature", "geometry" : {"type" : "Point", "coordinates" : [121.989552705544,25.012083800981]}, "properties" : {"id" : 1146, "name" : "新北市貢寮區龍門社區發展協會", "district" : "貢寮區", "zip_code" : 65000260, "address" : "新北市貢寮區福興街1號(卯澳市民活動中心)", "tel" : null, "data_time" : "2026-05-03T08:22:28.480765+08:00"}}, {"type" : "Feature", "geometry" : {"type" : "Point", "coordinates" : [121.931545996075,25.026878991642]}, "properties" : {"id" : 1147, "name" : "東興宮", "district" : "貢寮區", "zip_code" : 65000260, "address" : "新北市貢寮區市貢寮區福隆街60號1樓(福隆青少年活動中心)\n龍門站: 新北市貢寮區龍門街64-1號(昭惠廟)\n貢寮站: 新北市貢寮區貢寮街29巷14-1號 \n1555工作站: 新北市貢寮區貢寮街66號", "tel" : "(02)24991123", "data_time" : "2026-05-03T08:22:28.480765+08:00"}}, {"type" : "Feature", "geometry" : {"type" : "Point", "coordinates" : [121.905484037737,25.020905206418]}, "properties" : {"id" : 1148, "name" : "社團法人中華民國照顧服務員專業發展協會(新北市貢寮福隆公共托老中心)", "district" : "貢寮區", "zip_code" : 65000260, "address" : "新北市貢寮區長泰路18之2號(貢寮市民活動中心)", "tel" : "(02)22651680", "data_time" : "2026-05-03T08:22:28.480765+08:00"}}, {"type" : "Feature", "geometry" : {"type" : "Point", "coordinates" : [121.923759962397,25.05195798122]}, "properties" : {"id" : 1149, "name" : "社團法人新北市社區工作者協會(貢寮辦事處)", "district" : "貢寮區", "zip_code" : 65000260, "address" : "新北市貢寮區仁義街8號(仁里第一市民活動中心)", "tel" : "(02)29534297", "data_time" : "2026-05-03T08:22:28.480765+08:00"}}, {"type" : "Feature", "geometry" : {"type" : "Point", "coordinates" : [121.636872981506,25.222094983432]}, "properties" : {"id" : 1150, "name" : "新北市金山區五南社區發展協會", "district" : "金山區", "zip_code" : 65000270, "address" : "新北市金山區中山路257號1樓(藝文暨老人活動中心)", "tel" : null, "data_time" : "2026-05-03T08:22:28.480765+08:00"}}, {"type" : "Feature", "geometry" : {"type" : "Point", "coordinates" : [121.640147958715,25.220505020218]}, "properties" : {"id" : 1151, "name" : "新北市金山區兩湖里辦公處", "district" : "金山區", "zip_code" : 65000270, "address" : "新北市金山區慈護街1-1號4樓", "tel" : "(02)24986452", "data_time" : "2026-05-03T08:22:28.480765+08:00"}}, {"type" : "Feature", "geometry" : {"type" : "Point", "coordinates" : [121.629453,25.25964]}, "properties" : {"id" : 1152, "name" : "新北市金山區六三社區發展協會", "district" : "金山區", "zip_code" : 65000270, "address" : "新北市金山區跳石17號", "tel" : "(02)24985731", "data_time" : "2026-05-03T08:22:28.480765+08:00"}}, {"type" : "Feature", "geometry" : {"type" : "Point", "coordinates" : [121.6364639,25.2222701]}, "properties" : {"id" : 1153, "name" : "新北市金山區六股里辦公處", "district" : "金山區", "zip_code" : 65000270, "address" : "新北市金山區33-2號", "tel" : "(02)24985731", "data_time" : "2026-05-03T08:22:28.480765+08:00"}}, {"type" : "Feature", "geometry" : {"type" : "Point", "coordinates" : [121.913865209517,25.057170686804]}, "properties" : {"id" : 1154, "name" : "新北市金山區永興里辦公處", "district" : "金山區", "zip_code" : 65000270, "address" : "新北市金山區丹里街16號之12(五美市民活動中心)", "tel" : "(02)24082721", "data_time" : "2026-05-03T08:22:28.480765+08:00"}}, {"type" : "Feature", "geometry" : {"type" : "Point", "coordinates" : [121.620710911984,25.230093204989]}, "properties" : {"id" : 1155, "name" : "新北市金山區清泉里辦公處", "district" : "金山區", "zip_code" : 65000270, "address" : "新北市金山區三界壇路101之1號(六三市民活動中心)", "tel" : "(02)24982619", "data_time" : "2026-05-03T08:22:28.480765+08:00"}}, {"type" : "Feature", "geometry" : {"type" : "Point", "coordinates" : [121.629360030233,25.233917993137]}, "properties" : {"id" : 1156, "name" : "新北市金山區磺港里辦公處", "district" : "金山區", "zip_code" : 65000270, "address" : "新北市金山區清水路49號(清泉市民活動中心)", "tel" : "(02)24081714", "data_time" : "2026-05-03T08:22:28.480765+08:00"}}, {"type" : "Feature", "geometry" : {"type" : "Point", "coordinates" : [121.609645,25.222781]}, "properties" : {"id" : 1157, "name" : "新北市金山區美田社區發展協會", "district" : "金山區", "zip_code" : 65000270, "address" : "新北市金山區頂六股3號(六股市民活動中心)", "tel" : "(02)24984659", "data_time" : "2026-05-03T08:22:28.480765+08:00"}}, {"type" : "Feature", "geometry" : {"type" : "Point", "coordinates" : [121.643803977242,25.224448999029]}, "properties" : {"id" : 1158, "name" : "新北市金山區老人會", "district" : "金山區", "zip_code" : 65000270, "address" : "新北市金山區磺港路171之1號2樓(磺港市民活動中心)", "tel" : "(02)24988779", "data_time" : "2026-05-03T08:22:28.480765+08:00"}}, {"type" : "Feature", "geometry" : {"type" : "Point", "coordinates" : [121.926926980692,25.055266988955]}, "properties" : {"id" : 1159, "name" : "新北市金山區萬壽里辦公處", "district" : "金山區", "zip_code" : 65000270, "address" : "新北市金山區新港街26巷21-2號(澳底第二市民活動中心)", "tel" : null, "data_time" : "2026-05-03T08:22:28.480765+08:00"}}, {"type" : "Feature", "geometry" : {"type" : "Point", "coordinates" : [121.6364639,25.2222701]}, "properties" : {"id" : 1160, "name" : "新北市金山區西湖里辦公處", "district" : "金山區", "zip_code" : 65000270, "address" : "新北市金山區枋腳街4號(吉林派出所)", "tel" : "(02)24984519", "data_time" : "2026-05-03T08:22:28.480765+08:00"}}, {"type" : "Feature", "geometry" : {"type" : "Point", "coordinates" : [121.597708,25.21846]}, "properties" : {"id" : 1161, "name" : "新北市金山區豐漁里辦公處", "district" : "金山區", "zip_code" : 65000270, "address" : "新北市金山區六股林口29號(重三市民活動中心)", "tel" : "(02)24982270", "data_time" : "2026-05-03T08:22:28.480765+08:00"}}, {"type" : "Feature", "geometry" : {"type" : "Point", "coordinates" : [121.643803977242,25.224448999029]}, "properties" : {"id" : 1162, "name" : "新北市金山區重和里辦公處", "district" : "金山區", "zip_code" : 65000270, "address" : "新北市金山區磺港路171號B1(磺港市民活動中心)", "tel" : null, "data_time" : "2026-05-03T08:22:28.480765+08:00"}}, {"type" : "Feature", "geometry" : {"type" : "Point", "coordinates" : [121.629229,25.250266]}, "properties" : {"id" : 1163, "name" : "新北市金山區金包里社區發展協會", "district" : "金山區", "zip_code" : 65000270, "address" : "新北市金山區尖山子5號", "tel" : "(02)24982703", "data_time" : "2026-05-03T08:22:28.480765+08:00"}}, {"type" : "Feature", "geometry" : {"type" : "Point", "coordinates" : [121.64666002693,25.222812013339]}, "properties" : {"id" : 1164, "name" : "財團法人介惠社會福利慈善基金會(金包里公共托老中心)", "district" : "金山區", "zip_code" : 65000270, "address" : "新北市金山區民生路190號(豐漁市民活動中心)", "tel" : "(02)24082114", "data_time" : "2026-05-03T08:22:28.480765+08:00"}}, {"type" : "Feature", "geometry" : {"type" : "Point", "coordinates" : [121.631936040536,25.238242007437]}, "properties" : {"id" : 1165, "name" : "財團法人新北市金包里慈護宮", "district" : "金山區", "zip_code" : 65000270, "address" : "新北市金山區海興路116號(萬壽市民活動中心)", "tel" : "(02)24982510", "data_time" : "2026-05-03T08:22:28.480765+08:00"}}, {"type" : "Feature", "geometry" : {"type" : "Point", "coordinates" : [121.86538604175,25.043822003083]}, "properties" : {"id" : 1166, "name" : "壽山宮", "district" : "雙溪區", "zip_code" : 65000250, "address" : "新北市雙溪區中正路64號(中正市民活動中心)", "tel" : null, "data_time" : "2026-05-03T08:22:28.480765+08:00"}}, {"type" : "Feature", "geometry" : {"type" : "Point", "coordinates" : [121.87884,25.027882]}, "properties" : {"id" : 1167, "name" : "新北市雙溪區三港里辦公處", "district" : "雙溪區", "zip_code" : 65000250, "address" : "新北市雙溪區魚杭1號(保民殿)", "tel" : "(02)24933531", "data_time" : "2026-05-03T08:22:28.480765+08:00"}}, {"type" : "Feature", "geometry" : {"type" : "Point", "coordinates" : [121.776286997728,25.039402015991]}, "properties" : {"id" : 1168, "name" : "新北市雙溪區三貂里辦公處", "district" : "雙溪區", "zip_code" : 65000250, "address" : "新北市雙溪區靜安路三段232號(南山市民活動中心)", "tel" : "(02)24931111", "data_time" : "2026-05-03T08:22:28.480765+08:00"}}, {"type" : "Feature", "geometry" : {"type" : "Point", "coordinates" : [121.726176041051,25.023538006946]}, "properties" : {"id" : 1169, "name" : "新北市雙溪區上林社區發展協會", "district" : "雙溪區", "zip_code" : 65000250, "address" : "新北市雙溪區菁桐街65-1號(菁桐市民活動中心)", "tel" : null, "data_time" : "2026-05-03T08:22:28.480765+08:00"}}, {"type" : "Feature", "geometry" : {"type" : "Point", "coordinates" : [121.810235,25.021029]}, "properties" : {"id" : 1170, "name" : "新北市雙溪區中正社區發展協會", "district" : "雙溪區", "zip_code" : 65000250, "address" : "新北市雙溪區外柑腳49號(外柑市民活動中心)", "tel" : "(02)24931111", "data_time" : "2026-05-03T08:22:28.480765+08:00"}}, {"type" : "Feature", "geometry" : {"type" : "Point", "coordinates" : [121.776286997728,25.039402015991]}, "properties" : {"id" : 1171, "name" : "新北市雙溪區外柑里辦公處", "district" : "雙溪區", "zip_code" : 65000250, "address" : "新北市雙溪區靜安路三段232號(南山市民活動中心)", "tel" : "(02)24932611", "data_time" : "2026-05-03T08:22:28.480765+08:00"}}, {"type" : "Feature", "geometry" : {"type" : "Point", "coordinates" : [121.845,25.0576]}, "properties" : {"id" : 1172, "name" : "新北市雙溪區平林社區發展協會", "district" : "雙溪區", "zip_code" : 65000250, "address" : "新北市雙溪區尪子崙坑1-6號", "tel" : null, "data_time" : "2026-05-03T08:22:28.480765+08:00"}}, {"type" : "Feature", "geometry" : {"type" : "Point", "coordinates" : [121.485877773485,25.063648305397]}, "properties" : {"id" : 1173, "name" : "新北市雙溪區新基里辦公處", "district" : "雙溪區", "zip_code" : 65000250, "address" : "新北市雙溪區重陽路2段34巷38號1樓", "tel" : null, "data_time" : "2026-05-03T08:22:28.480765+08:00"}}, {"type" : "Feature", "geometry" : {"type" : "Point", "coordinates" : [121.8655773,25.033837]}, "properties" : {"id" : 1174, "name" : "新北市雙溪區牡丹社區發展協會", "district" : "雙溪區", "zip_code" : 65000250, "address" : "新北市雙溪區外平林52號( 平林市民活動中心)", "tel" : null, "data_time" : "2026-05-03T08:22:28.480765+08:00"}}, {"type" : "Feature", "geometry" : {"type" : "Point", "coordinates" : [121.866973909487,25.033524918851]}, "properties" : {"id" : 1175, "name" : "新北市雙溪區長源社區發展協會", "district" : "雙溪區", "zip_code" : 65000250, "address" : "新北市雙溪區東榮街54號", "tel" : "(02)24934962", "data_time" : "2026-05-03T08:22:28.480765+08:00"}}, {"type" : "Feature", "geometry" : {"type" : "Point", "coordinates" : [121.8655773,25.033837]}, "properties" : {"id" : 1176, "name" : "新北市雙溪區雙溪里辦公處", "district" : "雙溪區", "zip_code" : 65000250, "address" : "新北市雙溪區溪尾寮46號(泰平市民活動中心)", "tel" : "(02)24931253", "data_time" : "2026-05-03T08:22:28.480765+08:00"}}, {"type" : "Feature", "geometry" : {"type" : "Point", "coordinates" : [121.801679,24.992604]}, "properties" : {"id" : 1177, "name" : "新北市雙溪區魚行社區發展協會", "district" : "雙溪區", "zip_code" : 65000250, "address" : "新北市雙溪區下坑36號(牡丹市民活動中心)", "tel" : null, "data_time" : "2026-05-03T08:22:28.480765+08:00"}}, {"type" : "Feature", "geometry" : {"type" : "Point", "coordinates" : [121.806412,25.014963]}, "properties" : {"id" : 1178, "name" : "財團法人天下為公社會福利慈善事業基金會(新北市雙溪建興公共托老中心)", "district" : "雙溪區", "zip_code" : 65000250, "address" : "新北市雙溪區柑腳19號(長源市民活動中心)", "tel" : "(02)86488388", "data_time" : "2026-05-03T08:22:28.480765+08:00"}}, {"type" : "Feature", "geometry" : {"type" : "Point", "coordinates" : [121.8655773,25.033837]}, "properties" : {"id" : 1179, "name" : "雙溪國小", "district" : "雙溪區", "zip_code" : 65000250, "address" : "新北市雙溪區平林60-1號(上林市民活動中心)", "tel" : "(02)24931005", "data_time" : "2026-05-03T08:22:28.480765+08:00"}}, {"type" : "Feature", "geometry" : {"type" : "Point", "coordinates" : [121.368703770712,24.938794612349]}, "properties" : {"id" : 1180, "name" : "新北市原住民族社會服務協會", "district" : "鶯歌區", "zip_code" : 65000080, "address" : "新北市鶯歌區復興路225巷2號(樹西市民活動中心)", "tel" : "(02)86872608", "data_time" : "2026-05-03T08:22:28.480765+08:00"}}, {"type" : "Feature", "geometry" : {"type" : "Point", "coordinates" : [121.364845019469,24.957449005431]}, "properties" : {"id" : 1181, "name" : "新北市多元智能老幼暨兒童教育發展協會(鶯歌站)", "district" : "鶯歌區", "zip_code" : 65000080, "address" : "新北市鶯歌區中正一路建德巷22號", "tel" : "(02)22886656", "data_time" : "2026-05-03T08:22:28.480765+08:00"}}, {"type" : "Feature", "geometry" : {"type" : "Point", "coordinates" : [121.336890031275,24.977609997139]}, "properties" : {"id" : 1182, "name" : "新北市鶯歌區中湖里辦公處", "district" : "鶯歌區", "zip_code" : 65000080, "address" : "新北市鶯歌區明圓街43號(大湖市民活動中心)", "tel" : null, "data_time" : "2026-05-03T08:22:28.480765+08:00"}}, {"type" : "Feature", "geometry" : {"type" : "Point", "coordinates" : [121.336890031275,24.977609997139]}, "properties" : {"id" : 1183, "name" : "新北市鶯歌區中鶯里辦公處", "district" : "鶯歌區", "zip_code" : 65000080, "address" : "新北市鶯歌區明圓街43號(大湖市民活動中心)", "tel" : null, "data_time" : "2026-05-03T08:22:28.480765+08:00"}}, {"type" : "Feature", "geometry" : {"type" : "Point", "coordinates" : [121.354681961869,24.953396983889]}, "properties" : {"id" : 1184, "name" : "新北市鶯歌區北鶯社區發展協會", "district" : "鶯歌區", "zip_code" : 65000080, "address" : "新北市鶯歌區文化路215號(東鶯市民活動中心)", "tel" : "(02)26700076", "data_time" : "2026-05-03T08:22:28.480765+08:00"}}, {"type" : "Feature", "geometry" : {"type" : "Point", "coordinates" : [121.333275000254,24.967383991446]}, "properties" : {"id" : 1185, "name" : "新北市鶯歌區北鶯社區發展協會", "district" : "鶯歌區", "zip_code" : 65000080, "address" : "新北市鶯歌區永和街34巷8號2樓(鳳鳴市民活動中心)", "tel" : "(02)26700076", "data_time" : "2026-05-03T08:22:28.480765+08:00"}}, {"type" : "Feature", "geometry" : {"type" : "Point", "coordinates" : [121.345276963592,24.955184005646]}, "properties" : {"id" : 1186, "name" : "新北市鶯歌區同慶里辦公處", "district" : "鶯歌區", "zip_code" : 65000080, "address" : "新北市鶯歌區育智路49號", "tel" : "(02)26780202", "data_time" : "2026-05-03T08:22:28.480765+08:00"}}, {"type" : "Feature", "geometry" : {"type" : "Point", "coordinates" : [121.337687317905,24.935846996929]}, "properties" : {"id" : 1187, "name" : "新北市鶯歌區大湖社區發展協會", "district" : "鶯歌區", "zip_code" : 65000080, "address" : "新北市鶯歌區二甲路36-2號(二甲市民活動中心)", "tel" : "(02)86777618", "data_time" : "2026-05-03T08:22:28.480765+08:00"}}, {"type" : "Feature", "geometry" : {"type" : "Point", "coordinates" : [121.325530373177,24.971667688792]}, "properties" : {"id" : 1188, "name" : "新北市鶯歌區大湖社區發展協會", "district" : "鶯歌區", "zip_code" : 65000080, "address" : "新北市鶯歌區福隆一街14號", "tel" : "(02)86777618", "data_time" : "2026-05-03T08:22:28.480765+08:00"}}, {"type" : "Feature", "geometry" : {"type" : "Point", "coordinates" : [121.333262753222,24.959290565453]}, "properties" : {"id" : 1189, "name" : "新北市鶯歌區尖山里辦公處", "district" : "鶯歌區", "zip_code" : 65000080, "address" : "新北市鶯歌區鶯桃路德昌二街3巷1號之1(永吉市民活動中心)", "tel" : null, "data_time" : "2026-05-03T08:22:28.480765+08:00"}}, {"type" : "Feature", "geometry" : {"type" : "Point", "coordinates" : [121.332808966438,24.963848001772]}, "properties" : {"id" : 1190, "name" : "新北市鶯歌區建國里辦公處", "district" : "鶯歌區", "zip_code" : 65000080, "address" : "新北市鶯歌區鶯桃路381巷2弄15號(鳳祥市民活動中心)", "tel" : "(02)26796063", "data_time" : "2026-05-03T08:22:28.480765+08:00"}}, {"type" : "Feature", "geometry" : {"type" : "Point", "coordinates" : [121.343561150842,24.94687627461]}, "properties" : {"id" : 1191, "name" : "新北市鶯歌區建德社區發展協會", "district" : "鶯歌區", "zip_code" : 65000080, "address" : "新北市鶯歌區尖山路211巷1號(尖山市民活動中心)", "tel" : "(02)86775281", "data_time" : "2026-05-03T08:22:28.480765+08:00"}}, {"type" : "Feature", "geometry" : {"type" : "Point", "coordinates" : [121.354367975776,24.955862981712]}, "properties" : {"id" : 1192, "name" : "新北市鶯歌區東鶯社區發展協會", "district" : "鶯歌區", "zip_code" : 65000080, "address" : "新北市鶯歌區仁愛路55號(北鶯市民活動中心)", "tel" : "(02)26792501", "data_time" : "2026-05-03T08:22:28.480765+08:00"}}, {"type" : "Feature", "geometry" : {"type" : "Point", "coordinates" : [121.336890031275,24.977609997139]}, "properties" : {"id" : 1193, "name" : "新北市鶯歌區永吉社區發展協會", "district" : "鶯歌區", "zip_code" : 65000080, "address" : "新北市鶯歌區明圓街43號(大湖市民活動中心)", "tel" : null, "data_time" : "2026-05-03T08:22:28.480765+08:00"}}, {"type" : "Feature", "geometry" : {"type" : "Point", "coordinates" : [121.346338888493,24.971062342208]}, "properties" : {"id" : 1194, "name" : "新北市鶯歌區永昌社區發展協會", "district" : "鶯歌區", "zip_code" : 65000080, "address" : "新北市鶯歌區大湖路338巷2號", "tel" : null, "data_time" : "2026-05-03T08:22:28.480765+08:00"}}, {"type" : "Feature", "geometry" : {"type" : "Point", "coordinates" : [121.347289039449,24.973043997294]}, "properties" : {"id" : 1195, "name" : "新北市鶯歌區永昌里辦公處", "district" : "鶯歌區", "zip_code" : 65000080, "address" : "新北市鶯歌區中湖街23號(中湖市民活動中心)", "tel" : null, "data_time" : "2026-05-03T08:22:28.480765+08:00"}}, {"type" : "Feature", "geometry" : {"type" : "Point", "coordinates" : [121.34265761885,24.950088311429]}, "properties" : {"id" : 1196, "name" : "新北市鶯歌區老人會", "district" : "鶯歌區", "zip_code" : 65000080, "address" : "新北市鶯歌區永昌街36-1號(永昌市民活動中心)", "tel" : null, "data_time" : "2026-05-03T08:22:28.480765+08:00"}}, {"type" : "Feature", "geometry" : {"type" : "Point", "coordinates" : [121.418219973062,24.992003988005]}, "properties" : {"id" : 1197, "name" : "新北市鶯歌區雙和社區發展協會", "district" : "鶯歌區", "zip_code" : 65000080, "address" : "新北市鶯歌區文德街29號1樓", "tel" : "(02)86777438", "data_time" : "2026-05-03T08:22:28.480765+08:00"}}, {"type" : "Feature", "geometry" : {"type" : "Point", "coordinates" : [121.352044009302,24.948770005698]}, "properties" : {"id" : 1198, "name" : "新北市鶯歌區鳳祥里辦公處", "district" : "鶯歌區", "zip_code" : 65000080, "address" : "新北市鶯歌區文化路226巷16-1號(福南宮土地廟)", "tel" : "(02)86777028", "data_time" : "2026-05-03T08:22:28.480765+08:00"}}, {"type" : "Feature", "geometry" : {"type" : "Point", "coordinates" : [121.349777039769,24.958400980084]}, "properties" : {"id" : 1199, "name" : "新北市鶯歌區鳳鳴社區發展協會", "district" : "鶯歌區", "zip_code" : 65000080, "address" : "新北市鶯歌區中山路138巷5-1號(鶯歌區休閒活動中心)", "tel" : null, "data_time" : "2026-05-03T08:22:28.480765+08:00"}}, {"type" : "Feature", "geometry" : {"type" : "Point", "coordinates" : [121.42322204142,24.997773000504]}, "properties" : {"id" : 1200, "name" : "新北市鶯歌國際新城才藝推廣協進會", "district" : "鶯歌區", "zip_code" : 65000080, "address" : "新北市鶯歌區大安路111巷11號", "tel" : null, "data_time" : "2026-05-03T08:22:28.480765+08:00"}}, {"type" : "Feature", "geometry" : {"type" : "Point", "coordinates" : [121.34265761885,24.950088311429]}, "properties" : {"id" : 1201, "name" : "福南宮", "district" : "鶯歌區", "zip_code" : 65000080, "address" : "新北市鶯歌區永昌街36-1號(永昌市民活動中心)", "tel" : null, "data_time" : "2026-05-03T08:22:28.480765+08:00"}}, {"type" : "Feature", "geometry" : {"type" : "Point", "coordinates" : [121.328142569494,24.935316373303]}, "properties" : {"id" : 1202, "name" : "財團法人伊甸社會福利基金會(新北市鶯歌大湖公共托老中心)", "district" : "鶯歌區", "zip_code" : 65000080, "address" : "新北市鶯歌區中正三路337號(二橋市民活動中心)", "tel" : "(02)26776759", "data_time" : "2026-05-03T08:22:28.480765+08:00"}}]}
