{
    "type": "FeatureCollection",
    "features": [
        {
            "id": 1,
            "type": "Feature",
            "geometry": {
                "type": "Point",
                "coordinates": [
                    121.531397,
                    25.286794
                ]
            },
            "properties": {
                "city": "新北市",
                "name": "主悅海鮮料理",
                "phone": "02-26381749",
                "address": "新北市石門區崁子腳41之2號",
                "district": "unknown",
                "latitude": 25.286794,
                "longitude": 121.531397,
                "data_source": "新北市環保局",
                "eco_attributes": "(認證中)",
                "certification_level": "認證中"
            }
        },
        {
            "id": 2,
            "type": "Feature",
            "geometry": {
                "type": "Point",
                "coordinates": [
                    121.5678418,
                    25.2912319
                ]
            },
            "properties": {
                "city": "新北市",
                "name": "伊莎貝拉海灘咖啡館",
                "phone": "02-86352262",
                "address": "新北市石門區15號",
                "district": "unknown",
                "latitude": 25.2912319,
                "longitude": 121.5678418,
                "data_source": "新北市環保局",
                "eco_attributes": "(認證中)",
                "certification_level": "認證中"
            }
        },
        {
            "id": 3,
            "type": "Feature",
            "geometry": {
                "type": "Point",
                "coordinates": [
                    121.5678418,
                    25.2912319
                ]
            },
            "properties": {
                "city": "新北市",
                "name": "白日夢Tea & Cafe",
                "phone": "02-26380045",
                "address": "新北市石門區阿里荖47-2號",
                "district": "unknown",
                "latitude": 25.2912319,
                "longitude": 121.5678418,
                "data_source": "新北市環保局",
                "eco_attributes": "(認證中)",
                "certification_level": "認證中"
            }
        },
        {
            "id": 4,
            "type": "Feature",
            "geometry": {
                "type": "Point",
                "coordinates": [
                    121.49983297172,
                    25.257680018087
                ]
            },
            "properties": {
                "city": "新北市",
                "name": "麥味登三芝公正",
                "phone": "02-26369969",
                "address": "新北市三芝區公正街9號",
                "district": "unknown",
                "latitude": 25.257680018087,
                "longitude": 121.49983297172,
                "data_source": "新北市環保局",
                "eco_attributes": "(認證中)",
                "certification_level": "認證中"
            }
        },
        {
            "id": 5,
            "type": "Feature",
            "geometry": {
                "type": "Point",
                "coordinates": [
                    121.375609394803,
                    24.943681813285
                ]
            },
            "properties": {
                "city": "新北市",
                "name": "?鳥食趣義大利洋食 X 烤泡芙專賣",
                "phone": "02-86710208",
                "address": "新北市三峽區大觀路7號",
                "district": "三峽區",
                "latitude": 24.943681813285,
                "longitude": 121.375609394803,
                "data_source": "新北市環保局",
                "eco_attributes": "(認證中)",
                "certification_level": "認證中"
            }
        },
        {
            "id": 6,
            "type": "Feature",
            "geometry": {
                "type": "Point",
                "coordinates": [
                    121.371980030728,
                    24.930459989668
                ]
            },
            "properties": {
                "city": "新北市",
                "name": "Q Burger三峽中華店",
                "phone": "02-86719007",
                "address": "新北市三峽區安溪里中華路46-2號",
                "district": "三峽區",
                "latitude": 24.930459989668,
                "longitude": 121.371980030728,
                "data_source": "新北市環保局",
                "eco_attributes": "(認證中)",
                "certification_level": "認證中"
            }
        },
        {
            "id": 7,
            "type": "Feature",
            "geometry": {
                "type": "Point",
                "coordinates": [
                    121.372168372093,
                    24.94293251305
                ]
            },
            "properties": {
                "city": "新北市",
                "name": "Q Burger三峽北大店",
                "phone": "02-26737288",
                "address": "新北市三峽區國際二街37號",
                "district": "三峽區",
                "latitude": 24.94293251305,
                "longitude": 121.372168372093,
                "data_source": "新北市環保局",
                "eco_attributes": "(認證中)",
                "certification_level": "認證中"
            }
        },
        {
            "id": 8,
            "type": "Feature",
            "geometry": {
                "type": "Point",
                "coordinates": [
                    121.378232008488,
                    24.929529011682
                ]
            },
            "properties": {
                "city": "新北市",
                "name": "Q Burger三峽大同店",
                "phone": "02-26740031",
                "address": "新北市三峽區介壽里大同路1-4號",
                "district": "三峽區",
                "latitude": 24.929529011682,
                "longitude": 121.378232008488,
                "data_source": "新北市環保局",
                "eco_attributes": "(認證中)",
                "certification_level": "認證中"
            }
        },
        {
            "id": 9,
            "type": "Feature",
            "geometry": {
                "type": "Point",
                "coordinates": [
                    121.374443974986,
                    24.936172005225
                ]
            },
            "properties": {
                "city": "新北市",
                "name": "Q Burger三峽復興店",
                "phone": "02-86717069",
                "address": "新北市三峽區復興路30號",
                "district": "三峽區",
                "latitude": 24.936172005225,
                "longitude": 121.374443974986,
                "data_source": "新北市環保局",
                "eco_attributes": "(認證中)",
                "certification_level": "認證中"
            }
        },
        {
            "id": 10,
            "type": "Feature",
            "geometry": {
                "type": "Point",
                "coordinates": [
                    121.366674034561,
                    24.935843015525
                ]
            },
            "properties": {
                "city": "新北市",
                "name": "Q Burger三峽文化店",
                "phone": "02-26738182",
                "address": "新北市三峽區文化路266之13號",
                "district": "三峽區",
                "latitude": 24.935843015525,
                "longitude": 121.366674034561,
                "data_source": "新北市環保局",
                "eco_attributes": "(認證中)",
                "certification_level": "認證中"
            }
        },
        {
            "id": 11,
            "type": "Feature",
            "geometry": {
                "type": "Point",
                "coordinates": [
                    121.368741011884,
                    24.934509999554
                ]
            },
            "properties": {
                "city": "新北市",
                "name": "喜徠珍古井餐廳",
                "phone": "02-86711798894",
                "address": "新北市三峽區中山路40號",
                "district": "三峽區",
                "latitude": 24.934509999554,
                "longitude": 121.368741011884,
                "data_source": "新北市環保局",
                "eco_attributes": "(認證中)",
                "certification_level": "認證中"
            }
        },
        {
            "id": 12,
            "type": "Feature",
            "geometry": {
                "type": "Point",
                "coordinates": [
                    121.359823421277,
                    24.94170930001
                ]
            },
            "properties": {
                "city": "新北市",
                "name": "客家美食主藝餐廳",
                "phone": "02-86722255",
                "address": "新北市三峽區隆恩街239號",
                "district": "三峽區",
                "latitude": 24.94170930001,
                "longitude": 121.359823421277,
                "data_source": "新北市環保局",
                "eco_attributes": "(認證中)",
                "certification_level": "認證中"
            }
        },
        {
            "id": 13,
            "type": "Feature",
            "geometry": {
                "type": "Point",
                "coordinates": [
                    121.368550239768,
                    24.93407749335
                ]
            },
            "properties": {
                "city": "新北市",
                "name": "東道飲食亭",
                "phone": "0928350605",
                "address": "新北市三峽區仁愛街7號",
                "district": "三峽區",
                "latitude": 24.93407749335,
                "longitude": 121.368550239768,
                "data_source": "新北市環保局",
                "eco_attributes": "(認證中)",
                "certification_level": "認證中"
            }
        },
        {
            "id": 14,
            "type": "Feature",
            "geometry": {
                "type": "Point",
                "coordinates": [
                    121.374934986874,
                    24.92989798306
                ]
            },
            "properties": {
                "city": "新北市",
                "name": "海宴日式和風涮涮屋",
                "phone": "02-26712348",
                "address": "新北市三峽區中正路一段75號",
                "district": "三峽區",
                "latitude": 24.92989798306,
                "longitude": 121.374934986874,
                "data_source": "新北市環保局",
                "eco_attributes": "(認證中)",
                "certification_level": "認證中"
            }
        },
        {
            "id": 15,
            "type": "Feature",
            "geometry": {
                "type": "Point",
                "coordinates": [
                    121.372416979341,
                    24.934470981795
                ]
            },
            "properties": {
                "city": "新北市",
                "name": "甘樂食堂",
                "phone": "02-26731857",
                "address": "新北市三峽區清水街317號",
                "district": "三峽區",
                "latitude": 24.934470981795,
                "longitude": 121.372416979341,
                "data_source": "新北市環保局",
                "eco_attributes": "(認證中)",
                "certification_level": "認證中"
            }
        },
        {
            "id": 16,
            "type": "Feature",
            "geometry": {
                "type": "Point",
                "coordinates": [
                    121.372547317935,
                    24.946789697254
                ]
            },
            "properties": {
                "city": "新北市",
                "name": "築間幸福鍋物 三峽大學店",
                "phone": "02-26722226",
                "address": "新北市三峽區大學路198號",
                "district": "三峽區",
                "latitude": 24.946789697254,
                "longitude": 121.372547317935,
                "data_source": "新北市環保局",
                "eco_attributes": "(認證中)",
                "certification_level": "認證中"
            }
        },
        {
            "id": 17,
            "type": "Feature",
            "geometry": {
                "type": "Point",
                "coordinates": [
                    121.378306104512,
                    24.944205305047
                ]
            },
            "properties": {
                "city": "新北市",
                "name": "藏壽司 三峽學成店",
                "phone": "02-26717262",
                "address": "新北市三峽區學成路398號",
                "district": "三峽區",
                "latitude": 24.944205305047,
                "longitude": 121.378306104512,
                "data_source": "新北市環保局",
                "eco_attributes": "(認證中)",
                "certification_level": "認證中"
            }
        },
        {
            "id": 18,
            "type": "Feature",
            "geometry": {
                "type": "Point",
                "coordinates": [
                    121.375877028972,
                    24.945441007123
                ]
            },
            "properties": {
                "city": "新北市",
                "name": "麥味登三峽北大",
                "phone": "02-26724567",
                "address": "新北市三峽區大德路190號",
                "district": "三峽區",
                "latitude": 24.945441007123,
                "longitude": 121.375877028972,
                "data_source": "新北市環保局",
                "eco_attributes": "(認證中)",
                "certification_level": "認證中"
            }
        },
        {
            "id": 19,
            "type": "Feature",
            "geometry": {
                "type": "Point",
                "coordinates": [
                    121.371045029429,
                    24.927208020784
                ]
            },
            "properties": {
                "city": "新北市",
                "name": "麥味登三峽大同",
                "phone": "02-86741909",
                "address": "新北市三峽區大同路196-2號",
                "district": "三峽區",
                "latitude": 24.927208020784,
                "longitude": 121.371045029429,
                "data_source": "新北市環保局",
                "eco_attributes": "(認證中)",
                "certification_level": "認證中"
            }
        },
        {
            "id": 20,
            "type": "Feature",
            "geometry": {
                "type": "Point",
                "coordinates": [
                    121.362699000799,
                    24.937378999282
                ]
            },
            "properties": {
                "city": "新北市",
                "name": "麥味登三峽恩主公",
                "phone": "02-86723234",
                "address": "新北市三峽區中山路234號",
                "district": "三峽區",
                "latitude": 24.937378999282,
                "longitude": 121.362699000799,
                "data_source": "新北市環保局",
                "eco_attributes": "(認證中)",
                "certification_level": "認證中"
            }
        },
        {
            "id": 21,
            "type": "Feature",
            "geometry": {
                "type": "Point",
                "coordinates": [
                    121.374814036011,
                    24.943973000601
                ]
            },
            "properties": {
                "city": "新北市",
                "name": "黑沃咖啡-三峽大學店",
                "phone": "04-22624040",
                "address": "新北市三峽區新北市三峽區大學路120號",
                "district": "三峽區",
                "latitude": 24.943973000601,
                "longitude": 121.374814036011,
                "data_source": "新北市環保局",
                "eco_attributes": "(認證中)",
                "certification_level": "認證中"
            }
        },
        {
            "id": 22,
            "type": "Feature",
            "geometry": {
                "type": "Point",
                "coordinates": [
                    121.487228098087,
                    25.05146101818
                ]
            },
            "properties": {
                "city": "新北市",
                "name": "House.好食早餐店",
                "phone": "02-29703375",
                "address": "新北市三重區福德里成功路106之1號",
                "district": "三重區",
                "latitude": 25.05146101818,
                "longitude": 121.487228098087,
                "data_source": "新北市環保局",
                "eco_attributes": "(認證中)",
                "certification_level": "認證中"
            }
        },
        {
            "id": 23,
            "type": "Feature",
            "geometry": {
                "type": "Point",
                "coordinates": [
                    121.477929969075,
                    25.0688949996
                ]
            },
            "properties": {
                "city": "新北市",
                "name": "Q Burger三重三民店",
                "phone": "02-29869285",
                "address": "新北市三重區三民街298號",
                "district": "三重區",
                "latitude": 25.0688949996,
                "longitude": 121.477929969075,
                "data_source": "新北市環保局",
                "eco_attributes": "(認證中)",
                "certification_level": "認證中"
            }
        },
        {
            "id": 24,
            "type": "Feature",
            "geometry": {
                "type": "Point",
                "coordinates": [
                    121.493809987555,
                    25.059539999375
                ]
            },
            "properties": {
                "city": "新北市",
                "name": "Q Burger三重中正南店",
                "phone": "02-29746343",
                "address": "新北市三重區中正南路49號",
                "district": "三重區",
                "latitude": 25.059539999375,
                "longitude": 121.493809987555,
                "data_source": "新北市環保局",
                "eco_attributes": "(認證中)",
                "certification_level": "認證中"
            }
        },
        {
            "id": 25,
            "type": "Feature",
            "geometry": {
                "type": "Point",
                "coordinates": [
                    121.483178968301,
                    25.066862010894
                ]
            },
            "properties": {
                "city": "新北市",
                "name": "Q Burger三重中正店",
                "phone": "02-29856668",
                "address": "新北市三重區中正北路180號",
                "district": "三重區",
                "latitude": 25.066862010894,
                "longitude": 121.483178968301,
                "data_source": "新北市環保局",
                "eco_attributes": "(認證中)",
                "certification_level": "認證中"
            }
        },
        {
            "id": 26,
            "type": "Feature",
            "geometry": {
                "type": "Point",
                "coordinates": [
                    121.487633027829,
                    25.082392001097
                ]
            },
            "properties": {
                "city": "新北市",
                "name": "Q Burger三重仁愛店",
                "phone": "02-29860322",
                "address": "新北市三重區溪尾街269號",
                "district": "三重區",
                "latitude": 25.082392001097,
                "longitude": 121.487633027829,
                "data_source": "新北市環保局",
                "eco_attributes": "(認證中)",
                "certification_level": "認證中"
            }
        },
        {
            "id": 27,
            "type": "Feature",
            "geometry": {
                "type": "Point",
                "coordinates": [
                    121.492179958845,
                    25.079756018277
                ]
            },
            "properties": {
                "city": "新北市",
                "name": "Q Burger三重仁政店",
                "phone": "02-29886667",
                "address": "新北市三重區溪美里仁愛街349號",
                "district": "三重區",
                "latitude": 25.079756018277,
                "longitude": 121.492179958845,
                "data_source": "新北市環保局",
                "eco_attributes": "(認證中)",
                "certification_level": "認證中"
            }
        },
        {
            "id": 28,
            "type": "Feature",
            "geometry": {
                "type": "Point",
                "coordinates": [
                    121.471071979716,
                    25.04917301007
                ]
            },
            "properties": {
                "city": "新北市",
                "name": "Q Burger三重光復店",
                "phone": "02-29990935",
                "address": "新北市三重區光復路一段68巷22號",
                "district": "三重區",
                "latitude": 25.04917301007,
                "longitude": 121.471071979716,
                "data_source": "新北市環保局",
                "eco_attributes": "(認證中)",
                "certification_level": "認證中"
            }
        },
        {
            "id": 29,
            "type": "Feature",
            "geometry": {
                "type": "Point",
                "coordinates": [
                    121.49845398101,
                    25.059255685219
                ]
            },
            "properties": {
                "city": "新北市",
                "name": "Q Burger三重光興店",
                "phone": "02-29740006",
                "address": "新北市三重區正義南路103號",
                "district": "三重區",
                "latitude": 25.059255685219,
                "longitude": 121.49845398101,
                "data_source": "新北市環保局",
                "eco_attributes": "(認證中)",
                "certification_level": "認證中"
            }
        },
        {
            "id": 30,
            "type": "Feature",
            "geometry": {
                "type": "Point",
                "coordinates": [
                    121.482156040837,
                    25.071012980803
                ]
            },
            "properties": {
                "city": "新北市",
                "name": "Q Burger三重力行店",
                "phone": "02-29879488",
                "address": "新北市三重區力行路一段160號一樓及地下一樓",
                "district": "三重區",
                "latitude": 25.071012980803,
                "longitude": 121.482156040837,
                "data_source": "新北市環保局",
                "eco_attributes": "(認證中)",
                "certification_level": "認證中"
            }
        },
        {
            "id": 31,
            "type": "Feature",
            "geometry": {
                "type": "Point",
                "coordinates": [
                    121.492757974888,
                    25.0678379997
                ]
            },
            "properties": {
                "city": "新北市",
                "name": "Q Burger三重大智店",
                "phone": "02-29883200",
                "address": "新北市三重區大智街55號",
                "district": "三重區",
                "latitude": 25.0678379997,
                "longitude": 121.492757974888,
                "data_source": "新北市環保局",
                "eco_attributes": "(認證中)",
                "certification_level": "認證中"
            }
        },
        {
            "id": 32,
            "type": "Feature",
            "geometry": {
                "type": "Point",
                "coordinates": [
                    121.485198001138,
                    25.070399006396
                ]
            },
            "properties": {
                "city": "新北市",
                "name": "Q Burger三重忠孝店",
                "phone": "02-29846788",
                "address": "新北市三重區忠孝路二段46號",
                "district": "三重區",
                "latitude": 25.070399006396,
                "longitude": 121.485198001138,
                "data_source": "新北市環保局",
                "eco_attributes": "(認證中)",
                "certification_level": "認證中"
            }
        },
        {
            "id": 33,
            "type": "Feature",
            "geometry": {
                "type": "Point",
                "coordinates": [
                    121.485858662746,
                    25.079186803233
                ]
            },
            "properties": {
                "city": "新北市",
                "name": "Q Burger三重慈愛店",
                "phone": "02-22808853",
                "address": "新北市三重區慈愛街46號",
                "district": "三重區",
                "latitude": 25.079186803233,
                "longitude": 121.485858662746,
                "data_source": "新北市環保局",
                "eco_attributes": "(認證中)",
                "certification_level": "認證中"
            }
        },
        {
            "id": 34,
            "type": "Feature",
            "geometry": {
                "type": "Point",
                "coordinates": [
                    121.480945023466,
                    25.074492015445
                ]
            },
            "properties": {
                "city": "新北市",
                "name": "Q Burger三重永福店",
                "phone": "02-82878666",
                "address": "新北市三重區永福街172號",
                "district": "三重區",
                "latitude": 25.074492015445,
                "longitude": 121.480945023466,
                "data_source": "新北市環保局",
                "eco_attributes": "(認證中)",
                "certification_level": "認證中"
            }
        },
        {
            "id": 35,
            "type": "Feature",
            "geometry": {
                "type": "Point",
                "coordinates": [
                    121.485947008005,
                    25.062865016546
                ]
            },
            "properties": {
                "city": "新北市",
                "name": "Q Burger三重田安店",
                "phone": "02-29840181",
                "address": "新北市三重區三民街71號",
                "district": "三重區",
                "latitude": 25.062865016546,
                "longitude": 121.485947008005,
                "data_source": "新北市環保局",
                "eco_attributes": "(認證中)",
                "certification_level": "認證中"
            }
        },
        {
            "id": 36,
            "type": "Feature",
            "geometry": {
                "type": "Point",
                "coordinates": [
                    121.503005019158,
                    25.062635017122
                ]
            },
            "properties": {
                "city": "新北市",
                "name": "Q Burger三重福德南店",
                "phone": "02-29755550",
                "address": "新北市三重區福德南路40號",
                "district": "三重區",
                "latitude": 25.062635017122,
                "longitude": 121.503005019158,
                "data_source": "新北市環保局",
                "eco_attributes": "(認證中)",
                "certification_level": "認證中"
            }
        },
        {
            "id": 37,
            "type": "Feature",
            "geometry": {
                "type": "Point",
                "coordinates": [
                    121.490327977338,
                    25.069057985707
                ]
            },
            "properties": {
                "city": "新北市",
                "name": "Q Burger三重自強店",
                "phone": "02-29882918",
                "address": "新北市三重區自強路二段7號",
                "district": "三重區",
                "latitude": 25.069057985707,
                "longitude": 121.490327977338,
                "data_source": "新北市環保局",
                "eco_attributes": "(認證中)",
                "certification_level": "認證中"
            }
        },
        {
            "id": 38,
            "type": "Feature",
            "geometry": {
                "type": "Point",
                "coordinates": [
                    121.49157436634,
                    25.060117093409
                ]
            },
            "properties": {
                "city": "新北市",
                "name": "Q Burger三重菜寮店",
                "phone": "02-29880901",
                "address": "新北市三重區重新路三段93號",
                "district": "三重區",
                "latitude": 25.060117093409,
                "longitude": 121.49157436634,
                "data_source": "新北市環保局",
                "eco_attributes": "(認證中)",
                "certification_level": "認證中"
            }
        },
        {
            "id": 39,
            "type": "Feature",
            "geometry": {
                "type": "Point",
                "coordinates": [
                    121.4885336,
                    25.061008
                ]
            },
            "properties": {
                "city": "新北市",
                "name": "Q Burger三重重陽店",
                "phone": "02-89881667",
                "address": "新北市三重區重陽路43巷31號",
                "district": "三重區",
                "latitude": 25.061008,
                "longitude": 121.4885336,
                "data_source": "新北市環保局",
                "eco_attributes": "(認證中)",
                "certification_level": "認證中"
            }
        },
        {
            "id": 40,
            "type": "Feature",
            "geometry": {
                "type": "Point",
                "coordinates": [
                    121.501503987937,
                    25.067299001416
                ]
            },
            "properties": {
                "city": "新北市",
                "name": "Q Burger三重長安店",
                "phone": "02-29762393",
                "address": "新北市三重區長安街73號",
                "district": "三重區",
                "latitude": 25.067299001416,
                "longitude": 121.501503987937,
                "data_source": "新北市環保局",
                "eco_attributes": "(認證中)",
                "certification_level": "認證中"
            }
        },
        {
            "id": 41,
            "type": "Feature",
            "geometry": {
                "type": "Point",
                "coordinates": [
                    121.488898024656,
                    25.052748981422
                ]
            },
            "properties": {
                "city": "新北市",
                "name": "Q Burger三重集成店",
                "phone": "02-29776785",
                "address": "新北市三重區集成路42號",
                "district": "三重區",
                "latitude": 25.052748981422,
                "longitude": 121.488898024656,
                "data_source": "新北市環保局",
                "eco_attributes": "(認證中)",
                "certification_level": "認證中"
            }
        },
        {
            "id": 42,
            "type": "Feature",
            "geometry": {
                "type": "Point",
                "coordinates": [
                    121.477416409868,
                    25.066399120291
                ]
            },
            "properties": {
                "city": "新北市",
                "name": "Q Burger三重頂崁店",
                "phone": "02-29843557",
                "address": "新北市三重區頂崁街188號",
                "district": "三重區",
                "latitude": 25.066399120291,
                "longitude": 121.477416409868,
                "data_source": "新北市環保局",
                "eco_attributes": "(認證中)",
                "certification_level": "認證中"
            }
        },
        {
            "id": 43,
            "type": "Feature",
            "geometry": {
                "type": "Point",
                "coordinates": [
                    121.495962041195,
                    25.072444987051
                ]
            },
            "properties": {
                "city": "新北市",
                "name": "Q Burger三重龍門店",
                "phone": "02-29772611",
                "address": "新北市三重區龍門路40號",
                "district": "三重區",
                "latitude": 25.072444987051,
                "longitude": 121.495962041195,
                "data_source": "新北市環保局",
                "eco_attributes": "(認證中)",
                "certification_level": "認證中"
            }
        },
        {
            "id": 44,
            "type": "Feature",
            "geometry": {
                "type": "Point",
                "coordinates": [
                    121.468911963268,
                    25.060862998972
                ]
            },
            "properties": {
                "city": "新北市",
                "name": "Q Burger創英店",
                "phone": "02-29999589",
                "address": "新北市三重區中興北街236號",
                "district": "三重區",
                "latitude": 25.060862998972,
                "longitude": 121.468911963268,
                "data_source": "新北市環保局",
                "eco_attributes": "(認證中)",
                "certification_level": "認證中"
            }
        },
        {
            "id": 45,
            "type": "Feature",
            "geometry": {
                "type": "Point",
                "coordinates": [
                    121.492479611883,
                    25.064230302844
                ]
            },
            "properties": {
                "city": "新北市",
                "name": "Q Burger國隆總店店",
                "phone": "02-89837007",
                "address": "新北市三重區國隆路26號",
                "district": "三重區",
                "latitude": 25.064230302844,
                "longitude": 121.492479611883,
                "data_source": "新北市環保局",
                "eco_attributes": "(認證中)",
                "certification_level": "認證中"
            }
        },
        {
            "id": 46,
            "type": "Feature",
            "geometry": {
                "type": "Point",
                "coordinates": [
                    121.481494038124,
                    25.079325984735
                ]
            },
            "properties": {
                "city": "新北市",
                "name": "bb.q三重三和店",
                "phone": "02-22861069",
                "address": "新北市三重區三和路四段３９８之１號一樓",
                "district": "三重區",
                "latitude": 25.079325984735,
                "longitude": 121.481494038124,
                "data_source": "新北市環保局",
                "eco_attributes": "(認證中)",
                "certification_level": "認證中"
            }
        },
        {
            "id": 47,
            "type": "Feature",
            "geometry": {
                "type": "Point",
                "coordinates": [
                    121.478903024215,
                    25.068440993814
                ]
            },
            "properties": {
                "city": "新北市",
                "name": "八方雲集三重三民店",
                "phone": "02-29887158",
                "address": "新北市三重區三民街285號",
                "district": "三重區",
                "latitude": 25.068440993814,
                "longitude": 121.478903024215,
                "data_source": "新北市環保局",
                "eco_attributes": "(認證中)",
                "certification_level": "認證中"
            }
        },
        {
            "id": 48,
            "type": "Feature",
            "geometry": {
                "type": "Point",
                "coordinates": [
                    121.467123097492,
                    25.043069685364
                ]
            },
            "properties": {
                "city": "新北市",
                "name": "古拉爵 義式屋-家樂福重新店",
                "phone": "02-85124712",
                "address": "新北市三重區重新路5段654號",
                "district": "三重區",
                "latitude": 25.043069685364,
                "longitude": 121.467123097492,
                "data_source": "新北市環保局",
                "eco_attributes": "(認證中)",
                "certification_level": "認證中"
            }
        },
        {
            "id": 49,
            "type": "Feature",
            "geometry": {
                "type": "Point",
                "coordinates": [
                    121.496568304252,
                    25.057753606261
                ]
            },
            "properties": {
                "city": "新北市",
                "name": "哪次不吃早午餐店",
                "phone": "02-29750970",
                "address": "新北市三重區大同南路152號",
                "district": "三重區",
                "latitude": 25.057753606261,
                "longitude": 121.496568304252,
                "data_source": "新北市環保局",
                "eco_attributes": "(認證中)",
                "certification_level": "認證中"
            }
        },
        {
            "id": 50,
            "type": "Feature",
            "geometry": {
                "type": "Point",
                "coordinates": [
                    121.493884586493,
                    25.066682680075
                ]
            },
            "properties": {
                "city": "新北市",
                "name": "大吃一斤活蝦餐廳",
                "phone": "0975147848",
                "address": "新北市三重區自強路一段222號",
                "district": "三重區",
                "latitude": 25.066682680075,
                "longitude": 121.493884586493,
                "data_source": "新北市環保局",
                "eco_attributes": "(認證中)",
                "certification_level": "認證中"
            }
        },
        {
            "id": 51,
            "type": "Feature",
            "geometry": {
                "type": "Point",
                "coordinates": [
                    121.486479929409,
                    25.087995387189
                ]
            },
            "properties": {
                "city": "新北市",
                "name": "大戶屋蘆洲家樂福店",
                "phone": "02-82871080",
                "address": "新北市三重區五華街282號",
                "district": "三重區",
                "latitude": 25.087995387189,
                "longitude": 121.486479929409,
                "data_source": "新北市環保局",
                "eco_attributes": "(認證中)",
                "certification_level": "認證中"
            }
        },
        {
            "id": 52,
            "type": "Feature",
            "geometry": {
                "type": "Point",
                "coordinates": [
                    121.502473019763,
                    25.070228015571
                ]
            },
            "properties": {
                "city": "新北市",
                "name": "娜?泰式燒烤",
                "phone": "02-29766633",
                "address": "新北市三重區河邊北街100巷35號",
                "district": "三重區",
                "latitude": 25.070228015571,
                "longitude": 121.502473019763,
                "data_source": "新北市環保局",
                "eco_attributes": "(認證中)",
                "certification_level": "認證中"
            }
        },
        {
            "id": 53,
            "type": "Feature",
            "geometry": {
                "type": "Point",
                "coordinates": [
                    121.491943002442,
                    25.073550979175
                ]
            },
            "properties": {
                "city": "新北市",
                "name": "帕彼手作早餐坊",
                "phone": "02-29881313",
                "address": "新北市三重區三和路三段188號",
                "district": "三重區",
                "latitude": 25.073550979175,
                "longitude": 121.491943002442,
                "data_source": "新北市環保局",
                "eco_attributes": "(認證中)",
                "certification_level": "認證中"
            }
        },
        {
            "id": 54,
            "type": "Feature",
            "geometry": {
                "type": "Point",
                "coordinates": [
                    121.471872619107,
                    25.055849615045
                ]
            },
            "properties": {
                "city": "新北市",
                "name": "復盛員工餐廳",
                "phone": "02-29951411",
                "address": "新北市三重區光復路二段60號",
                "district": "三重區",
                "latitude": 25.055849615045,
                "longitude": 121.471872619107,
                "data_source": "新北市環保局",
                "eco_attributes": "(認證中)",
                "certification_level": "認證中"
            }
        },
        {
            "id": 55,
            "type": "Feature",
            "geometry": {
                "type": "Point",
                "coordinates": [
                    121.493872013639,
                    25.081249002871
                ]
            },
            "properties": {
                "city": "新北市",
                "name": "悠樂間 Shalom Cafe",
                "phone": "0925595853",
                "address": "新北市三重區自強路五段39號",
                "district": "三重區",
                "latitude": 25.081249002871,
                "longitude": 121.493872013639,
                "data_source": "新北市環保局",
                "eco_attributes": "(認證中)",
                "certification_level": "認證中"
            }
        },
        {
            "id": 56,
            "type": "Feature",
            "geometry": {
                "type": "Point",
                "coordinates": [
                    121.480844021533,
                    25.068278007707
                ]
            },
            "properties": {
                "city": "新北市",
                "name": "早饗食",
                "phone": "02-29800660",
                "address": "新北市三重區中正北路272號",
                "district": "三重區",
                "latitude": 25.068278007707,
                "longitude": 121.480844021533,
                "data_source": "新北市環保局",
                "eco_attributes": "(認證中)",
                "certification_level": "認證中"
            }
        },
        {
            "id": 57,
            "type": "Feature",
            "geometry": {
                "type": "Point",
                "coordinates": [
                    121.488196962275,
                    25.077270993533
                ]
            },
            "properties": {
                "city": "新北市",
                "name": "法華素食餐廳",
                "phone": "02-22860768",
                "address": "新北市三重區仁美街24號",
                "district": "三重區",
                "latitude": 25.077270993533,
                "longitude": 121.488196962275,
                "data_source": "新北市環保局",
                "eco_attributes": "(認證中)",
                "certification_level": "認證中"
            }
        },
        {
            "id": 58,
            "type": "Feature",
            "geometry": {
                "type": "Point",
                "coordinates": [
                    121.496863598701,
                    25.06178429586
                ]
            },
            "properties": {
                "city": "新北市",
                "name": "燒肉Smile 新北三重店",
                "phone": "02-89721118",
                "address": "新北市三重區重新路二段100號",
                "district": "三重區",
                "latitude": 25.06178429586,
                "longitude": 121.496863598701,
                "data_source": "新北市環保局",
                "eco_attributes": "(認證中)",
                "certification_level": "認證中"
            }
        },
        {
            "id": 59,
            "type": "Feature",
            "geometry": {
                "type": "Point",
                "coordinates": [
                    121.468847506432,
                    25.050327281957
                ]
            },
            "properties": {
                "city": "新北市",
                "name": "玉山銀行(希望大樓)員工餐廳",
                "phone": "02-217513138181",
                "address": "新北市三重區中興北街42巷17弄10號",
                "district": "三重區",
                "latitude": 25.050327281957,
                "longitude": 121.468847506432,
                "data_source": "新北市環保局",
                "eco_attributes": "(認證中)",
                "certification_level": "認證中"
            }
        },
        {
            "id": 60,
            "type": "Feature",
            "geometry": {
                "type": "Point",
                "coordinates": [
                    121.497046994743,
                    25.061745990562
                ]
            },
            "properties": {
                "city": "新北市",
                "name": "築間幸福鍋物 新北三重店",
                "phone": "02-29785222",
                "address": "新北市三重區重新路二段92號",
                "district": "三重區",
                "latitude": 25.061745990562,
                "longitude": 121.497046994743,
                "data_source": "新北市環保局",
                "eco_attributes": "(認證中)",
                "certification_level": "認證中"
            }
        },
        {
            "id": 61,
            "type": "Feature",
            "geometry": {
                "type": "Point",
                "coordinates": [
                    121.500105970306,
                    25.061787019978
                ]
            },
            "properties": {
                "city": "新北市",
                "name": "荳荳早午餐店",
                "phone": "02-89731966",
                "address": "新北市三重區文化南路31之1號",
                "district": "三重區",
                "latitude": 25.061787019978,
                "longitude": 121.500105970306,
                "data_source": "新北市環保局",
                "eco_attributes": "(認證中)",
                "certification_level": "認證中"
            }
        },
        {
            "id": 62,
            "type": "Feature",
            "geometry": {
                "type": "Point",
                "coordinates": [
                    121.486341963283,
                    25.056703018517
                ]
            },
            "properties": {
                "city": "新北市",
                "name": "藏壽司 三重捷運路店",
                "phone": "02-29886680",
                "address": "新北市三重區重明里18鄰捷運路1號",
                "district": "三重區",
                "latitude": 25.056703018517,
                "longitude": 121.486341963283,
                "data_source": "新北市環保局",
                "eco_attributes": "(認證中)",
                "certification_level": "認證中"
            }
        },
        {
            "id": 63,
            "type": "Feature",
            "geometry": {
                "type": "Point",
                "coordinates": [
                    121.490602987581,
                    25.089119987138
                ]
            },
            "properties": {
                "city": "新北市",
                "name": "藏壽司 三重集賢路店",
                "phone": "02-82877177",
                "address": "新北市三重區集賢路99號",
                "district": "三重區",
                "latitude": 25.089119987138,
                "longitude": 121.490602987581,
                "data_source": "新北市環保局",
                "eco_attributes": "(認證中)",
                "certification_level": "認證中"
            }
        },
        {
            "id": 64,
            "type": "Feature",
            "geometry": {
                "type": "Point",
                "coordinates": [
                    121.490664007836,
                    25.068963605477
                ]
            },
            "properties": {
                "city": "新北市",
                "name": "豚將拉麵重陽店",
                "phone": "02-89832058",
                "address": "新北市三重區重陽路四段8號",
                "district": "三重區",
                "latitude": 25.068963605477,
                "longitude": 121.490664007836,
                "data_source": "新北市環保局",
                "eco_attributes": "(認證中)",
                "certification_level": "認證中"
            }
        },
        {
            "id": 65,
            "type": "Feature",
            "geometry": {
                "type": "Point",
                "coordinates": [
                    121.487578964554,
                    25.079051016401
                ]
            },
            "properties": {
                "city": "新北市",
                "name": "麥味登三重三和",
                "phone": "02-22800682",
                "address": "新北市三重區三和路四段145巷153號",
                "district": "三重區",
                "latitude": 25.079051016401,
                "longitude": 121.487578964554,
                "data_source": "新北市環保局",
                "eco_attributes": "(認證中)",
                "certification_level": "認證中"
            }
        },
        {
            "id": 66,
            "type": "Feature",
            "geometry": {
                "type": "Point",
                "coordinates": [
                    121.488062097453,
                    25.088746489533
                ]
            },
            "properties": {
                "city": "新北市",
                "name": "麥味登三重三賢101",
                "phone": "02-28579101",
                "address": "新北市三重區三賢街101號",
                "district": "三重區",
                "latitude": 25.088746489533,
                "longitude": 121.488062097453,
                "data_source": "新北市環保局",
                "eco_attributes": "(認證中)",
                "certification_level": "認證中"
            }
        },
        {
            "id": 67,
            "type": "Feature",
            "geometry": {
                "type": "Point",
                "coordinates": [
                    121.488925265842,
                    25.05041789033
                ]
            },
            "properties": {
                "city": "新北市",
                "name": "麥味登三重中興橋",
                "phone": "02-29768838",
                "address": "新北市三重區成功路38號",
                "district": "三重區",
                "latitude": 25.05041789033,
                "longitude": 121.488925265842,
                "data_source": "新北市環保局",
                "eco_attributes": "(認證中)",
                "certification_level": "認證中"
            }
        },
        {
            "id": 68,
            "type": "Feature",
            "geometry": {
                "type": "Point",
                "coordinates": [
                    121.478267005402,
                    25.068941980167
                ]
            },
            "properties": {
                "city": "新北市",
                "name": "麥味登三重佳德",
                "phone": "02-89825825",
                "address": "新北市三重區三民街305號",
                "district": "三重區",
                "latitude": 25.068941980167,
                "longitude": 121.478267005402,
                "data_source": "新北市環保局",
                "eco_attributes": "(認證中)",
                "certification_level": "認證中"
            }
        },
        {
            "id": 69,
            "type": "Feature",
            "geometry": {
                "type": "Point",
                "coordinates": [
                    121.481984966193,
                    25.071576999068
                ]
            },
            "properties": {
                "city": "新北市",
                "name": "麥味登三重善解",
                "phone": "02-29850176",
                "address": "新北市三重區力行路一段176號",
                "district": "三重區",
                "latitude": 25.071576999068,
                "longitude": 121.481984966193,
                "data_source": "新北市環保局",
                "eco_attributes": "(認證中)",
                "certification_level": "認證中"
            }
        },
        {
            "id": 70,
            "type": "Feature",
            "geometry": {
                "type": "Point",
                "coordinates": [
                    121.496973988366,
                    25.071032007724
                ]
            },
            "properties": {
                "city": "新北市",
                "name": "麥味登三重國小",
                "phone": "02-89762738",
                "address": "新北市三重區仁愛街23號",
                "district": "三重區",
                "latitude": 25.071032007724,
                "longitude": 121.496973988366,
                "data_source": "新北市環保局",
                "eco_attributes": "(認證中)",
                "certification_level": "認證中"
            }
        },
        {
            "id": 71,
            "type": "Feature",
            "geometry": {
                "type": "Point",
                "coordinates": [
                    121.492585978234,
                    25.064411016677
                ]
            },
            "properties": {
                "city": "新北市",
                "name": "麥味登三重國隆",
                "phone": "02-29818809",
                "address": "新北市三重區國隆路29號",
                "district": "三重區",
                "latitude": 25.064411016677,
                "longitude": 121.492585978234,
                "data_source": "新北市環保局",
                "eco_attributes": "(認證中)",
                "certification_level": "認證中"
            }
        },
        {
            "id": 72,
            "type": "Feature",
            "geometry": {
                "type": "Point",
                "coordinates": [
                    121.494549019958,
                    25.063793982875
                ]
            },
            "properties": {
                "city": "新北市",
                "name": "麥味登三重大同",
                "phone": "02-89855749",
                "address": "新北市三重區大同北路97號",
                "district": "三重區",
                "latitude": 25.063793982875,
                "longitude": 121.494549019958,
                "data_source": "新北市環保局",
                "eco_attributes": "(認證中)",
                "certification_level": "認證中"
            }
        },
        {
            "id": 73,
            "type": "Feature",
            "geometry": {
                "type": "Point",
                "coordinates": [
                    121.48141130874,
                    25.067253906777
                ]
            },
            "properties": {
                "city": "新北市",
                "name": "麥味登三重忠孝",
                "phone": "02-89850138",
                "address": "新北市三重區忠孝路三段25號",
                "district": "三重區",
                "latitude": 25.067253906777,
                "longitude": 121.48141130874,
                "data_source": "新北市環保局",
                "eco_attributes": "(認證中)",
                "certification_level": "認證中"
            }
        },
        {
            "id": 74,
            "type": "Feature",
            "geometry": {
                "type": "Point",
                "coordinates": [
                    121.493907972003,
                    25.057042988509
                ]
            },
            "properties": {
                "city": "新北市",
                "name": "麥味登三重忠孝橋",
                "phone": "02-29749888",
                "address": "新北市三重區中正南路131號",
                "district": "三重區",
                "latitude": 25.057042988509,
                "longitude": 121.493907972003,
                "data_source": "新北市環保局",
                "eco_attributes": "(認證中)",
                "certification_level": "認證中"
            }
        },
        {
            "id": 75,
            "type": "Feature",
            "geometry": {
                "type": "Point",
                "coordinates": [
                    121.4844169754,
                    25.059031008305
                ]
            },
            "properties": {
                "city": "新北市",
                "name": "麥味登三重感恩",
                "phone": "02-29896559",
                "address": "新北市三重區三陽路61號",
                "district": "三重區",
                "latitude": 25.059031008305,
                "longitude": 121.4844169754,
                "data_source": "新北市環保局",
                "eco_attributes": "(認證中)",
                "certification_level": "認證中"
            }
        },
        {
            "id": 76,
            "type": "Feature",
            "geometry": {
                "type": "Point",
                "coordinates": [
                    121.484209020382,
                    25.056667018242
                ]
            },
            "properties": {
                "city": "新北市",
                "name": "麥味登三重捷運",
                "phone": "02-29877007",
                "address": "新北市三重區捷運路37巷14號",
                "district": "三重區",
                "latitude": 25.056667018242,
                "longitude": 121.484209020382,
                "data_source": "新北市環保局",
                "eco_attributes": "(認證中)",
                "certification_level": "認證中"
            }
        },
        {
            "id": 77,
            "type": "Feature",
            "geometry": {
                "type": "Point",
                "coordinates": [
                    121.478919536564,
                    25.075216714793
                ]
            },
            "properties": {
                "city": "新北市",
                "name": "麥味登三重木澄找餐",
                "phone": "02-22870179",
                "address": "新北市三重區永福街179號",
                "district": "三重區",
                "latitude": 25.075216714793,
                "longitude": 121.478919536564,
                "data_source": "新北市環保局",
                "eco_attributes": "(認證中)",
                "certification_level": "認證中"
            }
        },
        {
            "id": 78,
            "type": "Feature",
            "geometry": {
                "type": "Point",
                "coordinates": [
                    121.498301933286,
                    25.059891620213
                ]
            },
            "properties": {
                "city": "新北市",
                "name": "麥味登三重正義",
                "phone": "02-89762827",
                "address": "新北市三重區正義南路79號",
                "district": "三重區",
                "latitude": 25.059891620213,
                "longitude": 121.498301933286,
                "data_source": "新北市環保局",
                "eco_attributes": "(認證中)",
                "certification_level": "認證中"
            }
        },
        {
            "id": 79,
            "type": "Feature",
            "geometry": {
                "type": "Point",
                "coordinates": [
                    121.489638984897,
                    25.067882004691
                ]
            },
            "properties": {
                "city": "新北市",
                "name": "麥味登三重美福",
                "phone": "02-29801388",
                "address": "新北市三重區重陽路三段162號",
                "district": "三重區",
                "latitude": 25.067882004691,
                "longitude": 121.489638984897,
                "data_source": "新北市環保局",
                "eco_attributes": "(認證中)",
                "certification_level": "認證中"
            }
        },
        {
            "id": 80,
            "type": "Feature",
            "geometry": {
                "type": "Point",
                "coordinates": [
                    121.484468188828,
                    25.074118014925
                ]
            },
            "properties": {
                "city": "新北市",
                "name": "麥味登三重車路頭",
                "phone": "02-22860136",
                "address": "新北市三重區車路頭街87號",
                "district": "三重區",
                "latitude": 25.074118014925,
                "longitude": 121.484468188828,
                "data_source": "新北市環保局",
                "eco_attributes": "(認證中)",
                "certification_level": "認證中"
            }
        },
        {
            "id": 81,
            "type": "Feature",
            "geometry": {
                "type": "Point",
                "coordinates": [
                    121.496703001436,
                    25.083314010447
                ]
            },
            "properties": {
                "city": "新北市",
                "name": "麥味登三重進安",
                "phone": "02-82879992",
                "address": "新北市三重區自強路五段100號",
                "district": "三重區",
                "latitude": 25.083314010447,
                "longitude": 121.496703001436,
                "data_source": "新北市環保局",
                "eco_attributes": "(認證中)",
                "certification_level": "認證中"
            }
        },
        {
            "id": 82,
            "type": "Feature",
            "geometry": {
                "type": "Point",
                "coordinates": [
                    121.482631797661,
                    25.08054789858
                ]
            },
            "properties": {
                "city": "新北市",
                "name": "麥味登仁愛旗艦",
                "phone": "02-22862203",
                "address": "新北市三重區仁愛街660號",
                "district": "三重區",
                "latitude": 25.08054789858,
                "longitude": 121.482631797661,
                "data_source": "新北市環保局",
                "eco_attributes": "(認證中)",
                "certification_level": "認證中"
            }
        },
        {
            "id": 83,
            "type": "Feature",
            "geometry": {
                "type": "Point",
                "coordinates": [
                    121.48555096308,
                    24.998090004082
                ]
            },
            "properties": {
                "city": "新北市",
                "name": "Apple203早午餐店-中和遠東",
                "phone": "02-82261077",
                "address": "新北市中和區中正路738號",
                "district": "中和區",
                "latitude": 24.998090004082,
                "longitude": 121.48555096308,
                "data_source": "新北市環保局",
                "eco_attributes": "(認證中)",
                "certification_level": "認證中"
            }
        },
        {
            "id": 84,
            "type": "Feature",
            "geometry": {
                "type": "Point",
                "coordinates": [
                    121.475688899623,
                    25.006077203437
                ]
            },
            "properties": {
                "city": "新北市",
                "name": "Bellini Pasta Pasta 中和環球",
                "phone": "0988629682",
                "address": "新北市中和區中山路三段122號",
                "district": "中和區",
                "latitude": 25.006077203437,
                "longitude": 121.475688899623,
                "data_source": "新北市環保局",
                "eco_attributes": "(認證中)",
                "certification_level": "認證中"
            }
        },
        {
            "id": 85,
            "type": "Feature",
            "geometry": {
                "type": "Point",
                "coordinates": [
                    121.475688899623,
                    25.006077203437
                ]
            },
            "properties": {
                "city": "新北市",
                "name": "Cold Stone 中和環球",
                "phone": "02-22211807",
                "address": "新北市中和區中山路三段122號",
                "district": "中和區",
                "latitude": 25.006077203437,
                "longitude": 121.475688899623,
                "data_source": "新北市環保局",
                "eco_attributes": "(認證中)",
                "certification_level": "認證中"
            }
        },
        {
            "id": 86,
            "type": "Feature",
            "geometry": {
                "type": "Point",
                "coordinates": [
                    121.475688899623,
                    25.006077203437
                ]
            },
            "properties": {
                "city": "新北市",
                "name": "MOMO PARADISE 中和環球",
                "phone": "02-82286002",
                "address": "新北市中和區中山路三段122號",
                "district": "中和區",
                "latitude": 25.006077203437,
                "longitude": 121.475688899623,
                "data_source": "新北市環保局",
                "eco_attributes": "(認證中)",
                "certification_level": "認證中"
            }
        },
        {
            "id": 87,
            "type": "Feature",
            "geometry": {
                "type": "Point",
                "coordinates": [
                    121.475688899623,
                    25.006077203437
                ]
            },
            "properties": {
                "city": "新北市",
                "name": "Mami Cooking 中和環球店",
                "phone": "0986750260",
                "address": "新北市中和區中山路三段122號",
                "district": "中和區",
                "latitude": 25.006077203437,
                "longitude": 121.475688899623,
                "data_source": "新北市環保局",
                "eco_attributes": "(認證中)",
                "certification_level": "認證中"
            }
        },
        {
            "id": 88,
            "type": "Feature",
            "geometry": {
                "type": "Point",
                "coordinates": [
                    121.480070958603,
                    25.00618600054
                ]
            },
            "properties": {
                "city": "新北市",
                "name": "Q Burger中和中山店",
                "phone": "02-82211126",
                "address": "新北市中和區員山路454號",
                "district": "中和區",
                "latitude": 25.00618600054,
                "longitude": 121.480070958603,
                "data_source": "新北市環保局",
                "eco_attributes": "(認證中)",
                "certification_level": "認證中"
            }
        },
        {
            "id": 89,
            "type": "Feature",
            "geometry": {
                "type": "Point",
                "coordinates": [
                    121.500044028042,
                    24.990772979795
                ]
            },
            "properties": {
                "city": "新北市",
                "name": "Q Burger中和中興店",
                "phone": "02-22429011",
                "address": "新北市中和區中興街163號",
                "district": "中和區",
                "latitude": 24.990772979795,
                "longitude": 121.500044028042,
                "data_source": "新北市環保局",
                "eco_attributes": "(認證中)",
                "certification_level": "認證中"
            }
        },
        {
            "id": 90,
            "type": "Feature",
            "geometry": {
                "type": "Point",
                "coordinates": [
                    121.511461018357,
                    24.987078991247
                ]
            },
            "properties": {
                "city": "新北市",
                "name": "Q Burger中和仁愛店",
                "phone": "02-29436889",
                "address": "新北市中和區仁愛街102號",
                "district": "中和區",
                "latitude": 24.987078991247,
                "longitude": 121.511461018357,
                "data_source": "新北市環保局",
                "eco_attributes": "(認證中)",
                "certification_level": "認證中"
            }
        },
        {
            "id": 91,
            "type": "Feature",
            "geometry": {
                "type": "Point",
                "coordinates": [
                    121.507348018469,
                    24.998726986814
                ]
            },
            "properties": {
                "city": "新北市",
                "name": "Q Burger中和保健店",
                "phone": "02-22460690",
                "address": "新北市中和區景安路22號",
                "district": "中和區",
                "latitude": 24.998726986814,
                "longitude": 121.507348018469,
                "data_source": "新北市環保局",
                "eco_attributes": "(認證中)",
                "certification_level": "認證中"
            }
        },
        {
            "id": 92,
            "type": "Feature",
            "geometry": {
                "type": "Point",
                "coordinates": [
                    121.504919026748,
                    24.991283982522
                ]
            },
            "properties": {
                "city": "新北市",
                "name": "Q Burger中和南勢角店",
                "phone": "02-29470520",
                "address": "新北市中和區南山路174-2號",
                "district": "中和區",
                "latitude": 24.991283982522,
                "longitude": 121.504919026748,
                "data_source": "新北市環保局",
                "eco_attributes": "(認證中)",
                "certification_level": "認證中"
            }
        },
        {
            "id": 93,
            "type": "Feature",
            "geometry": {
                "type": "Point",
                "coordinates": [
                    121.502753981158,
                    24.995434994342
                ]
            },
            "properties": {
                "city": "新北市",
                "name": "Q Burger中和南山店",
                "phone": "02-22439007",
                "address": "新北市中和區南山路161號",
                "district": "中和區",
                "latitude": 24.995434994342,
                "longitude": 121.502753981158,
                "data_source": "新北市環保局",
                "eco_attributes": "(認證中)",
                "certification_level": "認證中"
            }
        },
        {
            "id": 94,
            "type": "Feature",
            "geometry": {
                "type": "Point",
                "coordinates": [
                    121.481077960451,
                    25.002845979763
                ]
            },
            "properties": {
                "city": "新北市",
                "name": "Q Burger中和員山店",
                "phone": "02-82286062",
                "address": "新北市中和區員山路395號",
                "district": "中和區",
                "latitude": 25.002845979763,
                "longitude": 121.481077960451,
                "data_source": "新北市環保局",
                "eco_attributes": "(認證中)",
                "certification_level": "認證中"
            }
        },
        {
            "id": 95,
            "type": "Feature",
            "geometry": {
                "type": "Point",
                "coordinates": [
                    121.49922696012,
                    24.996534993405
                ]
            },
            "properties": {
                "city": "新北市",
                "name": "Q Burger中和圓通店",
                "phone": "02-22427298",
                "address": "新北市中和區圓通路112號",
                "district": "中和區",
                "latitude": 24.996534993405,
                "longitude": 121.49922696012,
                "data_source": "新北市環保局",
                "eco_attributes": "(認證中)",
                "certification_level": "認證中"
            }
        },
        {
            "id": 96,
            "type": "Feature",
            "geometry": {
                "type": "Point",
                "coordinates": [
                    121.517437985874,
                    24.993282018692
                ]
            },
            "properties": {
                "city": "新北市",
                "name": "Q Burger中和大仁店",
                "phone": "02-86680138",
                "address": "新北市中和區大仁街19巷6號",
                "district": "中和區",
                "latitude": 24.993282018692,
                "longitude": 121.517437985874,
                "data_source": "新北市環保局",
                "eco_attributes": "(認證中)",
                "certification_level": "認證中"
            }
        },
        {
            "id": 97,
            "type": "Feature",
            "geometry": {
                "type": "Point",
                "coordinates": [
                    121.512791980762,
                    24.995887994299
                ]
            },
            "properties": {
                "city": "新北市",
                "name": "Q Burger中和宜安店",
                "phone": "02-29470125",
                "address": "新北市中和區宜安路25號",
                "district": "中和區",
                "latitude": 24.995887994299,
                "longitude": 121.512791980762,
                "data_source": "新北市環保局",
                "eco_attributes": "(認證中)",
                "certification_level": "認證中"
            }
        },
        {
            "id": 98,
            "type": "Feature",
            "geometry": {
                "type": "Point",
                "coordinates": [
                    121.502867975041,
                    25.001572014299
                ]
            },
            "properties": {
                "city": "新北市",
                "name": "Q Burger中和廣福店",
                "phone": "02-82458286",
                "address": "新北市中和區廣福路82號",
                "district": "中和區",
                "latitude": 25.001572014299,
                "longitude": 121.502867975041,
                "data_source": "新北市環保局",
                "eco_attributes": "(認證中)",
                "certification_level": "認證中"
            }
        },
        {
            "id": 99,
            "type": "Feature",
            "geometry": {
                "type": "Point",
                "coordinates": [
                    121.488258988358,
                    24.9992770073
                ]
            },
            "properties": {
                "city": "新北市",
                "name": "Q Burger中和建一店",
                "phone": "02-82282132",
                "address": "新北市中和區建一路157號",
                "district": "中和區",
                "latitude": 24.9992770073,
                "longitude": 121.488258988358,
                "data_source": "新北市環保局",
                "eco_attributes": "(認證中)",
                "certification_level": "認證中"
            }
        },
        {
            "id": 100,
            "type": "Feature",
            "geometry": {
                "type": "Point",
                "coordinates": [
                    121.50402199547,
                    24.990314992606
                ]
            },
            "properties": {
                "city": "新北市",
                "name": "Q Burger中和復興店",
                "phone": "02-29462197",
                "address": "新北市中和區復興路54號",
                "district": "中和區",
                "latitude": 24.990314992606,
                "longitude": 121.50402199547,
                "data_source": "新北市環保局",
                "eco_attributes": "(認證中)",
                "certification_level": "認證中"
            }
        },
        {
            "id": 101,
            "type": "Feature",
            "geometry": {
                "type": "Point",
                "coordinates": [
                    121.506748963849,
                    24.995535996275
                ]
            },
            "properties": {
                "city": "新北市",
                "name": "Q Burger中和景安店",
                "phone": "02-86682175",
                "address": "新北市中和區景新街175號",
                "district": "中和區",
                "latitude": 24.995535996275,
                "longitude": 121.506748963849,
                "data_source": "新北市環保局",
                "eco_attributes": "(認證中)",
                "certification_level": "認證中"
            }
        },
        {
            "id": 102,
            "type": "Feature",
            "geometry": {
                "type": "Point",
                "coordinates": [
                    121.517915335259,
                    24.991300704419
                ]
            },
            "properties": {
                "city": "新北市",
                "name": "Q Burger中和景德店",
                "phone": "02-29402661",
                "address": "新北市中和區景德街43號",
                "district": "中和區",
                "latitude": 24.991300704419,
                "longitude": 121.517915335259,
                "data_source": "新北市環保局",
                "eco_attributes": "(認證中)",
                "certification_level": "認證中"
            }
        },
        {
            "id": 103,
            "type": "Feature",
            "geometry": {
                "type": "Point",
                "coordinates": [
                    121.514946968069,
                    24.989908009297
                ]
            },
            "properties": {
                "city": "新北市",
                "name": "Q Burger中和景新店",
                "phone": "02-86689008",
                "address": "新北市中和區景平路111巷61弄21號",
                "district": "中和區",
                "latitude": 24.989908009297,
                "longitude": 121.514946968069,
                "data_source": "新北市環保局",
                "eco_attributes": "(認證中)",
                "certification_level": "認證中"
            }
        },
        {
            "id": 104,
            "type": "Feature",
            "geometry": {
                "type": "Point",
                "coordinates": [
                    121.494730867389,
                    24.996857752104
                ]
            },
            "properties": {
                "city": "新北市",
                "name": "Q Burger中和板南店",
                "phone": "02-22466351",
                "address": "新北市中和區連城路219巷1號",
                "district": "中和區",
                "latitude": 24.996857752104,
                "longitude": 121.494730867389,
                "data_source": "新北市環保局",
                "eco_attributes": "(認證中)",
                "certification_level": "認證中"
            }
        },
        {
            "id": 105,
            "type": "Feature",
            "geometry": {
                "type": "Point",
                "coordinates": [
                    121.474341005773,
                    25.000809009653
                ]
            },
            "properties": {
                "city": "新北市",
                "name": "Q Burger中和民享店",
                "phone": "02-82282005",
                "address": "新北市中和區民享街86巷3號",
                "district": "中和區",
                "latitude": 25.000809009653,
                "longitude": 121.474341005773,
                "data_source": "新北市環保局",
                "eco_attributes": "(認證中)",
                "certification_level": "認證中"
            }
        },
        {
            "id": 106,
            "type": "Feature",
            "geometry": {
                "type": "Point",
                "coordinates": [
                    121.469075997113,
                    25.004566994032
                ]
            },
            "properties": {
                "city": "新北市",
                "name": "Q Burger中和民生店",
                "phone": "02-29550810",
                "address": "新北市中和區民生街85巷1弄2號",
                "district": "中和區",
                "latitude": 25.004566994032,
                "longitude": 121.469075997113,
                "data_source": "新北市環保局",
                "eco_attributes": "(認證中)",
                "certification_level": "認證中"
            }
        },
        {
            "id": 107,
            "type": "Feature",
            "geometry": {
                "type": "Point",
                "coordinates": [
                    121.499584029196,
                    25.000669995789
                ]
            },
            "properties": {
                "city": "新北市",
                "name": "Q Burger中和泰和店",
                "phone": "02-22466060",
                "address": "新北市中和區泰和街22號",
                "district": "中和區",
                "latitude": 25.000669995789,
                "longitude": 121.499584029196,
                "data_source": "新北市環保局",
                "eco_attributes": "(認證中)",
                "certification_level": "認證中"
            }
        },
        {
            "id": 108,
            "type": "Feature",
            "geometry": {
                "type": "Point",
                "coordinates": [
                    121.473918976949,
                    25.004699009007
                ]
            },
            "properties": {
                "city": "新北市",
                "name": "Q Burger中和環球店",
                "phone": "02-82215555",
                "address": "新北市中和區民享街6號",
                "district": "中和區",
                "latitude": 25.004699009007,
                "longitude": 121.473918976949,
                "data_source": "新北市環保局",
                "eco_attributes": "(認證中)",
                "certification_level": "認證中"
            }
        },
        {
            "id": 109,
            "type": "Feature",
            "geometry": {
                "type": "Point",
                "coordinates": [
                    121.496790005591,
                    25.004669001794
                ]
            },
            "properties": {
                "city": "新北市",
                "name": "Q Burger中和福美店",
                "phone": "02-22490131",
                "address": "新北市中和區福善里福美路313號",
                "district": "中和區",
                "latitude": 25.004669001794,
                "longitude": 121.496790005591,
                "data_source": "新北市環保局",
                "eco_attributes": "(認證中)",
                "certification_level": "認證中"
            }
        },
        {
            "id": 110,
            "type": "Feature",
            "geometry": {
                "type": "Point",
                "coordinates": [
                    121.526367394964,
                    24.99558398267
                ]
            },
            "properties": {
                "city": "新北市",
                "name": "Q Burger中和秀朗店",
                "phone": "02-29222380",
                "address": "新北市中和區秀朗路三段48號",
                "district": "中和區",
                "latitude": 24.99558398267,
                "longitude": 121.526367394964,
                "data_source": "新北市環保局",
                "eco_attributes": "(認證中)",
                "certification_level": "認證中"
            }
        },
        {
            "id": 111,
            "type": "Feature",
            "geometry": {
                "type": "Point",
                "coordinates": [
                    121.521781991013,
                    24.996350004802
                ]
            },
            "properties": {
                "city": "新北市",
                "name": "Q Burger中和秀福店",
                "phone": "02-29430512",
                "address": "新北市中和區更生街7號",
                "district": "中和區",
                "latitude": 24.996350004802,
                "longitude": 121.521781991013,
                "data_source": "新北市環保局",
                "eco_attributes": "(認證中)",
                "certification_level": "認證中"
            }
        },
        {
            "id": 112,
            "type": "Feature",
            "geometry": {
                "type": "Point",
                "coordinates": [
                    121.524089026043,
                    24.991219986692
                ]
            },
            "properties": {
                "city": "新北市",
                "name": "Q Burger中和自立店",
                "phone": "02-29488588",
                "address": "新北市中和區自立路76號一樓",
                "district": "中和區",
                "latitude": 24.991219986692,
                "longitude": 121.524089026043,
                "data_source": "新北市環保局",
                "eco_attributes": "(認證中)",
                "certification_level": "認證中"
            }
        },
        {
            "id": 113,
            "type": "Feature",
            "geometry": {
                "type": "Point",
                "coordinates": [
                    121.506858096228,
                    24.985072279808
                ]
            },
            "properties": {
                "city": "新北市",
                "name": "Q Burger中和興南店",
                "phone": "02-86683877",
                "address": "新北市中和區興南路二段69號",
                "district": "中和區",
                "latitude": 24.985072279808,
                "longitude": 121.506858096228,
                "data_source": "新北市環保局",
                "eco_attributes": "(認證中)",
                "certification_level": "認證中"
            }
        },
        {
            "id": 114,
            "type": "Feature",
            "geometry": {
                "type": "Point",
                "coordinates": [
                    121.465145974171,
                    24.996541992294
                ]
            },
            "properties": {
                "city": "新北市",
                "name": "Q Burger中和華順店",
                "phone": "02-29620685",
                "address": "新北市中和區華順街120號",
                "district": "中和區",
                "latitude": 24.996541992294,
                "longitude": 121.465145974171,
                "data_source": "新北市環保局",
                "eco_attributes": "(認證中)",
                "certification_level": "認證中"
            }
        },
        {
            "id": 115,
            "type": "Feature",
            "geometry": {
                "type": "Point",
                "coordinates": [
                    121.483666040694,
                    24.995229009071
                ]
            },
            "properties": {
                "city": "新北市",
                "name": "Q Burger中和連城店",
                "phone": "02-22219606",
                "address": "新北市中和區連城路469巷17號",
                "district": "中和區",
                "latitude": 24.995229009071,
                "longitude": 121.483666040694,
                "data_source": "新北市環保局",
                "eco_attributes": "(認證中)",
                "certification_level": "認證中"
            }
        },
        {
            "id": 116,
            "type": "Feature",
            "geometry": {
                "type": "Point",
                "coordinates": [
                    121.475688899623,
                    25.006077203437
                ]
            },
            "properties": {
                "city": "新北市",
                "name": "TGIFridays環球餐廳 中和環球",
                "phone": "02-22253578",
                "address": "新北市中和區中山路三段122號",
                "district": "中和區",
                "latitude": 25.006077203437,
                "longitude": 121.475688899623,
                "data_source": "新北市環保局",
                "eco_attributes": "(認證中)",
                "certification_level": "認證中"
            }
        },
        {
            "id": 117,
            "type": "Feature",
            "geometry": {
                "type": "Point",
                "coordinates": [
                    121.47231996128,
                    25.006584015212
                ]
            },
            "properties": {
                "city": "新北市",
                "name": "bb.q中和中漢店",
                "phone": "02-82282057",
                "address": "新北市中和區中山路三段186號",
                "district": "中和區",
                "latitude": 25.006584015212,
                "longitude": 121.47231996128,
                "data_source": "新北市環保局",
                "eco_attributes": "(認證中)",
                "certification_level": "認證中"
            }
        },
        {
            "id": 118,
            "type": "Feature",
            "geometry": {
                "type": "Point",
                "coordinates": [
                    121.475688899623,
                    25.006077203437
                ]
            },
            "properties": {
                "city": "新北市",
                "name": "cama 中和環球",
                "phone": "02-22230612",
                "address": "新北市中和區中山路三段122號",
                "district": "中和區",
                "latitude": 25.006077203437,
                "longitude": 121.475688899623,
                "data_source": "新北市環保局",
                "eco_attributes": "(認證中)",
                "certification_level": "認證中"
            }
        },
        {
            "id": 119,
            "type": "Feature",
            "geometry": {
                "type": "Point",
                "coordinates": [
                    121.475688899623,
                    25.006077203437
                ]
            },
            "properties": {
                "city": "新北市",
                "name": "三年五班 中和環球",
                "phone": "0902356950",
                "address": "新北市中和區中山路三段122號",
                "district": "中和區",
                "latitude": 25.006077203437,
                "longitude": 121.475688899623,
                "data_source": "新北市環保局",
                "eco_attributes": "(認證中)",
                "certification_level": "認證中"
            }
        },
        {
            "id": 120,
            "type": "Feature",
            "geometry": {
                "type": "Point",
                "coordinates": [
                    121.475688899623,
                    25.006077203437
                ]
            },
            "properties": {
                "city": "新北市",
                "name": "丸?製麵 中和環球",
                "phone": "0800000063",
                "address": "新北市中和區中山路三段122號",
                "district": "中和區",
                "latitude": 25.006077203437,
                "longitude": 121.475688899623,
                "data_source": "新北市環保局",
                "eco_attributes": "(認證中)",
                "certification_level": "認證中"
            }
        },
        {
            "id": 121,
            "type": "Feature",
            "geometry": {
                "type": "Point",
                "coordinates": [
                    121.475688899623,
                    25.006077203437
                ]
            },
            "properties": {
                "city": "新北市",
                "name": "九如-中和環球",
                "phone": "02-22218223",
                "address": "新北市中和區中山路三段122號",
                "district": "中和區",
                "latitude": 25.006077203437,
                "longitude": 121.475688899623,
                "data_source": "新北市環保局",
                "eco_attributes": "(認證中)",
                "certification_level": "認證中"
            }
        },
        {
            "id": 122,
            "type": "Feature",
            "geometry": {
                "type": "Point",
                "coordinates": [
                    121.475688899623,
                    25.006077203437
                ]
            },
            "properties": {
                "city": "新北市",
                "name": "亞尼克-環球中和店",
                "phone": "02-82214837",
                "address": "新北市中和區中山路三段122號",
                "district": "中和區",
                "latitude": 25.006077203437,
                "longitude": 121.475688899623,
                "data_source": "新北市環保局",
                "eco_attributes": "(認證中)",
                "certification_level": "認證中"
            }
        },
        {
            "id": 123,
            "type": "Feature",
            "geometry": {
                "type": "Point",
                "coordinates": [
                    121.475688899623,
                    25.006077203437
                ]
            },
            "properties": {
                "city": "新北市",
                "name": "八番赤野 中和環球",
                "phone": "0989799741",
                "address": "新北市中和區中山路三段122號",
                "district": "中和區",
                "latitude": 25.006077203437,
                "longitude": 121.475688899623,
                "data_source": "新北市環保局",
                "eco_attributes": "(認證中)",
                "certification_level": "認證中"
            }
        },
        {
            "id": 124,
            "type": "Feature",
            "geometry": {
                "type": "Point",
                "coordinates": [
                    121.475688899623,
                    25.006077203437
                ]
            },
            "properties": {
                "city": "新北市",
                "name": "八色烤肉mini 中和環球",
                "phone": "02-22235005",
                "address": "新北市中和區中山路三段122號",
                "district": "中和區",
                "latitude": 25.006077203437,
                "longitude": 121.475688899623,
                "data_source": "新北市環保局",
                "eco_attributes": "(認證中)",
                "certification_level": "認證中"
            }
        },
        {
            "id": 125,
            "type": "Feature",
            "geometry": {
                "type": "Point",
                "coordinates": [
                    121.475688899623,
                    25.006077203437
                ]
            },
            "properties": {
                "city": "新北市",
                "name": "勝博殿 中和環球分店",
                "phone": "02-66377718",
                "address": "新北市中和區中山路三段122號",
                "district": "中和區",
                "latitude": 25.006077203437,
                "longitude": 121.475688899623,
                "data_source": "新北市環保局",
                "eco_attributes": "(認證中)",
                "certification_level": "認證中"
            }
        },
        {
            "id": 126,
            "type": "Feature",
            "geometry": {
                "type": "Point",
                "coordinates": [
                    121.475688899623,
                    25.006077203437
                ]
            },
            "properties": {
                "city": "新北市",
                "name": "厝內食堂 中和環球",
                "phone": "0906368895",
                "address": "新北市中和區中山路三段122號",
                "district": "中和區",
                "latitude": 25.006077203437,
                "longitude": 121.475688899623,
                "data_source": "新北市環保局",
                "eco_attributes": "(認證中)",
                "certification_level": "認證中"
            }
        },
        {
            "id": 127,
            "type": "Feature",
            "geometry": {
                "type": "Point",
                "coordinates": [
                    121.475688899623,
                    25.006077203437
                ]
            },
            "properties": {
                "city": "新北市",
                "name": "台灣壽司郎股份有限公司-新北中和環球店",
                "phone": "02-22212010",
                "address": "新北市中和區中山路三段122號",
                "district": "中和區",
                "latitude": 25.006077203437,
                "longitude": 121.475688899623,
                "data_source": "新北市環保局",
                "eco_attributes": "(認證中)",
                "certification_level": "認證中"
            }
        },
        {
            "id": 128,
            "type": "Feature",
            "geometry": {
                "type": "Point",
                "coordinates": [
                    121.465210011911,
                    24.996264006475
                ]
            },
            "properties": {
                "city": "新北市",
                "name": "呷尚寶-華順店",
                "phone": "021-29535252",
                "address": "新北市中和區華順街133號",
                "district": "中和區",
                "latitude": 24.996264006475,
                "longitude": 121.465210011911,
                "data_source": "新北市環保局",
                "eco_attributes": "(認證中)",
                "certification_level": "認證中"
            }
        },
        {
            "id": 129,
            "type": "Feature",
            "geometry": {
                "type": "Point",
                "coordinates": [
                    121.507847998993,
                    24.986163016868
                ]
            },
            "properties": {
                "city": "新北市",
                "name": "喬MAMA",
                "phone": "02-29400048",
                "address": "新北市中和區興南路二段6號",
                "district": "中和區",
                "latitude": 24.986163016868,
                "longitude": 121.507847998993,
                "data_source": "新北市環保局",
                "eco_attributes": "(認證中)",
                "certification_level": "認證中"
            }
        },
        {
            "id": 130,
            "type": "Feature",
            "geometry": {
                "type": "Point",
                "coordinates": [
                    121.475688899623,
                    25.006077203437
                ]
            },
            "properties": {
                "city": "新北市",
                "name": "大心 中和環球店",
                "phone": "02-22216389",
                "address": "新北市中和區中山路三段122號",
                "district": "中和區",
                "latitude": 25.006077203437,
                "longitude": 121.475688899623,
                "data_source": "新北市環保局",
                "eco_attributes": "(認證中)",
                "certification_level": "認證中"
            }
        },
        {
            "id": 131,
            "type": "Feature",
            "geometry": {
                "type": "Point",
                "coordinates": [
                    121.475688899623,
                    25.006077203437
                ]
            },
            "properties": {
                "city": "新北市",
                "name": "大戶屋中和環球店",
                "phone": "02-22216266",
                "address": "新北市中和區中山路三段122號",
                "district": "中和區",
                "latitude": 25.006077203437,
                "longitude": 121.475688899623,
                "data_source": "新北市環保局",
                "eco_attributes": "(認證中)",
                "certification_level": "認證中"
            }
        },
        {
            "id": 132,
            "type": "Feature",
            "geometry": {
                "type": "Point",
                "coordinates": [
                    121.475688899623,
                    25.006077203437
                ]
            },
            "properties": {
                "city": "新北市",
                "name": "天仁茗茶 中和環球",
                "phone": "02-77317377",
                "address": "新北市中和區中山路三段122號",
                "district": "中和區",
                "latitude": 25.006077203437,
                "longitude": 121.475688899623,
                "data_source": "新北市環保局",
                "eco_attributes": "(認證中)",
                "certification_level": "認證中"
            }
        },
        {
            "id": 133,
            "type": "Feature",
            "geometry": {
                "type": "Point",
                "coordinates": [
                    121.486081034637,
                    24.996076000387
                ]
            },
            "properties": {
                "city": "新北市",
                "name": "好餓早餐",
                "phone": "02-82217996",
                "address": "新北市中和區連城路403號",
                "district": "中和區",
                "latitude": 24.996076000387,
                "longitude": 121.486081034637,
                "data_source": "新北市環保局",
                "eco_attributes": "(認證中)",
                "certification_level": "認證中"
            }
        },
        {
            "id": 134,
            "type": "Feature",
            "geometry": {
                "type": "Point",
                "coordinates": [
                    121.5008581,
                    24.998512
                ]
            },
            "properties": {
                "city": "新北市",
                "name": "威剛科技(股)公司員工餐廳",
                "phone": "02-8228088612952",
                "address": "新北市中和區258號",
                "district": "中和區",
                "latitude": 24.998512,
                "longitude": 121.5008581,
                "data_source": "新北市環保局",
                "eco_attributes": "(認證中)",
                "certification_level": "認證中"
            }
        },
        {
            "id": 135,
            "type": "Feature",
            "geometry": {
                "type": "Point",
                "coordinates": [
                    121.495440686818,
                    25.000952801202
                ]
            },
            "properties": {
                "city": "新北市",
                "name": "宇禾田宴會館",
                "phone": "02-22433339",
                "address": "新北市中和區中山路二段311號3~",
                "district": "中和區",
                "latitude": 25.000952801202,
                "longitude": 121.495440686818,
                "data_source": "新北市環保局",
                "eco_attributes": "(認證中)",
                "certification_level": "認證中"
            }
        },
        {
            "id": 136,
            "type": "Feature",
            "geometry": {
                "type": "Point",
                "coordinates": [
                    121.494871136497,
                    25.002072581557
                ]
            },
            "properties": {
                "city": "新北市",
                "name": "宇禾田鐵板燒",
                "phone": "02-22433339",
                "address": "新北市中和區中山路二段311號",
                "district": "中和區",
                "latitude": 25.002072581557,
                "longitude": 121.494871136497,
                "data_source": "新北市環保局",
                "eco_attributes": "(認證中)",
                "certification_level": "認證中"
            }
        },
        {
            "id": 137,
            "type": "Feature",
            "geometry": {
                "type": "Point",
                "coordinates": [
                    121.475688899623,
                    25.006077203437
                ]
            },
            "properties": {
                "city": "新北市",
                "name": "小南門傳統美食 中和環球",
                "phone": "02-77313631",
                "address": "新北市中和區中山路三段122號",
                "district": "中和區",
                "latitude": 25.006077203437,
                "longitude": 121.475688899623,
                "data_source": "新北市環保局",
                "eco_attributes": "(認證中)",
                "certification_level": "認證中"
            }
        },
        {
            "id": 138,
            "type": "Feature",
            "geometry": {
                "type": "Point",
                "coordinates": [
                    121.475688899623,
                    25.006077203437
                ]
            },
            "properties": {
                "city": "新北市",
                "name": "小福利麻辣鍋 中和環球",
                "phone": "02-22263686",
                "address": "新北市中和區中山路三段122號",
                "district": "中和區",
                "latitude": 25.006077203437,
                "longitude": 121.475688899623,
                "data_source": "新北市環保局",
                "eco_attributes": "(認證中)",
                "certification_level": "認證中"
            }
        },
        {
            "id": 139,
            "type": "Feature",
            "geometry": {
                "type": "Point",
                "coordinates": [
                    121.501167772343,
                    24.975365921398
                ]
            },
            "properties": {
                "city": "新北市",
                "name": "山間倉房",
                "phone": "02-29406696",
                "address": "新北市中和區興南路二段399巷124號",
                "district": "中和區",
                "latitude": 24.975365921398,
                "longitude": 121.501167772343,
                "data_source": "新北市環保局",
                "eco_attributes": "(認證中)",
                "certification_level": "認證中"
            }
        },
        {
            "id": 140,
            "type": "Feature",
            "geometry": {
                "type": "Point",
                "coordinates": [
                    121.502999738559,
                    24.996019296812
                ]
            },
            "properties": {
                "city": "新北市",
                "name": "布拉德施維根廚房 Brother Su Vegan Kitchen",
                "phone": "-",
                "address": "新北市中和區南華路29號",
                "district": "中和區",
                "latitude": 24.996019296812,
                "longitude": 121.502999738559,
                "data_source": "新北市環保局",
                "eco_attributes": "(認證中)",
                "certification_level": "認證中"
            }
        },
        {
            "id": 141,
            "type": "Feature",
            "geometry": {
                "type": "Point",
                "coordinates": [
                    121.48750998149,
                    25.00761000207
                ]
            },
            "properties": {
                "city": "新北市",
                "name": "微星員工餐廳",
                "phone": "02-323455991088",
                "address": "新北市中和區立德街69號",
                "district": "中和區",
                "latitude": 25.00761000207,
                "longitude": 121.48750998149,
                "data_source": "新北市環保局",
                "eco_attributes": "(認證中)",
                "certification_level": "認證中"
            }
        },
        {
            "id": 142,
            "type": "Feature",
            "geometry": {
                "type": "Point",
                "coordinates": [
                    121.475688899623,
                    25.006077203437
                ]
            },
            "properties": {
                "city": "新北市",
                "name": "日出茶太",
                "phone": "02-82213316",
                "address": "新北市中和區中山路三段122號3F",
                "district": "中和區",
                "latitude": 25.006077203437,
                "longitude": 121.475688899623,
                "data_source": "新北市環保局",
                "eco_attributes": "(認證中)",
                "certification_level": "認證中"
            }
        },
        {
            "id": 143,
            "type": "Feature",
            "geometry": {
                "type": "Point",
                "coordinates": [
                    121.475688899623,
                    25.006077203437
                ]
            },
            "properties": {
                "city": "新北市",
                "name": "日出茶太 中和環球",
                "phone": "02-82213316",
                "address": "新北市中和區中山路三段122號",
                "district": "中和區",
                "latitude": 25.006077203437,
                "longitude": 121.475688899623,
                "data_source": "新北市環保局",
                "eco_attributes": "(認證中)",
                "certification_level": "認證中"
            }
        },
        {
            "id": 144,
            "type": "Feature",
            "geometry": {
                "type": "Point",
                "coordinates": [
                    121.475688899623,
                    25.006077203437
                ]
            },
            "properties": {
                "city": "新北市",
                "name": "星巴克-環球門市",
                "phone": "02-32340635",
                "address": "新北市中和區中山路三段122號",
                "district": "中和區",
                "latitude": 25.006077203437,
                "longitude": 121.475688899623,
                "data_source": "新北市環保局",
                "eco_attributes": "(認證中)",
                "certification_level": "認證中"
            }
        },
        {
            "id": 145,
            "type": "Feature",
            "geometry": {
                "type": "Point",
                "coordinates": [
                    121.475688899623,
                    25.006077203437
                ]
            },
            "properties": {
                "city": "新北市",
                "name": "春水堂-人文茶館 中和環球",
                "phone": "02-22217037",
                "address": "新北市中和區中山路三段122號",
                "district": "中和區",
                "latitude": 25.006077203437,
                "longitude": 121.475688899623,
                "data_source": "新北市環保局",
                "eco_attributes": "(認證中)",
                "certification_level": "認證中"
            }
        },
        {
            "id": 146,
            "type": "Feature",
            "geometry": {
                "type": "Point",
                "coordinates": [
                    121.475688899623,
                    25.006077203437
                ]
            },
            "properties": {
                "city": "新北市",
                "name": "時時香 中和環球",
                "phone": "02-82267386",
                "address": "新北市中和區中山路三段122號",
                "district": "中和區",
                "latitude": 25.006077203437,
                "longitude": 121.475688899623,
                "data_source": "新北市環保局",
                "eco_attributes": "(認證中)",
                "certification_level": "認證中"
            }
        },
        {
            "id": 147,
            "type": "Feature",
            "geometry": {
                "type": "Point",
                "coordinates": [
                    121.475688899623,
                    25.006077203437
                ]
            },
            "properties": {
                "city": "新北市",
                "name": "朱記餡餅粥 中和環球",
                "phone": "02-82211233",
                "address": "新北市中和區中山路三段122號",
                "district": "中和區",
                "latitude": 25.006077203437,
                "longitude": 121.475688899623,
                "data_source": "新北市環保局",
                "eco_attributes": "(認證中)",
                "certification_level": "認證中"
            }
        },
        {
            "id": 148,
            "type": "Feature",
            "geometry": {
                "type": "Point",
                "coordinates": [
                    121.510310015413,
                    25.001366992947
                ]
            },
            "properties": {
                "city": "新北市",
                "name": "樂?牛排(中和店)",
                "phone": "02-29220089",
                "address": "新北市中和區中和路350巷1號",
                "district": "中和區",
                "latitude": 25.001366992947,
                "longitude": 121.510310015413,
                "data_source": "新北市環保局",
                "eco_attributes": "(認證中)",
                "certification_level": "認證中"
            }
        },
        {
            "id": 149,
            "type": "Feature",
            "geometry": {
                "type": "Point",
                "coordinates": [
                    121.475688899623,
                    25.006077203437
                ]
            },
            "properties": {
                "city": "新北市",
                "name": "樂起司 中和環球",
                "phone": "0952233031",
                "address": "新北市中和區中山路三段122號",
                "district": "中和區",
                "latitude": 25.006077203437,
                "longitude": 121.475688899623,
                "data_source": "新北市環保局",
                "eco_attributes": "(認證中)",
                "certification_level": "認證中"
            }
        },
        {
            "id": 150,
            "type": "Feature",
            "geometry": {
                "type": "Point",
                "coordinates": [
                    121.475688899623,
                    25.006077203437
                ]
            },
            "properties": {
                "city": "新北市",
                "name": "欣葉小聚中和環球店",
                "phone": "02-32345858",
                "address": "新北市中和區中山路三段122號",
                "district": "中和區",
                "latitude": 25.006077203437,
                "longitude": 121.475688899623,
                "data_source": "新北市環保局",
                "eco_attributes": "(認證中)",
                "certification_level": "認證中"
            }
        },
        {
            "id": 151,
            "type": "Feature",
            "geometry": {
                "type": "Point",
                "coordinates": [
                    121.475688899623,
                    25.006077203437
                ]
            },
            "properties": {
                "city": "新北市",
                "name": "欣葉小聚餐廳 中和環球",
                "phone": "02-32345858",
                "address": "新北市中和區中山路三段122號",
                "district": "中和區",
                "latitude": 25.006077203437,
                "longitude": 121.475688899623,
                "data_source": "新北市環保局",
                "eco_attributes": "(認證中)",
                "certification_level": "認證中"
            }
        },
        {
            "id": 152,
            "type": "Feature",
            "geometry": {
                "type": "Point",
                "coordinates": [
                    121.517246040291,
                    24.992584979624
                ]
            },
            "properties": {
                "city": "新北市",
                "name": "港都熱炒",
                "phone": "02-29406751",
                "address": "新北市中和區大勇街10號",
                "district": "中和區",
                "latitude": 24.992584979624,
                "longitude": 121.517246040291,
                "data_source": "新北市環保局",
                "eco_attributes": "(認證中)",
                "certification_level": "認證中"
            }
        },
        {
            "id": 153,
            "type": "Feature",
            "geometry": {
                "type": "Point",
                "coordinates": [
                    121.475688899623,
                    25.006077203437
                ]
            },
            "properties": {
                "city": "新北市",
                "name": "燒肉LIKE 中和環球店",
                "phone": "02-22281497",
                "address": "新北市中和區中山路三段122號",
                "district": "中和區",
                "latitude": 25.006077203437,
                "longitude": 121.475688899623,
                "data_source": "新北市環保局",
                "eco_attributes": "(認證中)",
                "certification_level": "認證中"
            }
        },
        {
            "id": 154,
            "type": "Feature",
            "geometry": {
                "type": "Point",
                "coordinates": [
                    121.504331958249,
                    25.005175017289
                ]
            },
            "properties": {
                "city": "新北市",
                "name": "牛丼快餐",
                "phone": "02-22482482",
                "address": "新北市中和區中山路二段40號",
                "district": "中和區",
                "latitude": 25.005175017289,
                "longitude": 121.504331958249,
                "data_source": "新北市環保局",
                "eco_attributes": "(認證中)",
                "certification_level": "認證中"
            }
        },
        {
            "id": 155,
            "type": "Feature",
            "geometry": {
                "type": "Point",
                "coordinates": [
                    121.475688899623,
                    25.006077203437
                ]
            },
            "properties": {
                "city": "新北市",
                "name": "牛角燒肉專門店-中和環球店",
                "phone": "02-22226599",
                "address": "新北市中和區中山路三段122號",
                "district": "中和區",
                "latitude": 25.006077203437,
                "longitude": 121.475688899623,
                "data_source": "新北市環保局",
                "eco_attributes": "(認證中)",
                "certification_level": "認證中"
            }
        },
        {
            "id": 156,
            "type": "Feature",
            "geometry": {
                "type": "Point",
                "coordinates": [
                    121.499534995062,
                    25.00014700694
                ]
            },
            "properties": {
                "city": "新北市",
                "name": "璐璐早餐店",
                "phone": "02-22460928",
                "address": "新北市中和區泰和街23號",
                "district": "中和區",
                "latitude": 25.00014700694,
                "longitude": 121.499534995062,
                "data_source": "新北市環保局",
                "eco_attributes": "(認證中)",
                "certification_level": "認證中"
            }
        },
        {
            "id": 157,
            "type": "Feature",
            "geometry": {
                "type": "Point",
                "coordinates": [
                    121.475688899623,
                    25.006077203437
                ]
            },
            "properties": {
                "city": "新北市",
                "name": "瓦城 中和環球",
                "phone": "02-77317778",
                "address": "新北市中和區中山路三段122號",
                "district": "中和區",
                "latitude": 25.006077203437,
                "longitude": 121.475688899623,
                "data_source": "新北市環保局",
                "eco_attributes": "(認證中)",
                "certification_level": "認證中"
            }
        },
        {
            "id": 158,
            "type": "Feature",
            "geometry": {
                "type": "Point",
                "coordinates": [
                    121.475688899623,
                    25.006077203437
                ]
            },
            "properties": {
                "city": "新北市",
                "name": "皇廚一品牛排 中和環球",
                "phone": "02-77312719",
                "address": "新北市中和區中山路三段122號",
                "district": "中和區",
                "latitude": 25.006077203437,
                "longitude": 121.475688899623,
                "data_source": "新北市環保局",
                "eco_attributes": "(認證中)",
                "certification_level": "認證中"
            }
        },
        {
            "id": 159,
            "type": "Feature",
            "geometry": {
                "type": "Point",
                "coordinates": [
                    121.50851402502,
                    24.999508012552
                ]
            },
            "properties": {
                "city": "新北市",
                "name": "築間幸福鍋物 雙和中和店",
                "phone": "02-29262255",
                "address": "新北市中和區中和路262號",
                "district": "中和區",
                "latitude": 24.999508012552,
                "longitude": 121.50851402502,
                "data_source": "新北市環保局",
                "eco_attributes": "(認證中)",
                "certification_level": "認證中"
            }
        },
        {
            "id": 160,
            "type": "Feature",
            "geometry": {
                "type": "Point",
                "coordinates": [
                    121.475688899623,
                    25.006077203437
                ]
            },
            "properties": {
                "city": "新北市",
                "name": "築間酸菜魚 中和環球店",
                "phone": "02-22221555",
                "address": "新北市中和區中山路三段122號",
                "district": "中和區",
                "latitude": 25.006077203437,
                "longitude": 121.475688899623,
                "data_source": "新北市環保局",
                "eco_attributes": "(認證中)",
                "certification_level": "認證中"
            }
        },
        {
            "id": 161,
            "type": "Feature",
            "geometry": {
                "type": "Point",
                "coordinates": [
                    121.502137827455,
                    24.998582985717
                ]
            },
            "properties": {
                "city": "新北市",
                "name": "粥太郎 粥品·麵食",
                "phone": "02-22426628",
                "address": "新北市中和區南山路49號",
                "district": "中和區",
                "latitude": 24.998582985717,
                "longitude": 121.502137827455,
                "data_source": "新北市環保局",
                "eco_attributes": "(認證中)",
                "certification_level": "認證中"
            }
        },
        {
            "id": 162,
            "type": "Feature",
            "geometry": {
                "type": "Point",
                "coordinates": [
                    121.475688899623,
                    25.006077203437
                ]
            },
            "properties": {
                "city": "新北市",
                "name": "統一多拿滋-新中環門市",
                "phone": "02-22218130",
                "address": "新北市中和區中山路三段122號",
                "district": "中和區",
                "latitude": 25.006077203437,
                "longitude": 121.475688899623,
                "data_source": "新北市環保局",
                "eco_attributes": "(認證中)",
                "certification_level": "認證中"
            }
        },
        {
            "id": 163,
            "type": "Feature",
            "geometry": {
                "type": "Point",
                "coordinates": [
                    121.475688899623,
                    25.006077203437
                ]
            },
            "properties": {
                "city": "新北市",
                "name": "繼光香香雞 中和環球",
                "phone": "02-22233417",
                "address": "新北市中和區中山路三段122號",
                "district": "中和區",
                "latitude": 25.006077203437,
                "longitude": 121.475688899623,
                "data_source": "新北市環保局",
                "eco_attributes": "(認證中)",
                "certification_level": "認證中"
            }
        },
        {
            "id": 164,
            "type": "Feature",
            "geometry": {
                "type": "Point",
                "coordinates": [
                    121.475550262945,
                    25.006852319933
                ]
            },
            "properties": {
                "city": "新北市",
                "name": "肥熊早早午餐(中和店)",
                "phone": "02-22289997",
                "address": "新北市中和區中山路三段118之3號",
                "district": "中和區",
                "latitude": 25.006852319933,
                "longitude": 121.475550262945,
                "data_source": "新北市環保局",
                "eco_attributes": "(認證中)",
                "certification_level": "認證中"
            }
        },
        {
            "id": 165,
            "type": "Feature",
            "geometry": {
                "type": "Point",
                "coordinates": [
                    121.475688899623,
                    25.006077203437
                ]
            },
            "properties": {
                "city": "新北市",
                "name": "花月嵐拉麵 中環環球",
                "phone": "02-22232128",
                "address": "新北市中和區中山路三段122號",
                "district": "中和區",
                "latitude": 25.006077203437,
                "longitude": 121.475688899623,
                "data_source": "新北市環保局",
                "eco_attributes": "(認證中)",
                "certification_level": "認證中"
            }
        },
        {
            "id": 166,
            "type": "Feature",
            "geometry": {
                "type": "Point",
                "coordinates": [
                    121.475688899623,
                    25.006077203437
                ]
            },
            "properties": {
                "city": "新北市",
                "name": "華漾 DIM SUM 中和環球",
                "phone": "02-22252088",
                "address": "新北市中和區中山路三段122號",
                "district": "中和區",
                "latitude": 25.006077203437,
                "longitude": 121.475688899623,
                "data_source": "新北市環保局",
                "eco_attributes": "(認證中)",
                "certification_level": "認證中"
            }
        },
        {
            "id": 167,
            "type": "Feature",
            "geometry": {
                "type": "Point",
                "coordinates": [
                    121.488175001688,
                    25.005189015067
                ]
            },
            "properties": {
                "city": "新北市",
                "name": "藏壽司 中和橋和店",
                "phone": "02-82266313",
                "address": "新北市中和區橋和路5號",
                "district": "中和區",
                "latitude": 25.005189015067,
                "longitude": 121.488175001688,
                "data_source": "新北市環保局",
                "eco_attributes": "(認證中)",
                "certification_level": "認證中"
            }
        },
        {
            "id": 168,
            "type": "Feature",
            "geometry": {
                "type": "Point",
                "coordinates": [
                    121.507709362315,
                    24.986513003235
                ]
            },
            "properties": {
                "city": "新北市",
                "name": "豆司苑咖啡",
                "phone": "02-29497910",
                "address": "新北市中和區南山路320巷3號",
                "district": "中和區",
                "latitude": 24.986513003235,
                "longitude": 121.507709362315,
                "data_source": "新北市環保局",
                "eco_attributes": "(認證中)",
                "certification_level": "認證中"
            }
        },
        {
            "id": 169,
            "type": "Feature",
            "geometry": {
                "type": "Point",
                "coordinates": [
                    121.51394700702,
                    24.999990013894
                ]
            },
            "properties": {
                "city": "新北市",
                "name": "豆韻",
                "phone": "0968297838",
                "address": "新北市中和區安平路218號",
                "district": "中和區",
                "latitude": 24.999990013894,
                "longitude": 121.51394700702,
                "data_source": "新北市環保局",
                "eco_attributes": "(認證中)",
                "certification_level": "認證中"
            }
        },
        {
            "id": 170,
            "type": "Feature",
            "geometry": {
                "type": "Point",
                "coordinates": [
                    121.475688899623,
                    25.006077203437
                ]
            },
            "properties": {
                "city": "新北市",
                "name": "貓樂貓咖啡-環球中和",
                "phone": "02-22217108",
                "address": "新北市中和區中山路三段122號",
                "district": "中和區",
                "latitude": 25.006077203437,
                "longitude": 121.475688899623,
                "data_source": "新北市環保局",
                "eco_attributes": "(認證中)",
                "certification_level": "認證中"
            }
        },
        {
            "id": 171,
            "type": "Feature",
            "geometry": {
                "type": "Point",
                "coordinates": [
                    121.475688899623,
                    25.006077203437
                ]
            },
            "properties": {
                "city": "新北市",
                "name": "迷客夏PLUS 新北中和環球店",
                "phone": "02-22236462",
                "address": "新北市中和區中山路三段122號",
                "district": "中和區",
                "latitude": 25.006077203437,
                "longitude": 121.475688899623,
                "data_source": "新北市環保局",
                "eco_attributes": "(認證中)",
                "certification_level": "認證中"
            }
        },
        {
            "id": 172,
            "type": "Feature",
            "geometry": {
                "type": "Point",
                "coordinates": [
                    121.475688899623,
                    25.006077203437
                ]
            },
            "properties": {
                "city": "新北市",
                "name": "達客魷魚 中和環球",
                "phone": "0906221183",
                "address": "新北市中和區中山路三段122號",
                "district": "中和區",
                "latitude": 25.006077203437,
                "longitude": 121.475688899623,
                "data_source": "新北市環保局",
                "eco_attributes": "(認證中)",
                "certification_level": "認證中"
            }
        },
        {
            "id": 173,
            "type": "Feature",
            "geometry": {
                "type": "Point",
                "coordinates": [
                    121.475688899623,
                    25.006077203437
                ]
            },
            "properties": {
                "city": "新北市",
                "name": "金春喜韓廚 中和環球",
                "phone": "02-22265568",
                "address": "新北市中和區中山路三段122號",
                "district": "中和區",
                "latitude": 25.006077203437,
                "longitude": 121.475688899623,
                "data_source": "新北市環保局",
                "eco_attributes": "(認證中)",
                "certification_level": "認證中"
            }
        },
        {
            "id": 174,
            "type": "Feature",
            "geometry": {
                "type": "Point",
                "coordinates": [
                    121.475688899623,
                    25.006077203437
                ]
            },
            "properties": {
                "city": "新北市",
                "name": "長?魚屋 中和環球",
                "phone": "0958279136",
                "address": "新北市中和區中山路三段122號",
                "district": "中和區",
                "latitude": 25.006077203437,
                "longitude": 121.475688899623,
                "data_source": "新北市環保局",
                "eco_attributes": "(認證中)",
                "certification_level": "認證中"
            }
        },
        {
            "id": 175,
            "type": "Feature",
            "geometry": {
                "type": "Point",
                "coordinates": [
                    121.475688899623,
                    25.006077203437
                ]
            },
            "properties": {
                "city": "新北市",
                "name": "開丼 燒肉vs丼飯 中和環球",
                "phone": "02-82281266",
                "address": "新北市中和區中山路三段122號",
                "district": "中和區",
                "latitude": 25.006077203437,
                "longitude": 121.475688899623,
                "data_source": "新北市環保局",
                "eco_attributes": "(認證中)",
                "certification_level": "認證中"
            }
        },
        {
            "id": 176,
            "type": "Feature",
            "geometry": {
                "type": "Point",
                "coordinates": [
                    121.475688899623,
                    25.006077203437
                ]
            },
            "properties": {
                "city": "新北市",
                "name": "開飯川食堂 中和環球店",
                "phone": "02-22238218",
                "address": "新北市中和區中山路三段122號",
                "district": "中和區",
                "latitude": 25.006077203437,
                "longitude": 121.475688899623,
                "data_source": "新北市環保局",
                "eco_attributes": "(認證中)",
                "certification_level": "認證中"
            }
        },
        {
            "id": 177,
            "type": "Feature",
            "geometry": {
                "type": "Point",
                "coordinates": [
                    121.493774699743,
                    24.993095814713
                ]
            },
            "properties": {
                "city": "新北市",
                "name": "雙和醫院員工餐廳",
                "phone": "02-224900888837",
                "address": "新北市中和區中正路291號",
                "district": "中和區",
                "latitude": 24.993095814713,
                "longitude": 121.493774699743,
                "data_source": "新北市環保局",
                "eco_attributes": "(認證中)",
                "certification_level": "認證中"
            }
        },
        {
            "id": 178,
            "type": "Feature",
            "geometry": {
                "type": "Point",
                "coordinates": [
                    121.475688899623,
                    25.006077203437
                ]
            },
            "properties": {
                "city": "新北市",
                "name": "雪嶽山 中和環球",
                "phone": "02-77313499",
                "address": "新北市中和區中山路三段122號",
                "district": "中和區",
                "latitude": 25.006077203437,
                "longitude": 121.475688899623,
                "data_source": "新北市環保局",
                "eco_attributes": "(認證中)",
                "certification_level": "認證中"
            }
        },
        {
            "id": 179,
            "type": "Feature",
            "geometry": {
                "type": "Point",
                "coordinates": [
                    121.51766597364,
                    24.993131982625
                ]
            },
            "properties": {
                "city": "新北市",
                "name": "麥味登中和吉仁",
                "phone": "02-86680256",
                "address": "新北市中和區大仁街19巷1號",
                "district": "中和區",
                "latitude": 24.993131982625,
                "longitude": 121.51766597364,
                "data_source": "新北市環保局",
                "eco_attributes": "(認證中)",
                "certification_level": "認證中"
            }
        },
        {
            "id": 180,
            "type": "Feature",
            "geometry": {
                "type": "Point",
                "coordinates": [
                    121.50915197167,
                    24.990468507163
                ]
            },
            "properties": {
                "city": "新北市",
                "name": "麥味登中和和平",
                "phone": "02-86680428",
                "address": "新北市中和區和平街15-1號",
                "district": "中和區",
                "latitude": 24.990468507163,
                "longitude": 121.50915197167,
                "data_source": "新北市環保局",
                "eco_attributes": "(認證中)",
                "certification_level": "認證中"
            }
        },
        {
            "id": 181,
            "type": "Feature",
            "geometry": {
                "type": "Point",
                "coordinates": [
                    121.465908978817,
                    24.995331016833
                ]
            },
            "properties": {
                "city": "新北市",
                "name": "麥味登中和壽德",
                "phone": "02-29526863",
                "address": "新北市中和區壽德街21號",
                "district": "中和區",
                "latitude": 24.995331016833,
                "longitude": 121.465908978817,
                "data_source": "新北市環保局",
                "eco_attributes": "(認證中)",
                "certification_level": "認證中"
            }
        },
        {
            "id": 182,
            "type": "Feature",
            "geometry": {
                "type": "Point",
                "coordinates": [
                    121.504200027093,
                    24.990269017867
                ]
            },
            "properties": {
                "city": "新北市",
                "name": "麥味登中和復興",
                "phone": "02-29488698",
                "address": "新北市中和區復興路50號",
                "district": "中和區",
                "latitude": 24.990269017867,
                "longitude": 121.504200027093,
                "data_source": "新北市環保局",
                "eco_attributes": "(認證中)",
                "certification_level": "認證中"
            }
        },
        {
            "id": 183,
            "type": "Feature",
            "geometry": {
                "type": "Point",
                "coordinates": [
                    121.471250011339,
                    25.004621979317
                ]
            },
            "properties": {
                "city": "新北市",
                "name": "麥味登中和德光",
                "phone": "02-29620233",
                "address": "新北市中和區德光路14號",
                "district": "中和區",
                "latitude": 25.004621979317,
                "longitude": 121.471250011339,
                "data_source": "新北市環保局",
                "eco_attributes": "(認證中)",
                "certification_level": "認證中"
            }
        },
        {
            "id": 184,
            "type": "Feature",
            "geometry": {
                "type": "Point",
                "coordinates": [
                    121.483306037953,
                    25.001085989643
                ]
            },
            "properties": {
                "city": "新北市",
                "name": "麥味登中和新生",
                "phone": "02-22229635",
                "address": "新北市中和區民樂路54號",
                "district": "中和區",
                "latitude": 25.001085989643,
                "longitude": 121.483306037953,
                "data_source": "新北市環保局",
                "eco_attributes": "(認證中)",
                "certification_level": "認證中"
            }
        },
        {
            "id": 185,
            "type": "Feature",
            "geometry": {
                "type": "Point",
                "coordinates": [
                    121.508199116917,
                    24.99923979165
                ]
            },
            "properties": {
                "city": "新北市",
                "name": "麥味登中和景安",
                "phone": "02-89432800",
                "address": "新北市中和區景安路13號",
                "district": "中和區",
                "latitude": 24.99923979165,
                "longitude": 121.508199116917,
                "data_source": "新北市環保局",
                "eco_attributes": "(認證中)",
                "certification_level": "認證中"
            }
        },
        {
            "id": 186,
            "type": "Feature",
            "geometry": {
                "type": "Point",
                "coordinates": [
                    121.503932979658,
                    24.999204000923
                ]
            },
            "properties": {
                "city": "新北市",
                "name": "麥味登中和景新",
                "phone": "02-22450559",
                "address": "新北市中和區景新街35號",
                "district": "中和區",
                "latitude": 24.999204000923,
                "longitude": 121.503932979658,
                "data_source": "新北市環保局",
                "eco_attributes": "(認證中)",
                "certification_level": "認證中"
            }
        },
        {
            "id": 187,
            "type": "Feature",
            "geometry": {
                "type": "Point",
                "coordinates": [
                    121.46875597605,
                    25.000053003896
                ]
            },
            "properties": {
                "city": "新北市",
                "name": "麥味登中和民德",
                "phone": "02-29628388",
                "address": "新北市中和區民德路155號",
                "district": "中和區",
                "latitude": 25.000053003896,
                "longitude": 121.46875597605,
                "data_source": "新北市環保局",
                "eco_attributes": "(認證中)",
                "certification_level": "認證中"
            }
        },
        {
            "id": 188,
            "type": "Feature",
            "geometry": {
                "type": "Point",
                "coordinates": [
                    121.497367015806,
                    24.999236983712
                ]
            },
            "properties": {
                "city": "新北市",
                "name": "麥味登中和泉日青",
                "phone": "02-82458368",
                "address": "新北市中和區連城路89巷7-2號",
                "district": "中和區",
                "latitude": 24.999236983712,
                "longitude": 121.497367015806,
                "data_source": "新北市環保局",
                "eco_attributes": "(認證中)",
                "certification_level": "認證中"
            }
        },
        {
            "id": 189,
            "type": "Feature",
            "geometry": {
                "type": "Point",
                "coordinates": [
                    121.509223972219,
                    24.997523010242
                ]
            },
            "properties": {
                "city": "新北市",
                "name": "麥味登中和福澤",
                "phone": "02-89419688",
                "address": "新北市中和區保健路47號",
                "district": "中和區",
                "latitude": 24.997523010242,
                "longitude": 121.509223972219,
                "data_source": "新北市環保局",
                "eco_attributes": "(認證中)",
                "certification_level": "認證中"
            }
        },
        {
            "id": 190,
            "type": "Feature",
            "geometry": {
                "type": "Point",
                "coordinates": [
                    121.524706017936,
                    24.99247798463
                ]
            },
            "properties": {
                "city": "新北市",
                "name": "麥味登中和秀朗",
                "phone": "02-29435788",
                "address": "新北市中和區秀朗路３段128巷2號",
                "district": "中和區",
                "latitude": 24.99247798463,
                "longitude": 121.524706017936,
                "data_source": "新北市環保局",
                "eco_attributes": "(認證中)",
                "certification_level": "認證中"
            }
        },
        {
            "id": 191,
            "type": "Feature",
            "geometry": {
                "type": "Point",
                "coordinates": [
                    121.506580990509,
                    24.984825013664
                ]
            },
            "properties": {
                "city": "新北市",
                "name": "麥味登中和英雄",
                "phone": "02-89434686",
                "address": "新北市中和區興南路二段79號",
                "district": "中和區",
                "latitude": 24.984825013664,
                "longitude": 121.506580990509,
                "data_source": "新北市環保局",
                "eco_attributes": "(認證中)",
                "certification_level": "認證中"
            }
        },
        {
            "id": 192,
            "type": "Feature",
            "geometry": {
                "type": "Point",
                "coordinates": [
                    121.507665022047,
                    24.982523007776
                ]
            },
            "properties": {
                "city": "新北市",
                "name": "麥味登中和華新",
                "phone": "02-86680570",
                "address": "新北市中和區華新街150號",
                "district": "中和區",
                "latitude": 24.982523007776,
                "longitude": 121.507665022047,
                "data_source": "新北市環保局",
                "eco_attributes": "(認證中)",
                "certification_level": "認證中"
            }
        },
        {
            "id": 193,
            "type": "Feature",
            "geometry": {
                "type": "Point",
                "coordinates": [
                    121.487619281508,
                    24.996669397222
                ]
            },
            "properties": {
                "city": "新北市",
                "name": "麥味登中和遠東世紀",
                "phone": "02-82271800",
                "address": "新北市中和區建一路188號",
                "district": "中和區",
                "latitude": 24.996669397222,
                "longitude": 121.487619281508,
                "data_source": "新北市環保局",
                "eco_attributes": "(認證中)",
                "certification_level": "認證中"
            }
        },
        {
            "id": 194,
            "type": "Feature",
            "geometry": {
                "type": "Point",
                "coordinates": [
                    121.501938002883,
                    25.00688199187
                ]
            },
            "properties": {
                "city": "新北市",
                "name": "麥味登中和陽光",
                "phone": "02-82453053",
                "address": "新北市中和區中山路二段2巷45弄12號",
                "district": "中和區",
                "latitude": 25.00688199187,
                "longitude": 121.501938002883,
                "data_source": "新北市環保局",
                "eco_attributes": "(認證中)",
                "certification_level": "認證中"
            }
        },
        {
            "id": 195,
            "type": "Feature",
            "geometry": {
                "type": "Point",
                "coordinates": [
                    121.494424967791,
                    24.992233987428
                ]
            },
            "properties": {
                "city": "新北市",
                "name": "麥味登雙和圓通",
                "phone": "02-22421165",
                "address": "新北市中和區圓通路242號",
                "district": "中和區",
                "latitude": 24.992233987428,
                "longitude": 121.494424967791,
                "data_source": "新北市環保局",
                "eco_attributes": "(認證中)",
                "certification_level": "認證中"
            }
        },
        {
            "id": 196,
            "type": "Feature",
            "geometry": {
                "type": "Point",
                "coordinates": [
                    121.475688899623,
                    25.006077203437
                ]
            },
            "properties": {
                "city": "新北市",
                "name": "麵家三士 中和環球",
                "phone": "02-32343669",
                "address": "新北市中和區中山路三段122號",
                "district": "中和區",
                "latitude": 25.006077203437,
                "longitude": 121.475688899623,
                "data_source": "新北市環保局",
                "eco_attributes": "(認證中)",
                "certification_level": "認證中"
            }
        },
        {
            "id": 197,
            "type": "Feature",
            "geometry": {
                "type": "Point",
                "coordinates": [
                    121.469619982629,
                    24.99896100955
                ]
            },
            "properties": {
                "city": "新北市",
                "name": "黃到即食鍋燒麵(中和店)",
                "phone": "0909670810",
                "address": "新北市中和區國光街107巷4弄30號",
                "district": "中和區",
                "latitude": 24.99896100955,
                "longitude": 121.469619982629,
                "data_source": "新北市環保局",
                "eco_attributes": "(認證中)",
                "certification_level": "認證中"
            }
        },
        {
            "id": 198,
            "type": "Feature",
            "geometry": {
                "type": "Point",
                "coordinates": [
                    121.475688899623,
                    25.006077203437
                ]
            },
            "properties": {
                "city": "新北市",
                "name": "點點心 中和環球店",
                "phone": "02-22226628",
                "address": "新北市中和區中山路三段122號",
                "district": "中和區",
                "latitude": 25.006077203437,
                "longitude": 121.475688899623,
                "data_source": "新北市環保局",
                "eco_attributes": "(認證中)",
                "certification_level": "認證中"
            }
        },
        {
            "id": 199,
            "type": "Feature",
            "geometry": {
                "type": "Point",
                "coordinates": [
                    121.437924989237,
                    25.083173990754
                ]
            },
            "properties": {
                "city": "新北市",
                "name": "Q Burger五股國小店",
                "phone": "02-82922183",
                "address": "新北市五股區成泰路二段108號",
                "district": "五股區",
                "latitude": 25.083173990754,
                "longitude": 121.437924989237,
                "data_source": "新北市環保局",
                "eco_attributes": "(認證中)",
                "certification_level": "認證中"
            }
        },
        {
            "id": 200,
            "type": "Feature",
            "geometry": {
                "type": "Point",
                "coordinates": [
                    121.433615014625,
                    25.087007998995
                ]
            },
            "properties": {
                "city": "新北市",
                "name": "Q Burger五股工商店",
                "phone": "02-22941002",
                "address": "新北市五股區工商路193號",
                "district": "五股區",
                "latitude": 25.087007998995,
                "longitude": 121.433615014625,
                "data_source": "新北市環保局",
                "eco_attributes": "(認證中)",
                "certification_level": "認證中"
            }
        },
        {
            "id": 201,
            "type": "Feature",
            "geometry": {
                "type": "Point",
                "coordinates": [
                    121.434134022069,
                    25.067299001416
                ]
            },
            "properties": {
                "city": "新北市",
                "name": "Q Burger五股成泰店",
                "phone": "02-29096663",
                "address": "新北市五股區成泰路一段47號",
                "district": "五股區",
                "latitude": 25.067299001416,
                "longitude": 121.434134022069,
                "data_source": "新北市環保局",
                "eco_attributes": "(認證中)",
                "certification_level": "認證中"
            }
        },
        {
            "id": 202,
            "type": "Feature",
            "geometry": {
                "type": "Point",
                "coordinates": [
                    121.450899001887,
                    25.102991994984
                ]
            },
            "properties": {
                "city": "新北市",
                "name": "Q Burger五股成洲店",
                "phone": "02-22918228",
                "address": "新北市五股區成泰路三段577巷43號",
                "district": "五股區",
                "latitude": 25.102991994984,
                "longitude": 121.450899001887,
                "data_source": "新北市環保局",
                "eco_attributes": "(認證中)",
                "certification_level": "認證中"
            }
        },
        {
            "id": 203,
            "type": "Feature",
            "geometry": {
                "type": "Point",
                "coordinates": [
                    121.445715968239,
                    25.092647008175
                ]
            },
            "properties": {
                "city": "新北市",
                "name": "Q Burger五股洲子洋店",
                "phone": "02-22921599",
                "address": "新北市五股區成泰路三段201號",
                "district": "五股區",
                "latitude": 25.092647008175,
                "longitude": 121.445715968239,
                "data_source": "新北市環保局",
                "eco_attributes": "(認證中)",
                "certification_level": "認證中"
            }
        },
        {
            "id": 204,
            "type": "Feature",
            "geometry": {
                "type": "Point",
                "coordinates": [
                    121.449128995393,
                    25.097712988545
                ]
            },
            "properties": {
                "city": "新北市",
                "name": "Q Burger五股西雲店",
                "phone": "02-22935777",
                "address": "新北市五股區西雲路241號",
                "district": "五股區",
                "latitude": 25.097712988545,
                "longitude": 121.449128995393,
                "data_source": "新北市環保局",
                "eco_attributes": "(認證中)",
                "certification_level": "認證中"
            }
        },
        {
            "id": 205,
            "type": "Feature",
            "geometry": {
                "type": "Point",
                "coordinates": [
                    121.454342958263,
                    25.06522100189
                ]
            },
            "properties": {
                "city": "新北市",
                "name": "明緯員工餐廳",
                "phone": "02-22996100118",
                "address": "新北市五股區五權三路28號",
                "district": "五股區",
                "latitude": 25.06522100189,
                "longitude": 121.454342958263,
                "data_source": "新北市環保局",
                "eco_attributes": "(認證中)",
                "certification_level": "認證中"
            }
        },
        {
            "id": 206,
            "type": "Feature",
            "geometry": {
                "type": "Point",
                "coordinates": [
                    121.438212991431,
                    25.083143983541
                ]
            },
            "properties": {
                "city": "新北市",
                "name": "麥味登五股中興",
                "phone": "02-22951720",
                "address": "新北市五股區中興路四段48巷1號",
                "district": "五股區",
                "latitude": 25.083143983541,
                "longitude": 121.438212991431,
                "data_source": "新北市環保局",
                "eco_attributes": "(認證中)",
                "certification_level": "認證中"
            }
        },
        {
            "id": 207,
            "type": "Feature",
            "geometry": {
                "type": "Point",
                "coordinates": [
                    121.467929017482,
                    25.074433006847
                ]
            },
            "properties": {
                "city": "新北市",
                "name": "麥味登五股四維",
                "phone": "02-29889279",
                "address": "新北市五股區四維路116-1號",
                "district": "五股區",
                "latitude": 25.074433006847,
                "longitude": 121.467929017482,
                "data_source": "新北市環保局",
                "eco_attributes": "(認證中)",
                "certification_level": "認證中"
            }
        },
        {
            "id": 208,
            "type": "Feature",
            "geometry": {
                "type": "Point",
                "coordinates": [
                    121.445144992995,
                    25.091936013238
                ]
            },
            "properties": {
                "city": "新北市",
                "name": "麥味登五股洲子洋",
                "phone": "02-22930223",
                "address": "新北市五股區成泰路三段165號",
                "district": "五股區",
                "latitude": 25.091936013238,
                "longitude": 121.445144992995,
                "data_source": "新北市環保局",
                "eco_attributes": "(認證中)",
                "certification_level": "認證中"
            }
        },
        {
            "id": 209,
            "type": "Feature",
            "geometry": {
                "type": "Point",
                "coordinates": [
                    121.432266031128,
                    25.090484016151
                ]
            },
            "properties": {
                "city": "新北市",
                "name": "麥味登五股福臨",
                "phone": "02-22916863",
                "address": "新北市五股區五福路93號",
                "district": "五股區",
                "latitude": 25.090484016151,
                "longitude": 121.432266031128,
                "data_source": "新北市環保局",
                "eco_attributes": "(認證中)",
                "certification_level": "認證中"
            }
        },
        {
            "id": 210,
            "type": "Feature",
            "geometry": {
                "type": "Point",
                "coordinates": [
                    121.433093492609,
                    25.073309999459
                ]
            },
            "properties": {
                "city": "新北市",
                "name": "麥味登五股自強",
                "phone": "02-22935789",
                "address": "新北市五股區自強路72號",
                "district": "五股區",
                "latitude": 25.073309999459,
                "longitude": 121.433093492609,
                "data_source": "新北市環保局",
                "eco_attributes": "(認證中)",
                "certification_level": "認證中"
            }
        },
        {
            "id": 211,
            "type": "Feature",
            "geometry": {
                "type": "Point",
                "coordinates": [
                    121.398889041226,
                    25.146983994705
                ]
            },
            "properties": {
                "city": "新北市",
                "name": "Q Burger八里中山店",
                "phone": "02-26194767",
                "address": "新北市八里區中山路二段363號",
                "district": "八里區",
                "latitude": 25.146983994705,
                "longitude": 121.398889041226,
                "data_source": "新北市環保局",
                "eco_attributes": "(認證中)",
                "certification_level": "認證中"
            }
        },
        {
            "id": 212,
            "type": "Feature",
            "geometry": {
                "type": "Point",
                "coordinates": [
                    121.402206933779,
                    25.129382207584
                ]
            },
            "properties": {
                "city": "新北市",
                "name": "桃樂絲森林餐廳",
                "phone": "02-86303356",
                "address": "新北市八里區荖阡村荖阡坑路34之5號",
                "district": "八里區",
                "latitude": 25.129382207584,
                "longitude": 121.402206933779,
                "data_source": "新北市環保局",
                "eco_attributes": "(認證中)",
                "certification_level": "認證中"
            }
        },
        {
            "id": 213,
            "type": "Feature",
            "geometry": {
                "type": "Point",
                "coordinates": [
                    121.425566962653,
                    25.161779017729
                ]
            },
            "properties": {
                "city": "新北市",
                "name": "芭達桑原住民主題餐廳",
                "phone": "02-26105300",
                "address": "新北市八里區觀海大道111號",
                "district": "八里區",
                "latitude": 25.161779017729,
                "longitude": 121.425566962653,
                "data_source": "新北市環保局",
                "eco_attributes": "(認證中)",
                "certification_level": "認證中"
            }
        },
        {
            "id": 214,
            "type": "Feature",
            "geometry": {
                "type": "Point",
                "coordinates": [
                    121.39740577964,
                    25.146532293943
                ]
            },
            "properties": {
                "city": "新北市",
                "name": "麥味登八里小麥",
                "phone": "02-26195768",
                "address": "新北市八里區中山路二段542號",
                "district": "八里區",
                "latitude": 25.146532293943,
                "longitude": 121.39740577964,
                "data_source": "新北市環保局",
                "eco_attributes": "(認證中)",
                "certification_level": "認證中"
            }
        },
        {
            "id": 215,
            "type": "Feature",
            "geometry": {
                "type": "Point",
                "coordinates": [
                    121.451883959329,
                    25.126302989724
                ]
            },
            "properties": {
                "city": "新北市",
                "name": "麥味登八里禾渼",
                "phone": "02-26188007",
                "address": "新北市八里區頂寮五街7號",
                "district": "八里區",
                "latitude": 25.126302989724,
                "longitude": 121.451883959329,
                "data_source": "新北市環保局",
                "eco_attributes": "(認證中)",
                "certification_level": "認證中"
            }
        },
        {
            "id": 216,
            "type": "Feature",
            "geometry": {
                "type": "Point",
                "coordinates": [
                    121.442927979605,
                    24.977904998221
                ]
            },
            "properties": {
                "city": "新北市",
                "name": "Q Burger土城員林店",
                "phone": "02-82610003",
                "address": "新北市土城區員林街10之2號一樓",
                "district": "土城區",
                "latitude": 24.977904998221,
                "longitude": 121.442927979605,
                "data_source": "新北市環保局",
                "eco_attributes": "(認證中)",
                "certification_level": "認證中"
            }
        },
        {
            "id": 217,
            "type": "Feature",
            "geometry": {
                "type": "Point",
                "coordinates": [
                    121.452222504398,
                    24.987480107223
                ]
            },
            "properties": {
                "city": "新北市",
                "name": "Q Burger土城學成店",
                "phone": "02-82731862",
                "address": "新北市土城區學成路47號",
                "district": "土城區",
                "latitude": 24.987480107223,
                "longitude": 121.452222504398,
                "data_source": "新北市環保局",
                "eco_attributes": "(認證中)",
                "certification_level": "認證中"
            }
        },
        {
            "id": 218,
            "type": "Feature",
            "geometry": {
                "type": "Point",
                "coordinates": [
                    121.455468983136,
                    24.991471988611
                ]
            },
            "properties": {
                "city": "新北市",
                "name": "Q Burger土城廣興店",
                "phone": "02-89661116",
                "address": "新北市土城區廣興街33號",
                "district": "土城區",
                "latitude": 24.991471988611,
                "longitude": 121.455468983136,
                "data_source": "新北市環保局",
                "eco_attributes": "(認證中)",
                "certification_level": "認證中"
            }
        },
        {
            "id": 219,
            "type": "Feature",
            "geometry": {
                "type": "Point",
                "coordinates": [
                    121.463871002879,
                    24.984142014284
                ]
            },
            "properties": {
                "city": "新北市",
                "name": "Q Burger土城延吉店",
                "phone": "02-82610582",
                "address": "新北市土城區延吉街312號",
                "district": "土城區",
                "latitude": 24.984142014284,
                "longitude": 121.463871002879,
                "data_source": "新北市環保局",
                "eco_attributes": "(認證中)",
                "certification_level": "認證中"
            }
        },
        {
            "id": 220,
            "type": "Feature",
            "geometry": {
                "type": "Point",
                "coordinates": [
                    121.468011998324,
                    24.990458993702
                ]
            },
            "properties": {
                "city": "新北市",
                "name": "Q Burger土城延和店",
                "phone": "02-22631515",
                "address": "新北市土城區延和路115號",
                "district": "土城區",
                "latitude": 24.990458993702,
                "longitude": 121.468011998324,
                "data_source": "新北市環保局",
                "eco_attributes": "(認證中)",
                "certification_level": "認證中"
            }
        },
        {
            "id": 221,
            "type": "Feature",
            "geometry": {
                "type": "Point",
                "coordinates": [
                    121.467246982021,
                    24.983343009364
                ]
            },
            "properties": {
                "city": "新北市",
                "name": "Q Burger土城永豐店",
                "phone": "02-22707050",
                "address": "新北市土城區永豐路135巷10號",
                "district": "土城區",
                "latitude": 24.983343009364,
                "longitude": 121.467246982021,
                "data_source": "新北市環保局",
                "eco_attributes": "(認證中)",
                "certification_level": "認證中"
            }
        },
        {
            "id": 222,
            "type": "Feature",
            "geometry": {
                "type": "Point",
                "coordinates": [
                    121.465576971632,
                    24.988758012182
                ]
            },
            "properties": {
                "city": "新北市",
                "name": "Q Burger土城立德店",
                "phone": "02-22632929",
                "address": "新北市土城區延和路54號",
                "district": "土城區",
                "latitude": 24.988758012182,
                "longitude": 121.465576971632,
                "data_source": "新北市環保局",
                "eco_attributes": "(認證中)",
                "certification_level": "認證中"
            }
        },
        {
            "id": 223,
            "type": "Feature",
            "geometry": {
                "type": "Point",
                "coordinates": [
                    121.45897203193,
                    24.98054630355
                ]
            },
            "properties": {
                "city": "新北市",
                "name": "Q Burger土城青雲店",
                "phone": "02-22730363",
                "address": "新北市土城區青雲路238號",
                "district": "土城區",
                "latitude": 24.98054630355,
                "longitude": 121.45897203193,
                "data_source": "新北市環保局",
                "eco_attributes": "(認證中)",
                "certification_level": "認證中"
            }
        },
        {
            "id": 224,
            "type": "Feature",
            "geometry": {
                "type": "Point",
                "coordinates": [
                    121.437701192423,
                    24.971819485059
                ]
            },
            "properties": {
                "city": "新北市",
                "name": "古都餐廳",
                "phone": "02-22709535",
                "address": "新北市土城區中華路2段257號",
                "district": "土城區",
                "latitude": 24.971819485059,
                "longitude": 121.437701192423,
                "data_source": "新北市環保局",
                "eco_attributes": "(認證中)",
                "certification_level": "認證中"
            }
        },
        {
            "id": 225,
            "type": "Feature",
            "geometry": {
                "type": "Point",
                "coordinates": [
                    121.445241971614,
                    24.984262001228
                ]
            },
            "properties": {
                "city": "新北市",
                "name": "早安公雞農場晨食(土城店)",
                "phone": "02-82616068",
                "address": "新北市土城區明德路二段106號",
                "district": "土城區",
                "latitude": 24.984262001228,
                "longitude": 121.445241971614,
                "data_source": "新北市環保局",
                "eco_attributes": "(認證中)",
                "certification_level": "認證中"
            }
        },
        {
            "id": 226,
            "type": "Feature",
            "geometry": {
                "type": "Point",
                "coordinates": [
                    121.445375998246,
                    24.986993998749
                ]
            },
            "properties": {
                "city": "新北市",
                "name": "星誼美而美",
                "phone": "02-82616104",
                "address": "新北市土城區日新街9巷1號",
                "district": "土城區",
                "latitude": 24.986993998749,
                "longitude": 121.445375998246,
                "data_source": "新北市環保局",
                "eco_attributes": "(認證中)",
                "certification_level": "認證中"
            }
        },
        {
            "id": 227,
            "type": "Feature",
            "geometry": {
                "type": "Point",
                "coordinates": [
                    121.448314022947,
                    24.991210096046
                ]
            },
            "properties": {
                "city": "新北市",
                "name": "海霸王餐廳股份有限公司海山分公司",
                "phone": "02-22664835",
                "address": "新北市土城區中央路一段22號",
                "district": "土城區",
                "latitude": 24.991210096046,
                "longitude": 121.448314022947,
                "data_source": "新北市環保局",
                "eco_attributes": "(認證中)",
                "certification_level": "認證中"
            }
        },
        {
            "id": 228,
            "type": "Feature",
            "geometry": {
                "type": "Point",
                "coordinates": [
                    121.445151614698,
                    24.979227411085
                ]
            },
            "properties": {
                "city": "新北市",
                "name": "築間幸福鍋物 土城中央店",
                "phone": "02-22601555",
                "address": "新北市土城區中央路二段21巷128號",
                "district": "土城區",
                "latitude": 24.979227411085,
                "longitude": 121.445151614698,
                "data_source": "新北市環保局",
                "eco_attributes": "(認證中)",
                "certification_level": "認證中"
            }
        },
        {
            "id": 229,
            "type": "Feature",
            "geometry": {
                "type": "Point",
                "coordinates": [
                    121.45332170718,
                    24.982458006117
                ]
            },
            "properties": {
                "city": "新北市",
                "name": "築間幸福鍋物 土城裕民店",
                "phone": "02-22645577",
                "address": "新北市土城區新北市土城區學士路23號",
                "district": "土城區",
                "latitude": 24.982458006117,
                "longitude": 121.45332170718,
                "data_source": "新北市環保局",
                "eco_attributes": "(認證中)",
                "certification_level": "認證中"
            }
        },
        {
            "id": 230,
            "type": "Feature",
            "geometry": {
                "type": "Point",
                "coordinates": [
                    121.453339979729,
                    24.980434991876
                ]
            },
            "properties": {
                "city": "新北市",
                "name": "藏壽司 土城金城路店",
                "phone": "02-22607775",
                "address": "新北市土城區金城路二段80號",
                "district": "土城區",
                "latitude": 24.980434991876,
                "longitude": 121.453339979729,
                "data_source": "新北市環保局",
                "eco_attributes": "(認證中)",
                "certification_level": "認證中"
            }
        },
        {
            "id": 231,
            "type": "Feature",
            "geometry": {
                "type": "Point",
                "coordinates": [
                    121.461502360861,
                    24.983043901149
                ]
            },
            "properties": {
                "city": "新北市",
                "name": "鴻心堡早午餐",
                "phone": "02-22655106",
                "address": "新北市土城區清水路256號",
                "district": "土城區",
                "latitude": 24.983043901149,
                "longitude": 121.461502360861,
                "data_source": "新北市環保局",
                "eco_attributes": "(認證中)",
                "certification_level": "認證中"
            }
        },
        {
            "id": 232,
            "type": "Feature",
            "geometry": {
                "type": "Point",
                "coordinates": [
                    121.414613994497,
                    24.960690999851
                ]
            },
            "properties": {
                "city": "新北市",
                "name": "鴻海精密民生廠員工餐廳",
                "phone": "02-22683466501011040",
                "address": "新北市土城區土城工業區民生街4號",
                "district": "土城區",
                "latitude": 24.960690999851,
                "longitude": 121.414613994497,
                "data_source": "新北市環保局",
                "eco_attributes": "(認證中)",
                "certification_level": "認證中"
            }
        },
        {
            "id": 233,
            "type": "Feature",
            "geometry": {
                "type": "Point",
                "coordinates": [
                    121.421795022405,
                    24.966136009882
                ]
            },
            "properties": {
                "city": "新北市",
                "name": "鴻海精密虎躍廠員工餐廳",
                "phone": "02-22683466501011040",
                "address": "新北市土城區自由街2號",
                "district": "土城區",
                "latitude": 24.966136009882,
                "longitude": 121.421795022405,
                "data_source": "新北市環保局",
                "eco_attributes": "(認證中)",
                "certification_level": "認證中"
            }
        },
        {
            "id": 234,
            "type": "Feature",
            "geometry": {
                "type": "Point",
                "coordinates": [
                    121.418918017959,
                    24.958973003067
                ]
            },
            "properties": {
                "city": "新北市",
                "name": "鴻海精密頂埔廠員工餐廳",
                "phone": "02-22683466501011040",
                "address": "新北市土城區中央路四段53號",
                "district": "土城區",
                "latitude": 24.958973003067,
                "longitude": 121.418918017959,
                "data_source": "新北市環保局",
                "eco_attributes": "(認證中)",
                "certification_level": "認證中"
            }
        },
        {
            "id": 235,
            "type": "Feature",
            "geometry": {
                "type": "Point",
                "coordinates": [
                    121.442338480354,
                    24.973271691694
                ]
            },
            "properties": {
                "city": "新北市",
                "name": "麥味登土城光明",
                "phone": "02-22706879",
                "address": "新北市土城區光明街63號",
                "district": "土城區",
                "latitude": 24.973271691694,
                "longitude": 121.442338480354,
                "data_source": "新北市環保局",
                "eco_attributes": "(認證中)",
                "certification_level": "認證中"
            }
        },
        {
            "id": 236,
            "type": "Feature",
            "geometry": {
                "type": "Point",
                "coordinates": [
                    121.453243168748,
                    24.986490204458
                ]
            },
            "properties": {
                "city": "新北市",
                "name": "麥味登土城學成",
                "phone": "02-82732522",
                "address": "新北市土城區學成路9號",
                "district": "土城區",
                "latitude": 24.986490204458,
                "longitude": 121.453243168748,
                "data_source": "新北市環保局",
                "eco_attributes": "(認證中)",
                "certification_level": "認證中"
            }
        },
        {
            "id": 237,
            "type": "Feature",
            "geometry": {
                "type": "Point",
                "coordinates": [
                    121.46820101024,
                    24.990729980632
                ]
            },
            "properties": {
                "city": "新北市",
                "name": "麥味登土城延平",
                "phone": "02-82610041",
                "address": "新北市土城區延平街七號",
                "district": "土城區",
                "latitude": 24.990729980632,
                "longitude": 121.46820101024,
                "data_source": "新北市環保局",
                "eco_attributes": "(認證中)",
                "certification_level": "認證中"
            }
        },
        {
            "id": 238,
            "type": "Feature",
            "geometry": {
                "type": "Point",
                "coordinates": [
                    121.443900028916,
                    24.978287003459
                ]
            },
            "properties": {
                "city": "新北市",
                "name": "麥味登土城日月光",
                "phone": "02-22707168",
                "address": "新北市土城區中央路二段61巷42號",
                "district": "土城區",
                "latitude": 24.978287003459,
                "longitude": 121.443900028916,
                "data_source": "新北市環保局",
                "eco_attributes": "(認證中)",
                "certification_level": "認證中"
            }
        },
        {
            "id": 239,
            "type": "Feature",
            "geometry": {
                "type": "Point",
                "coordinates": [
                    121.460162010724,
                    24.977563980491
                ]
            },
            "properties": {
                "city": "新北市",
                "name": "麥味登土城明德",
                "phone": "02-82620030",
                "address": "新北市土城區明德路一段240巷2號",
                "district": "土城區",
                "latitude": 24.977563980491,
                "longitude": 121.460162010724,
                "data_source": "新北市環保局",
                "eco_attributes": "(認證中)",
                "certification_level": "認證中"
            }
        },
        {
            "id": 240,
            "type": "Feature",
            "geometry": {
                "type": "Point",
                "coordinates": [
                    121.44677803919,
                    24.983430013519
                ]
            },
            "properties": {
                "city": "新北市",
                "name": "麥味登土城海山",
                "phone": "02-82621058",
                "address": "新北市土城區明德路二段199號",
                "district": "土城區",
                "latitude": 24.983430013519,
                "longitude": 121.44677803919,
                "data_source": "新北市環保局",
                "eco_attributes": "(認證中)",
                "certification_level": "認證中"
            }
        },
        {
            "id": 241,
            "type": "Feature",
            "geometry": {
                "type": "Point",
                "coordinates": [
                    121.462868674945,
                    24.978468332691
                ]
            },
            "properties": {
                "city": "新北市",
                "name": "麥味登土城清高",
                "phone": "02-22602220",
                "address": "新北市土城區明德路一段73號",
                "district": "土城區",
                "latitude": 24.978468332691,
                "longitude": 121.462868674945,
                "data_source": "新北市環保局",
                "eco_attributes": "(認證中)",
                "certification_level": "認證中"
            }
        },
        {
            "id": 242,
            "type": "Feature",
            "geometry": {
                "type": "Point",
                "coordinates": [
                    121.455378039486,
                    24.982929991085
                ]
            },
            "properties": {
                "city": "新北市",
                "name": "麥味登土城裕民",
                "phone": "02-82601899",
                "address": "新北市土城區裕民路259巷24號",
                "district": "土城區",
                "latitude": 24.982929991085,
                "longitude": 121.455378039486,
                "data_source": "新北市環保局",
                "eco_attributes": "(認證中)",
                "certification_level": "認證中"
            }
        },
        {
            "id": 243,
            "type": "Feature",
            "geometry": {
                "type": "Point",
                "coordinates": [
                    121.459223824301,
                    24.981943315352
                ]
            },
            "properties": {
                "city": "新北市",
                "name": "麥味登土城青雲",
                "phone": "02-22660768",
                "address": "新北市土城區青雲路215號",
                "district": "土城區",
                "latitude": 24.981943315352,
                "longitude": 121.459223824301,
                "data_source": "新北市環保局",
                "eco_attributes": "(認證中)",
                "certification_level": "認證中"
            }
        },
        {
            "id": 244,
            "type": "Feature",
            "geometry": {
                "type": "Point",
                "coordinates": [
                    121.7116927,
                    24.9361756
                ]
            },
            "properties": {
                "city": "新北市",
                "name": "合歡茶宴風味餐廳",
                "phone": "02-26656424",
                "address": "新北市坪林區水聳淒坑28號",
                "district": "坪林區",
                "latitude": 24.9361756,
                "longitude": 121.7116927,
                "data_source": "新北市環保局",
                "eco_attributes": "(認證中)",
                "certification_level": "認證中"
            }
        },
        {
            "id": 245,
            "type": "Feature",
            "geometry": {
                "type": "Point",
                "coordinates": [
                    121.711577973544,
                    24.937701544081
                ]
            },
            "properties": {
                "city": "新北市",
                "name": "坪感覺",
                "phone": "02-26657210",
                "address": "新北市坪林區坪林街12號",
                "district": "坪林區",
                "latitude": 24.937701544081,
                "longitude": 121.711577973544,
                "data_source": "新北市環保局",
                "eco_attributes": "(認證中)",
                "certification_level": "認證中"
            }
        },
        {
            "id": 246,
            "type": "Feature",
            "geometry": {
                "type": "Point",
                "coordinates": [
                    121.708711507595,
                    24.934739118877
                ]
            },
            "properties": {
                "city": "新北市",
                "name": "好茶饌茶館",
                "phone": "02-26658000",
                "address": "新北市坪林區北宜路八段218號",
                "district": "坪林區",
                "latitude": 24.934739118877,
                "longitude": 121.708711507595,
                "data_source": "新北市環保局",
                "eco_attributes": "(認證中)",
                "certification_level": "認證中"
            }
        },
        {
            "id": 247,
            "type": "Feature",
            "geometry": {
                "type": "Point",
                "coordinates": [
                    121.733614980119,
                    24.965419985804
                ]
            },
            "properties": {
                "city": "新北市",
                "name": "有種",
                "phone": "0954077879",
                "address": "新北市坪林區漁光里坪雙路2段11號之5",
                "district": "坪林區",
                "latitude": 24.965419985804,
                "longitude": 121.733614980119,
                "data_source": "新北市環保局",
                "eco_attributes": "(認證中)",
                "certification_level": "認證中"
            }
        },
        {
            "id": 248,
            "type": "Feature",
            "geometry": {
                "type": "Point",
                "coordinates": [
                    121.708701030216,
                    24.934983996178
                ]
            },
            "properties": {
                "city": "新北市",
                "name": "高益發茶行",
                "phone": "02-26656268",
                "address": "新北市坪林區北宜路8段217號",
                "district": "坪林區",
                "latitude": 24.934983996178,
                "longitude": 121.708701030216,
                "data_source": "新北市環保局",
                "eco_attributes": "(認證中)",
                "certification_level": "認證中"
            }
        },
        {
            "id": 249,
            "type": "Feature",
            "geometry": {
                "type": "Point",
                "coordinates": [
                    121.548726959875,
                    24.973995008028
                ]
            },
            "properties": {
                "city": "新北市",
                "name": "Dear 40 Cafe",
                "phone": "02-29177171",
                "address": "新北市新店區寶興路40號",
                "district": "新店區",
                "latitude": 24.973995008028,
                "longitude": 121.548726959875,
                "data_source": "新北市環保局",
                "eco_attributes": "(認證中)",
                "certification_level": "認證中"
            }
        },
        {
            "id": 250,
            "type": "Feature",
            "geometry": {
                "type": "Point",
                "coordinates": [
                    121.545289751781,
                    24.978301476467
                ]
            },
            "properties": {
                "city": "新北市",
                "name": "Mrs. Mapo麻婆豆腐 新店家樂福店",
                "phone": "02-29115569",
                "address": "新北市新店區中興路三段1號1F",
                "district": "新店區",
                "latitude": 24.978301476467,
                "longitude": 121.545289751781,
                "data_source": "新北市環保局",
                "eco_attributes": "(認證中)",
                "certification_level": "認證中"
            }
        },
        {
            "id": 251,
            "type": "Feature",
            "geometry": {
                "type": "Point",
                "coordinates": [
                    121.534708981186,
                    24.972177979058
                ]
            },
            "properties": {
                "city": "新北市",
                "name": "Q Burger新店三民店",
                "phone": "02-89110352",
                "address": "新北市新店區三民路121號",
                "district": "新店區",
                "latitude": 24.972177979058,
                "longitude": 121.534708981186,
                "data_source": "新北市環保局",
                "eco_attributes": "(認證中)",
                "certification_level": "認證中"
            }
        },
        {
            "id": 252,
            "type": "Feature",
            "geometry": {
                "type": "Point",
                "coordinates": [
                    121.533721006258,
                    24.986409989645
                ]
            },
            "properties": {
                "city": "新北市",
                "name": "Q Burger新店中正店",
                "phone": "02-86673625",
                "address": "新北市新店區中正路546號",
                "district": "新店區",
                "latitude": 24.986409989645,
                "longitude": 121.533721006258,
                "data_source": "新北市環保局",
                "eco_attributes": "(認證中)",
                "certification_level": "認證中"
            }
        },
        {
            "id": 253,
            "type": "Feature",
            "geometry": {
                "type": "Point",
                "coordinates": [
                    121.540253023403,
                    24.967595005858
                ]
            },
            "properties": {
                "city": "新北市",
                "name": "Q Burger新店中華店",
                "phone": "02-29120298",
                "address": "新北市新店區中華路39號",
                "district": "新店區",
                "latitude": 24.967595005858,
                "longitude": 121.540253023403,
                "data_source": "新北市環保局",
                "eco_attributes": "(認證中)",
                "certification_level": "認證中"
            }
        },
        {
            "id": 254,
            "type": "Feature",
            "geometry": {
                "type": "Point",
                "coordinates": [
                    121.540893987539,
                    24.980433986047
                ]
            },
            "properties": {
                "city": "新北市",
                "name": "Q Burger新店大豐店",
                "phone": "02-89146488",
                "address": "新北市新店區大豐路16巷2號",
                "district": "新店區",
                "latitude": 24.980433986047,
                "longitude": 121.540893987539,
                "data_source": "新北市環保局",
                "eco_attributes": "(認證中)",
                "certification_level": "認證中"
            }
        },
        {
            "id": 255,
            "type": "Feature",
            "geometry": {
                "type": "Point",
                "coordinates": [
                    121.512730960507,
                    24.96215498306
                ]
            },
            "properties": {
                "city": "新北市",
                "name": "Q Burger新店安康店",
                "phone": "02-86663040",
                "address": "新北市新店區安康路二段107巷1號",
                "district": "新店區",
                "latitude": 24.96215498306,
                "longitude": 121.512730960507,
                "data_source": "新北市環保局",
                "eco_attributes": "(認證中)",
                "certification_level": "認證中"
            }
        },
        {
            "id": 256,
            "type": "Feature",
            "geometry": {
                "type": "Point",
                "coordinates": [
                    121.517706961146,
                    24.973700006946
                ]
            },
            "properties": {
                "city": "新北市",
                "name": "Q Burger新店安民店",
                "phone": "02-22120652",
                "address": "新北市新店區安民街300號一樓",
                "district": "新店區",
                "latitude": 24.973700006946,
                "longitude": 121.517706961146,
                "data_source": "新北市環保局",
                "eco_attributes": "(認證中)",
                "certification_level": "認證中"
            }
        },
        {
            "id": 257,
            "type": "Feature",
            "geometry": {
                "type": "Point",
                "coordinates": [
                    121.537983036385,
                    24.979685985008
                ]
            },
            "properties": {
                "city": "新北市",
                "name": "Q Burger新店建國店",
                "phone": "02-22188372",
                "address": "新北市新店區建國路189號",
                "district": "新店區",
                "latitude": 24.979685985008,
                "longitude": 121.537983036385,
                "data_source": "新北市環保局",
                "eco_attributes": "(認證中)",
                "certification_level": "認證中"
            }
        },
        {
            "id": 258,
            "type": "Feature",
            "geometry": {
                "type": "Point",
                "coordinates": [
                    121.540653007822,
                    24.976151001163
                ]
            },
            "properties": {
                "city": "新北市",
                "name": "Q Burger新店建興店",
                "phone": "02-29115618",
                "address": "新北市新店區建國路72號",
                "district": "新店區",
                "latitude": 24.976151001163,
                "longitude": 121.540653007822,
                "data_source": "新北市環保局",
                "eco_attributes": "(認證中)",
                "certification_level": "認證中"
            }
        },
        {
            "id": 259,
            "type": "Feature",
            "geometry": {
                "type": "Point",
                "coordinates": [
                    121.493087970416,
                    24.953281984177
                ]
            },
            "properties": {
                "city": "新北市",
                "name": "Q Burger新店玫瑰店",
                "phone": "02-22126673",
                "address": "新北市新店區安康路三段30號一樓",
                "district": "新店區",
                "latitude": 24.953281984177,
                "longitude": 121.493087970416,
                "data_source": "新北市環保局",
                "eco_attributes": "(認證中)",
                "certification_level": "認證中"
            }
        },
        {
            "id": 260,
            "type": "Feature",
            "geometry": {
                "type": "Point",
                "coordinates": [
                    121.546235439156,
                    24.975877918757
                ]
            },
            "properties": {
                "city": "新北市",
                "name": "SKYLARK加州風洋食館-新店家樂福店",
                "phone": "-",
                "address": "新北市新店區中興路3段1號",
                "district": "新店區",
                "latitude": 24.975877918757,
                "longitude": 121.546235439156,
                "data_source": "新北市環保局",
                "eco_attributes": "(認證中)",
                "certification_level": "認證中"
            }
        },
        {
            "id": 261,
            "type": "Feature",
            "geometry": {
                "type": "Point",
                "coordinates": [
                    121.530558011276,
                    24.972507010667
                ]
            },
            "properties": {
                "city": "新北市",
                "name": "petit doux 微兜  小碧潭店",
                "phone": "02-29115998",
                "address": "新北市新店區新北市新店區中央路157號",
                "district": "新店區",
                "latitude": 24.972507010667,
                "longitude": 121.530558011276,
                "data_source": "新北市環保局",
                "eco_attributes": "(認證中)",
                "certification_level": "認證中"
            }
        },
        {
            "id": 262,
            "type": "Feature",
            "geometry": {
                "type": "Point",
                "coordinates": [
                    121.525504980947,
                    24.963014002407
                ]
            },
            "properties": {
                "city": "新北市",
                "name": "三合院。早午餐",
                "phone": "02-86666087",
                "address": "新北市新店區安康路一段227號",
                "district": "新店區",
                "latitude": 24.963014002407,
                "longitude": 121.525504980947,
                "data_source": "新北市環保局",
                "eco_attributes": "(認證中)",
                "certification_level": "認證中"
            }
        },
        {
            "id": 263,
            "type": "Feature",
            "geometry": {
                "type": "Point",
                "coordinates": [
                    121.540954510994,
                    24.930831825149
                ]
            },
            "properties": {
                "city": "新北市",
                "name": "六堆文山新客家料理",
                "phone": "02-26669369",
                "address": "新北市新店區湖子內路100號",
                "district": "新店區",
                "latitude": 24.930831825149,
                "longitude": 121.540954510994,
                "data_source": "新北市環保局",
                "eco_attributes": "(認證中)",
                "certification_level": "認證中"
            }
        },
        {
            "id": 264,
            "type": "Feature",
            "geometry": {
                "type": "Point",
                "coordinates": [
                    121.541529000523,
                    24.984539987047
                ]
            },
            "properties": {
                "city": "新北市",
                "name": "原粹蔬食作",
                "phone": "02-89147185",
                "address": "新北市新店區北新路三段206巷1弄7號一樓",
                "district": "新店區",
                "latitude": 24.984539987047,
                "longitude": 121.541529000523,
                "data_source": "新北市環保局",
                "eco_attributes": "(認證中)",
                "certification_level": "認證中"
            }
        },
        {
            "id": 265,
            "type": "Feature",
            "geometry": {
                "type": "Point",
                "coordinates": [
                    121.546235439156,
                    24.975877918757
                ]
            },
            "properties": {
                "city": "新北市",
                "name": "古拉爵 義式屋-新店家樂福店",
                "phone": "02-29144822",
                "address": "新北市新店區中興路3段1號",
                "district": "新店區",
                "latitude": 24.975877918757,
                "longitude": 121.546235439156,
                "data_source": "新北市環保局",
                "eco_attributes": "(認證中)",
                "certification_level": "認證中"
            }
        },
        {
            "id": 266,
            "type": "Feature",
            "geometry": {
                "type": "Point",
                "coordinates": [
                    121.479220027793,
                    24.944450014711
                ]
            },
            "properties": {
                "city": "新北市",
                "name": "吉得堡-錦秀店",
                "phone": "02-22154682",
                "address": "新北市新店區錦秀路22號",
                "district": "新店區",
                "latitude": 24.944450014711,
                "longitude": 121.479220027793,
                "data_source": "新北市環保局",
                "eco_attributes": "(認證中)",
                "certification_level": "認證中"
            }
        },
        {
            "id": 267,
            "type": "Feature",
            "geometry": {
                "type": "Point",
                "coordinates": [
                    121.548526967665,
                    24.951355990465
                ]
            },
            "properties": {
                "city": "新北市",
                "name": "喔嗨呦早餐屋",
                "phone": "02-22178530",
                "address": "新北市新店區北宜路2段36號",
                "district": "新店區",
                "latitude": 24.951355990465,
                "longitude": 121.548526967665,
                "data_source": "新北市環保局",
                "eco_attributes": "(認證中)",
                "certification_level": "認證中"
            }
        },
        {
            "id": 268,
            "type": "Feature",
            "geometry": {
                "type": "Point",
                "coordinates": [
                    121.546235439156,
                    24.975877918757
                ]
            },
            "properties": {
                "city": "新北市",
                "name": "大戶屋新店家樂福店",
                "phone": "02-29113199",
                "address": "新北市新店區中興路三段1號",
                "district": "新店區",
                "latitude": 24.975877918757,
                "longitude": 121.546235439156,
                "data_source": "新北市環保局",
                "eco_attributes": "(認證中)",
                "certification_level": "認證中"
            }
        },
        {
            "id": 269,
            "type": "Feature",
            "geometry": {
                "type": "Point",
                "coordinates": [
                    121.530558011276,
                    24.972507010667
                ]
            },
            "properties": {
                "city": "新北市",
                "name": "大戶屋新店小碧潭店",
                "phone": "02-89137968",
                "address": "新北市新店區中央路157號",
                "district": "新店區",
                "latitude": 24.972507010667,
                "longitude": 121.530558011276,
                "data_source": "新北市環保局",
                "eco_attributes": "(認證中)",
                "certification_level": "認證中"
            }
        },
        {
            "id": 270,
            "type": "Feature",
            "geometry": {
                "type": "Point",
                "coordinates": [
                    121.54025503506,
                    24.972012017375
                ]
            },
            "properties": {
                "city": "新北市",
                "name": "小倆口麵線王(新店店)",
                "phone": "02-29134839",
                "address": "新北市新店區中正路189巷8號",
                "district": "新店區",
                "latitude": 24.972012017375,
                "longitude": 121.54025503506,
                "data_source": "新北市環保局",
                "eco_attributes": "(認證中)",
                "certification_level": "認證中"
            }
        },
        {
            "id": 271,
            "type": "Feature",
            "geometry": {
                "type": "Point",
                "coordinates": [
                    121.537852027238,
                    24.980677983249
                ]
            },
            "properties": {
                "city": "新北市",
                "name": "新店活蝦大王",
                "phone": "02-29110986",
                "address": "新北市新店區建國路200號",
                "district": "新店區",
                "latitude": 24.980677983249,
                "longitude": 121.537852027238,
                "data_source": "新北市環保局",
                "eco_attributes": "(認證中)",
                "certification_level": "認證中"
            }
        },
        {
            "id": 272,
            "type": "Feature",
            "geometry": {
                "type": "Point",
                "coordinates": [
                    121.546363430818,
                    24.97774930437
                ]
            },
            "properties": {
                "city": "新北市",
                "name": "星馬快餐 新北新店裕隆城百貨門市",
                "phone": "0926656376",
                "address": "新北市新店區中興路三段70號6F20櫃",
                "district": "新店區",
                "latitude": 24.97774930437,
                "longitude": 121.546363430818,
                "data_source": "新北市環保局",
                "eco_attributes": "(認證中)",
                "certification_level": "認證中"
            }
        },
        {
            "id": 273,
            "type": "Feature",
            "geometry": {
                "type": "Point",
                "coordinates": [
                    121.540470030876,
                    24.971930000452
                ]
            },
            "properties": {
                "city": "新北市",
                "name": "楊記運滷熬鮮小館",
                "phone": "02-23611999894",
                "address": "新北市新店區中正路183巷6號",
                "district": "新店區",
                "latitude": 24.971930000452,
                "longitude": 121.540470030876,
                "data_source": "新北市環保局",
                "eco_attributes": "(認證中)",
                "certification_level": "認證中"
            }
        },
        {
            "id": 274,
            "type": "Feature",
            "geometry": {
                "type": "Point",
                "coordinates": [
                    121.530558011276,
                    24.972507010667
                ]
            },
            "properties": {
                "city": "新北市",
                "name": "築間幸福鍋物 京站小碧潭店",
                "phone": "02-89136177",
                "address": "新北市新店區中央路157號5 樓",
                "district": "新店區",
                "latitude": 24.972507010667,
                "longitude": 121.530558011276,
                "data_source": "新北市環保局",
                "eco_attributes": "(認證中)",
                "certification_level": "認證中"
            }
        },
        {
            "id": 275,
            "type": "Feature",
            "geometry": {
                "type": "Point",
                "coordinates": [
                    121.546363430818,
                    24.97774930437
                ]
            },
            "properties": {
                "city": "新北市",
                "name": "藏壽司 新店威秀裕隆店",
                "phone": "02-89147904",
                "address": "新北市新店區中興路三段70號",
                "district": "新店區",
                "latitude": 24.97774930437,
                "longitude": 121.546363430818,
                "data_source": "新北市環保局",
                "eco_attributes": "(認證中)",
                "certification_level": "認證中"
            }
        },
        {
            "id": 276,
            "type": "Feature",
            "geometry": {
                "type": "Point",
                "coordinates": [
                    121.5416094,
                    24.9673073
                ]
            },
            "properties": {
                "city": "新北市",
                "name": "馬克廚房 Rocky Pizza",
                "phone": "02-29127765",
                "address": "新北市新店區新店區碧潭風景區A01-03",
                "district": "新店區",
                "latitude": 24.9673073,
                "longitude": 121.5416094,
                "data_source": "新北市環保局",
                "eco_attributes": "(認證中)",
                "certification_level": "認證中"
            }
        },
        {
            "id": 277,
            "type": "Feature",
            "geometry": {
                "type": "Point",
                "coordinates": [
                    121.516383961549,
                    24.986028990236
                ]
            },
            "properties": {
                "city": "新北市",
                "name": "麥味登新店佳燁",
                "phone": "02-86683580",
                "address": "新北市新店區安和路3段134號",
                "district": "新店區",
                "latitude": 24.986028990236,
                "longitude": 121.516383961549,
                "data_source": "新北市環保局",
                "eco_attributes": "(認證中)",
                "certification_level": "認證中"
            }
        },
        {
            "id": 278,
            "type": "Feature",
            "geometry": {
                "type": "Point",
                "coordinates": [
                    121.517774686924,
                    24.9690630962
                ]
            },
            "properties": {
                "city": "新北市",
                "name": "麥味登新店光華",
                "phone": "02-22119009",
                "address": "新北市新店區光華街10號",
                "district": "新店區",
                "latitude": 24.9690630962,
                "longitude": 121.517774686924,
                "data_source": "新北市環保局",
                "eco_attributes": "(認證中)",
                "certification_level": "認證中"
            }
        },
        {
            "id": 279,
            "type": "Feature",
            "geometry": {
                "type": "Point",
                "coordinates": [
                    121.542134006294,
                    24.980331014367
                ]
            },
            "properties": {
                "city": "新北市",
                "name": "麥味登新店大坪林",
                "phone": "02-29129555",
                "address": "新北市新店區北新路三段70號",
                "district": "新店區",
                "latitude": 24.980331014367,
                "longitude": 121.542134006294,
                "data_source": "新北市環保局",
                "eco_attributes": "(認證中)",
                "certification_level": "認證中"
            }
        },
        {
            "id": 280,
            "type": "Feature",
            "geometry": {
                "type": "Point",
                "coordinates": [
                    121.493319981496,
                    24.953137983081
                ]
            },
            "properties": {
                "city": "新北市",
                "name": "麥味登新店安康",
                "phone": "02-22156557",
                "address": "新北市新店區安康路三段25號",
                "district": "新店區",
                "latitude": 24.953137983081,
                "longitude": 121.493319981496,
                "data_source": "新北市環保局",
                "eco_attributes": "(認證中)",
                "certification_level": "認證中"
            }
        },
        {
            "id": 281,
            "type": "Feature",
            "geometry": {
                "type": "Point",
                "coordinates": [
                    121.511618011404,
                    24.96278601464
                ]
            },
            "properties": {
                "city": "新北市",
                "name": "麥味登新店安德",
                "phone": "02-22124693",
                "address": "新北市新店區安德街34號",
                "district": "新店區",
                "latitude": 24.96278601464,
                "longitude": 121.511618011404,
                "data_source": "新北市環保局",
                "eco_attributes": "(認證中)",
                "certification_level": "認證中"
            }
        },
        {
            "id": 282,
            "type": "Feature",
            "geometry": {
                "type": "Point",
                "coordinates": [
                    121.549306736118,
                    24.973263519338
                ]
            },
            "properties": {
                "city": "新北市",
                "name": "麥味登新店寶興",
                "phone": "02-89193100",
                "address": "新北市新店區寶興路47-1號",
                "district": "新店區",
                "latitude": 24.973263519338,
                "longitude": 121.549306736118,
                "data_source": "新北市環保局",
                "eco_attributes": "(認證中)",
                "certification_level": "認證中"
            }
        },
        {
            "id": 283,
            "type": "Feature",
            "geometry": {
                "type": "Point",
                "coordinates": [
                    121.537839035288,
                    24.981814988415
                ]
            },
            "properties": {
                "city": "新北市",
                "name": "麥味登新店建國",
                "phone": "02-29118958",
                "address": "新北市新店區建國路236號",
                "district": "新店區",
                "latitude": 24.981814988415,
                "longitude": 121.537839035288,
                "data_source": "新北市環保局",
                "eco_attributes": "(認證中)",
                "certification_level": "認證中"
            }
        },
        {
            "id": 284,
            "type": "Feature",
            "geometry": {
                "type": "Point",
                "coordinates": [
                    121.474579806195,
                    24.955888085512
                ]
            },
            "properties": {
                "city": "新北市",
                "name": "麥味登新店綠野香坡",
                "phone": "02-22001700",
                "address": "新北市新店區安祥路139號",
                "district": "新店區",
                "latitude": 24.955888085512,
                "longitude": 121.474579806195,
                "data_source": "新北市環保局",
                "eco_attributes": "(認證中)",
                "certification_level": "認證中"
            }
        },
        {
            "id": 285,
            "type": "Feature",
            "geometry": {
                "type": "Point",
                "coordinates": [
                    121.53960401264,
                    24.986920992372
                ]
            },
            "properties": {
                "city": "新北市",
                "name": "麥味登新店順聯",
                "phone": "02-29141418",
                "address": "新北市新店區復興路16號",
                "district": "新店區",
                "latitude": 24.986920992372,
                "longitude": 121.53960401264,
                "data_source": "新北市環保局",
                "eco_attributes": "(認證中)",
                "certification_level": "認證中"
            }
        },
        {
            "id": 286,
            "type": "Feature",
            "geometry": {
                "type": "Point",
                "coordinates": [
                    121.459200187334,
                    25.066717884069
                ]
            },
            "properties": {
                "city": "新北市",
                "name": "Q Burger新北五工店",
                "phone": "02-22981080",
                "address": "新北市新莊區五工二路95號",
                "district": "新莊區",
                "latitude": 25.066717884069,
                "longitude": 121.459200187334,
                "data_source": "新北市環保局",
                "eco_attributes": "(認證中)",
                "certification_level": "認證中"
            }
        },
        {
            "id": 287,
            "type": "Feature",
            "geometry": {
                "type": "Point",
                "coordinates": [
                    121.450853907247,
                    25.050926797581
                ]
            },
            "properties": {
                "city": "新北市",
                "name": "Q Burger新莊中信店",
                "phone": "02-29902295",
                "address": "新北市新莊區中信街18號",
                "district": "新莊區",
                "latitude": 25.050926797581,
                "longitude": 121.450853907247,
                "data_source": "新北市環保局",
                "eco_attributes": "(認證中)",
                "certification_level": "認證中"
            }
        },
        {
            "id": 288,
            "type": "Feature",
            "geometry": {
                "type": "Point",
                "coordinates": [
                    121.445343560281,
                    25.044785586672
                ]
            },
            "properties": {
                "city": "新北市",
                "name": "Q Burger新莊中平店",
                "phone": "02-29979188",
                "address": "新北市新莊區中平路82巷10號",
                "district": "新莊區",
                "latitude": 25.044785586672,
                "longitude": 121.445343560281,
                "data_source": "新北市環保局",
                "eco_attributes": "(認證中)",
                "certification_level": "認證中"
            }
        },
        {
            "id": 289,
            "type": "Feature",
            "geometry": {
                "type": "Point",
                "coordinates": [
                    121.449125977908,
                    25.052841014719
                ]
            },
            "properties": {
                "city": "新北市",
                "name": "Q Burger新莊中榮店",
                "phone": "02-29918006",
                "address": "新北市新莊區中榮街58號",
                "district": "新莊區",
                "latitude": 25.052841014719,
                "longitude": 121.449125977908,
                "data_source": "新北市環保局",
                "eco_attributes": "(認證中)",
                "certification_level": "認證中"
            }
        },
        {
            "id": 290,
            "type": "Feature",
            "geometry": {
                "type": "Point",
                "coordinates": [
                    121.452155030077,
                    25.047616993565
                ]
            },
            "properties": {
                "city": "新北市",
                "name": "Q Burger新莊中港店",
                "phone": "02-22791117",
                "address": "新北市新莊區中港路419號",
                "district": "新莊區",
                "latitude": 25.047616993565,
                "longitude": 121.452155030077,
                "data_source": "新北市環保局",
                "eco_attributes": "(認證中)",
                "certification_level": "認證中"
            }
        },
        {
            "id": 291,
            "type": "Feature",
            "geometry": {
                "type": "Point",
                "coordinates": [
                    121.454865989021,
                    25.041545017176
                ]
            },
            "properties": {
                "city": "新北市",
                "name": "Q Burger新莊中美店",
                "phone": "02-29961570",
                "address": "新北市新莊區中港路179號",
                "district": "新莊區",
                "latitude": 25.041545017176,
                "longitude": 121.454865989021,
                "data_source": "新北市環保局",
                "eco_attributes": "(認證中)",
                "certification_level": "認證中"
            }
        },
        {
            "id": 292,
            "type": "Feature",
            "geometry": {
                "type": "Point",
                "coordinates": [
                    121.451941040089,
                    25.038311991393
                ]
            },
            "properties": {
                "city": "新北市",
                "name": "Q Burger新莊中華店",
                "phone": "02-29963313",
                "address": "新北市新莊區中華路一段45巷2號",
                "district": "新莊區",
                "latitude": 25.038311991393,
                "longitude": 121.451941040089,
                "data_source": "新北市環保局",
                "eco_attributes": "(認證中)",
                "certification_level": "認證中"
            }
        },
        {
            "id": 293,
            "type": "Feature",
            "geometry": {
                "type": "Point",
                "coordinates": [
                    121.42595152437,
                    25.013455708983
                ]
            },
            "properties": {
                "city": "新北市",
                "name": "Q Burger新莊光明店",
                "phone": "02-22035686",
                "address": "新北市新莊區民安西路256號",
                "district": "新莊區",
                "latitude": 25.013455708983,
                "longitude": 121.42595152437,
                "data_source": "新北市環保局",
                "eco_attributes": "(認證中)",
                "certification_level": "認證中"
            }
        },
        {
            "id": 294,
            "type": "Feature",
            "geometry": {
                "type": "Point",
                "coordinates": [
                    121.465001973074,
                    25.043925016673
                ]
            },
            "properties": {
                "city": "新北市",
                "name": "Q Burger新莊化成店",
                "phone": "02-29906004",
                "address": "新北市新莊區化成路31號",
                "district": "新莊區",
                "latitude": 25.043925016673,
                "longitude": 121.465001973074,
                "data_source": "新北市環保局",
                "eco_attributes": "(認證中)",
                "certification_level": "認證中"
            }
        },
        {
            "id": 295,
            "type": "Feature",
            "geometry": {
                "type": "Point",
                "coordinates": [
                    121.455435287885,
                    25.038430092409
                ]
            },
            "properties": {
                "city": "新北市",
                "name": "Q Burger新莊國小店",
                "phone": "02-22771516",
                "address": "新北市新莊區中港路50號",
                "district": "新莊區",
                "latitude": 25.038430092409,
                "longitude": 121.455435287885,
                "data_source": "新北市環保局",
                "eco_attributes": "(認證中)",
                "certification_level": "認證中"
            }
        },
        {
            "id": 296,
            "type": "Feature",
            "geometry": {
                "type": "Point",
                "coordinates": [
                    121.447085990313,
                    25.036757986544
                ]
            },
            "properties": {
                "city": "新北市",
                "name": "Q Burger新莊建中店",
                "phone": "02-29922626",
                "address": "新北市新莊區建中街86號",
                "district": "新莊區",
                "latitude": 25.036757986544,
                "longitude": 121.447085990313,
                "data_source": "新北市環保局",
                "eco_attributes": "(認證中)",
                "certification_level": "認證中"
            }
        },
        {
            "id": 297,
            "type": "Feature",
            "geometry": {
                "type": "Point",
                "coordinates": [
                    121.428779997597,
                    25.025431981788
                ]
            },
            "properties": {
                "city": "新北市",
                "name": "Q Burger新莊建安店",
                "phone": "02-22012300",
                "address": "新北市新莊區建安街45號",
                "district": "新莊區",
                "latitude": 25.025431981788,
                "longitude": 121.428779997597,
                "data_source": "新北市環保局",
                "eco_attributes": "(認證中)",
                "certification_level": "認證中"
            }
        },
        {
            "id": 298,
            "type": "Feature",
            "geometry": {
                "type": "Point",
                "coordinates": [
                    121.422743015654,
                    25.019415996512
                ]
            },
            "properties": {
                "city": "新北市",
                "name": "Q Burger新莊成德店",
                "phone": "02-22080936",
                "address": "新北市新莊區成德街8號",
                "district": "新莊區",
                "latitude": 25.019415996512,
                "longitude": 121.422743015654,
                "data_source": "新北市環保局",
                "eco_attributes": "(認證中)",
                "certification_level": "認證中"
            }
        },
        {
            "id": 299,
            "type": "Feature",
            "geometry": {
                "type": "Point",
                "coordinates": [
                    121.448081173677,
                    25.034169487205
                ]
            },
            "properties": {
                "city": "新北市",
                "name": "Q Burger新莊新豐店",
                "phone": "02-22010220",
                "address": "新北市新莊區新豐街25號",
                "district": "新莊區",
                "latitude": 25.034169487205,
                "longitude": 121.448081173677,
                "data_source": "新北市環保局",
                "eco_attributes": "(認證中)",
                "certification_level": "認證中"
            }
        },
        {
            "id": 300,
            "type": "Feature",
            "geometry": {
                "type": "Point",
                "coordinates": [
                    121.45683900521,
                    25.052411987005
                ]
            },
            "properties": {
                "city": "新北市",
                "name": "Q Burger新莊昌明店",
                "phone": "02-89921802",
                "address": "新北市新莊區昌明街28號",
                "district": "新莊區",
                "latitude": 25.052411987005,
                "longitude": 121.45683900521,
                "data_source": "新北市環保局",
                "eco_attributes": "(認證中)",
                "certification_level": "認證中"
            }
        },
        {
            "id": 301,
            "type": "Feature",
            "geometry": {
                "type": "Point",
                "coordinates": [
                    121.423663013346,
                    25.02680300969
                ]
            },
            "properties": {
                "city": "新北市",
                "name": "Q Burger新莊民安店",
                "phone": "02-22020252",
                "address": "新北市新莊區民安路35號",
                "district": "新莊區",
                "latitude": 25.02680300969,
                "longitude": 121.423663013346,
                "data_source": "新北市環保局",
                "eco_attributes": "(認證中)",
                "certification_level": "認證中"
            }
        },
        {
            "id": 302,
            "type": "Feature",
            "geometry": {
                "type": "Point",
                "coordinates": [
                    121.428180020968,
                    25.019677008977
                ]
            },
            "properties": {
                "city": "新北市",
                "name": "Q Burger新莊民本店",
                "phone": "02-22081229",
                "address": "新北市新莊區民本街22號",
                "district": "新莊區",
                "latitude": 25.019677008977,
                "longitude": 121.428180020968,
                "data_source": "新北市環保局",
                "eco_attributes": "(認證中)",
                "certification_level": "認證中"
            }
        },
        {
            "id": 303,
            "type": "Feature",
            "geometry": {
                "type": "Point",
                "coordinates": [
                    121.444282578977,
                    25.050974993525
                ]
            },
            "properties": {
                "city": "新北市",
                "name": "Q Burger新莊立信店",
                "phone": "02-22777909",
                "address": "新北市新莊區立信三街12巷12號",
                "district": "新莊區",
                "latitude": 25.050974993525,
                "longitude": 121.444282578977,
                "data_source": "新北市環保局",
                "eco_attributes": "(認證中)",
                "certification_level": "認證中"
            }
        },
        {
            "id": 304,
            "type": "Feature",
            "geometry": {
                "type": "Point",
                "coordinates": [
                    121.456404990263,
                    25.045320980738
                ]
            },
            "properties": {
                "city": "新北市",
                "name": "Q Burger新莊自立店",
                "phone": "02-29927886",
                "address": "新北市新莊區自立街190號",
                "district": "新莊區",
                "latitude": 25.045320980738,
                "longitude": 121.456404990263,
                "data_source": "新北市環保局",
                "eco_attributes": "(認證中)",
                "certification_level": "認證中"
            }
        },
        {
            "id": 305,
            "type": "Feature",
            "geometry": {
                "type": "Point",
                "coordinates": [
                    121.417901963656,
                    25.022432014822
                ]
            },
            "properties": {
                "city": "新北市",
                "name": "Q Burger新莊裕民店",
                "phone": "02-29015532",
                "address": "新北市新莊區裕民街128號",
                "district": "新莊區",
                "latitude": 25.022432014822,
                "longitude": 121.417901963656,
                "data_source": "新北市環保局",
                "eco_attributes": "(認證中)",
                "certification_level": "認證中"
            }
        },
        {
            "id": 306,
            "type": "Feature",
            "geometry": {
                "type": "Point",
                "coordinates": [
                    121.434549010095,
                    25.032228992801
                ]
            },
            "properties": {
                "city": "新北市",
                "name": "Q Burger新莊輔大店",
                "phone": "02-29015291",
                "address": "新北市新莊區福營路93號",
                "district": "新莊區",
                "latitude": 25.032228992801,
                "longitude": 121.434549010095,
                "data_source": "新北市環保局",
                "eco_attributes": "(認證中)",
                "certification_level": "認證中"
            }
        },
        {
            "id": 307,
            "type": "Feature",
            "geometry": {
                "type": "Point",
                "coordinates": [
                    121.416634116981,
                    25.026983681613
                ]
            },
            "properties": {
                "city": "新北市",
                "name": "Q Burger新莊雙鳳店",
                "phone": "02-29081680",
                "address": "新北市新莊區雙鳳路23號",
                "district": "新莊區",
                "latitude": 25.026983681613,
                "longitude": 121.416634116981,
                "data_source": "新北市環保局",
                "eco_attributes": "(認證中)",
                "certification_level": "認證中"
            }
        },
        {
            "id": 308,
            "type": "Feature",
            "geometry": {
                "type": "Point",
                "coordinates": [
                    121.465793979105,
                    25.05579198946
                ]
            },
            "properties": {
                "city": "新北市",
                "name": "Q Burger新莊頭前店",
                "phone": "02-85213381",
                "address": "新北市新莊區頭前里化成路319號",
                "district": "新莊區",
                "latitude": 25.05579198946,
                "longitude": 121.465793979105,
                "data_source": "新北市環保局",
                "eco_attributes": "(認證中)",
                "certification_level": "認證中"
            }
        },
        {
            "id": 309,
            "type": "Feature",
            "geometry": {
                "type": "Point",
                "coordinates": [
                    121.467800019992,
                    25.0530400011
                ]
            },
            "properties": {
                "city": "新北市",
                "name": "Q Burger（總店）",
                "phone": "02-89913667",
                "address": "新北市新莊區頭前路24號",
                "district": "新莊區",
                "latitude": 25.0530400011,
                "longitude": 121.467800019992,
                "data_source": "新北市環保局",
                "eco_attributes": "(認證中)",
                "certification_level": "認證中"
            }
        },
        {
            "id": 310,
            "type": "Feature",
            "geometry": {
                "type": "Point",
                "coordinates": [
                    121.452420820227,
                    25.048701486107
                ]
            },
            "properties": {
                "city": "新北市",
                "name": "下港老麵攤",
                "phone": "02-29919292",
                "address": "新北市新莊區中港路457號",
                "district": "新莊區",
                "latitude": 25.048701486107,
                "longitude": 121.452420820227,
                "data_source": "新北市環保局",
                "eco_attributes": "(認證中)",
                "certification_level": "認證中"
            }
        },
        {
            "id": 311,
            "type": "Feature",
            "geometry": {
                "type": "Point",
                "coordinates": [
                    121.449451028113,
                    25.059944007108
                ]
            },
            "properties": {
                "city": "新北市",
                "name": "乾杯燒肉居酒屋 新莊宏匯店",
                "phone": "02-85216277",
                "address": "新北市新莊區新北市新莊區新北大道四段3號",
                "district": "新莊區",
                "latitude": 25.059944007108,
                "longitude": 121.449451028113,
                "data_source": "新北市環保局",
                "eco_attributes": "(認證中)",
                "certification_level": "認證中"
            }
        },
        {
            "id": 312,
            "type": "Feature",
            "geometry": {
                "type": "Point",
                "coordinates": [
                    121.427900987411,
                    25.020851020245
                ]
            },
            "properties": {
                "city": "新北市",
                "name": "侯黑鍋物 冠軍酸菜個人鍋物 (新莊民安店)",
                "phone": "02-22068977",
                "address": "新北市新莊區民安東路6號",
                "district": "新莊區",
                "latitude": 25.020851020245,
                "longitude": 121.427900987411,
                "data_source": "新北市環保局",
                "eco_attributes": "(認證中)",
                "certification_level": "認證中"
            }
        },
        {
            "id": 313,
            "type": "Feature",
            "geometry": {
                "type": "Point",
                "coordinates": [
                    121.445017001333,
                    25.054608003727
                ]
            },
            "properties": {
                "city": "新北市",
                "name": "勤誠興業-員工餐廳",
                "phone": "02-82265500",
                "address": "新北市新莊區中原路558號",
                "district": "新莊區",
                "latitude": 25.054608003727,
                "longitude": 121.445017001333,
                "data_source": "新北市環保局",
                "eco_attributes": "(認證中)",
                "certification_level": "認證中"
            }
        },
        {
            "id": 314,
            "type": "Feature",
            "geometry": {
                "type": "Point",
                "coordinates": [
                    121.448643012647,
                    25.049259217945
                ]
            },
            "properties": {
                "city": "新北市",
                "name": "大戶屋新莊佳瑪店",
                "phone": "02-29920355",
                "address": "新北市新莊區幸福路736號",
                "district": "新莊區",
                "latitude": 25.049259217945,
                "longitude": 121.448643012647,
                "data_source": "新北市環保局",
                "eco_attributes": "(認證中)",
                "certification_level": "認證中"
            }
        },
        {
            "id": 315,
            "type": "Feature",
            "geometry": {
                "type": "Point",
                "coordinates": [
                    121.433347967189,
                    25.020246014474
                ]
            },
            "properties": {
                "city": "新北市",
                "name": "妞蛋吐司早午餐",
                "phone": "02-22027707",
                "address": "新北市新莊區民安東路176號",
                "district": "新莊區",
                "latitude": 25.020246014474,
                "longitude": 121.433347967189,
                "data_source": "新北市環保局",
                "eco_attributes": "(認證中)",
                "certification_level": "認證中"
            }
        },
        {
            "id": 316,
            "type": "Feature",
            "geometry": {
                "type": "Point",
                "coordinates": [
                    121.445069136771,
                    25.041893620529
                ]
            },
            "properties": {
                "city": "新北市",
                "name": "峰精緻鍋物餐酒",
                "phone": "02-29940898",
                "address": "新北市新莊區新泰路322號",
                "district": "新莊區",
                "latitude": 25.041893620529,
                "longitude": 121.445069136771,
                "data_source": "新北市環保局",
                "eco_attributes": "(認證中)",
                "certification_level": "認證中"
            }
        },
        {
            "id": 317,
            "type": "Feature",
            "geometry": {
                "type": "Point",
                "coordinates": [
                    121.46069996127,
                    25.05108098269
                ]
            },
            "properties": {
                "city": "新北市",
                "name": "幸福讚精品飯店",
                "phone": "02-29976688",
                "address": "新北市新莊區思源路332巷9號",
                "district": "新莊區",
                "latitude": 25.05108098269,
                "longitude": 121.46069996127,
                "data_source": "新北市環保局",
                "eco_attributes": "(認證中)",
                "certification_level": "認證中"
            }
        },
        {
            "id": 318,
            "type": "Feature",
            "geometry": {
                "type": "Point",
                "coordinates": [
                    121.443557963447,
                    25.037368985376
                ]
            },
            "properties": {
                "city": "新北市",
                "name": "弘爺漢堡-新莊信義店",
                "phone": "02-29908418",
                "address": "新北市新莊區公園一路98號",
                "district": "新莊區",
                "latitude": 25.037368985376,
                "longitude": 121.443557963447,
                "data_source": "新北市環保局",
                "eco_attributes": "(認證中)",
                "certification_level": "認證中"
            }
        },
        {
            "id": 319,
            "type": "Feature",
            "geometry": {
                "type": "Point",
                "coordinates": [
                    121.443251018153,
                    25.032500985559
                ]
            },
            "properties": {
                "city": "新北市",
                "name": "心心精緻早午餐",
                "phone": "02-22049135",
                "address": "新北市新莊區瓊泰路158號",
                "district": "新莊區",
                "latitude": 25.032500985559,
                "longitude": 121.443251018153,
                "data_source": "新北市環保局",
                "eco_attributes": "(認證中)",
                "certification_level": "認證中"
            }
        },
        {
            "id": 320,
            "type": "Feature",
            "geometry": {
                "type": "Point",
                "coordinates": [
                    121.426359806874,
                    25.012433996896
                ]
            },
            "properties": {
                "city": "新北市",
                "name": "早安公雞農場晨食(新莊民安店)",
                "phone": "02-22042606",
                "address": "新北市新莊區民安西路277號",
                "district": "新莊區",
                "latitude": 25.012433996896,
                "longitude": 121.426359806874,
                "data_source": "新北市環保局",
                "eco_attributes": "(認證中)",
                "certification_level": "認證中"
            }
        },
        {
            "id": 321,
            "type": "Feature",
            "geometry": {
                "type": "Point",
                "coordinates": [
                    121.444939971643,
                    25.04691798475
                ]
            },
            "properties": {
                "city": "新北市",
                "name": "星馬快餐 新北新莊門市",
                "phone": "0926656376",
                "address": "新北市新莊區中平路138號1F",
                "district": "新莊區",
                "latitude": 25.04691798475,
                "longitude": 121.444939971643,
                "data_source": "新北市環保局",
                "eco_attributes": "(認證中)",
                "certification_level": "認證中"
            }
        },
        {
            "id": 322,
            "type": "Feature",
            "geometry": {
                "type": "Point",
                "coordinates": [
                    121.446622973982,
                    25.039572000988
                ]
            },
            "properties": {
                "city": "新北市",
                "name": "樂檸漢堡（新北新莊棒球場門市）",
                "phone": "02-29946215",
                "address": "新北市新莊區新泰路232號",
                "district": "新莊區",
                "latitude": 25.039572000988,
                "longitude": 121.446622973982,
                "data_source": "新北市環保局",
                "eco_attributes": "(認證中)",
                "certification_level": "認證中"
            }
        },
        {
            "id": 323,
            "type": "Feature",
            "geometry": {
                "type": "Point",
                "coordinates": [
                    121.444002791049,
                    25.056016414918
                ]
            },
            "properties": {
                "city": "新北市",
                "name": "樂玩精品咖啡新北新莊店",
                "phone": "02-85214396",
                "address": "新北市新莊區中平路439號",
                "district": "新莊區",
                "latitude": 25.056016414918,
                "longitude": 121.444002791049,
                "data_source": "新北市環保局",
                "eco_attributes": "(認證中)",
                "certification_level": "認證中"
            }
        },
        {
            "id": 324,
            "type": "Feature",
            "geometry": {
                "type": "Point",
                "coordinates": [
                    121.449451028113,
                    25.059944007108
                ]
            },
            "properties": {
                "city": "新北市",
                "name": "海底撈",
                "phone": "02-85219292",
                "address": "新北市新莊區新北市新北市新莊區新北大道四段3號",
                "district": "新莊區",
                "latitude": 25.059944007108,
                "longitude": 121.449451028113,
                "data_source": "新北市環保局",
                "eco_attributes": "(認證中)",
                "certification_level": "認證中"
            }
        },
        {
            "id": 325,
            "type": "Feature",
            "geometry": {
                "type": "Point",
                "coordinates": [
                    121.444923962208,
                    25.05464500983
                ]
            },
            "properties": {
                "city": "新北市",
                "name": "築間幸福鍋物 士林承德店",
                "phone": "02-28828558",
                "address": "新北市新莊區中平路402號",
                "district": "新莊區",
                "latitude": 25.05464500983,
                "longitude": 121.444923962208,
                "data_source": "新北市環保局",
                "eco_attributes": "(認證中)",
                "certification_level": "認證中"
            }
        },
        {
            "id": 326,
            "type": "Feature",
            "geometry": {
                "type": "Point",
                "coordinates": [
                    121.444923962208,
                    25.05464500983
                ]
            },
            "properties": {
                "city": "新北市",
                "name": "築間幸福鍋物 新莊中悅廣場店",
                "phone": "02-89956561",
                "address": "新北市新莊區中平路402號",
                "district": "新莊區",
                "latitude": 25.05464500983,
                "longitude": 121.444923962208,
                "data_source": "新北市環保局",
                "eco_attributes": "(認證中)",
                "certification_level": "認證中"
            }
        },
        {
            "id": 327,
            "type": "Feature",
            "geometry": {
                "type": "Point",
                "coordinates": [
                    121.458858038047,
                    25.038107011951
                ]
            },
            "properties": {
                "city": "新北市",
                "name": "築間幸福鍋物 新莊中正店",
                "phone": "02-22767522",
                "address": "新北市新莊區中正路72號",
                "district": "新莊區",
                "latitude": 25.038107011951,
                "longitude": 121.458858038047,
                "data_source": "新北市環保局",
                "eco_attributes": "(認證中)",
                "certification_level": "認證中"
            }
        },
        {
            "id": 328,
            "type": "Feature",
            "geometry": {
                "type": "Point",
                "coordinates": [
                    121.444852967488,
                    25.034655008947
                ]
            },
            "properties": {
                "city": "新北市",
                "name": "築間幸福鍋物 新莊福海店",
                "phone": "02-29931555",
                "address": "新北市新莊區中正路340巷1號",
                "district": "新莊區",
                "latitude": 25.034655008947,
                "longitude": 121.444852967488,
                "data_source": "新北市環保局",
                "eco_attributes": "(認證中)",
                "certification_level": "認證中"
            }
        },
        {
            "id": 329,
            "type": "Feature",
            "geometry": {
                "type": "Point",
                "coordinates": [
                    121.429366982276,
                    25.026594006934
                ]
            },
            "properties": {
                "city": "新北市",
                "name": "米勒卡早午餐",
                "phone": "02-22084480",
                "address": "新北市新莊區建安街9巷12號",
                "district": "新莊區",
                "latitude": 25.026594006934,
                "longitude": 121.429366982276,
                "data_source": "新北市環保局",
                "eco_attributes": "(認證中)",
                "certification_level": "認證中"
            }
        },
        {
            "id": 330,
            "type": "Feature",
            "geometry": {
                "type": "Point",
                "coordinates": [
                    121.433481993821,
                    25.003789614422
                ]
            },
            "properties": {
                "city": "新北市",
                "name": "米可廚房",
                "phone": "02-22076010",
                "address": "新北市新莊區新樹路625號一樓",
                "district": "新莊區",
                "latitude": 25.003789614422,
                "longitude": 121.433481993821,
                "data_source": "新北市環保局",
                "eco_attributes": "(認證中)",
                "certification_level": "認證中"
            }
        },
        {
            "id": 331,
            "type": "Feature",
            "geometry": {
                "type": "Point",
                "coordinates": [
                    121.412939960795,
                    25.022308004565
                ]
            },
            "properties": {
                "city": "新北市",
                "name": "米炭火燒肉小酒館 迴龍店",
                "phone": "02-29088787",
                "address": "新北市新莊區新北市新莊區中正路891-17號",
                "district": "新莊區",
                "latitude": 25.022308004565,
                "longitude": 121.412939960795,
                "data_source": "新北市環保局",
                "eco_attributes": "(認證中)",
                "certification_level": "認證中"
            }
        },
        {
            "id": 332,
            "type": "Feature",
            "geometry": {
                "type": "Point",
                "coordinates": [
                    121.428869013409,
                    25.021008013292
                ]
            },
            "properties": {
                "city": "新北市",
                "name": "紫緹麵食館",
                "phone": "02-22029635",
                "address": "新北市新莊區民安東路37號",
                "district": "新莊區",
                "latitude": 25.021008013292,
                "longitude": 121.428869013409,
                "data_source": "新北市環保局",
                "eco_attributes": "(認證中)",
                "certification_level": "認證中"
            }
        },
        {
            "id": 333,
            "type": "Feature",
            "geometry": {
                "type": "Point",
                "coordinates": [
                    121.447469881478,
                    25.047154983062
                ]
            },
            "properties": {
                "city": "新北市",
                "name": "美津素食漢堡",
                "phone": "02-29907859",
                "address": "新北市新莊區中和街63號",
                "district": "新莊區",
                "latitude": 25.047154983062,
                "longitude": 121.447469881478,
                "data_source": "新北市環保局",
                "eco_attributes": "(認證中)",
                "certification_level": "認證中"
            }
        },
        {
            "id": 334,
            "type": "Feature",
            "geometry": {
                "type": "Point",
                "coordinates": [
                    121.425161027082,
                    25.025568020076
                ]
            },
            "properties": {
                "city": "新北市",
                "name": "美香早餐店",
                "phone": "02-22019802",
                "address": "新北市新莊區後港一路28巷4弄8號",
                "district": "新莊區",
                "latitude": 25.025568020076,
                "longitude": 121.425161027082,
                "data_source": "新北市環保局",
                "eco_attributes": "(認證中)",
                "certification_level": "認證中"
            }
        },
        {
            "id": 335,
            "type": "Feature",
            "geometry": {
                "type": "Point",
                "coordinates": [
                    121.451171581378,
                    25.048416291852
                ]
            },
            "properties": {
                "city": "新北市",
                "name": "肆六巷",
                "phone": "0918309905",
                "address": "新北市新莊區中誠街46巷5號",
                "district": "新莊區",
                "latitude": 25.048416291852,
                "longitude": 121.451171581378,
                "data_source": "新北市環保局",
                "eco_attributes": "(認證中)",
                "certification_level": "認證中"
            }
        },
        {
            "id": 336,
            "type": "Feature",
            "geometry": {
                "type": "Point",
                "coordinates": [
                    121.415227968905,
                    25.0214409805
                ]
            },
            "properties": {
                "city": "新北市",
                "name": "萬佳鄉-新展店",
                "phone": "02-29063230",
                "address": "新北市新莊區龍安路66-42號",
                "district": "新莊區",
                "latitude": 25.0214409805,
                "longitude": 121.415227968905,
                "data_source": "新北市環保局",
                "eco_attributes": "(認證中)",
                "certification_level": "認證中"
            }
        },
        {
            "id": 337,
            "type": "Feature",
            "geometry": {
                "type": "Point",
                "coordinates": [
                    121.449451028113,
                    25.059944007108
                ]
            },
            "properties": {
                "city": "新北市",
                "name": "藏壽司 新莊宏匯店",
                "phone": "02-85213102",
                "address": "新北市新莊區新北大道四段3號",
                "district": "新莊區",
                "latitude": 25.059944007108,
                "longitude": 121.449451028113,
                "data_source": "新北市環保局",
                "eco_attributes": "(認證中)",
                "certification_level": "認證中"
            }
        },
        {
            "id": 338,
            "type": "Feature",
            "geometry": {
                "type": "Point",
                "coordinates": [
                    121.460343981842,
                    25.048911997606
                ]
            },
            "properties": {
                "city": "新北市",
                "name": "藏壽司 新莊思源路店",
                "phone": "02-29901755",
                "address": "新北市新莊區思源路168號",
                "district": "新莊區",
                "latitude": 25.048911997606,
                "longitude": 121.460343981842,
                "data_source": "新北市環保局",
                "eco_attributes": "(認證中)",
                "certification_level": "認證中"
            }
        },
        {
            "id": 339,
            "type": "Feature",
            "geometry": {
                "type": "Point",
                "coordinates": [
                    121.458702134648,
                    25.06381770366
                ]
            },
            "properties": {
                "city": "新北市",
                "name": "金色三麥 新莊晶冠店",
                "phone": "02-85228989",
                "address": "新北市新莊區新北市新莊區五工路66號",
                "district": "新莊區",
                "latitude": 25.06381770366,
                "longitude": 121.458702134648,
                "data_source": "新北市環保局",
                "eco_attributes": "(認證中)",
                "certification_level": "認證中"
            }
        },
        {
            "id": 340,
            "type": "Feature",
            "geometry": {
                "type": "Point",
                "coordinates": [
                    121.452036007052,
                    25.050434486498
                ]
            },
            "properties": {
                "city": "新北市",
                "name": "雙醬咖哩(新莊中港店)",
                "phone": "02-2770051",
                "address": "新北市新莊區中港路503號",
                "district": "新莊區",
                "latitude": 25.050434486498,
                "longitude": 121.452036007052,
                "data_source": "新北市環保局",
                "eco_attributes": "(認證中)",
                "certification_level": "認證中"
            }
        },
        {
            "id": 341,
            "type": "Feature",
            "geometry": {
                "type": "Point",
                "coordinates": [
                    121.411893983098,
                    25.028291007051
                ]
            },
            "properties": {
                "city": "新北市",
                "name": "順哥?坊早餐店",
                "phone": "02-29088861",
                "address": "新北市新莊區新北大道7段630號",
                "district": "新莊區",
                "latitude": 25.028291007051,
                "longitude": 121.411893983098,
                "data_source": "新北市環保局",
                "eco_attributes": "(認證中)",
                "certification_level": "認證中"
            }
        },
        {
            "id": 342,
            "type": "Feature",
            "geometry": {
                "type": "Point",
                "coordinates": [
                    121.423828975029,
                    25.023391994193
                ]
            },
            "properties": {
                "city": "新北市",
                "name": "頑童茶館",
                "phone": "02-82015788",
                "address": "新北市新莊區四維路97巷16號",
                "district": "新莊區",
                "latitude": 25.023391994193,
                "longitude": 121.423828975029,
                "data_source": "新北市環保局",
                "eco_attributes": "(認證中)",
                "certification_level": "認證中"
            }
        },
        {
            "id": 343,
            "type": "Feature",
            "geometry": {
                "type": "Point",
                "coordinates": [
                    121.445529973808,
                    25.03638000462
                ]
            },
            "properties": {
                "city": "新北市",
                "name": "饗爍早午餐",
                "phone": "02-29909839",
                "address": "新北市新莊區建中街125號",
                "district": "新莊區",
                "latitude": 25.03638000462,
                "longitude": 121.445529973808,
                "data_source": "新北市環保局",
                "eco_attributes": "(認證中)",
                "certification_level": "認證中"
            }
        },
        {
            "id": 344,
            "type": "Feature",
            "geometry": {
                "type": "Point",
                "coordinates": [
                    121.452918034723,
                    25.047234988328
                ]
            },
            "properties": {
                "city": "新北市",
                "name": "鹿兒島燒肉專賣店-新莊中華店",
                "phone": "02-29909950",
                "address": "新北市新莊區中華路二段65號",
                "district": "新莊區",
                "latitude": 25.047234988328,
                "longitude": 121.452918034723,
                "data_source": "新北市環保局",
                "eco_attributes": "(認證中)",
                "certification_level": "認證中"
            }
        },
        {
            "id": 345,
            "type": "Feature",
            "geometry": {
                "type": "Point",
                "coordinates": [
                    121.451500403439,
                    25.050920511154
                ]
            },
            "properties": {
                "city": "新北市",
                "name": "麥味登新莊中信",
                "phone": "02-89927177",
                "address": "新北市新莊區中信街2號",
                "district": "新莊區",
                "latitude": 25.050920511154,
                "longitude": 121.451500403439,
                "data_source": "新北市環保局",
                "eco_attributes": "(認證中)",
                "certification_level": "認證中"
            }
        },
        {
            "id": 346,
            "type": "Feature",
            "geometry": {
                "type": "Point",
                "coordinates": [
                    121.455378123305,
                    25.05453679946
                ]
            },
            "properties": {
                "city": "新北市",
                "name": "麥味登新莊中原",
                "phone": "02-85212006",
                "address": "新北市新莊區中原路138號",
                "district": "新莊區",
                "latitude": 25.05453679946,
                "longitude": 121.455378123305,
                "data_source": "新北市環保局",
                "eco_attributes": "(認證中)",
                "certification_level": "認證中"
            }
        },
        {
            "id": 347,
            "type": "Feature",
            "geometry": {
                "type": "Point",
                "coordinates": [
                    121.444650041612,
                    25.046722015853
                ]
            },
            "properties": {
                "city": "新北市",
                "name": "麥味登新莊中平",
                "phone": "02-22771508",
                "address": "新北市新莊區中平路121號",
                "district": "新莊區",
                "latitude": 25.046722015853,
                "longitude": 121.444650041612,
                "data_source": "新北市環保局",
                "eco_attributes": "(認證中)",
                "certification_level": "認證中"
            }
        },
        {
            "id": 348,
            "type": "Feature",
            "geometry": {
                "type": "Point",
                "coordinates": [
                    121.453273511237,
                    25.051713397285
                ]
            },
            "properties": {
                "city": "新北市",
                "name": "麥味登新莊中華",
                "phone": "02-29900759",
                "address": "新北市新莊區中華路二段172號",
                "district": "新莊區",
                "latitude": 25.051713397285,
                "longitude": 121.453273511237,
                "data_source": "新北市環保局",
                "eco_attributes": "(認證中)",
                "certification_level": "認證中"
            }
        },
        {
            "id": 349,
            "type": "Feature",
            "geometry": {
                "type": "Point",
                "coordinates": [
                    121.459831009367,
                    25.066404987623
                ]
            },
            "properties": {
                "city": "新北市",
                "name": "麥味登新莊五工",
                "phone": "02-22993799",
                "address": "新北市新莊區五工二路86巷2號",
                "district": "新莊區",
                "latitude": 25.066404987623,
                "longitude": 121.459831009367,
                "data_source": "新北市環保局",
                "eco_attributes": "(認證中)",
                "certification_level": "認證中"
            }
        },
        {
            "id": 350,
            "type": "Feature",
            "geometry": {
                "type": "Point",
                "coordinates": [
                    121.44710099392,
                    25.036526017374
                ]
            },
            "properties": {
                "city": "新北市",
                "name": "麥味登新莊五工二",
                "phone": "02-29922522",
                "address": "新北市新莊區建中街85號",
                "district": "新莊區",
                "latitude": 25.036526017374,
                "longitude": 121.44710099392,
                "data_source": "新北市環保局",
                "eco_attributes": "(認證中)",
                "certification_level": "認證中"
            }
        },
        {
            "id": 351,
            "type": "Feature",
            "geometry": {
                "type": "Point",
                "coordinates": [
                    121.417512959529,
                    25.02766001738
                ]
            },
            "properties": {
                "city": "新北市",
                "name": "麥味登新莊天祥",
                "phone": "02-29084674",
                "address": "新北市新莊區天祥街26-1號",
                "district": "新莊區",
                "latitude": 25.02766001738,
                "longitude": 121.417512959529,
                "data_source": "新北市環保局",
                "eco_attributes": "(認證中)",
                "certification_level": "認證中"
            }
        },
        {
            "id": 352,
            "type": "Feature",
            "geometry": {
                "type": "Point",
                "coordinates": [
                    121.445153961631,
                    25.04917301007
                ]
            },
            "properties": {
                "city": "新北市",
                "name": "麥味登新莊幸福",
                "phone": "02-22771234",
                "address": "新北市新莊區幸福路834號",
                "district": "新莊區",
                "latitude": 25.04917301007,
                "longitude": 121.445153961631,
                "data_source": "新北市環保局",
                "eco_attributes": "(認證中)",
                "certification_level": "認證中"
            }
        },
        {
            "id": 353,
            "type": "Feature",
            "geometry": {
                "type": "Point",
                "coordinates": [
                    121.427449119011,
                    25.024942017638
                ]
            },
            "properties": {
                "city": "新北市",
                "name": "麥味登新莊建安",
                "phone": "02-22044018",
                "address": "新北市新莊區建安街46號",
                "district": "新莊區",
                "latitude": 25.024942017638,
                "longitude": 121.427449119011,
                "data_source": "新北市環保局",
                "eco_attributes": "(認證中)",
                "certification_level": "認證中"
            }
        },
        {
            "id": 354,
            "type": "Feature",
            "geometry": {
                "type": "Point",
                "coordinates": [
                    121.457036985763,
                    25.052451004764
                ]
            },
            "properties": {
                "city": "新北市",
                "name": "麥味登新莊昌明",
                "phone": "02-29905398",
                "address": "新北市新莊區昌明街22號",
                "district": "新莊區",
                "latitude": 25.052451004764,
                "longitude": 121.457036985763,
                "data_source": "新北市環保局",
                "eco_attributes": "(認證中)",
                "certification_level": "認證中"
            }
        },
        {
            "id": 355,
            "type": "Feature",
            "geometry": {
                "type": "Point",
                "coordinates": [
                    121.448433465068,
                    25.043155013138
                ]
            },
            "properties": {
                "city": "新北市",
                "name": "麥味登新莊星品",
                "phone": "02-89910985",
                "address": "新北市新莊區中和街12號",
                "district": "新莊區",
                "latitude": 25.043155013138,
                "longitude": 121.448433465068,
                "data_source": "新北市環保局",
                "eco_attributes": "(認證中)",
                "certification_level": "認證中"
            }
        },
        {
            "id": 356,
            "type": "Feature",
            "geometry": {
                "type": "Point",
                "coordinates": [
                    121.449013995681,
                    25.052843990295
                ]
            },
            "properties": {
                "city": "新北市",
                "name": "麥味登新莊星榮",
                "phone": "02-29960669",
                "address": "新北市新莊區中榮街60號",
                "district": "新莊區",
                "latitude": 25.052843990295,
                "longitude": 121.449013995681,
                "data_source": "新北市環保局",
                "eco_attributes": "(認證中)",
                "certification_level": "認證中"
            }
        },
        {
            "id": 357,
            "type": "Feature",
            "geometry": {
                "type": "Point",
                "coordinates": [
                    121.451725960454,
                    25.048022007126
                ]
            },
            "properties": {
                "city": "新北市",
                "name": "麥味登新莊星誠",
                "phone": "02-29931989",
                "address": "新北市新莊區中誠街15號",
                "district": "新莊區",
                "latitude": 25.048022007126,
                "longitude": 121.451725960454,
                "data_source": "新北市環保局",
                "eco_attributes": "(認證中)",
                "certification_level": "認證中"
            }
        },
        {
            "id": 358,
            "type": "Feature",
            "geometry": {
                "type": "Point",
                "coordinates": [
                    121.444265982809,
                    25.050330006075
                ]
            },
            "properties": {
                "city": "新北市",
                "name": "麥味登新莊歐洲村",
                "phone": "02-29966927",
                "address": "新北市新莊區立信三街7巷1號",
                "district": "新莊區",
                "latitude": 25.050330006075,
                "longitude": 121.444265982809,
                "data_source": "新北市環保局",
                "eco_attributes": "(認證中)",
                "certification_level": "認證中"
            }
        },
        {
            "id": 359,
            "type": "Feature",
            "geometry": {
                "type": "Point",
                "coordinates": [
                    121.423882032476,
                    25.02646798502
                ]
            },
            "properties": {
                "city": "新北市",
                "name": "麥味登新莊民安",
                "phone": "02-22025530",
                "address": "新北市新莊區民安路45號",
                "district": "新莊區",
                "latitude": 25.02646798502,
                "longitude": 121.423882032476,
                "data_source": "新北市環保局",
                "eco_attributes": "(認證中)",
                "certification_level": "認證中"
            }
        },
        {
            "id": 360,
            "type": "Feature",
            "geometry": {
                "type": "Point",
                "coordinates": [
                    121.41488296977,
                    25.027992988484
                ]
            },
            "properties": {
                "city": "新北市",
                "name": "麥味登新莊玥萱",
                "phone": "02-29015928",
                "address": "新北市新莊區雙鳳路88號",
                "district": "新莊區",
                "latitude": 25.027992988484,
                "longitude": 121.41488296977,
                "data_source": "新北市環保局",
                "eco_attributes": "(認證中)",
                "certification_level": "認證中"
            }
        },
        {
            "id": 361,
            "type": "Feature",
            "geometry": {
                "type": "Point",
                "coordinates": [
                    121.457446022638,
                    25.040616008938
                ]
            },
            "properties": {
                "city": "新北市",
                "name": "麥味登新莊福興",
                "phone": "02-22761918",
                "address": "新北市新莊區公園路238號",
                "district": "新莊區",
                "latitude": 25.040616008938,
                "longitude": 121.457446022638,
                "data_source": "新北市環保局",
                "eco_attributes": "(認證中)",
                "certification_level": "認證中"
            }
        },
        {
            "id": 362,
            "type": "Feature",
            "geometry": {
                "type": "Point",
                "coordinates": [
                    121.464769961994,
                    25.054639980688
                ]
            },
            "properties": {
                "city": "新北市",
                "name": "麥味登新莊米娜",
                "phone": "02-85229700",
                "address": "新北市新莊區中原東路30號",
                "district": "新莊區",
                "latitude": 25.054639980688,
                "longitude": 121.464769961994,
                "data_source": "新北市環保局",
                "eco_attributes": "(認證中)",
                "certification_level": "認證中"
            }
        },
        {
            "id": 363,
            "type": "Feature",
            "geometry": {
                "type": "Point",
                "coordinates": [
                    121.455676016144,
                    25.045556009303
                ]
            },
            "properties": {
                "city": "新北市",
                "name": "麥味登新莊自立",
                "phone": "02-29980115",
                "address": "新北市新莊區自立街115號",
                "district": "新莊區",
                "latitude": 25.045556009303,
                "longitude": 121.455676016144,
                "data_source": "新北市環保局",
                "eco_attributes": "(認證中)",
                "certification_level": "認證中"
            }
        },
        {
            "id": 364,
            "type": "Feature",
            "geometry": {
                "type": "Point",
                "coordinates": [
                    121.428025961587,
                    25.018455011313
                ]
            },
            "properties": {
                "city": "新北市",
                "name": "麥味登新莊西盛",
                "phone": "02-22010970",
                "address": "新北市新莊區西盛街196號",
                "district": "新莊區",
                "latitude": 25.018455011313,
                "longitude": 121.428025961587,
                "data_source": "新北市環保局",
                "eco_attributes": "(認證中)",
                "certification_level": "認證中"
            }
        },
        {
            "id": 365,
            "type": "Feature",
            "geometry": {
                "type": "Point",
                "coordinates": [
                    121.461927993904,
                    25.052087020619
                ]
            },
            "properties": {
                "city": "新北市",
                "name": "麥味登新莊頭前公園",
                "phone": "02-29909163",
                "address": "新北市新莊區頭成街163號",
                "district": "新莊區",
                "latitude": 25.052087020619,
                "longitude": 121.461927993904,
                "data_source": "新北市環保局",
                "eco_attributes": "(認證中)",
                "certification_level": "認證中"
            }
        },
        {
            "id": 366,
            "type": "Feature",
            "geometry": {
                "type": "Point",
                "coordinates": [
                    121.414713990602,
                    25.021426982722
                ]
            },
            "properties": {
                "city": "新北市",
                "name": "麥味登新莊龍安",
                "phone": "02-29017665",
                "address": "新北市新莊區中正路新建巷55號",
                "district": "新莊區",
                "latitude": 25.021426982722,
                "longitude": 121.414713990602,
                "data_source": "新北市環保局",
                "eco_attributes": "(認證中)",
                "certification_level": "認證中"
            }
        },
        {
            "id": 367,
            "type": "Feature",
            "geometry": {
                "type": "Point",
                "coordinates": [
                    121.449384532813,
                    25.060115122343
                ]
            },
            "properties": {
                "city": "新北市",
                "name": "黑毛屋 新莊宏匯店",
                "phone": "02-85222611",
                "address": "新北市新莊區新北市新莊區新北大道四段 3 號 7 樓",
                "district": "新莊區",
                "latitude": 25.060115122343,
                "longitude": 121.449384532813,
                "data_source": "新北市環保局",
                "eco_attributes": "(認證中)",
                "certification_level": "認證中"
            }
        },
        {
            "id": 368,
            "type": "Feature",
            "geometry": {
                "type": "Point",
                "coordinates": [
                    121.432871958908,
                    25.031968986165
                ]
            },
            "properties": {
                "city": "新北市",
                "name": "黑沃咖啡-新北輔大店",
                "phone": "04-22624040",
                "address": "新北市新莊區新北市新莊區中正路595號",
                "district": "新莊區",
                "latitude": 25.031968986165,
                "longitude": 121.432871958908,
                "data_source": "新北市環保局",
                "eco_attributes": "(認證中)",
                "certification_level": "認證中"
            }
        },
        {
            "id": 369,
            "type": "Feature",
            "geometry": {
                "type": "Point",
                "coordinates": [
                    121.466619009835,
                    25.013677997055
                ]
            },
            "properties": {
                "city": "新北市",
                "name": "57黃燜雞(板橋大遠百)",
                "phone": "0988754052",
                "address": "新北市板橋區新站路28號",
                "district": "板橋區",
                "latitude": 25.013677997055,
                "longitude": 121.466619009835,
                "data_source": "新北市環保局",
                "eco_attributes": "(認證中)",
                "certification_level": "認證中"
            }
        },
        {
            "id": 370,
            "type": "Feature",
            "geometry": {
                "type": "Point",
                "coordinates": [
                    121.453895029358,
                    24.994721987748
                ]
            },
            "properties": {
                "city": "新北市",
                "name": "?泰泰泰式料理",
                "phone": "02-89660308",
                "address": "新北市板橋區四川路2段47巷4弄6號",
                "district": "板橋區",
                "latitude": 24.994721987748,
                "longitude": 121.453895029358,
                "data_source": "新北市環保局",
                "eco_attributes": "(認證中)",
                "certification_level": "認證中"
            }
        },
        {
            "id": 371,
            "type": "Feature",
            "geometry": {
                "type": "Point",
                "coordinates": [
                    121.466619009835,
                    25.013677997055
                ]
            },
            "properties": {
                "city": "新北市",
                "name": "Alessi Cafe",
                "phone": "02-29566768",
                "address": "新北市板橋區新站路28號",
                "district": "板橋區",
                "latitude": 25.013677997055,
                "longitude": 121.466619009835,
                "data_source": "新北市環保局",
                "eco_attributes": "(認證中)",
                "certification_level": "認證中"
            }
        },
        {
            "id": 372,
            "type": "Feature",
            "geometry": {
                "type": "Point",
                "coordinates": [
                    121.466619009835,
                    25.013677997055
                ]
            },
            "properties": {
                "city": "新北市",
                "name": "B & G德國農莊複合式茶館",
                "phone": "02-77054168",
                "address": "新北市板橋區新站路28號",
                "district": "板橋區",
                "latitude": 25.013677997055,
                "longitude": 121.466619009835,
                "data_source": "新北市環保局",
                "eco_attributes": "(認證中)",
                "certification_level": "認證中"
            }
        },
        {
            "id": 373,
            "type": "Feature",
            "geometry": {
                "type": "Point",
                "coordinates": [
                    121.460396483858,
                    25.009860628521
                ]
            },
            "properties": {
                "city": "新北市",
                "name": "BarAku",
                "phone": "02-29698058",
                "address": "新北市板橋區縣民大道一段269號",
                "district": "板橋區",
                "latitude": 25.009860628521,
                "longitude": 121.460396483858,
                "data_source": "新北市環保局",
                "eco_attributes": "(認證中)",
                "certification_level": "認證中"
            }
        },
        {
            "id": 374,
            "type": "Feature",
            "geometry": {
                "type": "Point",
                "coordinates": [
                    121.466328493071,
                    25.027207394609
                ]
            },
            "properties": {
                "city": "新北市",
                "name": "BinB書? Bar in Book",
                "phone": "02-82510325",
                "address": "新北市板橋區民生路三段140號",
                "district": "板橋區",
                "latitude": 25.027207394609,
                "longitude": 121.466328493071,
                "data_source": "新北市環保局",
                "eco_attributes": "(認證中)",
                "certification_level": "認證中"
            }
        },
        {
            "id": 375,
            "type": "Feature",
            "geometry": {
                "type": "Point",
                "coordinates": [
                    121.464032019239,
                    25.013858920435
                ]
            },
            "properties": {
                "city": "新北市",
                "name": "DRIP CAFE好滴咖啡-環球板橋車站店",
                "phone": "02-29609288",
                "address": "新北市板橋區縣民大道二段七號2F",
                "district": "板橋區",
                "latitude": 25.013858920435,
                "longitude": 121.464032019239,
                "data_source": "新北市環保局",
                "eco_attributes": "(認證中)",
                "certification_level": "認證中"
            }
        },
        {
            "id": 376,
            "type": "Feature",
            "geometry": {
                "type": "Point",
                "coordinates": [
                    121.466429327366,
                    25.011417900683
                ]
            },
            "properties": {
                "city": "新北市",
                "name": "Kali Chimaek 韓式炸雞",
                "phone": "02-29647777",
                "address": "新北市板橋區中山路一段158巷21號",
                "district": "板橋區",
                "latitude": 25.011417900683,
                "longitude": 121.466429327366,
                "data_source": "新北市環保局",
                "eco_attributes": "(認證中)",
                "certification_level": "認證中"
            }
        },
        {
            "id": 377,
            "type": "Feature",
            "geometry": {
                "type": "Point",
                "coordinates": [
                    121.475419002341,
                    25.015884784523
                ]
            },
            "properties": {
                "city": "新北市",
                "name": "Q Burger板橋中山店",
                "phone": "02-29552958",
                "address": "新北市板橋區東丘里中山路２段９０巷１２號",
                "district": "板橋區",
                "latitude": 25.015884784523,
                "longitude": 121.475419002341,
                "data_source": "新北市環保局",
                "eco_attributes": "(認證中)",
                "certification_level": "認證中"
            }
        },
        {
            "id": 378,
            "type": "Feature",
            "geometry": {
                "type": "Point",
                "coordinates": [
                    121.467594411908,
                    25.020259090243
                ]
            },
            "properties": {
                "city": "新北市",
                "name": "Q Burger板橋介壽店",
                "phone": "02-22553597",
                "address": "新北市板橋區介壽街17號",
                "district": "板橋區",
                "latitude": 25.020259090243,
                "longitude": 121.467594411908,
                "data_source": "新北市環保局",
                "eco_attributes": "(認證中)",
                "certification_level": "認證中"
            }
        },
        {
            "id": 379,
            "type": "Feature",
            "geometry": {
                "type": "Point",
                "coordinates": [
                    121.44710099392,
                    25.011805018881
                ]
            },
            "properties": {
                "city": "新北市",
                "name": "Q Burger板橋僑中店",
                "phone": "02-82752908",
                "address": "新北市板橋區僑中一街90號",
                "district": "板橋區",
                "latitude": 25.011805018881,
                "longitude": 121.44710099392,
                "data_source": "新北市環保局",
                "eco_attributes": "(認證中)",
                "certification_level": "認證中"
            }
        },
        {
            "id": 380,
            "type": "Feature",
            "geometry": {
                "type": "Point",
                "coordinates": [
                    121.467477987272,
                    25.030879003476
                ]
            },
            "properties": {
                "city": "新北市",
                "name": "Q Burger板橋吳鳳店",
                "phone": "02-22572358",
                "address": "新北市板橋區吳鳳路68號",
                "district": "板橋區",
                "latitude": 25.030879003476,
                "longitude": 121.467477987272,
                "data_source": "新北市環保局",
                "eco_attributes": "(認證中)",
                "certification_level": "認證中"
            }
        },
        {
            "id": 381,
            "type": "Feature",
            "geometry": {
                "type": "Point",
                "coordinates": [
                    121.462657973851,
                    25.029859009678
                ]
            },
            "properties": {
                "city": "新北市",
                "name": "Q Burger板橋四維店",
                "phone": "02-22551055",
                "address": "新北市板橋區四維路308號",
                "district": "板橋區",
                "latitude": 25.029859009678,
                "longitude": 121.462657973851,
                "data_source": "新北市環保局",
                "eco_attributes": "(認證中)",
                "certification_level": "認證中"
            }
        },
        {
            "id": 382,
            "type": "Feature",
            "geometry": {
                "type": "Point",
                "coordinates": [
                    121.46091202342,
                    25.018622984653
                ]
            },
            "properties": {
                "city": "新北市",
                "name": "Q Burger板橋國光店",
                "phone": "02-29684685",
                "address": "新北市板橋區國光路183號",
                "district": "板橋區",
                "latitude": 25.018622984653,
                "longitude": 121.46091202342,
                "data_source": "新北市環保局",
                "eco_attributes": "(認證中)",
                "certification_level": "認證中"
            }
        },
        {
            "id": 383,
            "type": "Feature",
            "geometry": {
                "type": "Point",
                "coordinates": [
                    121.461816263134,
                    24.996210110838
                ]
            },
            "properties": {
                "city": "新北市",
                "name": "Q Burger板橋國慶店",
                "phone": "02-29511321",
                "address": "新北市板橋區國慶路161之5號",
                "district": "板橋區",
                "latitude": 24.996210110838,
                "longitude": 121.461816263134,
                "data_source": "新北市環保局",
                "eco_attributes": "(認證中)",
                "certification_level": "認證中"
            }
        },
        {
            "id": 384,
            "type": "Feature",
            "geometry": {
                "type": "Point",
                "coordinates": [
                    121.455513993956,
                    25.017012988691
                ]
            },
            "properties": {
                "city": "新北市",
                "name": "Q Burger板橋大仁店",
                "phone": "02-29666587",
                "address": "新北市板橋區大仁街26號",
                "district": "板橋區",
                "latitude": 25.017012988691,
                "longitude": 121.455513993956,
                "data_source": "新北市環保局",
                "eco_attributes": "(認證中)",
                "certification_level": "認證中"
            }
        },
        {
            "id": 385,
            "type": "Feature",
            "geometry": {
                "type": "Point",
                "coordinates": [
                    121.462661997165,
                    24.992665990718
                ]
            },
            "properties": {
                "city": "新北市",
                "name": "Q Burger板橋廣和店",
                "phone": "02-29646679",
                "address": "新北市板橋區廣和街73號",
                "district": "板橋區",
                "latitude": 24.992665990718,
                "longitude": 121.462661997165,
                "data_source": "新北市環保局",
                "eco_attributes": "(認證中)",
                "certification_level": "認證中"
            }
        },
        {
            "id": 386,
            "type": "Feature",
            "geometry": {
                "type": "Point",
                "coordinates": [
                    121.478877040315,
                    25.030631988789
                ]
            },
            "properties": {
                "city": "新北市",
                "name": "Q Burger板橋懷德店",
                "phone": "02-22563030",
                "address": "新北市板橋區懷德街160號",
                "district": "板橋區",
                "latitude": 25.030631988789,
                "longitude": 121.478877040315,
                "data_source": "新北市環保局",
                "eco_attributes": "(認證中)",
                "certification_level": "認證中"
            }
        },
        {
            "id": 387,
            "type": "Feature",
            "geometry": {
                "type": "Point",
                "coordinates": [
                    121.478421986791,
                    25.027876982944
                ]
            },
            "properties": {
                "city": "新北市",
                "name": "Q Burger板橋文聖店",
                "phone": "02-22500123",
                "address": "新北市板橋區文聖街142號",
                "district": "板橋區",
                "latitude": 25.027876982944,
                "longitude": 121.478421986791,
                "data_source": "新北市環保局",
                "eco_attributes": "(認證中)",
                "certification_level": "認證中"
            }
        },
        {
            "id": 388,
            "type": "Feature",
            "geometry": {
                "type": "Point",
                "coordinates": [
                    121.479642978627,
                    25.033017981347
                ]
            },
            "properties": {
                "city": "新北市",
                "name": "Q Burger板橋民治店",
                "phone": "02-22502901",
                "address": "新北市板橋區民治街63號",
                "district": "板橋區",
                "latitude": 25.033017981347,
                "longitude": 121.479642978627,
                "data_source": "新北市環保局",
                "eco_attributes": "(認證中)",
                "certification_level": "認證中"
            }
        },
        {
            "id": 389,
            "type": "Feature",
            "geometry": {
                "type": "Point",
                "coordinates": [
                    121.474244027154,
                    25.019717996484
                ]
            },
            "properties": {
                "city": "新北市",
                "name": "Q Burger板橋永豐店",
                "phone": "02-29580337",
                "address": "新北市板橋區永豐街115號",
                "district": "板橋區",
                "latitude": 25.019717996484,
                "longitude": 121.474244027154,
                "data_source": "新北市環保局",
                "eco_attributes": "(認證中)",
                "certification_level": "認證中"
            }
        },
        {
            "id": 390,
            "type": "Feature",
            "geometry": {
                "type": "Point",
                "coordinates": [
                    121.470291037797,
                    25.011907990562
                ]
            },
            "properties": {
                "city": "新北市",
                "name": "Q Burger板橋海山店",
                "phone": "02-29546666",
                "address": "新北市板橋區漢生東路193巷7號",
                "district": "板橋區",
                "latitude": 25.011907990562,
                "longitude": 121.470291037797,
                "data_source": "新北市環保局",
                "eco_attributes": "(認證中)",
                "certification_level": "認證中"
            }
        },
        {
            "id": 391,
            "type": "Feature",
            "geometry": {
                "type": "Point",
                "coordinates": [
                    121.460453030402,
                    25.024648986303
                ]
            },
            "properties": {
                "city": "新北市",
                "name": "Q Burger板橋英士店",
                "phone": "02-22580533",
                "address": "新北市板橋區英士路70號",
                "district": "板橋區",
                "latitude": 25.024648986303,
                "longitude": 121.460453030402,
                "data_source": "新北市環保局",
                "eco_attributes": "(認證中)",
                "certification_level": "認證中"
            }
        },
        {
            "id": 392,
            "type": "Feature",
            "geometry": {
                "type": "Point",
                "coordinates": [
                    121.470937198713,
                    25.023522709973
                ]
            },
            "properties": {
                "city": "新北市",
                "name": "Q Burger板橋莊敬店",
                "phone": "02-22555663",
                "address": "新北市板橋區莊敬路134號",
                "district": "板橋區",
                "latitude": 25.023522709973,
                "longitude": 121.470937198713,
                "data_source": "新北市環保局",
                "eco_attributes": "(認證中)",
                "certification_level": "認證中"
            }
        },
        {
            "id": 393,
            "type": "Feature",
            "geometry": {
                "type": "Point",
                "coordinates": [
                    121.45850800977,
                    25.0048650126
                ]
            },
            "properties": {
                "city": "新北市",
                "name": "Q Burger板橋華興店",
                "phone": "02-29522710",
                "address": "新北市板橋區華興街40號",
                "district": "板橋區",
                "latitude": 25.0048650126,
                "longitude": 121.45850800977,
                "data_source": "新北市環保局",
                "eco_attributes": "(認證中)",
                "certification_level": "認證中"
            }
        },
        {
            "id": 394,
            "type": "Feature",
            "geometry": {
                "type": "Point",
                "coordinates": [
                    121.461930005561,
                    25.005477981179
                ]
            },
            "properties": {
                "city": "新北市",
                "name": "Q Burger板橋重慶店",
                "phone": "02-89523866",
                "address": "新北市板橋區重慶路108號",
                "district": "板橋區",
                "latitude": 25.005477981179,
                "longitude": 121.461930005561,
                "data_source": "新北市環保局",
                "eco_attributes": "(認證中)",
                "certification_level": "認證中"
            }
        },
        {
            "id": 395,
            "type": "Feature",
            "geometry": {
                "type": "Point",
                "coordinates": [
                    121.43257398225,
                    24.990117012053
                ]
            },
            "properties": {
                "city": "新北市",
                "name": "Q Burger板橋金園店",
                "phone": "02-26818787",
                "address": "新北市板橋區金門街171號",
                "district": "板橋區",
                "latitude": 24.990117012053,
                "longitude": 121.43257398225,
                "data_source": "新北市環保局",
                "eco_attributes": "(認證中)",
                "certification_level": "認證中"
            }
        },
        {
            "id": 396,
            "type": "Feature",
            "geometry": {
                "type": "Point",
                "coordinates": [
                    121.474574022682,
                    25.012094990822
                ]
            },
            "properties": {
                "city": "新北市",
                "name": "Q Burger板橋長安店",
                "phone": "02-29590700",
                "address": "新北市板橋區長安街210之1號",
                "district": "板橋區",
                "latitude": 25.012094990822,
                "longitude": 121.474574022682,
                "data_source": "新北市環保局",
                "eco_attributes": "(認證中)",
                "certification_level": "認證中"
            }
        },
        {
            "id": 397,
            "type": "Feature",
            "geometry": {
                "type": "Point",
                "coordinates": [
                    121.456770022147,
                    25.025013012358
                ]
            },
            "properties": {
                "city": "新北市",
                "name": "Q Burger板橋龍泉店",
                "phone": "02-22570118",
                "address": "新北市板橋區龍泉街83號",
                "district": "板橋區",
                "latitude": 25.025013012358,
                "longitude": 121.456770022147,
                "data_source": "新北市環保局",
                "eco_attributes": "(認證中)",
                "certification_level": "認證中"
            }
        },
        {
            "id": 398,
            "type": "Feature",
            "geometry": {
                "type": "Point",
                "coordinates": [
                    121.464032019239,
                    25.013858920435
                ]
            },
            "properties": {
                "city": "新北市",
                "name": "YAYOI彌生軒-環球板橋車站店",
                "phone": "02-89693056",
                "address": "新北市板橋區縣民大道二段7號",
                "district": "板橋區",
                "latitude": 25.013858920435,
                "longitude": 121.464032019239,
                "data_source": "新北市環保局",
                "eco_attributes": "(認證中)",
                "certification_level": "認證中"
            }
        },
        {
            "id": 399,
            "type": "Feature",
            "geometry": {
                "type": "Point",
                "coordinates": [
                    121.45875996978,
                    25.008633013353
                ]
            },
            "properties": {
                "city": "新北市",
                "name": "bb.q板橋板農店",
                "phone": "02-22710016",
                "address": "新北市板橋區府中路29之1號",
                "district": "板橋區",
                "latitude": 25.008633013353,
                "longitude": 121.45875996978,
                "data_source": "新北市環保局",
                "eco_attributes": "(認證中)",
                "certification_level": "認證中"
            }
        },
        {
            "id": 400,
            "type": "Feature",
            "geometry": {
                "type": "Point",
                "coordinates": [
                    121.464032019239,
                    25.013858920435
                ]
            },
            "properties": {
                "city": "新北市",
                "name": "一幻拉麵/胡同居酒屋-環球板橋車站店",
                "phone": "02-89693132",
                "address": "新北市板橋區縣民大道二段7號2F",
                "district": "板橋區",
                "latitude": 25.013858920435,
                "longitude": 121.464032019239,
                "data_source": "新北市環保局",
                "eco_attributes": "(認證中)",
                "certification_level": "認證中"
            }
        },
        {
            "id": 401,
            "type": "Feature",
            "geometry": {
                "type": "Point",
                "coordinates": [
                    121.466619009835,
                    25.013677997055
                ]
            },
            "properties": {
                "city": "新北市",
                "name": "上癮河粉(板橋大遠百)",
                "phone": "02-77553567",
                "address": "新北市板橋區新站路28號",
                "district": "板橋區",
                "latitude": 25.013677997055,
                "longitude": 121.466619009835,
                "data_source": "新北市環保局",
                "eco_attributes": "(認證中)",
                "certification_level": "認證中"
            }
        },
        {
            "id": 402,
            "type": "Feature",
            "geometry": {
                "type": "Point",
                "coordinates": [
                    121.466270993215,
                    25.00817100285
                ]
            },
            "properties": {
                "city": "新北市",
                "name": "中華電信學院員工餐廳",
                "phone": "02-29639318",
                "address": "新北市板橋區民族路168號",
                "district": "板橋區",
                "latitude": 25.00817100285,
                "longitude": 121.466270993215,
                "data_source": "新北市環保局",
                "eco_attributes": "(認證中)",
                "certification_level": "認證中"
            }
        },
        {
            "id": 403,
            "type": "Feature",
            "geometry": {
                "type": "Point",
                "coordinates": [
                    121.464032019239,
                    25.013858920435
                ]
            },
            "properties": {
                "city": "新北市",
                "name": "乾杯列車 板橋站",
                "phone": "02-89693333",
                "address": "新北市板橋區新北市板橋區縣民大道2段7號",
                "district": "板橋區",
                "latitude": 25.013858920435,
                "longitude": 121.464032019239,
                "data_source": "新北市環保局",
                "eco_attributes": "(認證中)",
                "certification_level": "認證中"
            }
        },
        {
            "id": 404,
            "type": "Feature",
            "geometry": {
                "type": "Point",
                "coordinates": [
                    121.466619009835,
                    25.013677997055
                ]
            },
            "properties": {
                "city": "新北市",
                "name": "亞瑟蘭印度料理",
                "phone": "02-28343303",
                "address": "新北市板橋區新站路28號",
                "district": "板橋區",
                "latitude": 25.013677997055,
                "longitude": 121.466619009835,
                "data_source": "新北市環保局",
                "eco_attributes": "(認證中)",
                "certification_level": "認證中"
            }
        },
        {
            "id": 405,
            "type": "Feature",
            "geometry": {
                "type": "Point",
                "coordinates": [
                    121.464032019239,
                    25.013858920435
                ]
            },
            "properties": {
                "city": "新北市",
                "name": "京都勝牛-環球板橋車站店",
                "phone": "02-29665589",
                "address": "新北市板橋區縣民大道二段7號",
                "district": "板橋區",
                "latitude": 25.013858920435,
                "longitude": 121.464032019239,
                "data_source": "新北市環保局",
                "eco_attributes": "(認證中)",
                "certification_level": "認證中"
            }
        },
        {
            "id": 406,
            "type": "Feature",
            "geometry": {
                "type": "Point",
                "coordinates": [
                    121.466619009835,
                    25.013677997055
                ]
            },
            "properties": {
                "city": "新北市",
                "name": "億長御坊",
                "phone": "02-77054168",
                "address": "新北市板橋區新站路28號",
                "district": "板橋區",
                "latitude": 25.013677997055,
                "longitude": 121.466619009835,
                "data_source": "新北市環保局",
                "eco_attributes": "(認證中)",
                "certification_level": "認證中"
            }
        },
        {
            "id": 407,
            "type": "Feature",
            "geometry": {
                "type": "Point",
                "coordinates": [
                    121.466619009835,
                    25.013677997055
                ]
            },
            "properties": {
                "city": "新北市",
                "name": "八王子",
                "phone": "02-77054168",
                "address": "新北市板橋區新站路28號",
                "district": "板橋區",
                "latitude": 25.013677997055,
                "longitude": 121.466619009835,
                "data_source": "新北市環保局",
                "eco_attributes": "(認證中)",
                "certification_level": "認證中"
            }
        },
        {
            "id": 408,
            "type": "Feature",
            "geometry": {
                "type": "Point",
                "coordinates": [
                    121.466619009835,
                    25.013677997055
                ]
            },
            "properties": {
                "city": "新北市",
                "name": "八町目燒肉丼定食-板橋大遠百",
                "phone": "0910409716",
                "address": "新北市板橋區新站路28號",
                "district": "板橋區",
                "latitude": 25.013677997055,
                "longitude": 121.466619009835,
                "data_source": "新北市環保局",
                "eco_attributes": "(認證中)",
                "certification_level": "認證中"
            }
        },
        {
            "id": 409,
            "type": "Feature",
            "geometry": {
                "type": "Point",
                "coordinates": [
                    121.466619009835,
                    25.013677997055
                ]
            },
            "properties": {
                "city": "新北市",
                "name": "勝勢豬排(板橋大遠百)",
                "phone": "02-29506628",
                "address": "新北市板橋區新站路28號",
                "district": "板橋區",
                "latitude": 25.013677997055,
                "longitude": 121.466619009835,
                "data_source": "新北市環保局",
                "eco_attributes": "(認證中)",
                "certification_level": "認證中"
            }
        },
        {
            "id": 410,
            "type": "Feature",
            "geometry": {
                "type": "Point",
                "coordinates": [
                    121.466619009835,
                    25.013677997055
                ]
            },
            "properties": {
                "city": "新北市",
                "name": "占元府新台式潮鍋",
                "phone": "02-26931539",
                "address": "新北市板橋區新站路28號",
                "district": "板橋區",
                "latitude": 25.013677997055,
                "longitude": 121.466619009835,
                "data_source": "新北市環保局",
                "eco_attributes": "(認證中)",
                "certification_level": "認證中"
            }
        },
        {
            "id": 411,
            "type": "Feature",
            "geometry": {
                "type": "Point",
                "coordinates": [
                    121.466619009835,
                    25.013677997055
                ]
            },
            "properties": {
                "city": "新北市",
                "name": "古拉爵 義式屋-板橋大遠百新站店",
                "phone": "02-29511606",
                "address": "新北市板橋區新站路28號",
                "district": "板橋區",
                "latitude": 25.013677997055,
                "longitude": 121.466619009835,
                "data_source": "新北市環保局",
                "eco_attributes": "(認證中)",
                "certification_level": "認證中"
            }
        },
        {
            "id": 412,
            "type": "Feature",
            "geometry": {
                "type": "Point",
                "coordinates": [
                    121.456198041074,
                    25.00257700449
                ]
            },
            "properties": {
                "city": "新北市",
                "name": "古拉爵 義式屋-板橋愛買店",
                "phone": "02-29644886",
                "address": "新北市板橋區貴興路101號",
                "district": "板橋區",
                "latitude": 25.00257700449,
                "longitude": 121.456198041074,
                "data_source": "新北市環保局",
                "eco_attributes": "(認證中)",
                "certification_level": "認證中"
            }
        },
        {
            "id": 413,
            "type": "Feature",
            "geometry": {
                "type": "Point",
                "coordinates": [
                    121.461213017563,
                    24.994360979178
                ]
            },
            "properties": {
                "city": "新北市",
                "name": "吉得堡早餐店-和平店",
                "phone": "0920388655",
                "address": "新北市板橋區和平路66號",
                "district": "板橋區",
                "latitude": 24.994360979178,
                "longitude": 121.461213017563,
                "data_source": "新北市環保局",
                "eco_attributes": "(認證中)",
                "certification_level": "認證中"
            }
        },
        {
            "id": 414,
            "type": "Feature",
            "geometry": {
                "type": "Point",
                "coordinates": [
                    121.466619009835,
                    25.013677997055
                ]
            },
            "properties": {
                "city": "新北市",
                "name": "周廚牛肉麵(板橋大遠百)",
                "phone": "02-23611999894",
                "address": "新北市板橋區新站路28號",
                "district": "板橋區",
                "latitude": 25.013677997055,
                "longitude": 121.466619009835,
                "data_source": "新北市環保局",
                "eco_attributes": "(認證中)",
                "certification_level": "認證中"
            }
        },
        {
            "id": 415,
            "type": "Feature",
            "geometry": {
                "type": "Point",
                "coordinates": [
                    121.464032019239,
                    25.013858920435
                ]
            },
            "properties": {
                "city": "新北市",
                "name": "咖哩樹-板橋環球店",
                "phone": "02-29602727",
                "address": "新北市板橋區縣民大道二段七號",
                "district": "板橋區",
                "latitude": 25.013858920435,
                "longitude": 121.464032019239,
                "data_source": "新北市環保局",
                "eco_attributes": "(認證中)",
                "certification_level": "認證中"
            }
        },
        {
            "id": 416,
            "type": "Feature",
            "geometry": {
                "type": "Point",
                "coordinates": [
                    121.442630002947,
                    24.999633992556
                ]
            },
            "properties": {
                "city": "新北市",
                "name": "嗑厚班早午餐",
                "phone": "02-89699525",
                "address": "新北市板橋區龍興街11號",
                "district": "板橋區",
                "latitude": 24.999633992556,
                "longitude": 121.442630002947,
                "data_source": "新北市環保局",
                "eco_attributes": "(認證中)",
                "certification_level": "認證中"
            }
        },
        {
            "id": 417,
            "type": "Feature",
            "geometry": {
                "type": "Point",
                "coordinates": [
                    121.466619009835,
                    25.013677997055
                ]
            },
            "properties": {
                "city": "新北市",
                "name": "土司工坊",
                "phone": "02-29589671",
                "address": "新北市板橋區新站路28號",
                "district": "板橋區",
                "latitude": 25.013677997055,
                "longitude": 121.466619009835,
                "data_source": "新北市環保局",
                "eco_attributes": "(認證中)",
                "certification_level": "認證中"
            }
        },
        {
            "id": 418,
            "type": "Feature",
            "geometry": {
                "type": "Point",
                "coordinates": [
                    121.456198041074,
                    25.00257700449
                ]
            },
            "properties": {
                "city": "新北市",
                "name": "大戶屋板橋愛買店",
                "phone": "02-29513303",
                "address": "新北市板橋區貴興路101號",
                "district": "板橋區",
                "latitude": 25.00257700449,
                "longitude": 121.456198041074,
                "data_source": "新北市環保局",
                "eco_attributes": "(認證中)",
                "certification_level": "認證中"
            }
        },
        {
            "id": 419,
            "type": "Feature",
            "geometry": {
                "type": "Point",
                "coordinates": [
                    121.464423035022,
                    25.011040002578
                ]
            },
            "properties": {
                "city": "新北市",
                "name": "大戶屋板橋遠百中山店",
                "phone": "02-29561238",
                "address": "新北市板橋區中山路一段152號",
                "district": "板橋區",
                "latitude": 25.011040002578,
                "longitude": 121.464423035022,
                "data_source": "新北市環保局",
                "eco_attributes": "(認證中)",
                "certification_level": "認證中"
            }
        },
        {
            "id": 420,
            "type": "Feature",
            "geometry": {
                "type": "Point",
                "coordinates": [
                    121.466619009835,
                    25.013677997055
                ]
            },
            "properties": {
                "city": "新北市",
                "name": "寶島冰果室",
                "phone": "02-77054168",
                "address": "新北市板橋區新站路28號",
                "district": "板橋區",
                "latitude": 25.013677997055,
                "longitude": 121.466619009835,
                "data_source": "新北市環保局",
                "eco_attributes": "(認證中)",
                "certification_level": "認證中"
            }
        },
        {
            "id": 421,
            "type": "Feature",
            "geometry": {
                "type": "Point",
                "coordinates": [
                    121.466619009835,
                    25.013677997055
                ]
            },
            "properties": {
                "city": "新北市",
                "name": "山野居蔬食-板橋大遠百",
                "phone": "0916970870",
                "address": "新北市板橋區新站路28號",
                "district": "板橋區",
                "latitude": 25.013677997055,
                "longitude": 121.466619009835,
                "data_source": "新北市環保局",
                "eco_attributes": "(認證中)",
                "certification_level": "認證中"
            }
        },
        {
            "id": 422,
            "type": "Feature",
            "geometry": {
                "type": "Point",
                "coordinates": [
                    121.466619009835,
                    25.013677997055
                ]
            },
            "properties": {
                "city": "新北市",
                "name": "山頭火板橋大遠百店",
                "phone": "02-77054168",
                "address": "新北市板橋區新站路28號",
                "district": "板橋區",
                "latitude": 25.013677997055,
                "longitude": 121.466619009835,
                "data_source": "新北市環保局",
                "eco_attributes": "(認證中)",
                "certification_level": "認證中"
            }
        },
        {
            "id": 423,
            "type": "Feature",
            "geometry": {
                "type": "Point",
                "coordinates": [
                    121.469558962374,
                    25.024718011275
                ]
            },
            "properties": {
                "city": "新北市",
                "name": "巧滋小廚早午餐",
                "phone": "0965731905",
                "address": "新北市板橋區莒光路8號",
                "district": "板橋區",
                "latitude": 25.024718011275,
                "longitude": 121.469558962374,
                "data_source": "新北市環保局",
                "eco_attributes": "(認證中)",
                "certification_level": "認證中"
            }
        },
        {
            "id": 424,
            "type": "Feature",
            "geometry": {
                "type": "Point",
                "coordinates": [
                    121.466619009835,
                    25.013677997055
                ]
            },
            "properties": {
                "city": "新北市",
                "name": "府城台南美食",
                "phone": "02-29596739",
                "address": "新北市板橋區新站路28號",
                "district": "板橋區",
                "latitude": 25.013677997055,
                "longitude": 121.466619009835,
                "data_source": "新北市環保局",
                "eco_attributes": "(認證中)",
                "certification_level": "認證中"
            }
        },
        {
            "id": 425,
            "type": "Feature",
            "geometry": {
                "type": "Point",
                "coordinates": [
                    121.465593986896,
                    25.012078981387
                ]
            },
            "properties": {
                "city": "新北市",
                "name": "彭園婚宴會館(新板店)",
                "phone": "02-29527666",
                "address": "新北市板橋區中山路一段161號",
                "district": "板橋區",
                "latitude": 25.012078981387,
                "longitude": 121.465593986896,
                "data_source": "新北市環保局",
                "eco_attributes": "(認證中)",
                "certification_level": "認證中"
            }
        },
        {
            "id": 426,
            "type": "Feature",
            "geometry": {
                "type": "Point",
                "coordinates": [
                    121.466619009835,
                    25.013677997055
                ]
            },
            "properties": {
                "city": "新北市",
                "name": "惠比壽烏龍麵",
                "phone": "02-77054168",
                "address": "新北市板橋區新站路28號",
                "district": "板橋區",
                "latitude": 25.013677997055,
                "longitude": 121.466619009835,
                "data_source": "新北市環保局",
                "eco_attributes": "(認證中)",
                "certification_level": "認證中"
            }
        },
        {
            "id": 427,
            "type": "Feature",
            "geometry": {
                "type": "Point",
                "coordinates": [
                    121.458466016435,
                    24.999282916542
                ]
            },
            "properties": {
                "city": "新北市",
                "name": "教堂小廚",
                "phone": "0900111444",
                "address": "新北市板橋區仁愛路12號",
                "district": "板橋區",
                "latitude": 24.999282916542,
                "longitude": 121.458466016435,
                "data_source": "新北市環保局",
                "eco_attributes": "(認證中)",
                "certification_level": "認證中"
            }
        },
        {
            "id": 428,
            "type": "Feature",
            "geometry": {
                "type": "Point",
                "coordinates": [
                    121.466619009835,
                    25.013677997055
                ]
            },
            "properties": {
                "city": "新北市",
                "name": "新葡苑(板橋遠百店)",
                "phone": "02-89510388",
                "address": "新北市板橋區新站路28號",
                "district": "板橋區",
                "latitude": 25.013677997055,
                "longitude": 121.466619009835,
                "data_source": "新北市環保局",
                "eco_attributes": "(認證中)",
                "certification_level": "認證中"
            }
        },
        {
            "id": 429,
            "type": "Feature",
            "geometry": {
                "type": "Point",
                "coordinates": [
                    121.464403870391,
                    25.011185738785
                ]
            },
            "properties": {
                "city": "新北市",
                "name": "新馬辣經典麻辣鍋板橋遠百店",
                "phone": "02-29512456",
                "address": "新北市板橋區中山路一段152號、遠東百貨11F櫃號-1103號",
                "district": "板橋區",
                "latitude": 25.011185738785,
                "longitude": 121.464403870391,
                "data_source": "新北市環保局",
                "eco_attributes": "(認證中)",
                "certification_level": "認證中"
            }
        },
        {
            "id": 430,
            "type": "Feature",
            "geometry": {
                "type": "Point",
                "coordinates": [
                    121.466619009835,
                    25.013677997055
                ]
            },
            "properties": {
                "city": "新北市",
                "name": "春日食堂-板橋大遠百",
                "phone": "0987212244",
                "address": "新北市板橋區新站路28號",
                "district": "板橋區",
                "latitude": 25.013677997055,
                "longitude": 121.466619009835,
                "data_source": "新北市環保局",
                "eco_attributes": "(認證中)",
                "certification_level": "認證中"
            }
        },
        {
            "id": 431,
            "type": "Feature",
            "geometry": {
                "type": "Point",
                "coordinates": [
                    121.479676003326,
                    25.01489299583
                ]
            },
            "properties": {
                "city": "新北市",
                "name": "有汁牛麵食",
                "phone": "02-29622221",
                "address": "新北市板橋區三民路二段153巷4號一樓",
                "district": "板橋區",
                "latitude": 25.01489299583,
                "longitude": 121.479676003326,
                "data_source": "新北市環保局",
                "eco_attributes": "(認證中)",
                "certification_level": "認證中"
            }
        },
        {
            "id": 432,
            "type": "Feature",
            "geometry": {
                "type": "Point",
                "coordinates": [
                    121.466619009835,
                    25.013677997055
                ]
            },
            "properties": {
                "city": "新北市",
                "name": "本田食堂",
                "phone": "02-77054168",
                "address": "新北市板橋區新站路28號",
                "district": "板橋區",
                "latitude": 25.013677997055,
                "longitude": 121.466619009835,
                "data_source": "新北市環保局",
                "eco_attributes": "(認證中)",
                "certification_level": "認證中"
            }
        },
        {
            "id": 433,
            "type": "Feature",
            "geometry": {
                "type": "Point",
                "coordinates": [
                    121.466619009835,
                    25.013677997055
                ]
            },
            "properties": {
                "city": "新北市",
                "name": "板大八番小雞",
                "phone": "02-77054168",
                "address": "新北市板橋區新站路28號",
                "district": "板橋區",
                "latitude": 25.013677997055,
                "longitude": 121.466619009835,
                "data_source": "新北市環保局",
                "eco_attributes": "(認證中)",
                "certification_level": "認證中"
            }
        },
        {
            "id": 434,
            "type": "Feature",
            "geometry": {
                "type": "Point",
                "coordinates": [
                    121.466619009835,
                    25.013677997055
                ]
            },
            "properties": {
                "city": "新北市",
                "name": "板大八番赤野",
                "phone": "02-77054168",
                "address": "新北市板橋區新站路28號",
                "district": "板橋區",
                "latitude": 25.013677997055,
                "longitude": 121.466619009835,
                "data_source": "新北市環保局",
                "eco_attributes": "(認證中)",
                "certification_level": "認證中"
            }
        },
        {
            "id": 435,
            "type": "Feature",
            "geometry": {
                "type": "Point",
                "coordinates": [
                    121.466260503804,
                    25.01522240631
                ]
            },
            "properties": {
                "city": "新北市",
                "name": "板橋凱撒大飯店(卡拉拉餐廳)",
                "phone": "02-89539777",
                "address": "新北市板橋區縣民大道二段8號",
                "district": "板橋區",
                "latitude": 25.01522240631,
                "longitude": 121.466260503804,
                "data_source": "新北市環保局",
                "eco_attributes": "(認證中)",
                "certification_level": "認證中"
            }
        },
        {
            "id": 436,
            "type": "Feature",
            "geometry": {
                "type": "Point",
                "coordinates": [
                    121.466260503804,
                    25.01522240631
                ]
            },
            "properties": {
                "city": "新北市",
                "name": "板橋凱撒大飯店(大廳酒吧)",
                "phone": "02-89539777",
                "address": "新北市板橋區縣民大道二段8號",
                "district": "板橋區",
                "latitude": 25.01522240631,
                "longitude": 121.466260503804,
                "data_source": "新北市環保局",
                "eco_attributes": "(認證中)",
                "certification_level": "認證中"
            }
        },
        {
            "id": 437,
            "type": "Feature",
            "geometry": {
                "type": "Point",
                "coordinates": [
                    121.466260503804,
                    25.01522240631
                ]
            },
            "properties": {
                "city": "新北市",
                "name": "板橋凱撒大飯店(家宴中餐廳)",
                "phone": "02-89539777",
                "address": "新北市板橋區縣民大道二段8號",
                "district": "板橋區",
                "latitude": 25.01522240631,
                "longitude": 121.466260503804,
                "data_source": "新北市環保局",
                "eco_attributes": "(認證中)",
                "certification_level": "認證中"
            }
        },
        {
            "id": 438,
            "type": "Feature",
            "geometry": {
                "type": "Point",
                "coordinates": [
                    121.464423035022,
                    25.011040002578
                ]
            },
            "properties": {
                "city": "新北市",
                "name": "果然匯-板橋遠百店",
                "phone": "02-29562888",
                "address": "新北市板橋區中山路一段152號",
                "district": "板橋區",
                "latitude": 25.011040002578,
                "longitude": 121.464423035022,
                "data_source": "新北市環保局",
                "eco_attributes": "(認證中)",
                "certification_level": "認證中"
            }
        },
        {
            "id": 439,
            "type": "Feature",
            "geometry": {
                "type": "Point",
                "coordinates": [
                    121.446388113055,
                    25.001888095868
                ]
            },
            "properties": {
                "city": "新北市",
                "name": "棉 早+午餐廳",
                "phone": "02-29660282",
                "address": "新北市板橋區大觀路二段93號",
                "district": "板橋區",
                "latitude": 25.001888095868,
                "longitude": 121.446388113055,
                "data_source": "新北市環保局",
                "eco_attributes": "(認證中)",
                "certification_level": "認證中"
            }
        },
        {
            "id": 440,
            "type": "Feature",
            "geometry": {
                "type": "Point",
                "coordinates": [
                    121.462540962483,
                    25.020507990858
                ]
            },
            "properties": {
                "city": "新北市",
                "name": "楚門咖啡．餐館",
                "phone": "0906381747",
                "address": "新北市板橋區新海路5號",
                "district": "板橋區",
                "latitude": 25.020507990858,
                "longitude": 121.462540962483,
                "data_source": "新北市環保局",
                "eco_attributes": "(認證中)",
                "certification_level": "認證中"
            }
        },
        {
            "id": 441,
            "type": "Feature",
            "geometry": {
                "type": "Point",
                "coordinates": [
                    121.466619009835,
                    25.013677997055
                ]
            },
            "properties": {
                "city": "新北市",
                "name": "橙易食堂-板橋大遠百",
                "phone": "0983379801",
                "address": "新北市板橋區新站路28號",
                "district": "板橋區",
                "latitude": 25.013677997055,
                "longitude": 121.466619009835,
                "data_source": "新北市環保局",
                "eco_attributes": "(認證中)",
                "certification_level": "認證中"
            }
        },
        {
            "id": 442,
            "type": "Feature",
            "geometry": {
                "type": "Point",
                "coordinates": [
                    121.477541970777,
                    25.032433008325
                ]
            },
            "properties": {
                "city": "新北市",
                "name": "沙巴家 新北板橋店",
                "phone": "0926656376",
                "address": "新北市板橋區懷德街65號",
                "district": "板橋區",
                "latitude": 25.032433008325,
                "longitude": 121.477541970777,
                "data_source": "新北市環保局",
                "eco_attributes": "(認證中)",
                "certification_level": "認證中"
            }
        },
        {
            "id": 443,
            "type": "Feature",
            "geometry": {
                "type": "Point",
                "coordinates": [
                    121.466619009835,
                    25.013677997055
                ]
            },
            "properties": {
                "city": "新北市",
                "name": "河內老街河粉",
                "phone": "02-77054168",
                "address": "新北市板橋區新站路28號",
                "district": "板橋區",
                "latitude": 25.013677997055,
                "longitude": 121.466619009835,
                "data_source": "新北市環保局",
                "eco_attributes": "(認證中)",
                "certification_level": "認證中"
            }
        },
        {
            "id": 444,
            "type": "Feature",
            "geometry": {
                "type": "Point",
                "coordinates": [
                    121.466619009835,
                    25.013677997055
                ]
            },
            "properties": {
                "city": "新北市",
                "name": "海底撈火鍋板橋店",
                "phone": "02-29641328",
                "address": "新北市板橋區新站路28號",
                "district": "板橋區",
                "latitude": 25.013677997055,
                "longitude": 121.466619009835,
                "data_source": "新北市環保局",
                "eco_attributes": "(認證中)",
                "certification_level": "認證中"
            }
        },
        {
            "id": 445,
            "type": "Feature",
            "geometry": {
                "type": "Point",
                "coordinates": [
                    121.469985560027,
                    25.026191254424
                ]
            },
            "properties": {
                "city": "新北市",
                "name": "海釣族海鮮小館",
                "phone": "02-22529999",
                "address": "新北市板橋區文化路二段126號",
                "district": "板橋區",
                "latitude": 25.026191254424,
                "longitude": 121.469985560027,
                "data_source": "新北市環保局",
                "eco_attributes": "(認證中)",
                "certification_level": "認證中"
            }
        },
        {
            "id": 446,
            "type": "Feature",
            "geometry": {
                "type": "Point",
                "coordinates": [
                    121.464423035022,
                    25.011040002578
                ]
            },
            "properties": {
                "city": "新北市",
                "name": "涮乃葉-板橋遠百中山店",
                "phone": "-",
                "address": "新北市板橋區中山路1段152號",
                "district": "板橋區",
                "latitude": 25.011040002578,
                "longitude": 121.464423035022,
                "data_source": "新北市環保局",
                "eco_attributes": "(認證中)",
                "certification_level": "認證中"
            }
        },
        {
            "id": 447,
            "type": "Feature",
            "geometry": {
                "type": "Point",
                "coordinates": [
                    121.466619009835,
                    25.013677997055
                ]
            },
            "properties": {
                "city": "新北市",
                "name": "添好運板橋遠百店",
                "phone": "02-29557978",
                "address": "新北市板橋區新站路28號Ｂ1",
                "district": "板橋區",
                "latitude": 25.013677997055,
                "longitude": 121.466619009835,
                "data_source": "新北市環保局",
                "eco_attributes": "(認證中)",
                "certification_level": "認證中"
            }
        },
        {
            "id": 448,
            "type": "Feature",
            "geometry": {
                "type": "Point",
                "coordinates": [
                    121.460810015658,
                    25.007148997396
                ]
            },
            "properties": {
                "city": "新北市",
                "name": "燒肉哦爺-日韓燒肉吃到飽(板橋府中店)",
                "phone": "02-89538153",
                "address": "新北市板橋區館前東路48號2.",
                "district": "板橋區",
                "latitude": 25.007148997396,
                "longitude": 121.460810015658,
                "data_source": "新北市環保局",
                "eco_attributes": "(認證中)",
                "certification_level": "認證中"
            }
        },
        {
            "id": 449,
            "type": "Feature",
            "geometry": {
                "type": "Point",
                "coordinates": [
                    121.466619009835,
                    25.013677997055
                ]
            },
            "properties": {
                "city": "新北市",
                "name": "牛魔王牛排館(板橋大遠百)",
                "phone": "02-33652366",
                "address": "新北市板橋區新站路28號",
                "district": "板橋區",
                "latitude": 25.013677997055,
                "longitude": 121.466619009835,
                "data_source": "新北市環保局",
                "eco_attributes": "(認證中)",
                "certification_level": "認證中"
            }
        },
        {
            "id": 450,
            "type": "Feature",
            "geometry": {
                "type": "Point",
                "coordinates": [
                    121.464423035022,
                    25.011040002578
                ]
            },
            "properties": {
                "city": "新北市",
                "name": "瓦城泰國料理板橋遠百店",
                "phone": "02-29589133",
                "address": "新北市板橋區中山路一段152號",
                "district": "板橋區",
                "latitude": 25.011040002578,
                "longitude": 121.464423035022,
                "data_source": "新北市環保局",
                "eco_attributes": "(認證中)",
                "certification_level": "認證中"
            }
        },
        {
            "id": 451,
            "type": "Feature",
            "geometry": {
                "type": "Point",
                "coordinates": [
                    121.466619009835,
                    25.013677997055
                ]
            },
            "properties": {
                "city": "新北市",
                "name": "真不同酸菜魚(板橋大遠百)",
                "phone": "02-25115233",
                "address": "新北市板橋區新站路28號",
                "district": "板橋區",
                "latitude": 25.013677997055,
                "longitude": 121.466619009835,
                "data_source": "新北市環保局",
                "eco_attributes": "(認證中)",
                "certification_level": "認證中"
            }
        },
        {
            "id": 452,
            "type": "Feature",
            "geometry": {
                "type": "Point",
                "coordinates": [
                    121.471907990739,
                    25.030390003245
                ]
            },
            "properties": {
                "city": "新北市",
                "name": "築間幸福鍋物 板橋雙十店",
                "phone": "02-82595577",
                "address": "新北市板橋區雙十路三段8號",
                "district": "板橋區",
                "latitude": 25.030390003245,
                "longitude": 121.471907990739,
                "data_source": "新北市環保局",
                "eco_attributes": "(認證中)",
                "certification_level": "認證中"
            }
        },
        {
            "id": 453,
            "type": "Feature",
            "geometry": {
                "type": "Point",
                "coordinates": [
                    121.462169141258,
                    25.007412398703
                ]
            },
            "properties": {
                "city": "新北市",
                "name": "築間幸福鍋物 板橋館前店",
                "phone": "02-29596199",
                "address": "新北市板橋區館前東路96號",
                "district": "板橋區",
                "latitude": 25.007412398703,
                "longitude": 121.462169141258,
                "data_source": "新北市環保局",
                "eco_attributes": "(認證中)",
                "certification_level": "認證中"
            }
        },
        {
            "id": 454,
            "type": "Feature",
            "geometry": {
                "type": "Point",
                "coordinates": [
                    121.466619009835,
                    25.013677997055
                ]
            },
            "properties": {
                "city": "新北市",
                "name": "繼光香香雞-板橋大遠百",
                "phone": "02-23611999894",
                "address": "新北市板橋區新站路28號",
                "district": "板橋區",
                "latitude": 25.013677997055,
                "longitude": 121.466619009835,
                "data_source": "新北市環保局",
                "eco_attributes": "(認證中)",
                "certification_level": "認證中"
            }
        },
        {
            "id": 455,
            "type": "Feature",
            "geometry": {
                "type": "Point",
                "coordinates": [
                    121.466619009835,
                    25.013677997055
                ]
            },
            "properties": {
                "city": "新北市",
                "name": "義饗屋板橋大遠百店",
                "phone": "02-77054168",
                "address": "新北市板橋區新站路28號",
                "district": "板橋區",
                "latitude": 25.013677997055,
                "longitude": 121.466619009835,
                "data_source": "新北市環保局",
                "eco_attributes": "(認證中)",
                "certification_level": "認證中"
            }
        },
        {
            "id": 456,
            "type": "Feature",
            "geometry": {
                "type": "Point",
                "coordinates": [
                    121.466619009835,
                    25.013677997055
                ]
            },
            "properties": {
                "city": "新北市",
                "name": "老乾杯板橋大遠百店",
                "phone": "02-29526466",
                "address": "新北市板橋區新北市板橋區新站路28號",
                "district": "板橋區",
                "latitude": 25.013677997055,
                "longitude": 121.466619009835,
                "data_source": "新北市環保局",
                "eco_attributes": "(認證中)",
                "certification_level": "認證中"
            }
        },
        {
            "id": 457,
            "type": "Feature",
            "geometry": {
                "type": "Point",
                "coordinates": [
                    121.466619009835,
                    25.013677997055
                ]
            },
            "properties": {
                "city": "新北市",
                "name": "肉劇場大食代板橋店",
                "phone": "02-29626262",
                "address": "新北市板橋區新站路28號",
                "district": "板橋區",
                "latitude": 25.013677997055,
                "longitude": 121.466619009835,
                "data_source": "新北市環保局",
                "eco_attributes": "(認證中)",
                "certification_level": "認證中"
            }
        },
        {
            "id": 458,
            "type": "Feature",
            "geometry": {
                "type": "Point",
                "coordinates": [
                    121.462697620253,
                    24.993637788572
                ]
            },
            "properties": {
                "city": "新北市",
                "name": "肥熊早早午餐",
                "phone": "02-29551057",
                "address": "新北市板橋區廣和街33之6號",
                "district": "板橋區",
                "latitude": 24.993637788572,
                "longitude": 121.462697620253,
                "data_source": "新北市環保局",
                "eco_attributes": "(認證中)",
                "certification_level": "認證中"
            }
        },
        {
            "id": 459,
            "type": "Feature",
            "geometry": {
                "type": "Point",
                "coordinates": [
                    121.452166010371,
                    25.012538980233
                ]
            },
            "properties": {
                "city": "新北市",
                "name": "蒔朵日式舒芙蕾厚鬆餅",
                "phone": "02-89697605",
                "address": "新北市板橋區南雅西路二段124號",
                "district": "板橋區",
                "latitude": 25.012538980233,
                "longitude": 121.452166010371,
                "data_source": "新北市環保局",
                "eco_attributes": "(認證中)",
                "certification_level": "認證中"
            }
        },
        {
            "id": 460,
            "type": "Feature",
            "geometry": {
                "type": "Point",
                "coordinates": [
                    121.466619009835,
                    25.013677997055
                ]
            },
            "properties": {
                "city": "新北市",
                "name": "藍屋-板橋大遠百新站店",
                "phone": "02-23611999894",
                "address": "新北市板橋區新站路28號",
                "district": "板橋區",
                "latitude": 25.013677997055,
                "longitude": 121.466619009835,
                "data_source": "新北市環保局",
                "eco_attributes": "(認證中)",
                "certification_level": "認證中"
            }
        },
        {
            "id": 461,
            "type": "Feature",
            "geometry": {
                "type": "Point",
                "coordinates": [
                    121.464423035022,
                    25.011040002578
                ]
            },
            "properties": {
                "city": "新北市",
                "name": "藏壽司 板橋中山遠百店",
                "phone": "02-29582868",
                "address": "新北市板橋區中山路一段152號",
                "district": "板橋區",
                "latitude": 25.011040002578,
                "longitude": 121.464423035022,
                "data_source": "新北市環保局",
                "eco_attributes": "(認證中)",
                "certification_level": "認證中"
            }
        },
        {
            "id": 462,
            "type": "Feature",
            "geometry": {
                "type": "Point",
                "coordinates": [
                    121.457537972116,
                    24.998862983193
                ]
            },
            "properties": {
                "city": "新北市",
                "name": "藏壽司 板橋遠科店",
                "phone": "02-29640432",
                "address": "新北市板橋區遠東路62之3號",
                "district": "板橋區",
                "latitude": 24.998862983193,
                "longitude": 121.457537972116,
                "data_source": "新北市環保局",
                "eco_attributes": "(認證中)",
                "certification_level": "認證中"
            }
        },
        {
            "id": 463,
            "type": "Feature",
            "geometry": {
                "type": "Point",
                "coordinates": [
                    121.466619009835,
                    25.013677997055
                ]
            },
            "properties": {
                "city": "新北市",
                "name": "蘭姐大排檔",
                "phone": "02-26931539",
                "address": "新北市板橋區新站路28號",
                "district": "板橋區",
                "latitude": 25.013677997055,
                "longitude": 121.466619009835,
                "data_source": "新北市環保局",
                "eco_attributes": "(認證中)",
                "certification_level": "認證中"
            }
        },
        {
            "id": 464,
            "type": "Feature",
            "geometry": {
                "type": "Point",
                "coordinates": [
                    121.427497985506,
                    24.990230000108
                ]
            },
            "properties": {
                "city": "新北市",
                "name": "豬豬的拉麵屋",
                "phone": "0937528511",
                "address": "新北市板橋區溪北路41號",
                "district": "板橋區",
                "latitude": 24.990230000108,
                "longitude": 121.427497985506,
                "data_source": "新北市環保局",
                "eco_attributes": "(認證中)",
                "certification_level": "認證中"
            }
        },
        {
            "id": 465,
            "type": "Feature",
            "geometry": {
                "type": "Point",
                "coordinates": [
                    121.466619009835,
                    25.013677997055
                ]
            },
            "properties": {
                "city": "新北市",
                "name": "跳舞香水板橋大遠百",
                "phone": "02-29612323",
                "address": "新北市板橋區新站路28號",
                "district": "板橋區",
                "latitude": 25.013677997055,
                "longitude": 121.466619009835,
                "data_source": "新北市環保局",
                "eco_attributes": "(認證中)",
                "certification_level": "認證中"
            }
        },
        {
            "id": 466,
            "type": "Feature",
            "geometry": {
                "type": "Point",
                "coordinates": [
                    121.441927012728,
                    25.001180998516
                ]
            },
            "properties": {
                "city": "新北市",
                "name": "速芝堡早餐店",
                "phone": "02-29601462",
                "address": "新北市板橋區大觀路2段174巷102弄32號",
                "district": "板橋區",
                "latitude": 25.001180998516,
                "longitude": 121.441927012728,
                "data_source": "新北市環保局",
                "eco_attributes": "(認證中)",
                "certification_level": "認證中"
            }
        },
        {
            "id": 467,
            "type": "Feature",
            "geometry": {
                "type": "Point",
                "coordinates": [
                    121.503547915026,
                    25.004118520303
                ]
            },
            "properties": {
                "city": "新北市",
                "name": "邑朵早午餐",
                "phone": "02-29578182",
                "address": "新北市板橋區中山路二段89巷12號",
                "district": "板橋區",
                "latitude": 25.004118520303,
                "longitude": 121.503547915026,
                "data_source": "新北市環保局",
                "eco_attributes": "(認證中)",
                "certification_level": "認證中"
            }
        },
        {
            "id": 468,
            "type": "Feature",
            "geometry": {
                "type": "Point",
                "coordinates": [
                    121.466619009835,
                    25.013677997055
                ]
            },
            "properties": {
                "city": "新北市",
                "name": "金煲銀煲仔飯",
                "phone": "02-77054168",
                "address": "新北市板橋區新站路28號",
                "district": "板橋區",
                "latitude": 25.013677997055,
                "longitude": 121.466619009835,
                "data_source": "新北市環保局",
                "eco_attributes": "(認證中)",
                "certification_level": "認證中"
            }
        },
        {
            "id": 469,
            "type": "Feature",
            "geometry": {
                "type": "Point",
                "coordinates": [
                    121.466619009835,
                    25.013677997055
                ]
            },
            "properties": {
                "city": "新北市",
                "name": "金色三麥",
                "phone": "02-77054168",
                "address": "新北市板橋區新站路28號",
                "district": "板橋區",
                "latitude": 25.013677997055,
                "longitude": 121.466619009835,
                "data_source": "新北市環保局",
                "eco_attributes": "(認證中)",
                "certification_level": "認證中"
            }
        },
        {
            "id": 470,
            "type": "Feature",
            "geometry": {
                "type": "Point",
                "coordinates": [
                    121.466619009835,
                    25.013677997055
                ]
            },
            "properties": {
                "city": "新北市",
                "name": "金色三麥 板橋大遠百店",
                "phone": "02-77385911",
                "address": "新北市板橋區新站路28號",
                "district": "板橋區",
                "latitude": 25.013677997055,
                "longitude": 121.466619009835,
                "data_source": "新北市環保局",
                "eco_attributes": "(認證中)",
                "certification_level": "認證中"
            }
        },
        {
            "id": 471,
            "type": "Feature",
            "geometry": {
                "type": "Point",
                "coordinates": [
                    121.463495996531,
                    25.010639012331
                ]
            },
            "properties": {
                "city": "新北市",
                "name": "鍋賣局(板橋新板店)",
                "phone": "-",
                "address": "新北市板橋區中山路一段130號",
                "district": "板橋區",
                "latitude": 25.010639012331,
                "longitude": 121.463495996531,
                "data_source": "新北市環保局",
                "eco_attributes": "(認證中)",
                "certification_level": "認證中"
            }
        },
        {
            "id": 472,
            "type": "Feature",
            "geometry": {
                "type": "Point",
                "coordinates": [
                    121.467879061339,
                    25.019686815804
                ]
            },
            "properties": {
                "city": "新北市",
                "name": "零居Zero Living",
                "phone": "02-22565109",
                "address": "新北市板橋區文化路一段188巷7弄27號",
                "district": "板橋區",
                "latitude": 25.019686815804,
                "longitude": 121.467879061339,
                "data_source": "新北市環保局",
                "eco_attributes": "(認證中)",
                "certification_level": "認證中"
            }
        },
        {
            "id": 473,
            "type": "Feature",
            "geometry": {
                "type": "Point",
                "coordinates": [
                    121.466619009835,
                    25.013677997055
                ]
            },
            "properties": {
                "city": "新北市",
                "name": "非常泰",
                "phone": "02-77054168",
                "address": "新北市板橋區新站路28號",
                "district": "板橋區",
                "latitude": 25.013677997055,
                "longitude": 121.466619009835,
                "data_source": "新北市環保局",
                "eco_attributes": "(認證中)",
                "certification_level": "認證中"
            }
        },
        {
            "id": 474,
            "type": "Feature",
            "geometry": {
                "type": "Point",
                "coordinates": [
                    121.466619009835,
                    25.013677997055
                ]
            },
            "properties": {
                "city": "新北市",
                "name": "韓國旬彩料理",
                "phone": "02-77054168",
                "address": "新北市板橋區新站路28號",
                "district": "板橋區",
                "latitude": 25.013677997055,
                "longitude": 121.466619009835,
                "data_source": "新北市環保局",
                "eco_attributes": "(認證中)",
                "certification_level": "認證中"
            }
        },
        {
            "id": 475,
            "type": "Feature",
            "geometry": {
                "type": "Point",
                "coordinates": [
                    121.466619009835,
                    25.013677997055
                ]
            },
            "properties": {
                "city": "新北市",
                "name": "韓本家",
                "phone": "02-27512588",
                "address": "新北市板橋區新站路28號",
                "district": "板橋區",
                "latitude": 25.013677997055,
                "longitude": 121.466619009835,
                "data_source": "新北市環保局",
                "eco_attributes": "(認證中)",
                "certification_level": "認證中"
            }
        },
        {
            "id": 476,
            "type": "Feature",
            "geometry": {
                "type": "Point",
                "coordinates": [
                    121.466619009835,
                    25.013677997055
                ]
            },
            "properties": {
                "city": "新北市",
                "name": "韓鶴亭(板橋大遠百)",
                "phone": "02-86933002",
                "address": "新北市板橋區新站路28號",
                "district": "板橋區",
                "latitude": 25.013677997055,
                "longitude": 121.466619009835,
                "data_source": "新北市環保局",
                "eco_attributes": "(認證中)",
                "certification_level": "認證中"
            }
        },
        {
            "id": 477,
            "type": "Feature",
            "geometry": {
                "type": "Point",
                "coordinates": [
                    121.466619009835,
                    25.013677997055
                ]
            },
            "properties": {
                "city": "新北市",
                "name": "響燒鐵板燒",
                "phone": "02-77054168",
                "address": "新北市板橋區新站路28號",
                "district": "板橋區",
                "latitude": 25.013677997055,
                "longitude": 121.466619009835,
                "data_source": "新北市環保局",
                "eco_attributes": "(認證中)",
                "certification_level": "認證中"
            }
        },
        {
            "id": 478,
            "type": "Feature",
            "geometry": {
                "type": "Point",
                "coordinates": [
                    121.466619009835,
                    25.013677997055
                ]
            },
            "properties": {
                "city": "新北市",
                "name": "餃勁腦汁(板橋大遠百)",
                "phone": "02-77522516",
                "address": "新北市板橋區新站路28號",
                "district": "板橋區",
                "latitude": 25.013677997055,
                "longitude": 121.466619009835,
                "data_source": "新北市環保局",
                "eco_attributes": "(認證中)",
                "certification_level": "認證中"
            }
        },
        {
            "id": 479,
            "type": "Feature",
            "geometry": {
                "type": "Point",
                "coordinates": [
                    121.473582024441,
                    25.018823982691
                ]
            },
            "properties": {
                "city": "新北市",
                "name": "鬼匠拉麵2（板橋永豐店）",
                "phone": "02-29551196",
                "address": "新北市板橋區永豐街77號",
                "district": "板橋區",
                "latitude": 25.018823982691,
                "longitude": 121.473582024441,
                "data_source": "新北市環保局",
                "eco_attributes": "(認證中)",
                "certification_level": "認證中"
            }
        },
        {
            "id": 480,
            "type": "Feature",
            "geometry": {
                "type": "Point",
                "coordinates": [
                    121.457453985446,
                    25.026073993661
                ]
            },
            "properties": {
                "city": "新北市",
                "name": "鴨香飽 當歸豬腳當歸鴨(板橋店)",
                "phone": "02-82570080",
                "address": "新北市板橋區新海路385巷28弄12號",
                "district": "板橋區",
                "latitude": 25.026073993661,
                "longitude": 121.457453985446,
                "data_source": "新北市環保局",
                "eco_attributes": "(認證中)",
                "certification_level": "認證中"
            }
        },
        {
            "id": 481,
            "type": "Feature",
            "geometry": {
                "type": "Point",
                "coordinates": [
                    121.466683969585,
                    25.012256007182
                ]
            },
            "properties": {
                "city": "新北市",
                "name": "鹿兒島燒肉專賣店-板橋新板店",
                "phone": "02-29625099",
                "address": "新北市板橋區中山路一段164-1號",
                "district": "板橋區",
                "latitude": 25.012256007182,
                "longitude": 121.466683969585,
                "data_source": "新北市環保局",
                "eco_attributes": "(認證中)",
                "certification_level": "認證中"
            }
        },
        {
            "id": 482,
            "type": "Feature",
            "geometry": {
                "type": "Point",
                "coordinates": [
                    121.461013612086,
                    25.022858402237
                ]
            },
            "properties": {
                "city": "新北市",
                "name": "麥味登新北新海",
                "phone": "02-22568688",
                "address": "新北市板橋區新海路117號",
                "district": "板橋區",
                "latitude": 25.022858402237,
                "longitude": 121.461013612086,
                "data_source": "新北市環保局",
                "eco_attributes": "(認證中)",
                "certification_level": "認證中"
            }
        },
        {
            "id": 483,
            "type": "Feature",
            "geometry": {
                "type": "Point",
                "coordinates": [
                    121.478791963998,
                    25.013888005639
                ]
            },
            "properties": {
                "city": "新北市",
                "name": "麥味登板橋三民",
                "phone": "02-29630916",
                "address": "新北市板橋區三民路二段202-13號",
                "district": "板橋區",
                "latitude": 25.013888005639,
                "longitude": 121.478791963998,
                "data_source": "新北市環保局",
                "eco_attributes": "(認證中)",
                "certification_level": "認證中"
            }
        },
        {
            "id": 484,
            "type": "Feature",
            "geometry": {
                "type": "Point",
                "coordinates": [
                    121.457492961296,
                    25.019079002095
                ]
            },
            "properties": {
                "city": "新北市",
                "name": "麥味登板橋中正",
                "phone": "02-22720613",
                "address": "新北市板橋區中正路216巷57號",
                "district": "板橋區",
                "latitude": 25.019079002095,
                "longitude": 121.457492961296,
                "data_source": "新北市環保局",
                "eco_attributes": "(認證中)",
                "certification_level": "認證中"
            }
        },
        {
            "id": 485,
            "type": "Feature",
            "geometry": {
                "type": "Point",
                "coordinates": [
                    121.467387965632,
                    25.025827020884
                ]
            },
            "properties": {
                "city": "新北市",
                "name": "麥味登板橋光武",
                "phone": "02-22541266",
                "address": "新北市板橋區光武街63號",
                "district": "板橋區",
                "latitude": 25.025827020884,
                "longitude": 121.467387965632,
                "data_source": "新北市環保局",
                "eco_attributes": "(認證中)",
                "certification_level": "認證中"
            }
        },
        {
            "id": 486,
            "type": "Feature",
            "geometry": {
                "type": "Point",
                "coordinates": [
                    121.481678383669,
                    25.014934003247
                ]
            },
            "properties": {
                "city": "新北市",
                "name": "麥味登板橋光環",
                "phone": "02-29627677",
                "address": "新北市板橋區光環路二段76號",
                "district": "板橋區",
                "latitude": 25.014934003247,
                "longitude": 121.481678383669,
                "data_source": "新北市環保局",
                "eco_attributes": "(認證中)",
                "certification_level": "認證中"
            }
        },
        {
            "id": 487,
            "type": "Feature",
            "geometry": {
                "type": "Point",
                "coordinates": [
                    121.446250817481,
                    24.997843282762
                ]
            },
            "properties": {
                "city": "新北市",
                "name": "麥味登板橋合安",
                "phone": "02-29691688",
                "address": "新北市板橋區合宜路115號",
                "district": "板橋區",
                "latitude": 24.997843282762,
                "longitude": 121.446250817481,
                "data_source": "新北市環保局",
                "eco_attributes": "(認證中)",
                "certification_level": "認證中"
            }
        },
        {
            "id": 488,
            "type": "Feature",
            "geometry": {
                "type": "Point",
                "coordinates": [
                    121.461020988161,
                    25.01864398132
                ]
            },
            "properties": {
                "city": "新北市",
                "name": "麥味登板橋國光",
                "phone": "02-29682628",
                "address": "新北市板橋區國光路187號",
                "district": "板橋區",
                "latitude": 25.01864398132,
                "longitude": 121.461020988161,
                "data_source": "新北市環保局",
                "eco_attributes": "(認證中)",
                "certification_level": "認證中"
            }
        },
        {
            "id": 489,
            "type": "Feature",
            "geometry": {
                "type": "Point",
                "coordinates": [
                    121.472123992384,
                    25.012626990216
                ]
            },
            "properties": {
                "city": "新北市",
                "name": "麥味登板橋大崙",
                "phone": "02-29581685",
                "address": "新北市板橋區長安街331巷89號",
                "district": "板橋區",
                "latitude": 25.012626990216,
                "longitude": 121.472123992384,
                "data_source": "新北市環保局",
                "eco_attributes": "(認證中)",
                "certification_level": "認證中"
            }
        },
        {
            "id": 490,
            "type": "Feature",
            "geometry": {
                "type": "Point",
                "coordinates": [
                    121.463558022614,
                    25.006784007422
                ]
            },
            "properties": {
                "city": "新北市",
                "name": "麥味登板橋實踐",
                "phone": "02-29597877",
                "address": "新北市板橋區實踐路38號",
                "district": "板橋區",
                "latitude": 25.006784007422,
                "longitude": 121.463558022614,
                "data_source": "新北市環保局",
                "eco_attributes": "(認證中)",
                "certification_level": "認證中"
            }
        },
        {
            "id": 491,
            "type": "Feature",
            "geometry": {
                "type": "Point",
                "coordinates": [
                    121.462196969177,
                    24.994277998337
                ]
            },
            "properties": {
                "city": "新北市",
                "name": "麥味登板橋廣和",
                "phone": "02-29555560",
                "address": "新北市板橋區廣和街52號",
                "district": "板橋區",
                "latitude": 24.994277998337,
                "longitude": 121.462196969177,
                "data_source": "新北市環保局",
                "eco_attributes": "(認證中)",
                "certification_level": "認證中"
            }
        },
        {
            "id": 492,
            "type": "Feature",
            "geometry": {
                "type": "Point",
                "coordinates": [
                    121.480131978858,
                    25.030350985485
                ]
            },
            "properties": {
                "city": "新北市",
                "name": "麥味登板橋懷德",
                "phone": "02-22500350",
                "address": "新北市板橋區懷德街181巷23號",
                "district": "板橋區",
                "latitude": 25.030350985485,
                "longitude": 121.480131978858,
                "data_source": "新北市環保局",
                "eco_attributes": "(認證中)",
                "certification_level": "認證中"
            }
        },
        {
            "id": 493,
            "type": "Feature",
            "geometry": {
                "type": "Point",
                "coordinates": [
                    121.479137968961,
                    25.026961008565
                ]
            },
            "properties": {
                "city": "新北市",
                "name": "麥味登板橋文聖",
                "phone": "02-22542777",
                "address": "新北市板橋區文聖街182號",
                "district": "板橋區",
                "latitude": 25.026961008565,
                "longitude": 121.479137968961,
                "data_source": "新北市環保局",
                "eco_attributes": "(認證中)",
                "certification_level": "認證中"
            }
        },
        {
            "id": 494,
            "type": "Feature",
            "geometry": {
                "type": "Point",
                "coordinates": [
                    121.468712976886,
                    25.028218000675
                ]
            },
            "properties": {
                "city": "新北市",
                "name": "麥味登板橋松江",
                "phone": "02-22507050",
                "address": "新北市板橋區松江街86號",
                "district": "板橋區",
                "latitude": 25.028218000675,
                "longitude": 121.468712976886,
                "data_source": "新北市環保局",
                "eco_attributes": "(認證中)",
                "certification_level": "認證中"
            }
        },
        {
            "id": 495,
            "type": "Feature",
            "geometry": {
                "type": "Point",
                "coordinates": [
                    121.462016003887,
                    25.003318719102
                ]
            },
            "properties": {
                "city": "新北市",
                "name": "麥味登板橋校前",
                "phone": "02-29615889",
                "address": "新北市板橋區校前街76號",
                "district": "板橋區",
                "latitude": 25.003318719102,
                "longitude": 121.462016003887,
                "data_source": "新北市環保局",
                "eco_attributes": "(認證中)",
                "certification_level": "認證中"
            }
        },
        {
            "id": 496,
            "type": "Feature",
            "geometry": {
                "type": "Point",
                "coordinates": [
                    121.475775065588,
                    25.02060471802
                ]
            },
            "properties": {
                "city": "新北市",
                "name": "麥味登板橋永豐",
                "phone": "02-29512885",
                "address": "新北市板橋區永豐街171號",
                "district": "板橋區",
                "latitude": 25.02060471802,
                "longitude": 121.475775065588,
                "data_source": "新北市環保局",
                "eco_attributes": "(認證中)",
                "certification_level": "認證中"
            }
        },
        {
            "id": 497,
            "type": "Feature",
            "geometry": {
                "type": "Point",
                "coordinates": [
                    121.465746286076,
                    25.020647088541
                ]
            },
            "properties": {
                "city": "新北市",
                "name": "麥味登板橋致理",
                "phone": "02-22566222",
                "address": "新北市板橋區文化路一段311-2號",
                "district": "板橋區",
                "latitude": 25.020647088541,
                "longitude": 121.465746286076,
                "data_source": "新北市環保局",
                "eco_attributes": "(認證中)",
                "certification_level": "認證中"
            }
        },
        {
            "id": 498,
            "type": "Feature",
            "geometry": {
                "type": "Point",
                "coordinates": [
                    121.471415973022,
                    25.022561012312
                ]
            },
            "properties": {
                "city": "新北市",
                "name": "麥味登板橋莊敬",
                "phone": "02-22581447",
                "address": "新北市板橋區莊敬路162號",
                "district": "板橋區",
                "latitude": 25.022561012312,
                "longitude": 121.471415973022,
                "data_source": "新北市環保局",
                "eco_attributes": "(認證中)",
                "certification_level": "認證中"
            }
        },
        {
            "id": 499,
            "type": "Feature",
            "geometry": {
                "type": "Point",
                "coordinates": [
                    121.47409373963,
                    25.022574004262
                ]
            },
            "properties": {
                "city": "新北市",
                "name": "麥味登板橋莒光",
                "phone": "02-22566826",
                "address": "新北市板橋區莒光路188號",
                "district": "板橋區",
                "latitude": 25.022574004262,
                "longitude": 121.47409373963,
                "data_source": "新北市環保局",
                "eco_attributes": "(認證中)",
                "certification_level": "認證中"
            }
        },
        {
            "id": 500,
            "type": "Feature",
            "geometry": {
                "type": "Point",
                "coordinates": [
                    121.472620033413,
                    25.026129984775
                ]
            },
            "properties": {
                "city": "新北市",
                "name": "麥味登板橋藝文",
                "phone": "02-82570520",
                "address": "新北市板橋區莊敬路99號",
                "district": "板橋區",
                "latitude": 25.026129984775,
                "longitude": 121.472620033413,
                "data_source": "新北市環保局",
                "eco_attributes": "(認證中)",
                "certification_level": "認證中"
            }
        },
        {
            "id": 501,
            "type": "Feature",
            "geometry": {
                "type": "Point",
                "coordinates": [
                    121.455962006681,
                    25.002455005889
                ]
            },
            "properties": {
                "city": "新北市",
                "name": "麥味登板橋貴興",
                "phone": "02-29649695",
                "address": "新北市板橋區貴興路109號",
                "district": "板橋區",
                "latitude": 25.002455005889,
                "longitude": 121.455962006681,
                "data_source": "新北市環保局",
                "eco_attributes": "(認證中)",
                "certification_level": "認證中"
            }
        },
        {
            "id": 502,
            "type": "Feature",
            "geometry": {
                "type": "Point",
                "coordinates": [
                    121.463708751979,
                    24.998091167327
                ]
            },
            "properties": {
                "city": "新北市",
                "name": "麥味登板橋重慶",
                "phone": "02-29558858",
                "address": "新北市板橋區重慶路308巷14號",
                "district": "板橋區",
                "latitude": 24.998091167327,
                "longitude": 121.463708751979,
                "data_source": "新北市環保局",
                "eco_attributes": "(認證中)",
                "certification_level": "認證中"
            }
        },
        {
            "id": 503,
            "type": "Feature",
            "geometry": {
                "type": "Point",
                "coordinates": [
                    121.464383723896,
                    25.031464395594
                ]
            },
            "properties": {
                "city": "新北市",
                "name": "麥味登板橋金世紀錄",
                "phone": "02-22541831",
                "address": "新北市板橋區長江路二段47號",
                "district": "板橋區",
                "latitude": 25.031464395594,
                "longitude": 121.464383723896,
                "data_source": "新北市環保局",
                "eco_attributes": "(認證中)",
                "certification_level": "認證中"
            }
        },
        {
            "id": 504,
            "type": "Feature",
            "geometry": {
                "type": "Point",
                "coordinates": [
                    121.428031996557,
                    24.985264015843
                ]
            },
            "properties": {
                "city": "新北市",
                "name": "麥味登板橋金鑽",
                "phone": "02-26860901",
                "address": "新北市板橋區金門街324巷7號",
                "district": "板橋區",
                "latitude": 24.985264015843,
                "longitude": 121.428031996557,
                "data_source": "新北市環保局",
                "eco_attributes": "(認證中)",
                "certification_level": "認證中"
            }
        },
        {
            "id": 505,
            "type": "Feature",
            "geometry": {
                "type": "Point",
                "coordinates": [
                    121.432834994715,
                    24.990760993674
                ]
            },
            "properties": {
                "city": "新北市",
                "name": "麥味登板橋金門",
                "phone": "02-86871568",
                "address": "新北市板橋區金門街147號",
                "district": "板橋區",
                "latitude": 24.990760993674,
                "longitude": 121.432834994715,
                "data_source": "新北市環保局",
                "eco_attributes": "(認證中)",
                "certification_level": "認證中"
            }
        },
        {
            "id": 506,
            "type": "Feature",
            "geometry": {
                "type": "Point",
                "coordinates": [
                    121.47488499129,
                    25.012564000214
                ]
            },
            "properties": {
                "city": "新北市",
                "name": "麥味登板橋長安",
                "phone": "02-29519353",
                "address": "新北市板橋區長安街349號",
                "district": "板橋區",
                "latitude": 25.012564000214,
                "longitude": 121.47488499129,
                "data_source": "新北市環保局",
                "eco_attributes": "(認證中)",
                "certification_level": "認證中"
            }
        },
        {
            "id": 507,
            "type": "Feature",
            "geometry": {
                "type": "Point",
                "coordinates": [
                    121.460992992605,
                    25.030148981619
                ]
            },
            "properties": {
                "city": "新北市",
                "name": "麥味登板橋長江",
                "phone": "02-22597039",
                "address": "新北市板橋區長江路一段150號",
                "district": "板橋區",
                "latitude": 25.030148981619,
                "longitude": 121.460992992605,
                "data_source": "新北市環保局",
                "eco_attributes": "(認證中)",
                "certification_level": "認證中"
            }
        },
        {
            "id": 508,
            "type": "Feature",
            "geometry": {
                "type": "Point",
                "coordinates": [
                    121.456010034986,
                    25.012445019098
                ]
            },
            "properties": {
                "city": "新北市",
                "name": "麥味登板橋體育館",
                "phone": "02-22727177",
                "address": "新北市板橋區中正路17號",
                "district": "板橋區",
                "latitude": 25.012445019098,
                "longitude": 121.456010034986,
                "data_source": "新北市環保局",
                "eco_attributes": "(認證中)",
                "certification_level": "認證中"
            }
        },
        {
            "id": 509,
            "type": "Feature",
            "geometry": {
                "type": "Point",
                "coordinates": [
                    121.452099960974,
                    25.011687001685
                ]
            },
            "properties": {
                "city": "新北市",
                "name": "麥味登板橋體育館2",
                "phone": "02-22727977",
                "address": "新北市板橋區南雅西路二段143號",
                "district": "板橋區",
                "latitude": 25.011687001685,
                "longitude": 121.452099960974,
                "data_source": "新北市環保局",
                "eco_attributes": "(認證中)",
                "certification_level": "認證中"
            }
        },
        {
            "id": 510,
            "type": "Feature",
            "geometry": {
                "type": "Point",
                "coordinates": [
                    121.457013684072,
                    25.024245481484
                ]
            },
            "properties": {
                "city": "新北市",
                "name": "麥味登板橋龍泉",
                "phone": "02-22542268",
                "address": "新北市板橋區龍泉街120號",
                "district": "板橋區",
                "latitude": 25.024245481484,
                "longitude": 121.457013684072,
                "data_source": "新北市環保局",
                "eco_attributes": "(認證中)",
                "certification_level": "認證中"
            }
        },
        {
            "id": 511,
            "type": "Feature",
            "geometry": {
                "type": "Point",
                "coordinates": [
                    121.429701001118,
                    24.994176996403
                ]
            },
            "properties": {
                "city": "新北市",
                "name": "麥味登樹林秀泰",
                "phone": "02-26860822",
                "address": "新北市板橋區大觀路三段160巷46號",
                "district": "板橋區",
                "latitude": 24.994176996403,
                "longitude": 121.429701001118,
                "data_source": "新北市環保局",
                "eco_attributes": "(認證中)",
                "certification_level": "認證中"
            }
        },
        {
            "id": 512,
            "type": "Feature",
            "geometry": {
                "type": "Point",
                "coordinates": [
                    121.461599004204,
                    25.010736996779
                ]
            },
            "properties": {
                "city": "新北市",
                "name": "麵食主義 Kirin pasta新板店",
                "phone": "02-29643968",
                "address": "新北市板橋區縣民大道1段310號",
                "district": "板橋區",
                "latitude": 25.010736996779,
                "longitude": 121.461599004204,
                "data_source": "新北市環保局",
                "eco_attributes": "(認證中)",
                "certification_level": "認證中"
            }
        },
        {
            "id": 513,
            "type": "Feature",
            "geometry": {
                "type": "Point",
                "coordinates": [
                    121.466619009835,
                    25.013677997055
                ]
            },
            "properties": {
                "city": "新北市",
                "name": "黑毛屋本家 板橋大遠百店",
                "phone": "02-29524088",
                "address": "新北市板橋區新北市板橋區新站路 28 號",
                "district": "板橋區",
                "latitude": 25.013677997055,
                "longitude": 121.466619009835,
                "data_source": "新北市環保局",
                "eco_attributes": "(認證中)",
                "certification_level": "認證中"
            }
        },
        {
            "id": 514,
            "type": "Feature",
            "geometry": {
                "type": "Point",
                "coordinates": [
                    121.457074033775,
                    25.007945990659
                ]
            },
            "properties": {
                "city": "新北市",
                "name": "黑沃咖啡-板橋南門店",
                "phone": "04-22624040",
                "address": "新北市板橋區新北市板橋區南門街73號",
                "district": "板橋區",
                "latitude": 25.007945990659,
                "longitude": 121.457074033775,
                "data_source": "新北市環保局",
                "eco_attributes": "(認證中)",
                "certification_level": "認證中"
            }
        },
        {
            "id": 515,
            "type": "Feature",
            "geometry": {
                "type": "Point",
                "coordinates": [
                    121.466619009835,
                    25.013677997055
                ]
            },
            "properties": {
                "city": "新北市",
                "name": "鼎泰豐板橋店",
                "phone": "02-222678905105",
                "address": "新北市板橋區新站路28號",
                "district": "板橋區",
                "latitude": 25.013677997055,
                "longitude": 121.466619009835,
                "data_source": "新北市環保局",
                "eco_attributes": "(認證中)",
                "certification_level": "認證中"
            }
        },
        {
            "id": 516,
            "type": "Feature",
            "geometry": {
                "type": "Point",
                "coordinates": [
                    121.396545964012,
                    25.077990999016
                ]
            },
            "properties": {
                "city": "新北市",
                "name": "Q Burger林口中山店",
                "phone": "02-26026033",
                "address": "新北市林口區中山路3號",
                "district": "林口區",
                "latitude": 25.077990999016,
                "longitude": 121.396545964012,
                "data_source": "新北市環保局",
                "eco_attributes": "(認證中)",
                "certification_level": "認證中"
            }
        },
        {
            "id": 517,
            "type": "Feature",
            "geometry": {
                "type": "Point",
                "coordinates": [
                    121.3819430123,
                    25.074361006298
                ]
            },
            "properties": {
                "city": "新北市",
                "name": "Q Burger林口仁愛店",
                "phone": "02-26016558",
                "address": "新北市林口區西林里仁愛路二段150號",
                "district": "林口區",
                "latitude": 25.074361006298,
                "longitude": 121.3819430123,
                "data_source": "新北市環保局",
                "eco_attributes": "(認證中)",
                "certification_level": "認證中"
            }
        },
        {
            "id": 518,
            "type": "Feature",
            "geometry": {
                "type": "Point",
                "coordinates": [
                    121.390810982041,
                    25.07890999088
                ]
            },
            "properties": {
                "city": "新北市",
                "name": "Q Burger林口國小店",
                "phone": "02-26012712",
                "address": "新北市林口區中山路156-1號一樓",
                "district": "林口區",
                "latitude": 25.07890999088,
                "longitude": 121.390810982041,
                "data_source": "新北市環保局",
                "eco_attributes": "(認證中)",
                "certification_level": "認證中"
            }
        },
        {
            "id": 519,
            "type": "Feature",
            "geometry": {
                "type": "Point",
                "coordinates": [
                    121.375847859949,
                    25.082503187043
                ]
            },
            "properties": {
                "city": "新北市",
                "name": "中環茶餐廳",
                "phone": "02-26095308",
                "address": "新北市林口區文化三路二段185號",
                "district": "林口區",
                "latitude": 25.082503187043,
                "longitude": 121.375847859949,
                "data_source": "新北市環保局",
                "eco_attributes": "(認證中)",
                "certification_level": "認證中"
            }
        },
        {
            "id": 520,
            "type": "Feature",
            "geometry": {
                "type": "Point",
                "coordinates": [
                    121.363547165582,
                    25.071241094298
                ]
            },
            "properties": {
                "city": "新北市",
                "name": "乾杯燒肉居酒屋 林口店",
                "phone": "02-26068522",
                "address": "新北市林口區新北市林口區文化三路一段356號",
                "district": "林口區",
                "latitude": 25.071241094298,
                "longitude": 121.363547165582,
                "data_source": "新北市環保局",
                "eco_attributes": "(認證中)",
                "certification_level": "認證中"
            }
        },
        {
            "id": 521,
            "type": "Feature",
            "geometry": {
                "type": "Point",
                "coordinates": [
                    121.363547165582,
                    25.071241094298
                ]
            },
            "properties": {
                "city": "新北市",
                "name": "古拉爵 義式屋-林口三井店",
                "phone": "02-26069130",
                "address": "新北市林口區文化三路1段356號",
                "district": "林口區",
                "latitude": 25.071241094298,
                "longitude": 121.363547165582,
                "data_source": "新北市環保局",
                "eco_attributes": "(認證中)",
                "certification_level": "認證中"
            }
        },
        {
            "id": 522,
            "type": "Feature",
            "geometry": {
                "type": "Point",
                "coordinates": [
                    121.378451195256,
                    25.075553918758
                ]
            },
            "properties": {
                "city": "新北市",
                "name": "好好時光公益咖啡館",
                "phone": "02-26012485",
                "address": "新北市林口區文化一路一段207之1號",
                "district": "林口區",
                "latitude": 25.075553918758,
                "longitude": 121.378451195256,
                "data_source": "新北市環保局",
                "eco_attributes": "(認證中)",
                "certification_level": "認證中"
            }
        },
        {
            "id": 523,
            "type": "Feature",
            "geometry": {
                "type": "Point",
                "coordinates": [
                    121.390992031149,
                    25.076592017466
                ]
            },
            "properties": {
                "city": "新北市",
                "name": "慕谷慕魚蔬食原住民人文餐廳",
                "phone": "0912537590",
                "address": "新北市林口區仁愛路一段338號",
                "district": "林口區",
                "latitude": 25.076592017466,
                "longitude": 121.390992031149,
                "data_source": "新北市環保局",
                "eco_attributes": "(認證中)",
                "certification_level": "認證中"
            }
        },
        {
            "id": 524,
            "type": "Feature",
            "geometry": {
                "type": "Point",
                "coordinates": [
                    121.389767770371,
                    25.074636812822
                ]
            },
            "properties": {
                "city": "新北市",
                "name": "林口康橋學生餐廳",
                "phone": "02-26015442",
                "address": "新北市林口區興林路55號",
                "district": "林口區",
                "latitude": 25.074636812822,
                "longitude": 121.389767770371,
                "data_source": "新北市環保局",
                "eco_attributes": "(認證中)",
                "certification_level": "認證中"
            }
        },
        {
            "id": 525,
            "type": "Feature",
            "geometry": {
                "type": "Point",
                "coordinates": [
                    121.366152009632,
                    25.069180990136
                ]
            },
            "properties": {
                "city": "新北市",
                "name": "燒肉Smile 林口文化店",
                "phone": "02-26087728",
                "address": "新北市林口區文化二路一段76號",
                "district": "林口區",
                "latitude": 25.069180990136,
                "longitude": 121.366152009632,
                "data_source": "新北市環保局",
                "eco_attributes": "(認證中)",
                "certification_level": "認證中"
            }
        },
        {
            "id": 526,
            "type": "Feature",
            "geometry": {
                "type": "Point",
                "coordinates": [
                    121.365974537771,
                    25.069127014573
                ]
            },
            "properties": {
                "city": "新北市",
                "name": "築間幸福鍋物 林口三井店",
                "phone": "02-26085533",
                "address": "新北市林口區文化二路一段72號",
                "district": "林口區",
                "latitude": 25.069127014573,
                "longitude": 121.365974537771,
                "data_source": "新北市環保局",
                "eco_attributes": "(認證中)",
                "certification_level": "認證中"
            }
        },
        {
            "id": 527,
            "type": "Feature",
            "geometry": {
                "type": "Point",
                "coordinates": [
                    121.363547165582,
                    25.071241094298
                ]
            },
            "properties": {
                "city": "新北市",
                "name": "藏壽司 林口三井Outlet店",
                "phone": "02-26069852",
                "address": "新北市林口區文化三路一段356號",
                "district": "林口區",
                "latitude": 25.071241094298,
                "longitude": 121.363547165582,
                "data_source": "新北市環保局",
                "eco_attributes": "(認證中)",
                "certification_level": "認證中"
            }
        },
        {
            "id": 528,
            "type": "Feature",
            "geometry": {
                "type": "Point",
                "coordinates": [
                    121.378781023146,
                    25.083813990971
                ]
            },
            "properties": {
                "city": "新北市",
                "name": "麥味登林口中山",
                "phone": "02-26020858",
                "address": "新北市林口區中山路526號-1",
                "district": "林口區",
                "latitude": 25.083813990971,
                "longitude": 121.378781023146,
                "data_source": "新北市環保局",
                "eco_attributes": "(認證中)",
                "certification_level": "認證中"
            }
        },
        {
            "id": 529,
            "type": "Feature",
            "geometry": {
                "type": "Point",
                "coordinates": [
                    121.387813026732,
                    25.076980015764
                ]
            },
            "properties": {
                "city": "新北市",
                "name": "麥味登林口仁愛",
                "phone": "02-26011390",
                "address": "新北市林口區仁愛路一段384號",
                "district": "林口區",
                "latitude": 25.076980015764,
                "longitude": 121.387813026732,
                "data_source": "新北市環保局",
                "eco_attributes": "(認證中)",
                "certification_level": "認證中"
            }
        },
        {
            "id": 530,
            "type": "Feature",
            "geometry": {
                "type": "Point",
                "coordinates": [
                    121.36841648129,
                    25.069641159349
                ]
            },
            "properties": {
                "city": "新北市",
                "name": "麥味登林口公園",
                "phone": "02-26080267",
                "address": "新北市林口區公園路69號",
                "district": "林口區",
                "latitude": 25.069641159349,
                "longitude": 121.36841648129,
                "data_source": "新北市環保局",
                "eco_attributes": "(認證中)",
                "certification_level": "認證中"
            }
        },
        {
            "id": 531,
            "type": "Feature",
            "geometry": {
                "type": "Point",
                "coordinates": [
                    121.361524025612,
                    25.076958013269
                ]
            },
            "properties": {
                "city": "新北市",
                "name": "麥味登林口南勢",
                "phone": "02-26000275",
                "address": "新北市林口區南勢一街17巷51號",
                "district": "林口區",
                "latitude": 25.076958013269,
                "longitude": 121.361524025612,
                "data_source": "新北市環保局",
                "eco_attributes": "(認證中)",
                "certification_level": "認證中"
            }
        },
        {
            "id": 532,
            "type": "Feature",
            "geometry": {
                "type": "Point",
                "coordinates": [
                    121.383660967175,
                    25.074804995709
                ]
            },
            "properties": {
                "city": "新北市",
                "name": "麥味登林口名巧園",
                "phone": "02-26015862",
                "address": "新北市林口區仁愛路二段121號",
                "district": "林口區",
                "latitude": 25.074804995709,
                "longitude": 121.383660967175,
                "data_source": "新北市環保局",
                "eco_attributes": "(認證中)",
                "certification_level": "認證中"
            }
        },
        {
            "id": 533,
            "type": "Feature",
            "geometry": {
                "type": "Point",
                "coordinates": [
                    121.365284362999,
                    25.067081754006
                ]
            },
            "properties": {
                "city": "新北市",
                "name": "麥味登林口感恩",
                "phone": "02-26006228",
                "address": "新北市林口區文化二路一段20巷23號",
                "district": "林口區",
                "latitude": 25.067081754006,
                "longitude": 121.365284362999,
                "data_source": "新北市環保局",
                "eco_attributes": "(認證中)",
                "certification_level": "認證中"
            }
        },
        {
            "id": 534,
            "type": "Feature",
            "geometry": {
                "type": "Point",
                "coordinates": [
                    121.373993028595,
                    25.079447019417
                ]
            },
            "properties": {
                "city": "新北市",
                "name": "麥味登林口文化",
                "phone": "02-26018032",
                "address": "新北市林口區文化三路二段36-1號",
                "district": "林口區",
                "latitude": 25.079447019417,
                "longitude": 121.373993028595,
                "data_source": "新北市環保局",
                "eco_attributes": "(認證中)",
                "certification_level": "認證中"
            }
        },
        {
            "id": 535,
            "type": "Feature",
            "geometry": {
                "type": "Point",
                "coordinates": [
                    121.377154011921,
                    25.069315016768
                ]
            },
            "properties": {
                "city": "新北市",
                "name": "麥味登林口歐園",
                "phone": "02-26009889",
                "address": "新北市林口區麗園二街2-4號",
                "district": "林口區",
                "latitude": 25.069315016768,
                "longitude": 121.377154011921,
                "data_source": "新北市環保局",
                "eco_attributes": "(認證中)",
                "certification_level": "認證中"
            }
        },
        {
            "id": 536,
            "type": "Feature",
            "geometry": {
                "type": "Point",
                "coordinates": [
                    121.364366999531,
                    25.07396001605
                ]
            },
            "properties": {
                "city": "新北市",
                "name": "麥味登林口民族",
                "phone": "0986811956",
                "address": "新北市林口區民族路22號",
                "district": "林口區",
                "latitude": 25.07396001605,
                "longitude": 121.364366999531,
                "data_source": "新北市環保局",
                "eco_attributes": "(認證中)",
                "certification_level": "認證中"
            }
        },
        {
            "id": 537,
            "type": "Feature",
            "geometry": {
                "type": "Point",
                "coordinates": [
                    121.372887036471,
                    25.077084999102
                ]
            },
            "properties": {
                "city": "新北市",
                "name": "麥味登林口民有",
                "phone": "02-26081872",
                "address": "新北市林口區民有街68號",
                "district": "林口區",
                "latitude": 25.077084999102,
                "longitude": 121.372887036471,
                "data_source": "新北市環保局",
                "eco_attributes": "(認證中)",
                "certification_level": "認證中"
            }
        },
        {
            "id": 538,
            "type": "Feature",
            "geometry": {
                "type": "Point",
                "coordinates": [
                    121.379803363876,
                    25.080033291634
                ]
            },
            "properties": {
                "city": "新北市",
                "name": "麥味登林口民視",
                "phone": "02-26019062",
                "address": "新北市林口區信義路154號",
                "district": "林口區",
                "latitude": 25.080033291634,
                "longitude": 121.379803363876,
                "data_source": "新北市環保局",
                "eco_attributes": "(認證中)",
                "certification_level": "認證中"
            }
        },
        {
            "id": 539,
            "type": "Feature",
            "geometry": {
                "type": "Point",
                "coordinates": [
                    121.357669020704,
                    25.072486980386
                ]
            },
            "properties": {
                "city": "新北市",
                "name": "麥味登林口源泉",
                "phone": "02-26092339",
                "address": "新北市林口區源泉街36號",
                "district": "林口區",
                "latitude": 25.072486980386,
                "longitude": 121.357669020704,
                "data_source": "新北市環保局",
                "eco_attributes": "(認證中)",
                "certification_level": "認證中"
            }
        },
        {
            "id": 540,
            "type": "Feature",
            "geometry": {
                "type": "Point",
                "coordinates": [
                    121.362203965598,
                    25.07097601661
                ]
            },
            "properties": {
                "city": "新北市",
                "name": "麥味登林口貳貳五",
                "phone": "02-26099585",
                "address": "新北市林口區文化三路一段225巷13號",
                "district": "林口區",
                "latitude": 25.07097601661,
                "longitude": 121.362203965598,
                "data_source": "新北市環保局",
                "eco_attributes": "(認證中)",
                "certification_level": "認證中"
            }
        },
        {
            "id": 541,
            "type": "Feature",
            "geometry": {
                "type": "Point",
                "coordinates": [
                    121.369772237432,
                    25.076836014668
                ]
            },
            "properties": {
                "city": "新北市",
                "name": "麥味登林口香悅",
                "phone": "02-26082729",
                "address": "新北市林口區文化三路一段555巷50號",
                "district": "林口區",
                "latitude": 25.076836014668,
                "longitude": 121.369772237432,
                "data_source": "新北市環保局",
                "eco_attributes": "(認證中)",
                "certification_level": "認證中"
            }
        },
        {
            "id": 542,
            "type": "Feature",
            "geometry": {
                "type": "Point",
                "coordinates": [
                    121.362618031615,
                    25.071076012715
                ]
            },
            "properties": {
                "city": "新北市",
                "name": "黑沃咖啡-林口文化店",
                "phone": "04-22624040",
                "address": "新北市林口區新北市林口區文化三路一段225巷6號",
                "district": "林口區",
                "latitude": 25.071076012715,
                "longitude": 121.362618031615,
                "data_source": "新北市環保局",
                "eco_attributes": "(認證中)",
                "certification_level": "認證中"
            }
        },
        {
            "id": 543,
            "type": "Feature",
            "geometry": {
                "type": "Point",
                "coordinates": [
                    121.40583923152,
                    25.016077694025
                ]
            },
            "properties": {
                "city": "新北市",
                "name": "Q Burger樹林三福店",
                "phone": "02-26880015",
                "address": "新北市樹林區三福街144號",
                "district": "樹林區",
                "latitude": 25.016077694025,
                "longitude": 121.40583923152,
                "data_source": "新北市環保局",
                "eco_attributes": "(認證中)",
                "certification_level": "認證中"
            }
        },
        {
            "id": 544,
            "type": "Feature",
            "geometry": {
                "type": "Point",
                "coordinates": [
                    121.415484036047,
                    25.00153299654
                ]
            },
            "properties": {
                "city": "新北市",
                "name": "Q Burger樹林保安店",
                "phone": "02-26889990",
                "address": "新北市樹林區保安街二段115號",
                "district": "樹林區",
                "latitude": 25.00153299654,
                "longitude": 121.415484036047,
                "data_source": "新北市環保局",
                "eco_attributes": "(認證中)",
                "certification_level": "認證中"
            }
        },
        {
            "id": 545,
            "type": "Feature",
            "geometry": {
                "type": "Point",
                "coordinates": [
                    121.425135965191,
                    24.995761008466
                ]
            },
            "properties": {
                "city": "新北市",
                "name": "Q Burger樹林千歲店",
                "phone": "02-26851910",
                "address": "新北市樹林區千歲街12號",
                "district": "樹林區",
                "latitude": 24.995761008466,
                "longitude": 121.425135965191,
                "data_source": "新北市環保局",
                "eco_attributes": "(認證中)",
                "certification_level": "認證中"
            }
        },
        {
            "id": 546,
            "type": "Feature",
            "geometry": {
                "type": "Point",
                "coordinates": [
                    121.383869006012,
                    24.9495610059
                ]
            },
            "properties": {
                "city": "新北市",
                "name": "Q Burger樹林大有店",
                "phone": "02-26800083",
                "address": "新北市樹林區大有路118號",
                "district": "樹林區",
                "latitude": 24.9495610059,
                "longitude": 121.383869006012,
                "data_source": "新北市環保局",
                "eco_attributes": "(認證中)",
                "certification_level": "認證中"
            }
        },
        {
            "id": 547,
            "type": "Feature",
            "geometry": {
                "type": "Point",
                "coordinates": [
                    121.418001959761,
                    24.979223010586
                ]
            },
            "properties": {
                "city": "新北市",
                "name": "Q Burger樹林太順店",
                "phone": "02-86860151",
                "address": "新北市樹林區太順街47號",
                "district": "樹林區",
                "latitude": 24.979223010586,
                "longitude": 121.418001959761,
                "data_source": "新北市環保局",
                "eco_attributes": "(認證中)",
                "certification_level": "認證中"
            }
        },
        {
            "id": 548,
            "type": "Feature",
            "geometry": {
                "type": "Point",
                "coordinates": [
                    121.422201963804,
                    24.990997991986
                ]
            },
            "properties": {
                "city": "新北市",
                "name": "Q Burger樹林日新店",
                "phone": "02-26852697",
                "address": "新北市樹林區日新街67號",
                "district": "樹林區",
                "latitude": 24.990997991986,
                "longitude": 121.422201963804,
                "data_source": "新北市環保局",
                "eco_attributes": "(認證中)",
                "certification_level": "認證中"
            }
        },
        {
            "id": 549,
            "type": "Feature",
            "geometry": {
                "type": "Point",
                "coordinates": [
                    121.41918196409,
                    24.989537990181
                ]
            },
            "properties": {
                "city": "新北市",
                "name": "Q Burger樹林育英店",
                "phone": "02-26851719",
                "address": "新北市樹林區育英街146號",
                "district": "樹林區",
                "latitude": 24.989537990181,
                "longitude": 121.41918196409,
                "data_source": "新北市環保局",
                "eco_attributes": "(認證中)",
                "certification_level": "認證中"
            }
        },
        {
            "id": 550,
            "type": "Feature",
            "geometry": {
                "type": "Point",
                "coordinates": [
                    121.425867034786,
                    24.998565006535
                ]
            },
            "properties": {
                "city": "新北市",
                "name": "仨食三餐",
                "phone": "02-26823823",
                "address": "新北市樹林區千歲街61巷36-1號",
                "district": "樹林區",
                "latitude": 24.998565006535,
                "longitude": 121.425867034786,
                "data_source": "新北市環保局",
                "eco_attributes": "(認證中)",
                "certification_level": "認證中"
            }
        },
        {
            "id": 551,
            "type": "Feature",
            "geometry": {
                "type": "Point",
                "coordinates": [
                    121.40451991996,
                    24.973496494337
                ]
            },
            "properties": {
                "city": "新北市",
                "name": "南亞光電員工餐廳",
                "phone": "02-268063115582",
                "address": "新北市樹林區味王街55號",
                "district": "樹林區",
                "latitude": 24.973496494337,
                "longitude": 121.40451991996,
                "data_source": "新北市環保局",
                "eco_attributes": "(認證中)",
                "certification_level": "認證中"
            }
        },
        {
            "id": 552,
            "type": "Feature",
            "geometry": {
                "type": "Point",
                "coordinates": [
                    121.424727012135,
                    25.010017997124
                ]
            },
            "properties": {
                "city": "新北市",
                "name": "吉可堡早餐店",
                "phone": "02-26763998",
                "address": "新北市樹林區俊英街113-1號",
                "district": "樹林區",
                "latitude": 25.010017997124,
                "longitude": 121.424727012135,
                "data_source": "新北市環保局",
                "eco_attributes": "(認證中)",
                "certification_level": "認證中"
            }
        },
        {
            "id": 553,
            "type": "Feature",
            "geometry": {
                "type": "Point",
                "coordinates": [
                    121.409770008833,
                    24.978584016198
                ]
            },
            "properties": {
                "city": "新北市",
                "name": "吉得堡東興店",
                "phone": "02-86845389",
                "address": "新北市樹林區東興街12之1號",
                "district": "樹林區",
                "latitude": 24.978584016198,
                "longitude": 121.409770008833,
                "data_source": "新北市環保局",
                "eco_attributes": "(認證中)",
                "certification_level": "認證中"
            }
        },
        {
            "id": 554,
            "type": "Feature",
            "geometry": {
                "type": "Point",
                "coordinates": [
                    121.389878998226,
                    24.957625989317
                ]
            },
            "properties": {
                "city": "新北市",
                "name": "多米葉漢堡",
                "phone": "02-26802008",
                "address": "新北市樹林區佳園路2段104號",
                "district": "樹林區",
                "latitude": 24.957625989317,
                "longitude": 121.389878998226,
                "data_source": "新北市環保局",
                "eco_attributes": "(認證中)",
                "certification_level": "認證中"
            }
        },
        {
            "id": 555,
            "type": "Feature",
            "geometry": {
                "type": "Point",
                "coordinates": [
                    121.425950015628,
                    24.998749995138
                ]
            },
            "properties": {
                "city": "新北市",
                "name": "文林早餐店",
                "phone": "02-26873339",
                "address": "新北市樹林區千歲街61巷40弄2號",
                "district": "樹林區",
                "latitude": 24.998749995138,
                "longitude": 121.425950015628,
                "data_source": "新北市環保局",
                "eco_attributes": "(認證中)",
                "certification_level": "認證中"
            }
        },
        {
            "id": 556,
            "type": "Feature",
            "geometry": {
                "type": "Point",
                "coordinates": [
                    121.428337936023,
                    24.995446687096
                ]
            },
            "properties": {
                "city": "新北市",
                "name": "朴庶韓國銅盤烤肉 樹林秀泰店",
                "phone": "02-26863377",
                "address": "新北市樹林區樹新路40-6號七樓",
                "district": "樹林區",
                "latitude": 24.995446687096,
                "longitude": 121.428337936023,
                "data_source": "新北市環保局",
                "eco_attributes": "(認證中)",
                "certification_level": "認證中"
            }
        },
        {
            "id": 557,
            "type": "Feature",
            "geometry": {
                "type": "Point",
                "coordinates": [
                    121.428337936023,
                    24.995446687096
                ]
            },
            "properties": {
                "city": "新北市",
                "name": "燒肉Smile 樹林秀泰店",
                "phone": "02-26878522",
                "address": "新北市樹林區樹新路40-6號",
                "district": "樹林區",
                "latitude": 24.995446687096,
                "longitude": 121.428337936023,
                "data_source": "新北市環保局",
                "eco_attributes": "(認證中)",
                "certification_level": "認證中"
            }
        },
        {
            "id": 558,
            "type": "Feature",
            "geometry": {
                "type": "Point",
                "coordinates": [
                    121.379380999775,
                    24.94748598195
                ]
            },
            "properties": {
                "city": "新北市",
                "name": "私嚐吃飯-北大店",
                "phone": "02-26689700",
                "address": "新北市樹林區學勤路322號",
                "district": "樹林區",
                "latitude": 24.94748598195,
                "longitude": 121.379380999775,
                "data_source": "新北市環保局",
                "eco_attributes": "(認證中)",
                "certification_level": "認證中"
            }
        },
        {
            "id": 559,
            "type": "Feature",
            "geometry": {
                "type": "Point",
                "coordinates": [
                    121.428337936023,
                    24.995446687096
                ]
            },
            "properties": {
                "city": "新北市",
                "name": "築間幸福鍋物 樹林秀泰店",
                "phone": "02-26860667",
                "address": "新北市樹林區樹新路40-6號號",
                "district": "樹林區",
                "latitude": 24.995446687096,
                "longitude": 121.428337936023,
                "data_source": "新北市環保局",
                "eco_attributes": "(認證中)",
                "certification_level": "認證中"
            }
        },
        {
            "id": 560,
            "type": "Feature",
            "geometry": {
                "type": "Point",
                "coordinates": [
                    121.428337936023,
                    24.995446687096
                ]
            },
            "properties": {
                "city": "新北市",
                "name": "芡芳石頭火鍋 樹林秀泰店",
                "phone": "02-26862999",
                "address": "新北市樹林區樹新路40-6號",
                "district": "樹林區",
                "latitude": 24.995446687096,
                "longitude": 121.428337936023,
                "data_source": "新北市環保局",
                "eco_attributes": "(認證中)",
                "certification_level": "認證中"
            }
        },
        {
            "id": 561,
            "type": "Feature",
            "geometry": {
                "type": "Point",
                "coordinates": [
                    121.409196509244,
                    25.016330458016
                ]
            },
            "properties": {
                "city": "新北市",
                "name": "雙翼食品",
                "phone": "02-26895506",
                "address": "新北市樹林區忠愛街三號",
                "district": "樹林區",
                "latitude": 25.016330458016,
                "longitude": 121.409196509244,
                "data_source": "新北市環保局",
                "eco_attributes": "(認證中)",
                "certification_level": "認證中"
            }
        },
        {
            "id": 562,
            "type": "Feature",
            "geometry": {
                "type": "Point",
                "coordinates": [
                    121.382327993113,
                    24.944887005233
                ]
            },
            "properties": {
                "city": "新北市",
                "name": "麥味登北大大成",
                "phone": "02-26689550",
                "address": "新北市樹林區大成路11號",
                "district": "樹林區",
                "latitude": 24.944887005233,
                "longitude": 121.382327993113,
                "data_source": "新北市環保局",
                "eco_attributes": "(認證中)",
                "certification_level": "認證中"
            }
        },
        {
            "id": 563,
            "type": "Feature",
            "geometry": {
                "type": "Point",
                "coordinates": [
                    121.378815472768,
                    24.949307704786
                ]
            },
            "properties": {
                "city": "新北市",
                "name": "麥味登北大學林",
                "phone": "02-26684881",
                "address": "新北市樹林區學林路85號",
                "district": "樹林區",
                "latitude": 24.949307704786,
                "longitude": 121.378815472768,
                "data_source": "新北市環保局",
                "eco_attributes": "(認證中)",
                "certification_level": "認證中"
            }
        },
        {
            "id": 564,
            "type": "Feature",
            "geometry": {
                "type": "Point",
                "coordinates": [
                    121.423811959766,
                    24.983407005194
                ]
            },
            "properties": {
                "city": "新北市",
                "name": "麥味登樹林中華",
                "phone": "02-86868651",
                "address": "新北市樹林區中華路39號",
                "district": "樹林區",
                "latitude": 24.983407005194,
                "longitude": 121.423811959766,
                "data_source": "新北市環保局",
                "eco_attributes": "(認證中)",
                "certification_level": "認證中"
            }
        },
        {
            "id": 565,
            "type": "Feature",
            "geometry": {
                "type": "Point",
                "coordinates": [
                    121.412084000843,
                    25.003493020778
                ]
            },
            "properties": {
                "city": "新北市",
                "name": "麥味登樹林光榮",
                "phone": "02-26888936",
                "address": "新北市樹林區光榮街53號",
                "district": "樹林區",
                "latitude": 25.003493020778,
                "longitude": 121.412084000843,
                "data_source": "新北市環保局",
                "eco_attributes": "(認證中)",
                "certification_level": "認證中"
            }
        },
        {
            "id": 566,
            "type": "Feature",
            "geometry": {
                "type": "Point",
                "coordinates": [
                    121.41911096937,
                    24.97837601927
                ]
            },
            "properties": {
                "city": "新北市",
                "name": "麥味登樹林國凱",
                "phone": "02-86853291",
                "address": "新北市樹林區國凱街19號之1",
                "district": "樹林區",
                "latitude": 24.97837601927,
                "longitude": 121.41911096937,
                "data_source": "新北市環保局",
                "eco_attributes": "(認證中)",
                "certification_level": "認證中"
            }
        },
        {
            "id": 567,
            "type": "Feature",
            "geometry": {
                "type": "Point",
                "coordinates": [
                    121.422389969892,
                    24.993660419711
                ]
            },
            "properties": {
                "city": "新北市",
                "name": "麥味登樹林復興",
                "phone": "02-26851566",
                "address": "新北市樹林區復興路37號",
                "district": "樹林區",
                "latitude": 24.993660419711,
                "longitude": 121.422389969892,
                "data_source": "新北市環保局",
                "eco_attributes": "(認證中)",
                "certification_level": "認證中"
            }
        },
        {
            "id": 568,
            "type": "Feature",
            "geometry": {
                "type": "Point",
                "coordinates": [
                    121.419967013141,
                    24.987571008963
                ]
            },
            "properties": {
                "city": "新北市",
                "name": "麥味登樹林日新",
                "phone": "02-26862525",
                "address": "新北市樹林區日新街185號",
                "district": "樹林區",
                "latitude": 24.987571008963,
                "longitude": 121.419967013141,
                "data_source": "新北市環保局",
                "eco_attributes": "(認證中)",
                "certification_level": "認證中"
            }
        },
        {
            "id": 569,
            "type": "Feature",
            "geometry": {
                "type": "Point",
                "coordinates": [
                    121.422138931892,
                    24.979698013039
                ]
            },
            "properties": {
                "city": "新北市",
                "name": "麥味登樹林會贏",
                "phone": "02-86868732",
                "address": "新北市樹林區國凱街102號",
                "district": "樹林區",
                "latitude": 24.979698013039,
                "longitude": 121.422138931892,
                "data_source": "新北市環保局",
                "eco_attributes": "(認證中)",
                "certification_level": "認證中"
            }
        },
        {
            "id": 570,
            "type": "Feature",
            "geometry": {
                "type": "Point",
                "coordinates": [
                    121.415092014435,
                    24.981926006722
                ]
            },
            "properties": {
                "city": "新北市",
                "name": "麥味登樹林東榮",
                "phone": "02-86860063",
                "address": "新北市樹林區東榮街121號",
                "district": "樹林區",
                "latitude": 24.981926006722,
                "longitude": 121.415092014435,
                "data_source": "新北市環保局",
                "eco_attributes": "(認證中)",
                "certification_level": "認證中"
            }
        },
        {
            "id": 571,
            "type": "Feature",
            "geometry": {
                "type": "Point",
                "coordinates": [
                    121.520681028031,
                    25.007936016194
                ]
            },
            "properties": {
                "city": "新北市",
                "name": "Party創作美食茶房",
                "phone": "02-89211103",
                "address": "新北市永和區竹林路222號",
                "district": "永和區",
                "latitude": 25.007936016194,
                "longitude": 121.520681028031,
                "data_source": "新北市環保局",
                "eco_attributes": "(認證中)",
                "certification_level": "認證中"
            }
        },
        {
            "id": 572,
            "type": "Feature",
            "geometry": {
                "type": "Point",
                "coordinates": [
                    121.512256963883,
                    25.013863991487
                ]
            },
            "properties": {
                "city": "新北市",
                "name": "Q Burger永和信義店",
                "phone": "02-29214352",
                "address": "新北市永和區信義路93號",
                "district": "永和區",
                "latitude": 25.013863991487,
                "longitude": 121.512256963883,
                "data_source": "新北市環保局",
                "eco_attributes": "(認證中)",
                "certification_level": "認證中"
            }
        },
        {
            "id": 573,
            "type": "Feature",
            "geometry": {
                "type": "Point",
                "coordinates": [
                    121.519720964841,
                    24.999991983641
                ]
            },
            "properties": {
                "city": "新北市",
                "name": "Q Burger永和得和店",
                "phone": "02-86681921",
                "address": "新北市永和區得和路172號",
                "district": "永和區",
                "latitude": 24.999991983641,
                "longitude": 121.519720964841,
                "data_source": "新北市環保局",
                "eco_attributes": "(認證中)",
                "certification_level": "認證中"
            }
        },
        {
            "id": 574,
            "type": "Feature",
            "geometry": {
                "type": "Point",
                "coordinates": [
                    121.523469016665,
                    25.004789994566
                ]
            },
            "properties": {
                "city": "新北市",
                "name": "Q Burger永和永亨店",
                "phone": "02-29202227",
                "address": "新北市永和區永亨路107號",
                "district": "永和區",
                "latitude": 25.004789994566,
                "longitude": 121.523469016665,
                "data_source": "新北市環保局",
                "eco_attributes": "(認證中)",
                "certification_level": "認證中"
            }
        },
        {
            "id": 575,
            "type": "Feature",
            "geometry": {
                "type": "Point",
                "coordinates": [
                    121.522894018108,
                    25.002853020561
                ]
            },
            "properties": {
                "city": "新北市",
                "name": "Q Burger永和永元店",
                "phone": "02-29265857",
                "address": "新北市永和區永元路124號",
                "district": "永和區",
                "latitude": 25.002853020561,
                "longitude": 121.522894018108,
                "data_source": "新北市環保局",
                "eco_attributes": "(認證中)",
                "certification_level": "認證中"
            }
        },
        {
            "id": 576,
            "type": "Feature",
            "geometry": {
                "type": "Point",
                "coordinates": [
                    121.517387023902,
                    25.006176989994
                ]
            },
            "properties": {
                "city": "新北市",
                "name": "Q Burger永和永利店",
                "phone": "02-22320310",
                "address": "新北市永和區永利路3號",
                "district": "永和區",
                "latitude": 25.006176989994,
                "longitude": 121.517387023902,
                "data_source": "新北市環保局",
                "eco_attributes": "(認證中)",
                "certification_level": "認證中"
            }
        },
        {
            "id": 577,
            "type": "Feature",
            "geometry": {
                "type": "Point",
                "coordinates": [
                    121.5084949981,
                    25.011235007556
                ]
            },
            "properties": {
                "city": "新北市",
                "name": "Q Burger永和永平店",
                "phone": "02-29295009",
                "address": "新北市永和區永平路250號",
                "district": "永和區",
                "latitude": 25.011235007556,
                "longitude": 121.5084949981,
                "data_source": "新北市環保局",
                "eco_attributes": "(認證中)",
                "certification_level": "認證中"
            }
        },
        {
            "id": 578,
            "type": "Feature",
            "geometry": {
                "type": "Point",
                "coordinates": [
                    121.508936975854,
                    25.007586993746
                ]
            },
            "properties": {
                "city": "新北市",
                "name": "Q Burger永和永貞店",
                "phone": "02-29262971",
                "address": "新北市永和區永貞路355巷2號",
                "district": "永和區",
                "latitude": 25.007586993746,
                "longitude": 121.508936975854,
                "data_source": "新北市環保局",
                "eco_attributes": "(認證中)",
                "certification_level": "認證中"
            }
        },
        {
            "id": 579,
            "type": "Feature",
            "geometry": {
                "type": "Point",
                "coordinates": [
                    121.510522999573,
                    25.010200010152
                ]
            },
            "properties": {
                "city": "新北市",
                "name": "上環茶餐廳",
                "phone": "02-29202088",
                "address": "新北市永和區中山路一段126號",
                "district": "永和區",
                "latitude": 25.010200010152,
                "longitude": 121.510522999573,
                "data_source": "新北市環保局",
                "eco_attributes": "(認證中)",
                "certification_level": "認證中"
            }
        },
        {
            "id": 580,
            "type": "Feature",
            "geometry": {
                "type": "Point",
                "coordinates": [
                    121.516669030076,
                    25.011849987792
                ]
            },
            "properties": {
                "city": "新北市",
                "name": "全 壽司丼飯煮物(永和店)",
                "phone": "02-89215959",
                "address": "新北市永和區中興街55號",
                "district": "永和區",
                "latitude": 25.011849987792,
                "longitude": 121.516669030076,
                "data_source": "新北市環保局",
                "eco_attributes": "(認證中)",
                "certification_level": "認證中"
            }
        },
        {
            "id": 581,
            "type": "Feature",
            "geometry": {
                "type": "Point",
                "coordinates": [
                    121.515320968589,
                    25.000343017746
                ]
            },
            "properties": {
                "city": "新北市",
                "name": "再一塊吧ing永和店",
                "phone": "0936931262",
                "address": "新北市永和區得和路20號",
                "district": "永和區",
                "latitude": 25.000343017746,
                "longitude": 121.515320968589,
                "data_source": "新北市環保局",
                "eco_attributes": "(認證中)",
                "certification_level": "認證中"
            }
        },
        {
            "id": 582,
            "type": "Feature",
            "geometry": {
                "type": "Point",
                "coordinates": [
                    121.515256008839,
                    25.001343020704
                ]
            },
            "properties": {
                "city": "新北市",
                "name": "勳牛肉麵(永和店)",
                "phone": "02-29290588",
                "address": "新北市永和區安樂路194巷3號",
                "district": "永和區",
                "latitude": 25.001343020704,
                "longitude": 121.515256008839,
                "data_source": "新北市環保局",
                "eco_attributes": "(認證中)",
                "certification_level": "認證中"
            }
        },
        {
            "id": 583,
            "type": "Feature",
            "geometry": {
                "type": "Point",
                "coordinates": [
                    121.513938038384,
                    25.010271004872
                ]
            },
            "properties": {
                "city": "新北市",
                "name": "和王日式炭火燒肉",
                "phone": "02-29276999",
                "address": "新北市永和區中山路一段13號",
                "district": "永和區",
                "latitude": 25.010271004872,
                "longitude": 121.513938038384,
                "data_source": "新北市環保局",
                "eco_attributes": "(認證中)",
                "certification_level": "認證中"
            }
        },
        {
            "id": 584,
            "type": "Feature",
            "geometry": {
                "type": "Point",
                "coordinates": [
                    121.516939178816,
                    25.003971501721
                ]
            },
            "properties": {
                "city": "新北市",
                "name": "哩賀涼麵",
                "phone": "0985177944",
                "address": "新北市永和區秀朗路一段169號",
                "district": "永和區",
                "latitude": 25.003971501721,
                "longitude": 121.516939178816,
                "data_source": "新北市環保局",
                "eco_attributes": "(認證中)",
                "certification_level": "認證中"
            }
        },
        {
            "id": 585,
            "type": "Feature",
            "geometry": {
                "type": "Point",
                "coordinates": [
                    121.520085996725,
                    25.003184985837
                ]
            },
            "properties": {
                "city": "新北市",
                "name": "在哪裡Cafe?Deli",
                "phone": "02-89210023",
                "address": "新北市永和區秀朗路一段233號",
                "district": "永和區",
                "latitude": 25.003184985837,
                "longitude": 121.520085996725,
                "data_source": "新北市環保局",
                "eco_attributes": "(認證中)",
                "certification_level": "認證中"
            }
        },
        {
            "id": 586,
            "type": "Feature",
            "geometry": {
                "type": "Point",
                "coordinates": [
                    121.507646078946,
                    25.007836481094
                ]
            },
            "properties": {
                "city": "新北市",
                "name": "大戶屋永和比漾店",
                "phone": "02-22315658",
                "address": "新北市永和區中山路一段238號",
                "district": "永和區",
                "latitude": 25.007836481094,
                "longitude": 121.507646078946,
                "data_source": "新北市環保局",
                "eco_attributes": "(認證中)",
                "certification_level": "認證中"
            }
        },
        {
            "id": 587,
            "type": "Feature",
            "geometry": {
                "type": "Point",
                "coordinates": [
                    121.517029525113,
                    25.005512759478
                ]
            },
            "properties": {
                "city": "新北市",
                "name": "好味道 排骨大王(永和店)",
                "phone": "02-29226166",
                "address": "新北市永和區中正路548之2號",
                "district": "永和區",
                "latitude": 25.005512759478,
                "longitude": 121.517029525113,
                "data_source": "新北市環保局",
                "eco_attributes": "(認證中)",
                "certification_level": "認證中"
            }
        },
        {
            "id": 588,
            "type": "Feature",
            "geometry": {
                "type": "Point",
                "coordinates": [
                    121.514472971444,
                    25.004786013162
                ]
            },
            "properties": {
                "city": "新北市",
                "name": "恩典早午餐",
                "phone": "02-29288688",
                "address": "新北市永和區安樂路294號",
                "district": "永和區",
                "latitude": 25.004786013162,
                "longitude": 121.514472971444,
                "data_source": "新北市環保局",
                "eco_attributes": "(認證中)",
                "certification_level": "認證中"
            }
        },
        {
            "id": 589,
            "type": "Feature",
            "geometry": {
                "type": "Point",
                "coordinates": [
                    121.513938038384,
                    25.010271004872
                ]
            },
            "properties": {
                "city": "新北市",
                "name": "文昌小老弟糟粕醋火鍋",
                "phone": "02-29276999",
                "address": "新北市永和區中山路一段13號",
                "district": "永和區",
                "latitude": 25.010271004872,
                "longitude": 121.513938038384,
                "data_source": "新北市環保局",
                "eco_attributes": "(認證中)",
                "certification_level": "認證中"
            }
        },
        {
            "id": 590,
            "type": "Feature",
            "geometry": {
                "type": "Point",
                "coordinates": [
                    121.519765975661,
                    25.012065989437
                ]
            },
            "properties": {
                "city": "新北市",
                "name": "早上好早午餐",
                "phone": "0937513435",
                "address": "新北市永和區竹林路101號",
                "district": "永和區",
                "latitude": 25.012065989437,
                "longitude": 121.519765975661,
                "data_source": "新北市環保局",
                "eco_attributes": "(認證中)",
                "certification_level": "認證中"
            }
        },
        {
            "id": 591,
            "type": "Feature",
            "geometry": {
                "type": "Point",
                "coordinates": [
                    121.516686967349,
                    24.996578998396
                ]
            },
            "properties": {
                "city": "新北市",
                "name": "泰雅田泰式小館(永和店)",
                "phone": "02-86689228",
                "address": "新北市永和區民有街21巷2號",
                "district": "永和區",
                "latitude": 24.996578998396,
                "longitude": 121.516686967349,
                "data_source": "新北市環保局",
                "eco_attributes": "(認證中)",
                "certification_level": "認證中"
            }
        },
        {
            "id": 592,
            "type": "Feature",
            "geometry": {
                "type": "Point",
                "coordinates": [
                    121.51779840771,
                    25.014020984533
                ]
            },
            "properties": {
                "city": "新北市",
                "name": "熊賀呷早午餐",
                "phone": "02-29266942",
                "address": "新北市永和區竹林路52號",
                "district": "永和區",
                "latitude": 25.014020984533,
                "longitude": 121.51779840771,
                "data_source": "新北市環保局",
                "eco_attributes": "(認證中)",
                "certification_level": "認證中"
            }
        },
        {
            "id": 593,
            "type": "Feature",
            "geometry": {
                "type": "Point",
                "coordinates": [
                    121.513127005432,
                    25.005901979751
                ]
            },
            "properties": {
                "city": "新北市",
                "name": "猛港海鮮餐廳",
                "phone": "02-29286383",
                "address": "新北市永和區永和路一段62號",
                "district": "永和區",
                "latitude": 25.005901979751,
                "longitude": 121.513127005432,
                "data_source": "新北市環保局",
                "eco_attributes": "(認證中)",
                "certification_level": "認證中"
            }
        },
        {
            "id": 594,
            "type": "Feature",
            "geometry": {
                "type": "Point",
                "coordinates": [
                    121.511360380962,
                    25.00515829591
                ]
            },
            "properties": {
                "city": "新北市",
                "name": "留香園",
                "phone": "02-29228998",
                "address": "新北市永和區永貞路283號",
                "district": "永和區",
                "latitude": 25.00515829591,
                "longitude": 121.511360380962,
                "data_source": "新北市環保局",
                "eco_attributes": "(認證中)",
                "certification_level": "認證中"
            }
        },
        {
            "id": 595,
            "type": "Feature",
            "geometry": {
                "type": "Point",
                "coordinates": [
                    121.515214015504,
                    25.012055009143
                ]
            },
            "properties": {
                "city": "新北市",
                "name": "築間幸福鍋物 新北永和店",
                "phone": "02-29217588",
                "address": "新北市永和區永和路二段116號",
                "district": "永和區",
                "latitude": 25.012055009143,
                "longitude": 121.515214015504,
                "data_source": "新北市環保局",
                "eco_attributes": "(認證中)",
                "certification_level": "認證中"
            }
        },
        {
            "id": 596,
            "type": "Feature",
            "geometry": {
                "type": "Point",
                "coordinates": [
                    121.515214015504,
                    25.012055009143
                ]
            },
            "properties": {
                "city": "新北市",
                "name": "築間燒肉本命 新北永和店",
                "phone": "02-29218255",
                "address": "新北市永和區永和路二段116號",
                "district": "永和區",
                "latitude": 25.012055009143,
                "longitude": 121.515214015504,
                "data_source": "新北市環保局",
                "eco_attributes": "(認證中)",
                "certification_level": "認證中"
            }
        },
        {
            "id": 597,
            "type": "Feature",
            "geometry": {
                "type": "Point",
                "coordinates": [
                    121.515214015504,
                    25.012055009143
                ]
            },
            "properties": {
                "city": "新北市",
                "name": "芡芳石頭火鍋 新北永和店",
                "phone": "02-29218889",
                "address": "新北市永和區永和路二段116號",
                "district": "永和區",
                "latitude": 25.012055009143,
                "longitude": 121.515214015504,
                "data_source": "新北市環保局",
                "eco_attributes": "(認證中)",
                "certification_level": "認證中"
            }
        },
        {
            "id": 598,
            "type": "Feature",
            "geometry": {
                "type": "Point",
                "coordinates": [
                    121.507646078946,
                    25.007836481094
                ]
            },
            "properties": {
                "city": "新北市",
                "name": "藏壽司 永和比漾店",
                "phone": "02-22311881",
                "address": "新北市永和區中山路一段238號",
                "district": "永和區",
                "latitude": 25.007836481094,
                "longitude": 121.507646078946,
                "data_source": "新北市環保局",
                "eco_attributes": "(認證中)",
                "certification_level": "認證中"
            }
        },
        {
            "id": 599,
            "type": "Feature",
            "geometry": {
                "type": "Point",
                "coordinates": [
                    121.514228974243,
                    25.000214984175
                ]
            },
            "properties": {
                "city": "新北市",
                "name": "蘿蔔蹲 Farmers Tasty",
                "phone": "02-29427711",
                "address": "新北市永和區安樂路136號",
                "district": "永和區",
                "latitude": 25.000214984175,
                "longitude": 121.514228974243,
                "data_source": "新北市環保局",
                "eco_attributes": "(認證中)",
                "certification_level": "認證中"
            }
        },
        {
            "id": 600,
            "type": "Feature",
            "geometry": {
                "type": "Point",
                "coordinates": [
                    121.514338022803,
                    24.996137020642
                ]
            },
            "properties": {
                "city": "新北市",
                "name": "覓糖Mi Tang(永和中正店)",
                "phone": "02-86681249",
                "address": "新北市永和區中正路39之1號",
                "district": "永和區",
                "latitude": 24.996137020642,
                "longitude": 121.514338022803,
                "data_source": "新北市環保局",
                "eco_attributes": "(認證中)",
                "certification_level": "認證中"
            }
        },
        {
            "id": 601,
            "type": "Feature",
            "geometry": {
                "type": "Point",
                "coordinates": [
                    121.516795010081,
                    25.003766983284
                ]
            },
            "properties": {
                "city": "新北市",
                "name": "馬蹄圈圈",
                "phone": "02-23611999894",
                "address": "新北市永和區秀朗路一段114號",
                "district": "永和區",
                "latitude": 25.003766983284,
                "longitude": 121.516795010081,
                "data_source": "新北市環保局",
                "eco_attributes": "(認證中)",
                "certification_level": "認證中"
            }
        },
        {
            "id": 602,
            "type": "Feature",
            "geometry": {
                "type": "Point",
                "coordinates": [
                    121.511356998939,
                    25.012855983811
                ]
            },
            "properties": {
                "city": "新北市",
                "name": "麥味登永和仁愛",
                "phone": "02-29250236",
                "address": "新北市永和區仁愛路145號",
                "district": "永和區",
                "latitude": 25.012855983811,
                "longitude": 121.511356998939,
                "data_source": "新北市環保局",
                "eco_attributes": "(認證中)",
                "certification_level": "認證中"
            }
        },
        {
            "id": 603,
            "type": "Feature",
            "geometry": {
                "type": "Point",
                "coordinates": [
                    121.506659026028,
                    25.013168000157
                ]
            },
            "properties": {
                "city": "新北市",
                "name": "麥味登永和仁愛公園",
                "phone": "02-89213076",
                "address": "新北市永和區永平路320號",
                "district": "永和區",
                "latitude": 25.013168000157,
                "longitude": 121.506659026028,
                "data_source": "新北市環保局",
                "eco_attributes": "(認證中)",
                "certification_level": "認證中"
            }
        },
        {
            "id": 604,
            "type": "Feature",
            "geometry": {
                "type": "Point",
                "coordinates": [
                    121.508750981423,
                    25.00519999536
                ]
            },
            "properties": {
                "city": "新北市",
                "name": "麥味登永和保平",
                "phone": "02-29225899",
                "address": "新北市永和區保平路266號",
                "district": "永和區",
                "latitude": 25.00519999536,
                "longitude": 121.508750981423,
                "data_source": "新北市環保局",
                "eco_attributes": "(認證中)",
                "certification_level": "認證中"
            }
        },
        {
            "id": 605,
            "type": "Feature",
            "geometry": {
                "type": "Point",
                "coordinates": [
                    121.523279082739,
                    24.999470503535
                ]
            },
            "properties": {
                "city": "新北市",
                "name": "麥味登永和得和",
                "phone": "02-29439796",
                "address": "新北市永和區得和路328號",
                "district": "永和區",
                "latitude": 24.999470503535,
                "longitude": 121.523279082739,
                "data_source": "新北市環保局",
                "eco_attributes": "(認證中)",
                "certification_level": "認證中"
            }
        },
        {
            "id": 606,
            "type": "Feature",
            "geometry": {
                "type": "Point",
                "coordinates": [
                    121.50137297879,
                    25.010345980995
                ]
            },
            "properties": {
                "city": "新北市",
                "name": "麥味登永和環河",
                "phone": "02-29233833",
                "address": "新北市永和區環河西路2段213號",
                "district": "永和區",
                "latitude": 25.010345980995,
                "longitude": 121.50137297879,
                "data_source": "新北市環保局",
                "eco_attributes": "(認證中)",
                "certification_level": "認證中"
            }
        },
        {
            "id": 607,
            "type": "Feature",
            "geometry": {
                "type": "Point",
                "coordinates": [
                    121.515468992999,
                    25.007124019324
                ]
            },
            "properties": {
                "city": "新北市",
                "name": "麥味登永和福和",
                "phone": "02-29219297",
                "address": "新北市永和區福和路343號",
                "district": "永和區",
                "latitude": 25.007124019324,
                "longitude": 121.515468992999,
                "data_source": "新北市環保局",
                "eco_attributes": "(認證中)",
                "certification_level": "認證中"
            }
        },
        {
            "id": 608,
            "type": "Feature",
            "geometry": {
                "type": "Point",
                "coordinates": [
                    121.517816009707,
                    25.004468003756
                ]
            },
            "properties": {
                "city": "新北市",
                "name": "麥味登永和選手",
                "phone": "02-29229929",
                "address": "新北市永和區永貞路152號",
                "district": "永和區",
                "latitude": 25.004468003756,
                "longitude": 121.517816009707,
                "data_source": "新北市環保局",
                "eco_attributes": "(認證中)",
                "certification_level": "認證中"
            }
        },
        {
            "id": 609,
            "type": "Feature",
            "geometry": {
                "type": "Point",
                "coordinates": [
                    121.520367628671,
                    25.009931705431
                ]
            },
            "properties": {
                "city": "新北市",
                "name": "黑沃咖啡-永和竹林店",
                "phone": "04-22624040",
                "address": "新北市永和區新北市永和區竹林路178號",
                "district": "永和區",
                "latitude": 25.009931705431,
                "longitude": 121.520367628671,
                "data_source": "新北市環保局",
                "eco_attributes": "(認證中)",
                "certification_level": "認證中"
            }
        },
        {
            "id": 610,
            "type": "Feature",
            "geometry": {
                "type": "Point",
                "coordinates": [
                    121.630532993763,
                    25.07094399774
                ]
            },
            "properties": {
                "city": "新北市",
                "name": "Q Burger汐止明峰店",
                "phone": "02-26932023",
                "address": "新北市汐止區明峰街125-3號",
                "district": "汐止區",
                "latitude": 25.07094399774,
                "longitude": 121.630532993763,
                "data_source": "新北市環保局",
                "eco_attributes": "(認證中)",
                "certification_level": "認證中"
            }
        },
        {
            "id": 611,
            "type": "Feature",
            "geometry": {
                "type": "Point",
                "coordinates": [
                    121.642250978221,
                    25.06455099446
                ]
            },
            "properties": {
                "city": "新北市",
                "name": "Q Burger汐止樟樹店",
                "phone": "02-86916631",
                "address": "新北市汐止區樟樹一路130號",
                "district": "汐止區",
                "latitude": 25.06455099446,
                "longitude": 121.642250978221,
                "data_source": "新北市環保局",
                "eco_attributes": "(認證中)",
                "certification_level": "認證中"
            }
        },
        {
            "id": 612,
            "type": "Feature",
            "geometry": {
                "type": "Point",
                "coordinates": [
                    121.630732985973,
                    25.065244010214
                ]
            },
            "properties": {
                "city": "新北市",
                "name": "Q Burger汐止福德店",
                "phone": "02-26957300",
                "address": "新北市汐止區福德二路140號",
                "district": "汐止區",
                "latitude": 25.065244010214,
                "longitude": 121.630732985973,
                "data_source": "新北市環保局",
                "eco_attributes": "(認證中)",
                "certification_level": "認證中"
            }
        },
        {
            "id": 613,
            "type": "Feature",
            "geometry": {
                "type": "Point",
                "coordinates": [
                    121.659973003743,
                    25.062814012665
                ]
            },
            "properties": {
                "city": "新北市",
                "name": "Q Burger汐止秀峰店",
                "phone": "02-26430098",
                "address": "新北市汐止區仁愛路26號",
                "district": "汐止區",
                "latitude": 25.062814012665,
                "longitude": 121.659973003743,
                "data_source": "新北市環保局",
                "eco_attributes": "(認證中)",
                "certification_level": "認證中"
            }
        },
        {
            "id": 614,
            "type": "Feature",
            "geometry": {
                "type": "Point",
                "coordinates": [
                    121.664199997515,
                    25.064948003304
                ]
            },
            "properties": {
                "city": "新北市",
                "name": "Q Burger汐止綠多店",
                "phone": "02-26430058",
                "address": "新北市汐止區仁愛路162號",
                "district": "汐止區",
                "latitude": 25.064948003304,
                "longitude": 121.664199997515,
                "data_source": "新北市環保局",
                "eco_attributes": "(認證中)",
                "certification_level": "認證中"
            }
        },
        {
            "id": 615,
            "type": "Feature",
            "geometry": {
                "type": "Point",
                "coordinates": [
                    121.654105000968,
                    25.062846995454
                ]
            },
            "properties": {
                "city": "新北市",
                "name": "Q Burger汐止連興店",
                "phone": "02-26919516",
                "address": "新北市汐止區連興街73號",
                "district": "汐止區",
                "latitude": 25.062846995454,
                "longitude": 121.654105000968,
                "data_source": "新北市環保局",
                "eco_attributes": "(認證中)",
                "certification_level": "認證中"
            }
        },
        {
            "id": 616,
            "type": "Feature",
            "geometry": {
                "type": "Point",
                "coordinates": [
                    121.638837029058,
                    25.03326101463
                ]
            },
            "properties": {
                "city": "新北市",
                "name": "天然茶莊",
                "phone": "02-26603762",
                "address": "新北市汐止區汐碇路380巷30號",
                "district": "汐止區",
                "latitude": 25.03326101463,
                "longitude": 121.638837029058,
                "data_source": "新北市環保局",
                "eco_attributes": "(認證中)",
                "certification_level": "認證中"
            }
        },
        {
            "id": 617,
            "type": "Feature",
            "geometry": {
                "type": "Point",
                "coordinates": [
                    121.648248984315,
                    25.061621980305
                ]
            },
            "properties": {
                "city": "新北市",
                "name": "涮乃葉-汐止遠雄店",
                "phone": "-",
                "address": "新北市汐止區新台五路一段99號",
                "district": "汐止區",
                "latitude": 25.061621980305,
                "longitude": 121.648248984315,
                "data_source": "新北市環保局",
                "eco_attributes": "(認證中)",
                "certification_level": "認證中"
            }
        },
        {
            "id": 618,
            "type": "Feature",
            "geometry": {
                "type": "Point",
                "coordinates": [
                    121.660397128044,
                    25.064971388814
                ]
            },
            "properties": {
                "city": "新北市",
                "name": "築間幸福鍋物 新北汐止店",
                "phone": "02-26487779",
                "address": "新北市汐止區新台五路二段12號",
                "district": "汐止區",
                "latitude": 25.064971388814,
                "longitude": 121.660397128044,
                "data_source": "新北市環保局",
                "eco_attributes": "(認證中)",
                "certification_level": "認證中"
            }
        },
        {
            "id": 619,
            "type": "Feature",
            "geometry": {
                "type": "Point",
                "coordinates": [
                    121.630202914416,
                    25.063107505004
                ]
            },
            "properties": {
                "city": "新北市",
                "name": "食家安飲食文化股份有限公司",
                "phone": "02-27925757",
                "address": "新北市汐止區福德一路328巷1號",
                "district": "汐止區",
                "latitude": 25.063107505004,
                "longitude": 121.630202914416,
                "data_source": "新北市環保局",
                "eco_attributes": "(認證中)",
                "certification_level": "認證中"
            }
        },
        {
            "id": 620,
            "type": "Feature",
            "geometry": {
                "type": "Point",
                "coordinates": [
                    121.659409991307,
                    25.063869000908
                ]
            },
            "properties": {
                "city": "新北市",
                "name": "麥味登汐止仁愛",
                "phone": "02-26492558",
                "address": "新北市汐止區仁愛路23號",
                "district": "汐止區",
                "latitude": 25.063869000908,
                "longitude": 121.659409991307,
                "data_source": "新北市環保局",
                "eco_attributes": "(認證中)",
                "certification_level": "認證中"
            }
        },
        {
            "id": 621,
            "type": "Feature",
            "geometry": {
                "type": "Point",
                "coordinates": [
                    121.662482377916,
                    25.068137820376
                ]
            },
            "properties": {
                "city": "新北市",
                "name": "麥味登汐止名城店",
                "phone": "02-86910234",
                "address": "新北市汐止區新昌路37-1號",
                "district": "汐止區",
                "latitude": 25.068137820376,
                "longitude": 121.662482377916,
                "data_source": "新北市環保局",
                "eco_attributes": "(認證中)",
                "certification_level": "認證中"
            }
        },
        {
            "id": 622,
            "type": "Feature",
            "geometry": {
                "type": "Point",
                "coordinates": [
                    121.661115289508,
                    25.072447417803
                ]
            },
            "properties": {
                "city": "新北市",
                "name": "麥味登汐止建成",
                "phone": "02-86422575",
                "address": "新北市汐止區建成路59巷49號",
                "district": "汐止區",
                "latitude": 25.072447417803,
                "longitude": 121.661115289508,
                "data_source": "新北市環保局",
                "eco_attributes": "(認證中)",
                "certification_level": "認證中"
            }
        },
        {
            "id": 623,
            "type": "Feature",
            "geometry": {
                "type": "Point",
                "coordinates": [
                    121.641229978596,
                    25.069164980701
                ]
            },
            "properties": {
                "city": "新北市",
                "name": "麥味登汐止玖達",
                "phone": "02-26427171",
                "address": "新北市汐止區樟樹二路296號",
                "district": "汐止區",
                "latitude": 25.069164980701,
                "longitude": 121.641229978596,
                "data_source": "新北市環保局",
                "eco_attributes": "(認證中)",
                "certification_level": "認證中"
            }
        },
        {
            "id": 624,
            "type": "Feature",
            "geometry": {
                "type": "Point",
                "coordinates": [
                    121.664283984184,
                    25.065114006896
                ]
            },
            "properties": {
                "city": "新北市",
                "name": "麥味登汐止皇家",
                "phone": "02-26433078",
                "address": "新北市汐止區仁愛路166號",
                "district": "汐止區",
                "latitude": 25.065114006896,
                "longitude": 121.664283984184,
                "data_source": "新北市環保局",
                "eco_attributes": "(認證中)",
                "certification_level": "認證中"
            }
        },
        {
            "id": 625,
            "type": "Feature",
            "geometry": {
                "type": "Point",
                "coordinates": [
                    121.638590433467,
                    25.069354202165
                ]
            },
            "properties": {
                "city": "新北市",
                "name": "麥味登汐止福德",
                "phone": "02-26922316",
                "address": "新北市汐止區福德一路20號",
                "district": "汐止區",
                "latitude": 25.069354202165,
                "longitude": 121.638590433467,
                "data_source": "新北市環保局",
                "eco_attributes": "(認證中)",
                "certification_level": "認證中"
            }
        },
        {
            "id": 626,
            "type": "Feature",
            "geometry": {
                "type": "Point",
                "coordinates": [
                    121.635442022996,
                    25.065333989945
                ]
            },
            "properties": {
                "city": "新北市",
                "name": "麥味登汐止福氣",
                "phone": "02-26925177",
                "address": "新北市汐止區福德一路201巷6號",
                "district": "汐止區",
                "latitude": 25.065333989945,
                "longitude": 121.635442022996,
                "data_source": "新北市環保局",
                "eco_attributes": "(認證中)",
                "certification_level": "認證中"
            }
        },
        {
            "id": 627,
            "type": "Feature",
            "geometry": {
                "type": "Point",
                "coordinates": [
                    121.665979978473,
                    25.07064799083
                ]
            },
            "properties": {
                "city": "新北市",
                "name": "麥味登汐止茄苳",
                "phone": "02-86477766",
                "address": "新北市汐止區茄苳路42-1號",
                "district": "汐止區",
                "latitude": 25.07064799083,
                "longitude": 121.665979978473,
                "data_source": "新北市環保局",
                "eco_attributes": "(認證中)",
                "certification_level": "認證中"
            }
        },
        {
            "id": 628,
            "type": "Feature",
            "geometry": {
                "type": "Point",
                "coordinates": [
                    121.656657039028,
                    25.071968014851
                ]
            },
            "properties": {
                "city": "新北市",
                "name": "麥味登汐止長江",
                "phone": "02-26482088",
                "address": "新北市汐止區長江街65號",
                "district": "汐止區",
                "latitude": 25.071968014851,
                "longitude": 121.656657039028,
                "data_source": "新北市環保局",
                "eco_attributes": "(認證中)",
                "certification_level": "認證中"
            }
        },
        {
            "id": 629,
            "type": "Feature",
            "geometry": {
                "type": "Point",
                "coordinates": [
                    121.622822983946,
                    25.067136979227
                ]
            },
            "properties": {
                "city": "新北市",
                "name": "黑沃咖啡-汐止白天鵝店",
                "phone": "04-22624040",
                "address": "新北市汐止區新北市汐止區康寧街169巷8之1號",
                "district": "汐止區",
                "latitude": 25.067136979227,
                "longitude": 121.622822983946,
                "data_source": "新北市環保局",
                "eco_attributes": "(認證中)",
                "certification_level": "認證中"
            }
        },
        {
            "id": 630,
            "type": "Feature",
            "geometry": {
                "type": "Point",
                "coordinates": [
                    121.433838979077,
                    25.056954014607
                ]
            },
            "properties": {
                "city": "新北市",
                "name": "Q Burger泰山全興店",
                "phone": "02-22970930",
                "address": "新北市泰山區全興路105號",
                "district": "泰山區",
                "latitude": 25.056954014607,
                "longitude": 121.433838979077,
                "data_source": "新北市環保局",
                "eco_attributes": "(認證中)",
                "certification_level": "認證中"
            }
        },
        {
            "id": 631,
            "type": "Feature",
            "geometry": {
                "type": "Point",
                "coordinates": [
                    121.425482975983,
                    25.044364982771
                ]
            },
            "properties": {
                "city": "新北市",
                "name": "Q Burger泰山明志店",
                "phone": "02-29081667",
                "address": "新北市泰山區明志路2段353號",
                "district": "泰山區",
                "latitude": 25.044364982771,
                "longitude": 121.425482975983,
                "data_source": "新北市環保局",
                "eco_attributes": "(認證中)",
                "certification_level": "認證中"
            }
        },
        {
            "id": 632,
            "type": "Feature",
            "geometry": {
                "type": "Point",
                "coordinates": [
                    121.425160021253,
                    25.063874993969
                ]
            },
            "properties": {
                "city": "新北市",
                "name": "Q Burger泰山泰林店",
                "phone": "02-29090097",
                "address": "新北市泰山區泰林路二段475號",
                "district": "泰山區",
                "latitude": 25.063874993969,
                "longitude": 121.425160021253,
                "data_source": "新北市環保局",
                "eco_attributes": "(認證中)",
                "certification_level": "認證中"
            }
        },
        {
            "id": 633,
            "type": "Feature",
            "geometry": {
                "type": "Point",
                "coordinates": [
                    121.43087036043,
                    25.056482406825
                ]
            },
            "properties": {
                "city": "新北市",
                "name": "Q Burger泰山泰高店",
                "phone": "02-22960737",
                "address": "新北市泰山區明志路一段433號一樓",
                "district": "泰山區",
                "latitude": 25.056482406825,
                "longitude": 121.43087036043,
                "data_source": "新北市環保局",
                "eco_attributes": "(認證中)",
                "certification_level": "認證中"
            }
        },
        {
            "id": 634,
            "type": "Feature",
            "geometry": {
                "type": "Point",
                "coordinates": [
                    121.4283589746,
                    25.051844993165
                ]
            },
            "properties": {
                "city": "新北市",
                "name": "Q Burger泰山義學店",
                "phone": "02-29002131",
                "address": "新北市泰山區明志路2段101號",
                "district": "泰山區",
                "latitude": 25.051844993165,
                "longitude": 121.4283589746,
                "data_source": "新北市環保局",
                "eco_attributes": "(認證中)",
                "certification_level": "認證中"
            }
        },
        {
            "id": 635,
            "type": "Feature",
            "geometry": {
                "type": "Point",
                "coordinates": [
                    121.422251500852,
                    25.040594006442
                ]
            },
            "properties": {
                "city": "新北市",
                "name": "明志科大第二餐廳",
                "phone": "02-26890808",
                "address": "新北市泰山區工專路84號",
                "district": "泰山區",
                "latitude": 25.040594006442,
                "longitude": 121.422251500852,
                "data_source": "新北市環保局",
                "eco_attributes": "(認證中)",
                "certification_level": "認證中"
            }
        },
        {
            "id": 636,
            "type": "Feature",
            "geometry": {
                "type": "Point",
                "coordinates": [
                    121.422251500852,
                    25.040594006442
                ]
            },
            "properties": {
                "city": "新北市",
                "name": "明志科技大學學生餐廳",
                "phone": "02-29083309",
                "address": "新北市泰山區工專路84號",
                "district": "泰山區",
                "latitude": 25.040594006442,
                "longitude": 121.422251500852,
                "data_source": "新北市環保局",
                "eco_attributes": "(認證中)",
                "certification_level": "認證中"
            }
        },
        {
            "id": 637,
            "type": "Feature",
            "geometry": {
                "type": "Point",
                "coordinates": [
                    121.432752684426,
                    25.054664204388
                ]
            },
            "properties": {
                "city": "新北市",
                "name": "麥味登泰山仁義",
                "phone": "02-22962828",
                "address": "新北市泰山區仁義路143號",
                "district": "泰山區",
                "latitude": 25.054664204388,
                "longitude": 121.432752684426,
                "data_source": "新北市環保局",
                "eco_attributes": "(認證中)",
                "certification_level": "認證中"
            }
        },
        {
            "id": 638,
            "type": "Feature",
            "geometry": {
                "type": "Point",
                "coordinates": [
                    121.44036605015,
                    25.045720868552
                ]
            },
            "properties": {
                "city": "新北市",
                "name": "麥味登泰山信華",
                "phone": "02-29009091",
                "address": "新北市泰山區信華三街171號",
                "district": "泰山區",
                "latitude": 25.045720868552,
                "longitude": 121.44036605015,
                "data_source": "新北市環保局",
                "eco_attributes": "(認證中)",
                "certification_level": "認證中"
            }
        },
        {
            "id": 639,
            "type": "Feature",
            "geometry": {
                "type": "Point",
                "coordinates": [
                    121.433146969151,
                    25.057960010626
                ]
            },
            "properties": {
                "city": "新北市",
                "name": "麥味登泰山全興",
                "phone": "02-29000283",
                "address": "新北市泰山區福興二街30號",
                "district": "泰山區",
                "latitude": 25.057960010626,
                "longitude": 121.433146969151,
                "data_source": "新北市環保局",
                "eco_attributes": "(認證中)",
                "certification_level": "認證中"
            }
        },
        {
            "id": 640,
            "type": "Feature",
            "geometry": {
                "type": "Point",
                "coordinates": [
                    121.424243963055,
                    25.063702997316
                ]
            },
            "properties": {
                "city": "新北市",
                "name": "麥味登泰山泰林",
                "phone": "02-29000565",
                "address": "新北市泰山區泰林路二段513號",
                "district": "泰山區",
                "latitude": 25.063702997316,
                "longitude": 121.424243963055,
                "data_source": "新北市環保局",
                "eco_attributes": "(認證中)",
                "certification_level": "認證中"
            }
        },
        {
            "id": 641,
            "type": "Feature",
            "geometry": {
                "type": "Point",
                "coordinates": [
                    121.442992017345,
                    25.178130979267
                ]
            },
            "properties": {
                "city": "新北市",
                "name": "Q Burger淡水中山北店",
                "phone": "02-26201186",
                "address": "新北市淡水區中山北路一段149巷28號",
                "district": "淡水區",
                "latitude": 25.178130979267,
                "longitude": 121.442992017345,
                "data_source": "新北市環保局",
                "eco_attributes": "(認證中)",
                "certification_level": "認證中"
            }
        },
        {
            "id": 642,
            "type": "Feature",
            "geometry": {
                "type": "Point",
                "coordinates": [
                    121.448565982957,
                    25.170241009989
                ]
            },
            "properties": {
                "city": "新北市",
                "name": "Q Burger淡水學府店",
                "phone": "02-86315056",
                "address": "新北市淡水區學府路85號",
                "district": "淡水區",
                "latitude": 25.170241009989,
                "longitude": 121.448565982957,
                "data_source": "新北市環保局",
                "eco_attributes": "(認證中)",
                "certification_level": "認證中"
            }
        },
        {
            "id": 643,
            "type": "Feature",
            "geometry": {
                "type": "Point",
                "coordinates": [
                    121.438420108258,
                    25.176347687457
                ]
            },
            "properties": {
                "city": "新北市",
                "name": "Q Burger淡水新民店",
                "phone": "02-26262060",
                "address": "新北市淡水區新民街65號",
                "district": "淡水區",
                "latitude": 25.176347687457,
                "longitude": 121.438420108258,
                "data_source": "新北市環保局",
                "eco_attributes": "(認證中)",
                "certification_level": "認證中"
            }
        },
        {
            "id": 644,
            "type": "Feature",
            "geometry": {
                "type": "Point",
                "coordinates": [
                    121.46200395093,
                    25.137990194712
                ]
            },
            "properties": {
                "city": "新北市",
                "name": "享健康食坊",
                "phone": "02-280946613014",
                "address": "新北市淡水區民生路45號",
                "district": "淡水區",
                "latitude": 25.137990194712,
                "longitude": 121.46200395093,
                "data_source": "新北市環保局",
                "eco_attributes": "(認證中)",
                "certification_level": "認證中"
            }
        },
        {
            "id": 645,
            "type": "Feature",
            "geometry": {
                "type": "Point",
                "coordinates": [
                    121.485974,
                    25.156223
                ]
            },
            "properties": {
                "city": "新北市",
                "name": "北投國華高爾夫俱樂部餐廳",
                "phone": "02-86261281",
                "address": "新北市淡水區坪頂里小坪頂23-1號",
                "district": "淡水區",
                "latitude": 25.156223,
                "longitude": 121.485974,
                "data_source": "新北市環保局",
                "eco_attributes": "(認證中)",
                "certification_level": "認證中"
            }
        },
        {
            "id": 646,
            "type": "Feature",
            "geometry": {
                "type": "Point",
                "coordinates": [
                    121.482137,
                    25.194973
                ]
            },
            "properties": {
                "city": "新北市",
                "name": "天空小品",
                "phone": "02-26257366",
                "address": "新北市淡水區忠寮里竹圍子8-17號",
                "district": "淡水區",
                "latitude": 25.194973,
                "longitude": 121.482137,
                "data_source": "新北市環保局",
                "eco_attributes": "(認證中)",
                "certification_level": "認證中"
            }
        },
        {
            "id": 647,
            "type": "Feature",
            "geometry": {
                "type": "Point",
                "coordinates": [
                    121.458434179441,
                    25.182340042389
                ]
            },
            "properties": {
                "city": "新北市",
                "name": "富群休閒農園",
                "phone": "02-26282899",
                "address": "新北市淡水區北新路一段129-1號",
                "district": "淡水區",
                "latitude": 25.182340042389,
                "longitude": 121.458434179441,
                "data_source": "新北市環保局",
                "eco_attributes": "(認證中)",
                "certification_level": "認證中"
            }
        },
        {
            "id": 648,
            "type": "Feature",
            "geometry": {
                "type": "Point",
                "coordinates": [
                    121.42677571691,
                    25.175926999737
                ]
            },
            "properties": {
                "city": "新北市",
                "name": "將捷金鬱金香酒店",
                "phone": "02-26210333",
                "address": "新北市淡水區中正路一段2-1號",
                "district": "淡水區",
                "latitude": 25.175926999737,
                "longitude": 121.42677571691,
                "data_source": "新北市環保局",
                "eco_attributes": "(認證中)",
                "certification_level": "認證中"
            }
        },
        {
            "id": 649,
            "type": "Feature",
            "geometry": {
                "type": "Point",
                "coordinates": [
                    121.418077983622,
                    25.181553980886
                ]
            },
            "properties": {
                "city": "新北市",
                "name": "海角阿鄉海產店",
                "phone": "02-28053411",
                "address": "新北市淡水區觀海路26號",
                "district": "淡水區",
                "latitude": 25.181553980886,
                "longitude": 121.418077983622,
                "data_source": "新北市環保局",
                "eco_attributes": "(認證中)",
                "certification_level": "認證中"
            }
        },
        {
            "id": 650,
            "type": "Feature",
            "geometry": {
                "type": "Point",
                "coordinates": [
                    121.429569489057,
                    25.186830388935
                ]
            },
            "properties": {
                "city": "新北市",
                "name": "築間幸福鍋物 淡水新市店",
                "phone": "02-26229933",
                "address": "新北市淡水區新市一路一段8號",
                "district": "淡水區",
                "latitude": 25.186830388935,
                "longitude": 121.429569489057,
                "data_source": "新北市環保局",
                "eco_attributes": "(認證中)",
                "certification_level": "認證中"
            }
        },
        {
            "id": 651,
            "type": "Feature",
            "geometry": {
                "type": "Point",
                "coordinates": [
                    121.446943497959,
                    25.192725507167
                ]
            },
            "properties": {
                "city": "新北市",
                "name": "義利不窯-碳烤牛排-窯烤披薩-義式料理",
                "phone": "02-26206699",
                "address": "新北市淡水區淡金路二段608之2號",
                "district": "淡水區",
                "latitude": 25.192725507167,
                "longitude": 121.446943497959,
                "data_source": "新北市環保局",
                "eco_attributes": "(認證中)",
                "certification_level": "認證中"
            }
        },
        {
            "id": 652,
            "type": "Feature",
            "geometry": {
                "type": "Point",
                "coordinates": [
                    121.444694968613,
                    25.169375997581
                ]
            },
            "properties": {
                "city": "新北市",
                "name": "藏壽司 淡水站前店",
                "phone": "02-26263577",
                "address": "新北市淡水區中山路8號",
                "district": "淡水區",
                "latitude": 25.169375997581,
                "longitude": 121.444694968613,
                "data_source": "新北市環保局",
                "eco_attributes": "(認證中)",
                "certification_level": "認證中"
            }
        },
        {
            "id": 653,
            "type": "Feature",
            "geometry": {
                "type": "Point",
                "coordinates": [
                    121.456642114304,
                    25.161593484302
                ]
            },
            "properties": {
                "city": "新北市",
                "name": "閑恬Mydeli手作美味坊",
                "phone": "02-86263159",
                "address": "新北市淡水區坪頂路22號",
                "district": "淡水區",
                "latitude": 25.161593484302,
                "longitude": 121.456642114304,
                "data_source": "新北市環保局",
                "eco_attributes": "(認證中)",
                "certification_level": "認證中"
            }
        },
        {
            "id": 654,
            "type": "Feature",
            "geometry": {
                "type": "Point",
                "coordinates": [
                    121.444694968613,
                    25.169375997581
                ]
            },
            "properties": {
                "city": "新北市",
                "name": "魔法咖哩",
                "phone": "02-26206123",
                "address": "新北市淡水區中山路8號",
                "district": "淡水區",
                "latitude": 25.169375997581,
                "longitude": 121.444694968613,
                "data_source": "新北市環保局",
                "eco_attributes": "(認證中)",
                "certification_level": "認證中"
            }
        },
        {
            "id": 655,
            "type": "Feature",
            "geometry": {
                "type": "Point",
                "coordinates": [
                    121.449795021419,
                    25.179178004702
                ]
            },
            "properties": {
                "city": "新北市",
                "name": "麥味登淡水北新",
                "phone": "02-26235211",
                "address": "新北市淡水區北新路153號",
                "district": "淡水區",
                "latitude": 25.179178004702,
                "longitude": 121.449795021419,
                "data_source": "新北市環保局",
                "eco_attributes": "(認證中)",
                "certification_level": "認證中"
            }
        },
        {
            "id": 656,
            "type": "Feature",
            "geometry": {
                "type": "Point",
                "coordinates": [
                    121.430822332125,
                    25.187391389714
                ]
            },
            "properties": {
                "city": "新北市",
                "name": "麥味登淡水台北灣",
                "phone": "02-26292238",
                "address": "新北市淡水區新市一路一段99巷17號",
                "district": "淡水區",
                "latitude": 25.187391389714,
                "longitude": 121.430822332125,
                "data_source": "新北市環保局",
                "eco_attributes": "(認證中)",
                "certification_level": "認證中"
            }
        },
        {
            "id": 657,
            "type": "Feature",
            "geometry": {
                "type": "Point",
                "coordinates": [
                    121.447838014666,
                    25.169198007867
                ]
            },
            "properties": {
                "city": "新北市",
                "name": "麥味登淡水宇峰",
                "phone": "02-26235201",
                "address": "新北市淡水區學府路45號",
                "district": "淡水區",
                "latitude": 25.169198007867,
                "longitude": 121.447838014666,
                "data_source": "新北市環保局",
                "eco_attributes": "(認證中)",
                "certification_level": "認證中"
            }
        },
        {
            "id": 658,
            "type": "Feature",
            "geometry": {
                "type": "Point",
                "coordinates": [
                    121.446696231815,
                    25.182798986874
                ]
            },
            "properties": {
                "city": "新北市",
                "name": "麥味登淡水新市",
                "phone": "02-86315511",
                "address": "新北市淡水區新市一路三段108號",
                "district": "淡水區",
                "latitude": 25.182798986874,
                "longitude": 121.446696231815,
                "data_source": "新北市環保局",
                "eco_attributes": "(認證中)",
                "certification_level": "認證中"
            }
        },
        {
            "id": 659,
            "type": "Feature",
            "geometry": {
                "type": "Point",
                "coordinates": [
                    121.439874787554,
                    25.182561611376
                ]
            },
            "properties": {
                "city": "新北市",
                "name": "麥味登淡水新春",
                "phone": "02-26212553",
                "address": "新北市淡水區新春街97號",
                "district": "淡水區",
                "latitude": 25.182561611376,
                "longitude": 121.439874787554,
                "data_source": "新北市環保局",
                "eco_attributes": "(認證中)",
                "certification_level": "認證中"
            }
        },
        {
            "id": 660,
            "type": "Feature",
            "geometry": {
                "type": "Point",
                "coordinates": [
                    121.445601974356,
                    25.172226012299
                ]
            },
            "properties": {
                "city": "新北市",
                "name": "麥味登淡水水源",
                "phone": "02-26234139",
                "address": "新北市淡水區水源街一段78號",
                "district": "淡水區",
                "latitude": 25.172226012299,
                "longitude": 121.445601974356,
                "data_source": "新北市環保局",
                "eco_attributes": "(認證中)",
                "certification_level": "認證中"
            }
        },
        {
            "id": 661,
            "type": "Feature",
            "geometry": {
                "type": "Point",
                "coordinates": [
                    121.450862037694,
                    25.173883994657
                ]
            },
            "properties": {
                "city": "新北市",
                "name": "麥味登淡水淡大",
                "phone": "02-26295836",
                "address": "新北市淡水區水源街二段56號",
                "district": "淡水區",
                "latitude": 25.173883994657,
                "longitude": 121.450862037694,
                "data_source": "新北市環保局",
                "eco_attributes": "(認證中)",
                "certification_level": "認證中"
            }
        },
        {
            "id": 662,
            "type": "Feature",
            "geometry": {
                "type": "Point",
                "coordinates": [
                    121.448556008492,
                    25.177260015708
                ]
            },
            "properties": {
                "city": "新北市",
                "name": "麥味登淡水淡江",
                "phone": "02-26250018",
                "address": "新北市淡水區北新路182巷37號",
                "district": "淡水區",
                "latitude": 25.177260015708,
                "longitude": 121.448556008492,
                "data_source": "新北市環保局",
                "eco_attributes": "(認證中)",
                "certification_level": "認證中"
            }
        },
        {
            "id": 663,
            "type": "Feature",
            "geometry": {
                "type": "Point",
                "coordinates": [
                    121.42313959352,
                    25.181031726861
                ]
            },
            "properties": {
                "city": "新北市",
                "name": "麥味登淡水淡海",
                "phone": "02-28050511",
                "address": "新北市淡水區淡海路72巷1號",
                "district": "淡水區",
                "latitude": 25.181031726861,
                "longitude": 121.42313959352,
                "data_source": "新北市環保局",
                "eco_attributes": "(認證中)",
                "certification_level": "認證中"
            }
        },
        {
            "id": 664,
            "type": "Feature",
            "geometry": {
                "type": "Point",
                "coordinates": [
                    121.437191991805,
                    25.178994985846
                ]
            },
            "properties": {
                "city": "新北市",
                "name": "麥味登淡水真理",
                "phone": "02-26205135",
                "address": "新北市淡水區新民街180巷2號",
                "district": "淡水區",
                "latitude": 25.178994985846,
                "longitude": 121.437191991805,
                "data_source": "新北市環保局",
                "eco_attributes": "(認證中)",
                "certification_level": "認證中"
            }
        },
        {
            "id": 665,
            "type": "Feature",
            "geometry": {
                "type": "Point",
                "coordinates": [
                    121.458285973155,
                    25.16270601431
                ]
            },
            "properties": {
                "city": "新北市",
                "name": "麥味登淡水紅樹林",
                "phone": "02-86263339",
                "address": "新北市淡水區坪頂路51-1號",
                "district": "淡水區",
                "latitude": 25.16270601431,
                "longitude": 121.458285973155,
                "data_source": "新北市環保局",
                "eco_attributes": "(認證中)",
                "certification_level": "認證中"
            }
        },
        {
            "id": 666,
            "type": "Feature",
            "geometry": {
                "type": "Point",
                "coordinates": [
                    121.462786971341,
                    25.135470989689
                ]
            },
            "properties": {
                "city": "新北市",
                "name": "麥味登竹圍米路",
                "phone": "02-28081276",
                "address": "新北市淡水區民族路43號",
                "district": "淡水區",
                "latitude": 25.135470989689,
                "longitude": 121.462786971341,
                "data_source": "新北市環保局",
                "eco_attributes": "(認證中)",
                "certification_level": "認證中"
            }
        },
        {
            "id": 667,
            "type": "Feature",
            "geometry": {
                "type": "Point",
                "coordinates": [
                    121.444204962554,
                    25.184176007837
                ]
            },
            "properties": {
                "city": "新北市",
                "name": "黑沃咖啡-淡水新市店",
                "phone": "04-22624040",
                "address": "新北市淡水區新北市淡水區中山北路二段163號",
                "district": "淡水區",
                "latitude": 25.184176007837,
                "longitude": 121.444204962554,
                "data_source": "新北市環保局",
                "eco_attributes": "(認證中)",
                "certification_level": "認證中"
            }
        },
        {
            "id": 668,
            "type": "Feature",
            "geometry": {
                "type": "Point",
                "coordinates": [
                    121.613374986506,
                    25.001199983527
                ]
            },
            "properties": {
                "city": "新北市",
                "name": "光復樓小吃店",
                "phone": "02-26621508",
                "address": "新北市深坑區深坑街137號",
                "district": "深坑區",
                "latitude": 25.001199983527,
                "longitude": 121.613374986506,
                "data_source": "新北市環保局",
                "eco_attributes": "(認證中)",
                "certification_level": "認證中"
            }
        },
        {
            "id": 669,
            "type": "Feature",
            "geometry": {
                "type": "Point",
                "coordinates": [
                    121.614969978861,
                    25.001779005398
                ]
            },
            "properties": {
                "city": "新北市",
                "name": "劉的臭豆腐",
                "phone": "02-26621140",
                "address": "新北市深坑區深坑街46號",
                "district": "深坑區",
                "latitude": 25.001779005398,
                "longitude": 121.614969978861,
                "data_source": "新北市環保局",
                "eco_attributes": "(認證中)",
                "certification_level": "認證中"
            }
        },
        {
            "id": 670,
            "type": "Feature",
            "geometry": {
                "type": "Point",
                "coordinates": [
                    121.613258980966,
                    25.001140011009
                ]
            },
            "properties": {
                "city": "新北市",
                "name": "好家園",
                "phone": "02-26648779",
                "address": "新北市深坑區深坑街141號",
                "district": "深坑區",
                "latitude": 25.001140011009,
                "longitude": 121.613258980966,
                "data_source": "新北市環保局",
                "eco_attributes": "(認證中)",
                "certification_level": "認證中"
            }
        },
        {
            "id": 671,
            "type": "Feature",
            "geometry": {
                "type": "Point",
                "coordinates": [
                    121.613140963769,
                    25.001106986311
                ]
            },
            "properties": {
                "city": "新北市",
                "name": "好鄰居小吃店",
                "phone": "02-26623229",
                "address": "新北市深坑區深坑街147號一樓",
                "district": "深坑區",
                "latitude": 25.001106986311,
                "longitude": 121.613140963769,
                "data_source": "新北市環保局",
                "eco_attributes": "(認證中)",
                "certification_level": "認證中"
            }
        },
        {
            "id": 672,
            "type": "Feature",
            "geometry": {
                "type": "Point",
                "coordinates": [
                    121.613524016744,
                    25.001359994058
                ]
            },
            "properties": {
                "city": "新北市",
                "name": "寶桂的店",
                "phone": "02-26645399",
                "address": "新北市深坑區深坑街 114號",
                "district": "深坑區",
                "latitude": 25.001359994058,
                "longitude": 121.613524016744,
                "data_source": "新北市環保局",
                "eco_attributes": "(認證中)",
                "certification_level": "認證中"
            }
        },
        {
            "id": 673,
            "type": "Feature",
            "geometry": {
                "type": "Point",
                "coordinates": [
                    121.613189997903,
                    25.001229613554
                ]
            },
            "properties": {
                "city": "新北市",
                "name": "故鄉的口味小吃店",
                "phone": "02-26629501",
                "address": "新北市深坑區深坑街146號",
                "district": "深坑區",
                "latitude": 25.001229613554,
                "longitude": 121.613189997903,
                "data_source": "新北市環保局",
                "eco_attributes": "(認證中)",
                "certification_level": "認證中"
            }
        },
        {
            "id": 674,
            "type": "Feature",
            "geometry": {
                "type": "Point",
                "coordinates": [
                    121.614921531461,
                    25.001768192743
                ]
            },
            "properties": {
                "city": "新北市",
                "name": "歐里人文空間",
                "phone": "02-26644525",
                "address": "新北市深坑區深坑街48號",
                "district": "深坑區",
                "latitude": 25.001768192743,
                "longitude": 121.614921531461,
                "data_source": "新北市環保局",
                "eco_attributes": "(認證中)",
                "certification_level": "認證中"
            }
        },
        {
            "id": 675,
            "type": "Feature",
            "geometry": {
                "type": "Point",
                "coordinates": [
                    121.6097731,
                    24.9989378
                ]
            },
            "properties": {
                "city": "新北市",
                "name": "深坑大團園餐廳",
                "phone": "02-26625328",
                "address": "新北市深坑區阿柔里阿柔洋25之1號",
                "district": "深坑區",
                "latitude": 24.9989378,
                "longitude": 121.6097731,
                "data_source": "新北市環保局",
                "eco_attributes": "(認證中)",
                "certification_level": "認證中"
            }
        },
        {
            "id": 676,
            "type": "Feature",
            "geometry": {
                "type": "Point",
                "coordinates": [
                    121.61373297759,
                    25.001285017934
                ]
            },
            "properties": {
                "city": "新北市",
                "name": "源春小吃店",
                "phone": "02-26647116",
                "address": "新北市深坑區深坑街119號",
                "district": "深坑區",
                "latitude": 25.001285017934,
                "longitude": 121.61373297759,
                "data_source": "新北市環保局",
                "eco_attributes": "(認證中)",
                "certification_level": "認證中"
            }
        },
        {
            "id": 677,
            "type": "Feature",
            "geometry": {
                "type": "Point",
                "coordinates": [
                    121.613551006472,
                    25.001338787843
                ]
            },
            "properties": {
                "city": "新北市",
                "name": "王水成",
                "phone": "02-26629118",
                "address": "新北市深坑區深坑街118號",
                "district": "深坑區",
                "latitude": 25.001338787843,
                "longitude": 121.613551006472,
                "data_source": "新北市環保局",
                "eco_attributes": "(認證中)",
                "certification_level": "認證中"
            }
        },
        {
            "id": 678,
            "type": "Feature",
            "geometry": {
                "type": "Point",
                "coordinates": [
                    121.600444978848,
                    25.004168015441
                ]
            },
            "properties": {
                "city": "新北市",
                "name": "福園中餐廳",
                "phone": "02-26620088122",
                "address": "新北市深坑區北深路三段236號",
                "district": "深坑區",
                "latitude": 25.004168015441,
                "longitude": 121.600444978848,
                "data_source": "新北市環保局",
                "eco_attributes": "(認證中)",
                "certification_level": "認證中"
            }
        },
        {
            "id": 679,
            "type": "Feature",
            "geometry": {
                "type": "Point",
                "coordinates": [
                    121.613216987631,
                    25.001125007403
                ]
            },
            "properties": {
                "city": "新北市",
                "name": "老地方豆腐美食",
                "phone": "02-26623323",
                "address": "新北市深坑區深坑街143號",
                "district": "深坑區",
                "latitude": 25.001125007403,
                "longitude": 121.613216987631,
                "data_source": "新北市環保局",
                "eco_attributes": "(認證中)",
                "certification_level": "認證中"
            }
        },
        {
            "id": 680,
            "type": "Feature",
            "geometry": {
                "type": "Point",
                "coordinates": [
                    121.613612026728,
                    25.001379984897
                ]
            },
            "properties": {
                "city": "新北市",
                "name": "茴味",
                "phone": "02-26648207",
                "address": "新北市深坑區深坑街110號",
                "district": "深坑區",
                "latitude": 25.001379984897,
                "longitude": 121.613612026728,
                "data_source": "新北市環保局",
                "eco_attributes": "(認證中)",
                "certification_level": "認證中"
            }
        },
        {
            "id": 681,
            "type": "Feature",
            "geometry": {
                "type": "Point",
                "coordinates": [
                    121.612694040692,
                    25.001460995991
                ]
            },
            "properties": {
                "city": "新北市",
                "name": "蔬植純素料理",
                "phone": "02-26642386",
                "address": "新北市深坑區北深路二段214號",
                "district": "深坑區",
                "latitude": 25.001460995991,
                "longitude": 121.612694040692,
                "data_source": "新北市環保局",
                "eco_attributes": "(認證中)",
                "certification_level": "認證中"
            }
        },
        {
            "id": 682,
            "type": "Feature",
            "geometry": {
                "type": "Point",
                "coordinates": [
                    121.602802389116,
                    25.002651184333
                ]
            },
            "properties": {
                "city": "新北市",
                "name": "金寶電子深坑廠員工餐廳",
                "phone": "02-26622660",
                "address": "新北市深坑區北深路3段147號",
                "district": "深坑區",
                "latitude": 25.002651184333,
                "longitude": 121.602802389116,
                "data_source": "新北市環保局",
                "eco_attributes": "(認證中)",
                "certification_level": "認證中"
            }
        },
        {
            "id": 683,
            "type": "Feature",
            "geometry": {
                "type": "Point",
                "coordinates": [
                    121.499621,
                    24.778502
                ]
            },
            "properties": {
                "city": "新北市",
                "name": "Psyaq  Cikay Ma食坊",
                "phone": "0916127010",
                "address": "新北市烏來區福山里卡拉模基26號",
                "district": "烏來區",
                "latitude": 24.778502,
                "longitude": 121.499621,
                "data_source": "新北市環保局",
                "eco_attributes": "(認證中)",
                "certification_level": "認證中"
            }
        },
        {
            "id": 684,
            "type": "Feature",
            "geometry": {
                "type": "Point",
                "coordinates": [
                    121.526034968684,
                    24.83726600876
                ]
            },
            "properties": {
                "city": "新北市",
                "name": "加納富魚食坊",
                "phone": "02-26616560",
                "address": "新北市烏來區信賢里信福路12號之3",
                "district": "烏來區",
                "latitude": 24.83726600876,
                "longitude": 121.526034968684,
                "data_source": "新北市環保局",
                "eco_attributes": "(認證中)",
                "certification_level": "認證中"
            }
        },
        {
            "id": 685,
            "type": "Feature",
            "geometry": {
                "type": "Point",
                "coordinates": [
                    121.551768215635,
                    24.848585332064
                ]
            },
            "properties": {
                "city": "新北市",
                "name": "雲仙大飯店",
                "phone": "02-26616383",
                "address": "新北市烏來區烏來里瀑布路1-1號",
                "district": "烏來區",
                "latitude": 24.848585332064,
                "longitude": 121.551768215635,
                "data_source": "新北市環保局",
                "eco_attributes": "(認證中)",
                "certification_level": "認證中"
            }
        },
        {
            "id": 686,
            "type": "Feature",
            "geometry": {
                "type": "Point",
                "coordinates": [
                    121.551768215635,
                    24.848585332064
                ]
            },
            "properties": {
                "city": "新北市",
                "name": "雲仙樂園中餐廳",
                "phone": "02-26616510",
                "address": "新北市烏來區瀑布路1-1",
                "district": "烏來區",
                "latitude": 24.848585332064,
                "longitude": 121.551768215635,
                "data_source": "新北市環保局",
                "eco_attributes": "(認證中)",
                "certification_level": "認證中"
            }
        },
        {
            "id": 687,
            "type": "Feature",
            "geometry": {
                "type": "Point",
                "coordinates": [
                    121.499621,
                    24.778502
                ]
            },
            "properties": {
                "city": "新北市",
                "name": "食在森林",
                "phone": "0955658845",
                "address": "新北市烏來區福山里3鄰卡拉模基21號",
                "district": "烏來區",
                "latitude": 24.778502,
                "longitude": 121.499621,
                "data_source": "新北市環保局",
                "eco_attributes": "(認證中)",
                "certification_level": "認證中"
            }
        },
        {
            "id": 688,
            "type": "Feature",
            "geometry": {
                "type": "Point",
                "coordinates": [
                    121.499621,
                    24.778502
                ]
            },
            "properties": {
                "city": "新北市",
                "name": "馬岸泰雅美食",
                "phone": "02-26616105",
                "address": "新北市烏來區福山村大羅蘭25號",
                "district": "烏來區",
                "latitude": 24.778502,
                "longitude": 121.499621,
                "data_source": "新北市環保局",
                "eco_attributes": "(認證中)",
                "certification_level": "認證中"
            }
        },
        {
            "id": 689,
            "type": "Feature",
            "geometry": {
                "type": "Point",
                "coordinates": [
                    121.821398568256,
                    25.134417719736
                ]
            },
            "properties": {
                "city": "新北市",
                "name": "友信海鮮餐廳",
                "phone": "02-24977777",
                "address": "新北市瑞芳區深澳路189之7號",
                "district": "瑞芳區",
                "latitude": 25.134417719736,
                "longitude": 121.821398568256,
                "data_source": "新北市環保局",
                "eco_attributes": "(認證中)",
                "certification_level": "認證中"
            }
        },
        {
            "id": 690,
            "type": "Feature",
            "geometry": {
                "type": "Point",
                "coordinates": [
                    121.858981010438,
                    25.109834980736
                ]
            },
            "properties": {
                "city": "新北市",
                "name": "老礦工食堂",
                "phone": "02-29314996",
                "address": "新北市瑞芳區金瓜石祈堂路72-1號",
                "district": "瑞芳區",
                "latitude": 25.109834980736,
                "longitude": 121.858981010438,
                "data_source": "新北市環保局",
                "eco_attributes": "(認證中)",
                "certification_level": "認證中"
            }
        },
        {
            "id": 691,
            "type": "Feature",
            "geometry": {
                "type": "Point",
                "coordinates": [
                    121.854004003971,
                    25.114863996913
                ]
            },
            "properties": {
                "city": "新北市",
                "name": "雲山水小築民宿",
                "phone": "02-24962201",
                "address": "新北市瑞芳區金瓜石石山里山尖路72-1號",
                "district": "瑞芳區",
                "latitude": 25.114863996913,
                "longitude": 121.854004003971,
                "data_source": "新北市環保局",
                "eco_attributes": "(認證中)",
                "certification_level": "認證中"
            }
        },
        {
            "id": 692,
            "type": "Feature",
            "geometry": {
                "type": "Point",
                "coordinates": [
                    121.805174221194,
                    25.108236006977
                ]
            },
            "properties": {
                "city": "新北市",
                "name": "麥味登瑞芳明燈",
                "phone": "02-24976263",
                "address": "新北市瑞芳區明燈路三段81號",
                "district": "瑞芳區",
                "latitude": 25.108236006977,
                "longitude": 121.805174221194,
                "data_source": "新北市環保局",
                "eco_attributes": "(認證中)",
                "certification_level": "認證中"
            }
        },
        {
            "id": 693,
            "type": "Feature",
            "geometry": {
                "type": "Point",
                "coordinates": [
                    121.677156,
                    25.012807
                ]
            },
            "properties": {
                "city": "新北市",
                "name": "三才靈芝生態農場民宿",
                "phone": "02-26633995",
                "address": "新北市石碇區中民村十八重溪52-1號",
                "district": "石碇區",
                "latitude": 25.012807,
                "longitude": 121.677156,
                "data_source": "新北市環保局",
                "eco_attributes": "(認證中)",
                "certification_level": "認證中"
            }
        },
        {
            "id": 694,
            "type": "Feature",
            "geometry": {
                "type": "Point",
                "coordinates": [
                    121.689250488621,
                    25.204931695575
                ]
            },
            "properties": {
                "city": "新北市",
                "name": "三葉活海鮮餐廳",
                "phone": "02-24923132",
                "address": "新北市萬里區港東路74-16號",
                "district": "萬里區",
                "latitude": 25.204931695575,
                "longitude": 121.689250488621,
                "data_source": "新北市環保局",
                "eco_attributes": "(認證中)",
                "certification_level": "認證中"
            }
        },
        {
            "id": 695,
            "type": "Feature",
            "geometry": {
                "type": "Point",
                "coordinates": [
                    121.689928081674,
                    25.204793980906
                ]
            },
            "properties": {
                "city": "新北市",
                "name": "四姊妹海鮮餐廳",
                "phone": "02-24921602",
                "address": "新北市萬里區野柳村港東路160號",
                "district": "萬里區",
                "latitude": 25.204793980906,
                "longitude": 121.689928081674,
                "data_source": "新北市環保局",
                "eco_attributes": "(認證中)",
                "certification_level": "認證中"
            }
        },
        {
            "id": 696,
            "type": "Feature",
            "geometry": {
                "type": "Point",
                "coordinates": [
                    121.68983227652,
                    25.204555012847
                ]
            },
            "properties": {
                "city": "新北市",
                "name": "女皇餐廳",
                "phone": "02-24922049",
                "address": "新北市萬里區港東路163號",
                "district": "萬里區",
                "latitude": 25.204555012847,
                "longitude": 121.68983227652,
                "data_source": "新北市環保局",
                "eco_attributes": "(認證中)",
                "certification_level": "認證中"
            }
        },
        {
            "id": 697,
            "type": "Feature",
            "geometry": {
                "type": "Point",
                "coordinates": [
                    121.689774525207,
                    25.205053107443
                ]
            },
            "properties": {
                "city": "新北市",
                "name": "意芳飯店",
                "phone": "0932500750",
                "address": "新北市萬里區港東路155號",
                "district": "萬里區",
                "latitude": 25.205053107443,
                "longitude": 121.689774525207,
                "data_source": "新北市環保局",
                "eco_attributes": "(認證中)",
                "certification_level": "認證中"
            }
        },
        {
            "id": 698,
            "type": "Feature",
            "geometry": {
                "type": "Point",
                "coordinates": [
                    121.690167217371,
                    25.204128499704
                ]
            },
            "properties": {
                "city": "新北市",
                "name": "望海亭海鮮餐廳",
                "phone": "02-24921605",
                "address": "新北市萬里區野柳村港東路162之15號",
                "district": "萬里區",
                "latitude": 25.204128499704,
                "longitude": 121.690167217371,
                "data_source": "新北市環保局",
                "eco_attributes": "(認證中)",
                "certification_level": "認證中"
            }
        },
        {
            "id": 699,
            "type": "Feature",
            "geometry": {
                "type": "Point",
                "coordinates": [
                    121.688698959392,
                    25.204683088327
                ]
            },
            "properties": {
                "city": "新北市",
                "name": "柏榕美食活海鮮",
                "phone": "02-24924798",
                "address": "新北市萬里區港東路151之2號",
                "district": "萬里區",
                "latitude": 25.204683088327,
                "longitude": 121.688698959392,
                "data_source": "新北市環保局",
                "eco_attributes": "(認證中)",
                "certification_level": "認證中"
            }
        },
        {
            "id": 700,
            "type": "Feature",
            "geometry": {
                "type": "Point",
                "coordinates": [
                    121.6894295,
                    25.1780809
                ]
            },
            "properties": {
                "city": "新北市",
                "name": "汪汪地瓜園產業故事館",
                "phone": "02-24986763",
                "address": "新北市萬里區大鵬里加投197-6號",
                "district": "萬里區",
                "latitude": 25.1780809,
                "longitude": 121.6894295,
                "data_source": "新北市環保局",
                "eco_attributes": "(認證中)",
                "certification_level": "認證中"
            }
        },
        {
            "id": 701,
            "type": "Feature",
            "geometry": {
                "type": "Point",
                "coordinates": [
                    121.689794641775,
                    25.205005079138
                ]
            },
            "properties": {
                "city": "新北市",
                "name": "美觀園",
                "phone": "0932262403",
                "address": "新北市萬里區港東路156號",
                "district": "萬里區",
                "latitude": 25.205005079138,
                "longitude": 121.689794641775,
                "data_source": "新北市環保局",
                "eco_attributes": "(認證中)",
                "certification_level": "認證中"
            }
        },
        {
            "id": 702,
            "type": "Feature",
            "geometry": {
                "type": "Point",
                "coordinates": [
                    121.690167217371,
                    25.204128499704
                ]
            },
            "properties": {
                "city": "新北市",
                "name": "薆悅酒店野柳渡假館-FISHERMAN’S KITCHEN漁人廚房",
                "phone": "02-77035700",
                "address": "新北市萬里區野柳里港東路162之2號",
                "district": "萬里區",
                "latitude": 25.204128499704,
                "longitude": 121.690167217371,
                "data_source": "新北市環保局",
                "eco_attributes": "(認證中)",
                "certification_level": "認證中"
            }
        },
        {
            "id": 703,
            "type": "Feature",
            "geometry": {
                "type": "Point",
                "coordinates": [
                    121.69050408606,
                    25.203983995693
                ]
            },
            "properties": {
                "city": "新北市",
                "name": "野柳珠海餐廳",
                "phone": "02-24922540",
                "address": "新北市萬里區港東路162-13號",
                "district": "萬里區",
                "latitude": 25.203983995693,
                "longitude": 121.69050408606,
                "data_source": "新北市環保局",
                "eco_attributes": "(認證中)",
                "certification_level": "認證中"
            }
        },
        {
            "id": 704,
            "type": "Feature",
            "geometry": {
                "type": "Point",
                "coordinates": [
                    121.689901175764,
                    25.204826209324
                ]
            },
            "properties": {
                "city": "新北市",
                "name": "錦園魚夫海鮮",
                "phone": "02-24924950",
                "address": "新北市萬里區野柳村港東路159號",
                "district": "萬里區",
                "latitude": 25.204826209324,
                "longitude": 121.689901175764,
                "data_source": "新北市環保局",
                "eco_attributes": "(認證中)",
                "certification_level": "認證中"
            }
        },
        {
            "id": 705,
            "type": "Feature",
            "geometry": {
                "type": "Point",
                "coordinates": [
                    121.690167217371,
                    25.204128499704
                ]
            },
            "properties": {
                "city": "新北市",
                "name": "阿杰萬里蟹",
                "phone": "0987844838",
                "address": "新北市萬里區港東路162號",
                "district": "萬里區",
                "latitude": 25.204128499704,
                "longitude": 121.690167217371,
                "data_source": "新北市環保局",
                "eco_attributes": "(認證中)",
                "certification_level": "認證中"
            }
        },
        {
            "id": 706,
            "type": "Feature",
            "geometry": {
                "type": "Point",
                "coordinates": [
                    121.688346416544,
                    25.204900892081
                ]
            },
            "properties": {
                "city": "新北市",
                "name": "魚村活海鮮",
                "phone": "02-24921046",
                "address": "新北市萬里區港東路74之6號",
                "district": "萬里區",
                "latitude": 25.204900892081,
                "longitude": 121.688346416544,
                "data_source": "新北市環保局",
                "eco_attributes": "(認證中)",
                "certification_level": "認證中"
            }
        },
        {
            "id": 707,
            "type": "Feature",
            "geometry": {
                "type": "Point",
                "coordinates": [
                    121.6894295,
                    25.1780809
                ]
            },
            "properties": {
                "city": "新北市",
                "name": "鮮滿樓海鮮餐廳",
                "phone": "02-24926180",
                "address": "新北市萬里區港東153號",
                "district": "萬里區",
                "latitude": 25.1780809,
                "longitude": 121.6894295,
                "data_source": "新北市環保局",
                "eco_attributes": "(認證中)",
                "certification_level": "認證中"
            }
        },
        {
            "id": 708,
            "type": "Feature",
            "geometry": {
                "type": "Point",
                "coordinates": [
                    121.466501998467,
                    25.080995995123
                ]
            },
            "properties": {
                "city": "新北市",
                "name": "31早午餐",
                "phone": "02-82861790",
                "address": "新北市蘆洲區和平路171號",
                "district": "蘆洲區",
                "latitude": 25.080995995123,
                "longitude": 121.466501998467,
                "data_source": "新北市環保局",
                "eco_attributes": "(認證中)",
                "certification_level": "認證中"
            }
        },
        {
            "id": 709,
            "type": "Feature",
            "geometry": {
                "type": "Point",
                "coordinates": [
                    121.468092967508,
                    25.089097984642
                ]
            },
            "properties": {
                "city": "新北市",
                "name": "Q Burger蘆洲三民店",
                "phone": "02-28480213",
                "address": "新北市蘆洲區民族路429號",
                "district": "蘆洲區",
                "latitude": 25.089097984642,
                "longitude": 121.468092967508,
                "data_source": "新北市環保局",
                "eco_attributes": "(認證中)",
                "certification_level": "認證中"
            }
        },
        {
            "id": 710,
            "type": "Feature",
            "geometry": {
                "type": "Point",
                "coordinates": [
                    121.460207021544,
                    25.082872996611
                ]
            },
            "properties": {
                "city": "新北市",
                "name": "Q Burger蘆洲中原店",
                "phone": "02-22831717",
                "address": "新北市蘆洲區中原路24號",
                "district": "蘆洲區",
                "latitude": 25.082872996611,
                "longitude": 121.460207021544,
                "data_source": "新北市環保局",
                "eco_attributes": "(認證中)",
                "certification_level": "認證中"
            }
        },
        {
            "id": 711,
            "type": "Feature",
            "geometry": {
                "type": "Point",
                "coordinates": [
                    121.471015988603,
                    25.080905009564
                ]
            },
            "properties": {
                "city": "新北市",
                "name": "Q Burger蘆洲中山店",
                "phone": "02-22885811",
                "address": "新北市蘆洲區中山二路179號",
                "district": "蘆洲區",
                "latitude": 25.080905009564,
                "longitude": 121.471015988603,
                "data_source": "新北市環保局",
                "eco_attributes": "(認證中)",
                "certification_level": "認證中"
            }
        },
        {
            "id": 712,
            "type": "Feature",
            "geometry": {
                "type": "Point",
                "coordinates": [
                    121.48185798036,
                    25.090003984557
                ]
            },
            "properties": {
                "city": "新北市",
                "name": "Q Burger蘆洲中興店",
                "phone": "02-82857757",
                "address": "新北市蘆洲區中興街181號",
                "district": "蘆洲區",
                "latitude": 25.090003984557,
                "longitude": 121.48185798036,
                "data_source": "新北市環保局",
                "eco_attributes": "(認證中)",
                "certification_level": "認證中"
            }
        },
        {
            "id": 713,
            "type": "Feature",
            "geometry": {
                "type": "Point",
                "coordinates": [
                    121.479025986734,
                    25.084293016737
                ]
            },
            "properties": {
                "city": "新北市",
                "name": "Q Burger蘆洲信義店",
                "phone": "02-28487578",
                "address": "新北市蘆洲區信義路245號",
                "district": "蘆洲區",
                "latitude": 25.084293016737,
                "longitude": 121.479025986734,
                "data_source": "新北市環保局",
                "eco_attributes": "(認證中)",
                "certification_level": "認證中"
            }
        },
        {
            "id": 714,
            "type": "Feature",
            "geometry": {
                "type": "Point",
                "coordinates": [
                    121.46639697322,
                    25.084267996756
                ]
            },
            "properties": {
                "city": "新北市",
                "name": "Q Burger蘆洲光華店",
                "phone": "02-22853131",
                "address": "新北市蘆洲區中正路185巷31弄1號",
                "district": "蘆洲區",
                "latitude": 25.084267996756,
                "longitude": 121.46639697322,
                "data_source": "新北市環保局",
                "eco_attributes": "(認證中)",
                "certification_level": "認證中"
            }
        },
        {
            "id": 715,
            "type": "Feature",
            "geometry": {
                "type": "Point",
                "coordinates": [
                    121.47636096062,
                    25.087493981741
                ]
            },
            "properties": {
                "city": "新北市",
                "name": "Q Burger蘆洲復興店",
                "phone": "02-82859155",
                "address": "新北市蘆洲區復興路83號",
                "district": "蘆洲區",
                "latitude": 25.087493981741,
                "longitude": 121.47636096062,
                "data_source": "新北市環保局",
                "eco_attributes": "(認證中)",
                "certification_level": "認證中"
            }
        },
        {
            "id": 716,
            "type": "Feature",
            "geometry": {
                "type": "Point",
                "coordinates": [
                    121.457507964902,
                    25.086790991522
                ]
            },
            "properties": {
                "city": "新北市",
                "name": "Q Burger蘆洲成功店",
                "phone": "02-22880695",
                "address": "新北市蘆洲區長安街268號",
                "district": "蘆洲區",
                "latitude": 25.086790991522,
                "longitude": 121.457507964902,
                "data_source": "新北市環保局",
                "eco_attributes": "(認證中)",
                "certification_level": "認證中"
            }
        },
        {
            "id": 717,
            "type": "Feature",
            "geometry": {
                "type": "Point",
                "coordinates": [
                    121.471922491431,
                    25.091680784287
                ]
            },
            "properties": {
                "city": "新北市",
                "name": "Q Burger蘆洲民族店",
                "phone": "02-22888383",
                "address": "新北市蘆洲區民族路357號",
                "district": "蘆洲區",
                "latitude": 25.091680784287,
                "longitude": 121.471922491431,
                "data_source": "新北市環保局",
                "eco_attributes": "(認證中)",
                "certification_level": "認證中"
            }
        },
        {
            "id": 718,
            "type": "Feature",
            "geometry": {
                "type": "Point",
                "coordinates": [
                    121.458975971424,
                    25.091483013281
                ]
            },
            "properties": {
                "city": "新北市",
                "name": "Q Burger蘆洲永平店",
                "phone": "02-82828616",
                "address": "新北市蘆洲區永平街32巷15號一樓",
                "district": "蘆洲區",
                "latitude": 25.091483013281,
                "longitude": 121.458975971424,
                "data_source": "新北市環保局",
                "eco_attributes": "(認證中)",
                "certification_level": "認證中"
            }
        },
        {
            "id": 719,
            "type": "Feature",
            "geometry": {
                "type": "Point",
                "coordinates": [
                    121.463187961589,
                    25.079614992756
                ]
            },
            "properties": {
                "city": "新北市",
                "name": "Q Burger蘆洲長安店",
                "phone": "02-22882985",
                "address": "新北市蘆洲區長安街53號",
                "district": "蘆洲區",
                "latitude": 25.079614992756,
                "longitude": 121.463187961589,
                "data_source": "新北市環保局",
                "eco_attributes": "(認證中)",
                "certification_level": "認證中"
            }
        },
        {
            "id": 720,
            "type": "Feature",
            "geometry": {
                "type": "Point",
                "coordinates": [
                    121.460189000452,
                    25.088067010552
                ]
            },
            "properties": {
                "city": "新北市",
                "name": "Q Burger蘆洲長興店",
                "phone": "02-22882835",
                "address": "新北市蘆洲區長興路265號",
                "district": "蘆洲區",
                "latitude": 25.088067010552,
                "longitude": 121.460189000452,
                "data_source": "新北市環保局",
                "eco_attributes": "(認證中)",
                "certification_level": "認證中"
            }
        },
        {
            "id": 721,
            "type": "Feature",
            "geometry": {
                "type": "Point",
                "coordinates": [
                    121.476828000265,
                    25.083825013174
                ]
            },
            "properties": {
                "city": "新北市",
                "name": "Q Burger蘆洲鷺江店",
                "phone": "02-22880500",
                "address": "新北市蘆洲區鷺江街95號",
                "district": "蘆洲區",
                "latitude": 25.083825013174,
                "longitude": 121.476828000265,
                "data_source": "新北市環保局",
                "eco_attributes": "(認證中)",
                "certification_level": "認證中"
            }
        },
        {
            "id": 722,
            "type": "Feature",
            "geometry": {
                "type": "Point",
                "coordinates": [
                    121.45897203193,
                    25.091134996662
                ]
            },
            "properties": {
                "city": "新北市",
                "name": "可口188複合式早午餐",
                "phone": "02-22833342",
                "address": "新北市蘆洲區永平街18巷8號1F",
                "district": "蘆洲區",
                "latitude": 25.091134996662,
                "longitude": 121.45897203193,
                "data_source": "新北市環保局",
                "eco_attributes": "(認證中)",
                "certification_level": "認證中"
            }
        },
        {
            "id": 723,
            "type": "Feature",
            "geometry": {
                "type": "Point",
                "coordinates": [
                    121.471701963559,
                    25.081424017009
                ]
            },
            "properties": {
                "city": "新北市",
                "name": "小食聊聊 Brunch",
                "phone": "02-82851231",
                "address": "新北市蘆洲區中山二路147號",
                "district": "蘆洲區",
                "latitude": 25.081424017009,
                "longitude": 121.471701963559,
                "data_source": "新北市環保局",
                "eco_attributes": "(認證中)",
                "certification_level": "認證中"
            }
        },
        {
            "id": 724,
            "type": "Feature",
            "geometry": {
                "type": "Point",
                "coordinates": [
                    121.47999501856,
                    25.085290002211
                ]
            },
            "properties": {
                "city": "新北市",
                "name": "幸福時光-蘆洲店",
                "phone": "0952176277",
                "address": "新北市蘆洲區信義路222巷20號",
                "district": "蘆洲區",
                "latitude": 25.085290002211,
                "longitude": 121.47999501856,
                "data_source": "新北市環保局",
                "eco_attributes": "(認證中)",
                "certification_level": "認證中"
            }
        },
        {
            "id": 725,
            "type": "Feature",
            "geometry": {
                "type": "Point",
                "coordinates": [
                    121.46129901589,
                    25.081941012797
                ]
            },
            "properties": {
                "city": "新北市",
                "name": "早到甜早午餐",
                "phone": "02-28472461",
                "address": "新北市蘆洲區長安街108巷5弄2號",
                "district": "蘆洲區",
                "latitude": 25.081941012797,
                "longitude": 121.46129901589,
                "data_source": "新北市環保局",
                "eco_attributes": "(認證中)",
                "certification_level": "認證中"
            }
        },
        {
            "id": 726,
            "type": "Feature",
            "geometry": {
                "type": "Point",
                "coordinates": [
                    121.468102019964,
                    25.089909981512
                ]
            },
            "properties": {
                "city": "新北市",
                "name": "築間幸福鍋物 蘆洲三民店",
                "phone": "02-22887337",
                "address": "新北市蘆洲區三民路248號",
                "district": "蘆洲區",
                "latitude": 25.089909981512,
                "longitude": 121.468102019964,
                "data_source": "新北市環保局",
                "eco_attributes": "(認證中)",
                "certification_level": "認證中"
            }
        },
        {
            "id": 727,
            "type": "Feature",
            "geometry": {
                "type": "Point",
                "coordinates": [
                    121.459886665204,
                    25.092151009055
                ]
            },
            "properties": {
                "city": "新北市",
                "name": "鉦富咖哩屋",
                "phone": "02-82853047",
                "address": "新北市蘆洲區永平街32巷22弄4號",
                "district": "蘆洲區",
                "latitude": 25.092151009055,
                "longitude": 121.459886665204,
                "data_source": "新北市環保局",
                "eco_attributes": "(認證中)",
                "certification_level": "認證中"
            }
        },
        {
            "id": 728,
            "type": "Feature",
            "geometry": {
                "type": "Point",
                "coordinates": [
                    121.474222988577,
                    25.082165983078
                ]
            },
            "properties": {
                "city": "新北市",
                "name": "鑫丼",
                "phone": "0983102512",
                "address": "新北市蘆洲區中山二路42號",
                "district": "蘆洲區",
                "latitude": 25.082165983078,
                "longitude": 121.474222988577,
                "data_source": "新北市環保局",
                "eco_attributes": "(認證中)",
                "certification_level": "認證中"
            }
        },
        {
            "id": 729,
            "type": "Feature",
            "geometry": {
                "type": "Point",
                "coordinates": [
                    121.467743023051,
                    25.089723987081
                ]
            },
            "properties": {
                "city": "新北市",
                "name": "香港奶茶王",
                "phone": "02-82835502",
                "address": "新北市蘆洲區三民路279-1號",
                "district": "蘆洲區",
                "latitude": 25.089723987081,
                "longitude": 121.467743023051,
                "data_source": "新北市環保局",
                "eco_attributes": "(認證中)",
                "certification_level": "認證中"
            }
        },
        {
            "id": 730,
            "type": "Feature",
            "geometry": {
                "type": "Point",
                "coordinates": [
                    121.475208029838,
                    25.084144992327
                ]
            },
            "properties": {
                "city": "新北市",
                "name": "魚缸珈琲館",
                "phone": "02-82828350",
                "address": "新北市蘆洲區三民路78號",
                "district": "蘆洲區",
                "latitude": 25.084144992327,
                "longitude": 121.475208029838,
                "data_source": "新北市環保局",
                "eco_attributes": "(認證中)",
                "certification_level": "認證中"
            }
        },
        {
            "id": 731,
            "type": "Feature",
            "geometry": {
                "type": "Point",
                "coordinates": [
                    121.471539019361,
                    25.091012998061
                ]
            },
            "properties": {
                "city": "新北市",
                "name": "麥味登蘆洲中心",
                "phone": "02-82866513",
                "address": "新北市蘆洲區民權路188-7號",
                "district": "蘆洲區",
                "latitude": 25.091012998061,
                "longitude": 121.471539019361,
                "data_source": "新北市環保局",
                "eco_attributes": "(認證中)",
                "certification_level": "認證中"
            }
        },
        {
            "id": 732,
            "type": "Feature",
            "geometry": {
                "type": "Point",
                "coordinates": [
                    121.457216023215,
                    25.086944003164
                ]
            },
            "properties": {
                "city": "新北市",
                "name": "麥味登蘆洲康佑",
                "phone": "02-82868137",
                "address": "新北市蘆洲區長安街343號",
                "district": "蘆洲區",
                "latitude": 25.086944003164,
                "longitude": 121.457216023215,
                "data_source": "新北市環保局",
                "eco_attributes": "(認證中)",
                "certification_level": "認證中"
            }
        },
        {
            "id": 733,
            "type": "Feature",
            "geometry": {
                "type": "Point",
                "coordinates": [
                    121.478959015328,
                    25.08940199627
                ]
            },
            "properties": {
                "city": "新北市",
                "name": "麥味登蘆洲復興",
                "phone": "02-82827200",
                "address": "新北市蘆洲區復興路181號",
                "district": "蘆洲區",
                "latitude": 25.08940199627,
                "longitude": 121.478959015328,
                "data_source": "新北市環保局",
                "eco_attributes": "(認證中)",
                "certification_level": "認證中"
            }
        },
        {
            "id": 734,
            "type": "Feature",
            "geometry": {
                "type": "Point",
                "coordinates": [
                    121.46840100245,
                    25.080763984044
                ]
            },
            "properties": {
                "city": "新北市",
                "name": "麥味登蘆洲正和",
                "phone": "02-82867980",
                "address": "新北市蘆洲區正和街79號",
                "district": "蘆洲區",
                "latitude": 25.080763984044,
                "longitude": 121.46840100245,
                "data_source": "新北市環保局",
                "eco_attributes": "(認證中)",
                "certification_level": "認證中"
            }
        },
        {
            "id": 735,
            "type": "Feature",
            "geometry": {
                "type": "Point",
                "coordinates": [
                    121.463757008996,
                    25.08399499817
                ]
            },
            "properties": {
                "city": "新北市",
                "name": "麥味登蘆洲長興",
                "phone": "02-22829933",
                "address": "新北市蘆洲區長興路50巷3號",
                "district": "蘆洲區",
                "latitude": 25.08399499817,
                "longitude": 121.463757008996,
                "data_source": "新北市環保局",
                "eco_attributes": "(認證中)",
                "certification_level": "認證中"
            }
        },
        {
            "id": 736,
            "type": "Feature",
            "geometry": {
                "type": "Point",
                "coordinates": [
                    121.476754993888,
                    25.083983012049
                ]
            },
            "properties": {
                "city": "新北市",
                "name": "麥味登蘆洲鷺江99",
                "phone": "02-22859299",
                "address": "新北市蘆洲區鷺江街99號",
                "district": "蘆洲區",
                "latitude": 25.083983012049,
                "longitude": 121.476754993888,
                "data_source": "新北市環保局",
                "eco_attributes": "(認證中)",
                "certification_level": "認證中"
            }
        },
        {
            "id": 737,
            "type": "Feature",
            "geometry": {
                "type": "Point",
                "coordinates": [
                    121.950561013981,
                    25.01986199758
                ]
            },
            "properties": {
                "city": "新北市",
                "name": "富士海鮮餐廳",
                "phone": "02-24991001",
                "address": "新北市貢寮區東興街8號",
                "district": "貢寮區",
                "latitude": 25.01986199758,
                "longitude": 121.950561013981,
                "data_source": "新北市環保局",
                "eco_attributes": "(認證中)",
                "certification_level": "認證中"
            }
        },
        {
            "id": 738,
            "type": "Feature",
            "geometry": {
                "type": "Point",
                "coordinates": [
                    121.949152016057,
                    25.018061983873
                ]
            },
            "properties": {
                "city": "新北市",
                "name": "魚佳餚餐廳",
                "phone": "02-24992265",
                "address": "新北市貢寮區東興街36號",
                "district": "貢寮區",
                "latitude": 25.018061983873,
                "longitude": 121.949152016057,
                "data_source": "新北市環保局",
                "eco_attributes": "(認證中)",
                "certification_level": "認證中"
            }
        },
        {
            "id": 739,
            "type": "Feature",
            "geometry": {
                "type": "Point",
                "coordinates": [
                    121.945145885435,
                    25.01657331596
                ]
            },
            "properties": {
                "city": "新北市",
                "name": "麥味登貢寮福隆",
                "phone": "02-24991035",
                "address": "新北市貢寮區興隆街20號",
                "district": "貢寮區",
                "latitude": 25.01657331596,
                "longitude": 121.945145885435,
                "data_source": "新北市環保局",
                "eco_attributes": "(認證中)",
                "certification_level": "認證中"
            }
        },
        {
            "id": 740,
            "type": "Feature",
            "geometry": {
                "type": "Point",
                "coordinates": [
                    121.640574765224,
                    25.220559083494
                ]
            },
            "properties": {
                "city": "新北市",
                "name": "兄弟食堂",
                "phone": "02-24986458",
                "address": "新北市金山區金包里街2號",
                "district": "金山區",
                "latitude": 25.220559083494,
                "longitude": 121.640574765224,
                "data_source": "新北市環保局",
                "eco_attributes": "(認證中)",
                "certification_level": "認證中"
            }
        },
        {
            "id": 741,
            "type": "Feature",
            "geometry": {
                "type": "Point",
                "coordinates": [
                    121.629184010266,
                    25.234635986963
                ]
            },
            "properties": {
                "city": "新北市",
                "name": "田中芳園養生食坊",
                "phone": "02-24982385",
                "address": "新北市金山區清水路53號",
                "district": "金山區",
                "latitude": 25.234635986963,
                "longitude": 121.629184010266,
                "data_source": "新北市環保局",
                "eco_attributes": "(認證中)",
                "certification_level": "認證中"
            }
        },
        {
            "id": 742,
            "type": "Feature",
            "geometry": {
                "type": "Point",
                "coordinates": [
                    121.642256007363,
                    25.220418979982
                ]
            },
            "properties": {
                "city": "新北市",
                "name": "福華海鮮餐廳",
                "phone": "02-24986259",
                "address": "新北市金山區民生路51巷1號",
                "district": "金山區",
                "latitude": 25.220418979982,
                "longitude": 121.642256007363,
                "data_source": "新北市環保局",
                "eco_attributes": "(認證中)",
                "certification_level": "認證中"
            }
        },
        {
            "id": 743,
            "type": "Feature",
            "geometry": {
                "type": "Point",
                "coordinates": [
                    121.864062036324,
                    25.034749011991
                ]
            },
            "properties": {
                "city": "新北市",
                "name": "注腳雙溪",
                "phone": "02-24931158",
                "address": "新北市雙溪區泰昌街27號",
                "district": "雙溪區",
                "latitude": 25.034749011991,
                "longitude": 121.864062036324,
                "data_source": "新北市環保局",
                "eco_attributes": "(認證中)",
                "certification_level": "認證中"
            }
        },
        {
            "id": 744,
            "type": "Feature",
            "geometry": {
                "type": "Point",
                "coordinates": [
                    121.865716540192,
                    25.038350212871
                ]
            },
            "properties": {
                "city": "新北市",
                "name": "蘇義興餐廳",
                "phone": "02-24931027",
                "address": "新北市雙溪區中華路77號",
                "district": "雙溪區",
                "latitude": 25.038350212871,
                "longitude": 121.865716540192,
                "data_source": "新北市環保局",
                "eco_attributes": "(認證中)",
                "certification_level": "認證中"
            }
        },
        {
            "id": 745,
            "type": "Feature",
            "geometry": {
                "type": "Point",
                "coordinates": [
                    121.8655773,
                    25.033837
                ]
            },
            "properties": {
                "city": "新北市",
                "name": "雙溪平林休閒農場",
                "phone": "02-4934016",
                "address": "新北市雙溪區平林里外平林35號",
                "district": "雙溪區",
                "latitude": 25.033837,
                "longitude": 121.8655773,
                "data_source": "新北市環保局",
                "eco_attributes": "(認證中)",
                "certification_level": "認證中"
            }
        },
        {
            "id": 746,
            "type": "Feature",
            "geometry": {
                "type": "Point",
                "coordinates": [
                    121.346584959583,
                    24.954145990756
                ]
            },
            "properties": {
                "city": "新北市",
                "name": "Q Burger鶯歌南雅店",
                "phone": "02-86776886",
                "address": "新北市鶯歌區南雅路447號",
                "district": "鶯歌區",
                "latitude": 24.954145990756,
                "longitude": 121.346584959583,
                "data_source": "新北市環保局",
                "eco_attributes": "(認證中)",
                "certification_level": "認證中"
            }
        },
        {
            "id": 747,
            "type": "Feature",
            "geometry": {
                "type": "Point",
                "coordinates": [
                    121.351550985757,
                    24.949868998933
                ]
            },
            "properties": {
                "city": "新北市",
                "name": "TINA廚房－鶯歌店",
                "phone": "02-26772859",
                "address": "新北市鶯歌區尖山路5號",
                "district": "鶯歌區",
                "latitude": 24.949868998933,
                "longitude": 121.351550985757,
                "data_source": "新北市環保局",
                "eco_attributes": "(認證中)",
                "certification_level": "認證中"
            }
        },
        {
            "id": 748,
            "type": "Feature",
            "geometry": {
                "type": "Point",
                "coordinates": [
                    121.346852761389,
                    24.948759193043
                ]
            },
            "properties": {
                "city": "新北市",
                "name": "麥味登鶯歌天囍",
                "phone": "02-86776850",
                "address": "新北市鶯歌區尖山路136號",
                "district": "鶯歌區",
                "latitude": 24.948759193043,
                "longitude": 121.346852761389,
                "data_source": "新北市環保局",
                "eco_attributes": "(認證中)",
                "certification_level": "認證中"
            }
        },
        {
            "id": 749,
            "type": "Feature",
            "geometry": {
                "type": "Point",
                "coordinates": [
                    121.543375366155,
                    25.051396896621
                ]
            },
            "properties": {
                "city": "臺北市",
                "name": "Machikaka 智允餐飲",
                "phone": "(02)27772777",
                "address": "臺北市中山區南京東路三段216巷4號一樓",
                "district": "中山區",
                "latitude": 25.051396896621,
                "longitude": 121.543375366155,
                "data_source": "臺北市環保局",
                "eco_attributes": "()",
                "certification_level": "認證中"
            }
        },
        {
            "id": 750,
            "type": "Feature",
            "geometry": {
                "type": "Point",
                "coordinates": [
                    121.524150549213,
                    25.067566342218
                ]
            },
            "properties": {
                "city": "臺北市",
                "name": "Maya Bistro 瑪亞餐酒",
                "phone": "(02)25850305",
                "address": "臺北市中山區雙城街46巷1號",
                "district": "中山區",
                "latitude": 25.067566342218,
                "longitude": 121.524150549213,
                "data_source": "臺北市環保局",
                "eco_attributes": "()",
                "certification_level": "認證中"
            }
        },
        {
            "id": 751,
            "type": "Feature",
            "geometry": {
                "type": "Point",
                "coordinates": [
                    121.534741000056,
                    25.05924524975
                ]
            },
            "properties": {
                "city": "臺北市",
                "name": "PAI Coffee",
                "phone": "(02)25179787",
                "address": "臺北市中山區民生東路二段147巷6弄1號",
                "district": "中山區",
                "latitude": 25.05924524975,
                "longitude": 121.534741000056,
                "data_source": "臺北市環保局",
                "eco_attributes": "()",
                "certification_level": "認證中"
            }
        },
        {
            "id": 752,
            "type": "Feature",
            "geometry": {
                "type": "Point",
                "coordinates": [
                    121.528940471601,
                    25.056967299924
                ]
            },
            "properties": {
                "city": "臺北市",
                "name": "Q Burger中山中原店",
                "phone": "(02)25232521",
                "address": "臺北市中山區中原街41號",
                "district": "中山區",
                "latitude": 25.056967299924,
                "longitude": 121.528940471601,
                "data_source": "臺北市環保局",
                "eco_attributes": "()",
                "certification_level": "認證中"
            }
        },
        {
            "id": 753,
            "type": "Feature",
            "geometry": {
                "type": "Point",
                "coordinates": [
                    121.520960480683,
                    25.061153683374
                ]
            },
            "properties": {
                "city": "臺北市",
                "name": "Q Burger中山天祥店",
                "phone": "(02)25311238",
                "address": "臺北市中山區天祥路22號",
                "district": "中山區",
                "latitude": 25.061153683374,
                "longitude": 121.520960480683,
                "data_source": "臺北市環保局",
                "eco_attributes": "()",
                "certification_level": "認證中"
            }
        },
        {
            "id": 754,
            "type": "Feature",
            "geometry": {
                "type": "Point",
                "coordinates": [
                    121.54269358215,
                    25.065887991835
                ]
            },
            "properties": {
                "city": "臺北市",
                "name": "Q Burger中山復興店",
                "phone": "(02)25090565",
                "address": "臺北市中山區復興北路514巷34號一樓",
                "district": "中山區",
                "latitude": 25.065887991835,
                "longitude": 121.54269358215,
                "data_source": "臺北市環保局",
                "eco_attributes": "()",
                "certification_level": "認證中"
            }
        },
        {
            "id": 755,
            "type": "Feature",
            "geometry": {
                "type": "Point",
                "coordinates": [
                    121.539991508024,
                    25.064385577601
                ]
            },
            "properties": {
                "city": "臺北市",
                "name": "Q Burger中山榮星店",
                "phone": "(02)25016190",
                "address": "臺北市中山區行仁里五常街63號",
                "district": "中山區",
                "latitude": 25.064385577601,
                "longitude": 121.539991508024,
                "data_source": "臺北市環保局",
                "eco_attributes": "()",
                "certification_level": "認證中"
            }
        },
        {
            "id": 756,
            "type": "Feature",
            "geometry": {
                "type": "Point",
                "coordinates": [
                    121.534458949014,
                    25.064584983077
                ]
            },
            "properties": {
                "city": "臺北市",
                "name": "Q Burger中山農安店",
                "phone": "(02)25150024",
                "address": "臺北市中山區農安街170號",
                "district": "中山區",
                "latitude": 25.064584983077,
                "longitude": 121.534458949014,
                "data_source": "臺北市環保局",
                "eco_attributes": "()",
                "certification_level": "認證中"
            }
        },
        {
            "id": 757,
            "type": "Feature",
            "geometry": {
                "type": "Point",
                "coordinates": [
                    121.530363802579,
                    25.060113070095
                ]
            },
            "properties": {
                "city": "臺北市",
                "name": "Q Burger中山錦州店",
                "phone": "(02)25222997",
                "address": "臺北市中山區吉林路205號",
                "district": "中山區",
                "latitude": 25.060113070095,
                "longitude": 121.530363802579,
                "data_source": "臺北市環保局",
                "eco_attributes": "()",
                "certification_level": "認證中"
            }
        },
        {
            "id": 758,
            "type": "Feature",
            "geometry": {
                "type": "Point",
                "coordinates": [
                    121.540570194619,
                    25.051352891629
                ]
            },
            "properties": {
                "city": "臺北市",
                "name": "三友拉麵(龍江店)",
                "phone": "(02)8772997",
                "address": "臺北市中山區龍江路93號",
                "district": "中山區",
                "latitude": 25.051352891629,
                "longitude": 121.540570194619,
                "data_source": "臺北市環保局",
                "eco_attributes": "()",
                "certification_level": "認證中"
            }
        },
        {
            "id": 759,
            "type": "Feature",
            "geometry": {
                "type": "Point",
                "coordinates": [
                    121.533856960728,
                    25.051828690363
                ]
            },
            "properties": {
                "city": "臺北市",
                "name": "丼賞和食??物vs刺身丼丼專門店",
                "phone": "(02)25175526",
                "address": "臺北市中山區南京東路二段140號",
                "district": "中山區",
                "latitude": 25.051828690363,
                "longitude": 121.533856960728,
                "data_source": "臺北市環保局",
                "eco_attributes": "()",
                "certification_level": "認證中"
            }
        },
        {
            "id": 760,
            "type": "Feature",
            "geometry": {
                "type": "Point",
                "coordinates": [
                    121.52698153701,
                    25.050589593617
                ]
            },
            "properties": {
                "city": "臺北市",
                "name": "九湯屋日本拉麵(台北南京店)",
                "phone": "(02)25813100",
                "address": "臺北市中山區南京東路一段132巷33號",
                "district": "中山區",
                "latitude": 25.050589593617,
                "longitude": 121.52698153701,
                "data_source": "臺北市環保局",
                "eco_attributes": "()",
                "certification_level": "認證中"
            }
        },
        {
            "id": 761,
            "type": "Feature",
            "geometry": {
                "type": "Point",
                "coordinates": [
                    121.531068552998,
                    25.053725515052
                ]
            },
            "properties": {
                "city": "臺北市",
                "name": "侯黑鍋物 酸菜小火鍋 Ho Hey Hot Pot",
                "phone": "(02)25677889",
                "address": "臺北市中山區四平街19號",
                "district": "中山區",
                "latitude": 25.053725515052,
                "longitude": 121.531068552998,
                "data_source": "臺北市環保局",
                "eco_attributes": "()",
                "certification_level": "認證中"
            }
        },
        {
            "id": 762,
            "type": "Feature",
            "geometry": {
                "type": "Point",
                "coordinates": [
                    121.55163003204,
                    25.084982847369
                ]
            },
            "properties": {
                "city": "臺北市",
                "name": "凱基證券總公司員工餐廳(自有)",
                "phone": "(02)21818888",
                "address": "臺北市中山區成功里明水路700號",
                "district": "中山區",
                "latitude": 25.084982847369,
                "longitude": 121.55163003204,
                "data_source": "臺北市環保局",
                "eco_attributes": "()",
                "certification_level": "認證中"
            }
        },
        {
            "id": 763,
            "type": "Feature",
            "geometry": {
                "type": "Point",
                "coordinates": [
                    121.540887868749,
                    25.067122436625
                ]
            },
            "properties": {
                "city": "臺北市",
                "name": "初點良食 Dim sum shop",
                "phone": "",
                "address": "臺北市中山區龍江路394巷2號",
                "district": "中山區",
                "latitude": 25.067122436625,
                "longitude": 121.540887868749,
                "data_source": "臺北市環保局",
                "eco_attributes": "()",
                "certification_level": "認證中"
            }
        },
        {
            "id": 764,
            "type": "Feature",
            "geometry": {
                "type": "Point",
                "coordinates": [
                    121.538170623378,
                    25.045326303246
                ]
            },
            "properties": {
                "city": "臺北市",
                "name": "勝利廚房",
                "phone": "(02)27766603",
                "address": "臺北市中山區八德路二段174巷28號1-",
                "district": "中山區",
                "latitude": 25.045326303246,
                "longitude": 121.538170623378,
                "data_source": "臺北市環保局",
                "eco_attributes": "()",
                "certification_level": "認證中"
            }
        },
        {
            "id": 765,
            "type": "Feature",
            "geometry": {
                "type": "Point",
                "coordinates": [
                    121.525560050051,
                    25.054131199165
                ]
            },
            "properties": {
                "city": "臺北市",
                "name": "古拉爵 義式屋-欣欣百貨店",
                "phone": "(02)25427680",
                "address": "臺北市中山區台北市中山區林森北路247號",
                "district": "中山區",
                "latitude": 25.054131199165,
                "longitude": 121.525560050051,
                "data_source": "臺北市環保局",
                "eco_attributes": "()",
                "certification_level": "認證中"
            }
        },
        {
            "id": 766,
            "type": "Feature",
            "geometry": {
                "type": "Point",
                "coordinates": [
                    121.523327194864,
                    25.062943219702
                ]
            },
            "properties": {
                "city": "臺北市",
                "name": "大戶屋民權東路一段店",
                "phone": "(02)25958663",
                "address": "臺北市中山區民權東路一段9號",
                "district": "中山區",
                "latitude": 25.062943219702,
                "longitude": 121.523327194864,
                "data_source": "臺北市環保局",
                "eco_attributes": "()",
                "certification_level": "認證中"
            }
        },
        {
            "id": 767,
            "type": "Feature",
            "geometry": {
                "type": "Point",
                "coordinates": [
                    121.556711979935,
                    25.08292588642
                ]
            },
            "properties": {
                "city": "臺北市",
                "name": "大戶屋美麗華店",
                "phone": "(02)85012772",
                "address": "臺北市中山區敬業三路20號",
                "district": "中山區",
                "latitude": 25.08292588642,
                "longitude": 121.556711979935,
                "data_source": "臺北市環保局",
                "eco_attributes": "()",
                "certification_level": "認證中"
            }
        },
        {
            "id": 768,
            "type": "Feature",
            "geometry": {
                "type": "Point",
                "coordinates": [
                    121.532950541718,
                    25.059809351833
                ]
            },
            "properties": {
                "city": "臺北市",
                "name": "大戶屋行天宮站店",
                "phone": "(02)25625811",
                "address": "臺北市中山區松江路276號",
                "district": "中山區",
                "latitude": 25.059809351833,
                "longitude": 121.532950541718,
                "data_source": "臺北市環保局",
                "eco_attributes": "()",
                "certification_level": "認證中"
            }
        },
        {
            "id": 769,
            "type": "Feature",
            "geometry": {
                "type": "Point",
                "coordinates": [
                    121.520663509853,
                    25.052433277039
                ]
            },
            "properties": {
                "city": "臺北市",
                "name": "大戶屋誠品南西店",
                "phone": "(02)25311808",
                "address": "臺北市中山區南京西路14號",
                "district": "中山區",
                "latitude": 25.052433277039,
                "longitude": 121.520663509853,
                "data_source": "臺北市環保局",
                "eco_attributes": "()",
                "certification_level": "認證中"
            }
        },
        {
            "id": 770,
            "type": "Feature",
            "geometry": {
                "type": "Point",
                "coordinates": [
                    121.524054157326,
                    25.053887243873
                ]
            },
            "properties": {
                "city": "臺北市",
                "name": "大根日本料亭",
                "phone": "(02)25817776",
                "address": "臺北市中山區中山北路二段39巷14-1號",
                "district": "中山區",
                "latitude": 25.053887243873,
                "longitude": 121.524054157326,
                "data_source": "臺北市環保局",
                "eco_attributes": "()",
                "certification_level": "認證中"
            }
        },
        {
            "id": 771,
            "type": "Feature",
            "geometry": {
                "type": "Point",
                "coordinates": [
                    121.541681376653,
                    25.046563170434
                ]
            },
            "properties": {
                "city": "臺北市",
                "name": "天下食堂",
                "phone": "(02)27771163",
                "address": "臺北市中山區安東街4之5號",
                "district": "中山區",
                "latitude": 25.046563170434,
                "longitude": 121.541681376653,
                "data_source": "臺北市環保局",
                "eco_attributes": "()",
                "certification_level": "認證中"
            }
        },
        {
            "id": 772,
            "type": "Feature",
            "geometry": {
                "type": "Point",
                "coordinates": [
                    121.522940621489,
                    25.055317573741
                ]
            },
            "properties": {
                "city": "臺北市",
                "name": "彰化商業銀行員工餐廳",
                "phone": "",
                "address": "臺北市中山區中山北路二段57號",
                "district": "中山區",
                "latitude": 25.055317573741,
                "longitude": 121.522940621489,
                "data_source": "臺北市環保局",
                "eco_attributes": "()",
                "certification_level": "認證中"
            }
        },
        {
            "id": 773,
            "type": "Feature",
            "geometry": {
                "type": "Point",
                "coordinates": [
                    121.534692049741,
                    25.060642177733
                ]
            },
            "properties": {
                "city": "臺北市",
                "name": "沙渡垂陽碳烤(錦州店)",
                "phone": "",
                "address": "臺北市中山區錦州街241巷1弄20號",
                "district": "中山區",
                "latitude": 25.060642177733,
                "longitude": 121.534692049741,
                "data_source": "臺北市環保局",
                "eco_attributes": "()",
                "certification_level": "認證中"
            }
        },
        {
            "id": 774,
            "type": "Feature",
            "geometry": {
                "type": "Point",
                "coordinates": [
                    121.525560050051,
                    25.054131199165
                ]
            },
            "properties": {
                "city": "臺北市",
                "name": "涮乃葉-欣欣百貨店",
                "phone": "(02)25416320",
                "address": "臺北市中山區台北市中山區林森北路247號",
                "district": "中山區",
                "latitude": 25.054131199165,
                "longitude": 121.525560050051,
                "data_source": "臺北市環保局",
                "eco_attributes": "()",
                "certification_level": "認證中"
            }
        },
        {
            "id": 775,
            "type": "Feature",
            "geometry": {
                "type": "Point",
                "coordinates": [
                    121.524835937435,
                    25.057936122202
                ]
            },
            "properties": {
                "city": "臺北市",
                "name": "港都熱炒 中山旗艦店",
                "phone": "(02)25221918",
                "address": "臺北市中山區民生東路一段52號",
                "district": "中山區",
                "latitude": 25.057936122202,
                "longitude": 121.524835937435,
                "data_source": "臺北市環保局",
                "eco_attributes": "()",
                "certification_level": "認證中"
            }
        },
        {
            "id": 776,
            "type": "Feature",
            "geometry": {
                "type": "Point",
                "coordinates": [
                    121.532882061569,
                    25.056298298322
                ]
            },
            "properties": {
                "city": "臺北市",
                "name": "禪風茶樓 Zen Tea Restaurant",
                "phone": "(02)25678977",
                "address": "臺北市中山區松江路182號",
                "district": "中山區",
                "latitude": 25.056298298322,
                "longitude": 121.532882061569,
                "data_source": "臺北市環保局",
                "eco_attributes": "()",
                "certification_level": "認證中"
            }
        },
        {
            "id": 777,
            "type": "Feature",
            "geometry": {
                "type": "Point",
                "coordinates": [
                    121.527338438447,
                    25.051881496353
                ]
            },
            "properties": {
                "city": "臺北市",
                "name": "築間幸福鍋物台北南京一",
                "phone": "(02)25429099",
                "address": "臺北市中山區104臺北市中山區南京東路一段138號",
                "district": "中山區",
                "latitude": 25.051881496353,
                "longitude": 121.527338438447,
                "data_source": "臺北市環保局",
                "eco_attributes": "()",
                "certification_level": "認證中"
            }
        },
        {
            "id": 778,
            "type": "Feature",
            "geometry": {
                "type": "Point",
                "coordinates": [
                    121.527338438447,
                    25.051881496353
                ]
            },
            "properties": {
                "city": "臺北市",
                "name": "築間幸福鍋物台北南京二",
                "phone": "(02)25429199",
                "address": "臺北市中山區104臺北市中山區南京東路一段138號",
                "district": "中山區",
                "latitude": 25.051881496353,
                "longitude": 121.527338438447,
                "data_source": "臺北市環保局",
                "eco_attributes": "()",
                "certification_level": "認證中"
            }
        },
        {
            "id": 779,
            "type": "Feature",
            "geometry": {
                "type": "Point",
                "coordinates": [
                    121.533155395432,
                    25.047240604203
                ]
            },
            "properties": {
                "city": "臺北市",
                "name": "築間幸福鍋物台北松江",
                "phone": "(02)25068633",
                "address": "臺北市中山區104臺北市中山區松江路27號",
                "district": "中山區",
                "latitude": 25.047240604203,
                "longitude": 121.533155395432,
                "data_source": "臺北市環保局",
                "eco_attributes": "()",
                "certification_level": "認證中"
            }
        },
        {
            "id": 780,
            "type": "Feature",
            "geometry": {
                "type": "Point",
                "coordinates": [
                    121.527055633034,
                    25.06498643433
                ]
            },
            "properties": {
                "city": "臺北市",
                "name": "築間幸福鍋物台北農安",
                "phone": "(02)25911717",
                "address": "臺北市中山區104臺北市中山區農安街57號",
                "district": "中山區",
                "latitude": 25.06498643433,
                "longitude": 121.527055633034,
                "data_source": "臺北市環保局",
                "eco_attributes": "()",
                "certification_level": "認證中"
            }
        },
        {
            "id": 781,
            "type": "Feature",
            "geometry": {
                "type": "Point",
                "coordinates": [
                    121.524238559196,
                    25.066493458611
                ]
            },
            "properties": {
                "city": "臺北市",
                "name": "築間幸福鍋物台北雙城",
                "phone": "(02)25960707",
                "address": "臺北市中山區104臺北市中山區雙城街34號",
                "district": "中山區",
                "latitude": 25.066493458611,
                "longitude": 121.524238559196,
                "data_source": "臺北市環保局",
                "eco_attributes": "()",
                "certification_level": "認證中"
            }
        },
        {
            "id": 782,
            "type": "Feature",
            "geometry": {
                "type": "Point",
                "coordinates": [
                    121.521244878658,
                    25.052327204054
                ]
            },
            "properties": {
                "city": "臺北市",
                "name": "老乾杯南西店",
                "phone": "(02)25215255",
                "address": "臺北市中山區台北市中山區南京西路12號號",
                "district": "中山區",
                "latitude": 25.052327204054,
                "longitude": 121.521244878658,
                "data_source": "臺北市環保局",
                "eco_attributes": "()",
                "certification_level": "認證中"
            }
        },
        {
            "id": 783,
            "type": "Feature",
            "geometry": {
                "type": "Point",
                "coordinates": [
                    121.556959832812,
                    25.082541827617
                ]
            },
            "properties": {
                "city": "臺北市",
                "name": "老乾杯大直忠泰店",
                "phone": "(02)85025551",
                "address": "臺北市中山區樂群三路200號",
                "district": "中山區",
                "latitude": 25.082541827617,
                "longitude": 121.556959832812,
                "data_source": "臺北市環保局",
                "eco_attributes": "()",
                "certification_level": "認證中"
            }
        },
        {
            "id": 784,
            "type": "Feature",
            "geometry": {
                "type": "Point",
                "coordinates": [
                    121.555540022233,
                    25.081795461048
                ]
            },
            "properties": {
                "city": "臺北市",
                "name": "藏壽司 大直ATT店",
                "phone": "(02)77520835",
                "address": "臺北市中山區敬業三路123號",
                "district": "中山區",
                "latitude": 25.081795461048,
                "longitude": 121.555540022233,
                "data_source": "臺北市環保局",
                "eco_attributes": "()",
                "certification_level": "認證中"
            }
        },
        {
            "id": 785,
            "type": "Feature",
            "geometry": {
                "type": "Point",
                "coordinates": [
                    121.53263705854,
                    25.052241373366
                ]
            },
            "properties": {
                "city": "臺北市",
                "name": "藏壽司 松江南京店",
                "phone": "(02)25681519",
                "address": "臺北市中山區南京東路二段101號",
                "district": "中山區",
                "latitude": 25.052241373366,
                "longitude": 121.53263705854,
                "data_source": "臺北市環保局",
                "eco_attributes": "()",
                "certification_level": "認證中"
            }
        },
        {
            "id": 786,
            "type": "Feature",
            "geometry": {
                "type": "Point",
                "coordinates": [
                    121.543806195978,
                    25.055616556227
                ]
            },
            "properties": {
                "city": "臺北市",
                "name": "金春發牛肉店(復北店)",
                "phone": "(02)25026806",
                "address": "臺北市中山區復興北路202號",
                "district": "中山區",
                "latitude": 25.055616556227,
                "longitude": 121.543806195978,
                "data_source": "臺北市環保局",
                "eco_attributes": "()",
                "certification_level": "認證中"
            }
        },
        {
            "id": 787,
            "type": "Feature",
            "geometry": {
                "type": "Point",
                "coordinates": [
                    121.556711979935,
                    25.08292588642
                ]
            },
            "properties": {
                "city": "臺北市",
                "name": "金色三麥 台北美麗華店",
                "phone": "(02)21753739",
                "address": "臺北市中山區台北市中山區敬業3路20號",
                "district": "中山區",
                "latitude": 25.08292588642,
                "longitude": 121.556711979935,
                "data_source": "臺北市環保局",
                "eco_attributes": "()",
                "certification_level": "認證中"
            }
        },
        {
            "id": 788,
            "type": "Feature",
            "geometry": {
                "type": "Point",
                "coordinates": [
                    121.532300944222,
                    25.048570602689
                ]
            },
            "properties": {
                "city": "臺北市",
                "name": "韓宮韓式料理",
                "phone": "(02)25235380",
                "address": "臺北市中山區長安東路二段49之1號",
                "district": "中山區",
                "latitude": 25.048570602689,
                "longitude": 121.532300944222,
                "data_source": "臺北市環保局",
                "eco_attributes": "()",
                "certification_level": "認證中"
            }
        },
        {
            "id": 789,
            "type": "Feature",
            "geometry": {
                "type": "Point",
                "coordinates": [
                    121.532780389084,
                    25.052511312558
                ]
            },
            "properties": {
                "city": "臺北市",
                "name": "養心茶樓",
                "phone": "(02)25428828",
                "address": "臺北市中山區松江路128號",
                "district": "中山區",
                "latitude": 25.052511312558,
                "longitude": 121.532780389084,
                "data_source": "臺北市環保局",
                "eco_attributes": "()",
                "certification_level": "認證中"
            }
        },
        {
            "id": 790,
            "type": "Feature",
            "geometry": {
                "type": "Point",
                "coordinates": [
                    121.53033002351,
                    25.050614990783
                ]
            },
            "properties": {
                "city": "臺北市",
                "name": "餡老滿(台北吉林店)",
                "phone": "(02)25672028",
                "address": "臺北市中山區松江路90巷23號",
                "district": "中山區",
                "latitude": 25.050614990783,
                "longitude": 121.53033002351,
                "data_source": "臺北市環保局",
                "eco_attributes": "()",
                "certification_level": "認證中"
            }
        },
        {
            "id": 791,
            "type": "Feature",
            "geometry": {
                "type": "Point",
                "coordinates": [
                    121.542182534649,
                    25.048384296867
                ]
            },
            "properties": {
                "city": "臺北市",
                "name": "鬥牛士(長安店)",
                "phone": "(02)27406660",
                "address": "臺北市中山區長安東路二段169之12號",
                "district": "中山區",
                "latitude": 25.048384296867,
                "longitude": 121.542182534649,
                "data_source": "臺北市環保局",
                "eco_attributes": "()",
                "certification_level": "認證中"
            }
        },
        {
            "id": 792,
            "type": "Feature",
            "geometry": {
                "type": "Point",
                "coordinates": [
                    121.523518637532,
                    25.058131672003
                ]
            },
            "properties": {
                "city": "臺北市",
                "name": "麥味登北市國王",
                "phone": "(02)25115091",
                "address": "臺北市中山區民生東路一段5號",
                "district": "中山區",
                "latitude": 25.058131672003,
                "longitude": 121.523518637532,
                "data_source": "臺北市環保局",
                "eco_attributes": "()",
                "certification_level": "認證中"
            }
        },
        {
            "id": 793,
            "type": "Feature",
            "geometry": {
                "type": "Point",
                "coordinates": [
                    121.532397000833,
                    25.054950739748
                ]
            },
            "properties": {
                "city": "臺北市",
                "name": "麥味登北市國王二",
                "phone": "(02)25312636",
                "address": "臺北市中山區長春路147-2號",
                "district": "中山區",
                "latitude": 25.054950739748,
                "longitude": 121.532397000833,
                "data_source": "臺北市環保局",
                "eco_attributes": "()",
                "certification_level": "認證中"
            }
        },
        {
            "id": 794,
            "type": "Feature",
            "geometry": {
                "type": "Point",
                "coordinates": [
                    121.546234181871,
                    25.083586548028
                ]
            },
            "properties": {
                "city": "臺北市",
                "name": "麥味登北市實踐",
                "phone": "(02)25336934",
                "address": "臺北市中山區大直街70號",
                "district": "中山區",
                "latitude": 25.083586548028,
                "longitude": 121.546234181871,
                "data_source": "臺北市環保局",
                "eco_attributes": "()",
                "certification_level": "認證中"
            }
        },
        {
            "id": 795,
            "type": "Feature",
            "geometry": {
                "type": "Point",
                "coordinates": [
                    121.540676980065,
                    25.064413195972
                ]
            },
            "properties": {
                "city": "臺北市",
                "name": "麥味登北市榮星花園",
                "phone": "(02)25082251",
                "address": "臺北市中山區五常街85號",
                "district": "中山區",
                "latitude": 25.064413195972,
                "longitude": 121.540676980065,
                "data_source": "臺北市環保局",
                "eco_attributes": "()",
                "certification_level": "認證中"
            }
        },
        {
            "id": 796,
            "type": "Feature",
            "geometry": {
                "type": "Point",
                "coordinates": [
                    121.528066490557,
                    25.066399120291
                ]
            },
            "properties": {
                "city": "臺北市",
                "name": "麥味登北市神通",
                "phone": "(02)25866260",
                "address": "臺北市中山區新生北路三段69-1號",
                "district": "中山區",
                "latitude": 25.066399120291,
                "longitude": 121.528066490557,
                "data_source": "臺北市環保局",
                "eco_attributes": "()",
                "certification_level": "認證中"
            }
        },
        {
            "id": 797,
            "type": "Feature",
            "geometry": {
                "type": "Point",
                "coordinates": [
                    121.533683958246,
                    25.048342321556
                ]
            },
            "properties": {
                "city": "臺北市",
                "name": "麥味登北市長安東",
                "phone": "(02)25065763",
                "address": "臺北市中山區長安東路二段72號",
                "district": "中山區",
                "latitude": 25.048342321556,
                "longitude": 121.533683958246,
                "data_source": "臺北市環保局",
                "eco_attributes": "()",
                "certification_level": "認證中"
            }
        },
        {
            "id": 798,
            "type": "Feature",
            "geometry": {
                "type": "Point",
                "coordinates": [
                    121.538162576751,
                    25.054619528844
                ]
            },
            "properties": {
                "city": "臺北市",
                "name": "麥味登北市長春",
                "phone": "(02)25071770",
                "address": "臺北市中山區長春路238號",
                "district": "中山區",
                "latitude": 25.054619528844,
                "longitude": 121.538162576751,
                "data_source": "臺北市環保局",
                "eco_attributes": "()",
                "certification_level": "認證中"
            }
        },
        {
            "id": 799,
            "type": "Feature",
            "geometry": {
                "type": "Point",
                "coordinates": [
                    121.540614367249,
                    25.058980633066
                ]
            },
            "properties": {
                "city": "臺北市",
                "name": "麥味登北市龍江1店",
                "phone": "(02)77292550",
                "address": "臺北市中山區龍江路244號",
                "district": "中山區",
                "latitude": 25.058980633066,
                "longitude": 121.540614367249,
                "data_source": "臺北市環保局",
                "eco_attributes": "()",
                "certification_level": "認證中"
            }
        },
        {
            "id": 800,
            "type": "Feature",
            "geometry": {
                "type": "Point",
                "coordinates": [
                    121.54750940462,
                    25.082216651683
                ]
            },
            "properties": {
                "city": "臺北市",
                "name": "麥味登大直北安羅伯",
                "phone": "(02)85092968",
                "address": "臺北市中山區北安路595巷19號",
                "district": "中山區",
                "latitude": 25.082216651683,
                "longitude": 121.54750940462,
                "data_source": "臺北市環保局",
                "eco_attributes": "()",
                "certification_level": "認證中"
            }
        },
        {
            "id": 801,
            "type": "Feature",
            "geometry": {
                "type": "Point",
                "coordinates": [
                    121.540657617869,
                    25.066096365948
                ]
            },
            "properties": {
                "city": "臺北市",
                "name": "龍江涼麵",
                "phone": "(02)25062623",
                "address": "臺北市中山區龍江路356巷5號",
                "district": "中山區",
                "latitude": 25.066096365948,
                "longitude": 121.540657617869,
                "data_source": "臺北市環保局",
                "eco_attributes": "()",
                "certification_level": "認證中"
            }
        },
        {
            "id": 802,
            "type": "Feature",
            "geometry": {
                "type": "Point",
                "coordinates": [
                    121.517213353785,
                    25.036788965075
                ]
            },
            "properties": {
                "city": "臺北市",
                "name": "Mentari萌太利(微風台大醫院商場)",
                "phone": "(02)23952298",
                "address": "臺北市中正區中山南路77號",
                "district": "中正區",
                "latitude": 25.036788965075,
                "longitude": 121.517213353785,
                "data_source": "臺北市環保局",
                "eco_attributes": "()",
                "certification_level": "認證中"
            }
        },
        {
            "id": 803,
            "type": "Feature",
            "geometry": {
                "type": "Point",
                "coordinates": [
                    121.517213353785,
                    25.036788965075
                ]
            },
            "properties": {
                "city": "臺北市",
                "name": "Mos摩斯漢堡(微風台大醫院商場)",
                "phone": "(02)23952298",
                "address": "臺北市中正區中山南路77號",
                "district": "中正區",
                "latitude": 25.036788965075,
                "longitude": 121.517213353785,
                "data_source": "臺北市環保局",
                "eco_attributes": "()",
                "certification_level": "認證中"
            }
        },
        {
            "id": 804,
            "type": "Feature",
            "geometry": {
                "type": "Point",
                "coordinates": [
                    121.518750591911,
                    25.044343147913
                ]
            },
            "properties": {
                "city": "臺北市",
                "name": "OEC蚌麵",
                "phone": "(02)23117819",
                "address": "臺北市中正區台北市中正區中山南路8號",
                "district": "中正區",
                "latitude": 25.044343147913,
                "longitude": 121.518750591911,
                "data_source": "臺北市環保局",
                "eco_attributes": "()",
                "certification_level": "認證中"
            }
        },
        {
            "id": 805,
            "type": "Feature",
            "geometry": {
                "type": "Point",
                "coordinates": [
                    121.523421155998,
                    25.025023070641
                ]
            },
            "properties": {
                "city": "臺北市",
                "name": "Oohchacha自然食(古亭店)",
                "phone": "(02)23677133",
                "address": "臺北市中正區南昌路二段207號",
                "district": "中正區",
                "latitude": 25.025023070641,
                "longitude": 121.523421155998,
                "data_source": "臺北市環保局",
                "eco_attributes": "()",
                "certification_level": "認證中"
            }
        },
        {
            "id": 806,
            "type": "Feature",
            "geometry": {
                "type": "Point",
                "coordinates": [
                    121.506864550294,
                    25.036455609387
                ]
            },
            "properties": {
                "city": "臺北市",
                "name": "PRIME ONE 牛排館",
                "phone": "(02)23143300",
                "address": "臺北市中正區中華路二段1號",
                "district": "中正區",
                "latitude": 25.036455609387,
                "longitude": 121.506864550294,
                "data_source": "臺北市環保局",
                "eco_attributes": "()",
                "certification_level": "認證中"
            }
        },
        {
            "id": 807,
            "type": "Feature",
            "geometry": {
                "type": "Point",
                "coordinates": [
                    121.51451404277,
                    25.029555752422
                ]
            },
            "properties": {
                "city": "臺北市",
                "name": "Q Burger中正寧波店",
                "phone": "(02)23325085",
                "address": "臺北市中正區寧波西街100號",
                "district": "中正區",
                "latitude": 25.029555752422,
                "longitude": 121.51451404277,
                "data_source": "臺北市環保局",
                "eco_attributes": "()",
                "certification_level": "認證中"
            }
        },
        {
            "id": 808,
            "type": "Feature",
            "geometry": {
                "type": "Point",
                "coordinates": [
                    121.513982965385,
                    25.042784994022
                ]
            },
            "properties": {
                "city": "臺北市",
                "name": "SKYLARK加州風洋食館-和平公園店",
                "phone": "(02)23756364",
                "address": "臺北市中正區台北市中正區懷寧街90號",
                "district": "中正區",
                "latitude": 25.042784994022,
                "longitude": 121.513982965385,
                "data_source": "臺北市環保局",
                "eco_attributes": "()",
                "certification_level": "認證中"
            }
        },
        {
            "id": 809,
            "type": "Feature",
            "geometry": {
                "type": "Point",
                "coordinates": [
                    121.509114001649,
                    25.041688305811
                ]
            },
            "properties": {
                "city": "臺北市",
                "name": "SKYLARK加州風洋食館-寶慶遠百店",
                "phone": "(02)23754730",
                "address": "臺北市中正區台北市中正區寶慶路32號",
                "district": "中正區",
                "latitude": 25.041688305811,
                "longitude": 121.509114001649,
                "data_source": "臺北市環保局",
                "eco_attributes": "()",
                "certification_level": "認證中"
            }
        },
        {
            "id": 810,
            "type": "Feature",
            "geometry": {
                "type": "Point",
                "coordinates": [
                    121.511384659219,
                    25.044447376879
                ]
            },
            "properties": {
                "city": "臺北市",
                "name": "meet蘋果咖啡館",
                "phone": "(02)23820025",
                "address": "臺北市中正區博愛路86號",
                "district": "中正區",
                "latitude": 25.044447376879,
                "longitude": 121.511384659219,
                "data_source": "臺北市環保局",
                "eco_attributes": "()",
                "certification_level": "認證中"
            }
        },
        {
            "id": 811,
            "type": "Feature",
            "geometry": {
                "type": "Point",
                "coordinates": [
                    121.518750591911,
                    25.044343147913
                ]
            },
            "properties": {
                "city": "臺北市",
                "name": "一雙牛肉麵",
                "phone": "(02)23117819",
                "address": "臺北市中正區台北市中正區中山南路8號",
                "district": "中正區",
                "latitude": 25.044343147913,
                "longitude": 121.518750591911,
                "data_source": "臺北市環保局",
                "eco_attributes": "()",
                "certification_level": "認證中"
            }
        },
        {
            "id": 812,
            "type": "Feature",
            "geometry": {
                "type": "Point",
                "coordinates": [
                    121.517057698926,
                    25.04717593782
                ]
            },
            "properties": {
                "city": "臺北市",
                "name": "乾杯列車台北總站",
                "phone": "(02)23618000",
                "address": "臺北市中正區北平西路3號",
                "district": "中正區",
                "latitude": 25.04717593782,
                "longitude": 121.517057698926,
                "data_source": "臺北市環保局",
                "eco_attributes": "()",
                "certification_level": "認證中"
            }
        },
        {
            "id": 813,
            "type": "Feature",
            "geometry": {
                "type": "Point",
                "coordinates": [
                    121.517213353785,
                    25.036788965075
                ]
            },
            "properties": {
                "city": "臺北市",
                "name": "功夫肉圓(微風台大醫院商場)",
                "phone": "(02)23952298",
                "address": "臺北市中正區中山南路77號",
                "district": "中正區",
                "latitude": 25.036788965075,
                "longitude": 121.517213353785,
                "data_source": "臺北市環保局",
                "eco_attributes": "()",
                "certification_level": "認證中"
            }
        },
        {
            "id": 814,
            "type": "Feature",
            "geometry": {
                "type": "Point",
                "coordinates": [
                    121.517213353785,
                    25.036788965075
                ]
            },
            "properties": {
                "city": "臺北市",
                "name": "包家小鎮(微風台大醫院商場)",
                "phone": "(02)23952298",
                "address": "臺北市中正區中山南路77號",
                "district": "中正區",
                "latitude": 25.036788965075,
                "longitude": 121.517213353785,
                "data_source": "臺北市環保局",
                "eco_attributes": "()",
                "certification_level": "認證中"
            }
        },
        {
            "id": 815,
            "type": "Feature",
            "geometry": {
                "type": "Point",
                "coordinates": [
                    121.506864550294,
                    25.036455609387
                ]
            },
            "properties": {
                "city": "臺北市",
                "name": "台北花園大酒店-花園thai thai",
                "phone": "(02)23121000",
                "address": "臺北市中正區中華路二段1號",
                "district": "中正區",
                "latitude": 25.036455609387,
                "longitude": 121.506864550294,
                "data_source": "臺北市環保局",
                "eco_attributes": "()",
                "certification_level": "認證中"
            }
        },
        {
            "id": 816,
            "type": "Feature",
            "geometry": {
                "type": "Point",
                "coordinates": [
                    121.513697477762,
                    25.042414178626
                ]
            },
            "properties": {
                "city": "臺北市",
                "name": "呷米蔬食 / 素食餐廳 Rice revolution vegetarian restaurant",
                "phone": "(02)23319662",
                "address": "臺北市中正區衡陽路9號",
                "district": "中正區",
                "latitude": 25.042414178626,
                "longitude": 121.513697477762,
                "data_source": "臺北市環保局",
                "eco_attributes": "()",
                "certification_level": "認證中"
            }
        },
        {
            "id": 817,
            "type": "Feature",
            "geometry": {
                "type": "Point",
                "coordinates": [
                    121.514893742984,
                    25.045402704294
                ]
            },
            "properties": {
                "city": "臺北市",
                "name": "咖啡弄(站前店)",
                "phone": "(02)23883000",
                "address": "臺北市中正區館前路18號",
                "district": "中正區",
                "latitude": 25.045402704294,
                "longitude": 121.514893742984,
                "data_source": "臺北市環保局",
                "eco_attributes": "()",
                "certification_level": "認證中"
            }
        },
        {
            "id": 818,
            "type": "Feature",
            "geometry": {
                "type": "Point",
                "coordinates": [
                    121.531432327596,
                    25.043581023367
                ]
            },
            "properties": {
                "city": "臺北市",
                "name": "咖食堂",
                "phone": "(02)23965252",
                "address": "臺北市中正區八德路1段82巷9弄13號",
                "district": "中正區",
                "latitude": 25.043581023367,
                "longitude": 121.531432327596,
                "data_source": "臺北市環保局",
                "eco_attributes": "()",
                "certification_level": "認證中"
            }
        },
        {
            "id": 819,
            "type": "Feature",
            "geometry": {
                "type": "Point",
                "coordinates": [
                    121.516436264625,
                    25.046214533526
                ]
            },
            "properties": {
                "city": "臺北市",
                "name": "大戶屋台北凱撒店",
                "phone": "(02)23612377",
                "address": "臺北市中正區忠孝西路一段38號",
                "district": "中正區",
                "latitude": 25.046214533526,
                "longitude": 121.516436264625,
                "data_source": "臺北市環保局",
                "eco_attributes": "()",
                "certification_level": "認證中"
            }
        },
        {
            "id": 820,
            "type": "Feature",
            "geometry": {
                "type": "Point",
                "coordinates": [
                    121.517057698926,
                    25.04717593782
                ]
            },
            "properties": {
                "city": "臺北市",
                "name": "大戶屋微風台北車站店",
                "phone": "(02)23319337",
                "address": "臺北市中正區北平西路3號",
                "district": "中正區",
                "latitude": 25.04717593782,
                "longitude": 121.517057698926,
                "data_source": "臺北市環保局",
                "eco_attributes": "()",
                "certification_level": "認證中"
            }
        },
        {
            "id": 821,
            "type": "Feature",
            "geometry": {
                "type": "Point",
                "coordinates": [
                    121.517213353785,
                    25.036788965075
                ]
            },
            "properties": {
                "city": "臺北市",
                "name": "好好吃大餛飩(微風台大醫院商場)",
                "phone": "(02)239522988",
                "address": "臺北市中正區中山南路77號",
                "district": "中正區",
                "latitude": 25.036788965075,
                "longitude": 121.517213353785,
                "data_source": "臺北市環保局",
                "eco_attributes": "()",
                "certification_level": "認證中"
            }
        },
        {
            "id": 822,
            "type": "Feature",
            "geometry": {
                "type": "Point",
                "coordinates": [
                    121.517213353785,
                    25.036788965075
                ]
            },
            "properties": {
                "city": "臺北市",
                "name": "安永鮮食(微風台大醫院商場)",
                "phone": "(02)239522988",
                "address": "臺北市中正區中山南路77號",
                "district": "中正區",
                "latitude": 25.036788965075,
                "longitude": 121.517213353785,
                "data_source": "臺北市環保局",
                "eco_attributes": "()",
                "certification_level": "認證中"
            }
        },
        {
            "id": 823,
            "type": "Feature",
            "geometry": {
                "type": "Point",
                "coordinates": [
                    121.517213353785,
                    25.036788965075
                ]
            },
            "properties": {
                "city": "臺北市",
                "name": "小南門(微風台大醫院商場)",
                "phone": "(02)23952298",
                "address": "臺北市中正區中山南路77號",
                "district": "中正區",
                "latitude": 25.036788965075,
                "longitude": 121.517213353785,
                "data_source": "臺北市環保局",
                "eco_attributes": "()",
                "certification_level": "認證中"
            }
        },
        {
            "id": 824,
            "type": "Feature",
            "geometry": {
                "type": "Point",
                "coordinates": [
                    121.525531886856,
                    25.041946971343
                ]
            },
            "properties": {
                "city": "臺北市",
                "name": "幸福時光廚房",
                "phone": "(02)23930255",
                "address": "臺北市中正區台北市中正區濟南路一段321號",
                "district": "中正區",
                "latitude": 25.041946971343,
                "longitude": 121.525531886856,
                "data_source": "臺北市環保局",
                "eco_attributes": "()",
                "certification_level": "認證中"
            }
        },
        {
            "id": 825,
            "type": "Feature",
            "geometry": {
                "type": "Point",
                "coordinates": [
                    121.517213353785,
                    25.036788965075
                ]
            },
            "properties": {
                "city": "臺北市",
                "name": "幸福道小籠包(微風台大醫院商場)",
                "phone": "(02)239522988",
                "address": "臺北市中正區中山南路77號",
                "district": "中正區",
                "latitude": 25.036788965075,
                "longitude": 121.517213353785,
                "data_source": "臺北市環保局",
                "eco_attributes": "()",
                "certification_level": "認證中"
            }
        },
        {
            "id": 826,
            "type": "Feature",
            "geometry": {
                "type": "Point",
                "coordinates": [
                    121.517213353785,
                    25.036788965075
                ]
            },
            "properties": {
                "city": "臺北市",
                "name": "廟口蚵仔煎(微風台大醫院商場)",
                "phone": "(02)23952298",
                "address": "臺北市中正區中山南路77號",
                "district": "中正區",
                "latitude": 25.036788965075,
                "longitude": 121.517213353785,
                "data_source": "臺北市環保局",
                "eco_attributes": "()",
                "certification_level": "認證中"
            }
        },
        {
            "id": 827,
            "type": "Feature",
            "geometry": {
                "type": "Point",
                "coordinates": [
                    121.522296605761,
                    25.040939835931
                ]
            },
            "properties": {
                "city": "臺北市",
                "name": "徐州路2號庭園會館",
                "phone": "(02)23928888",
                "address": "臺北市中正區徐州路2號",
                "district": "中正區",
                "latitude": 25.040939835931,
                "longitude": 121.522296605761,
                "data_source": "臺北市環保局",
                "eco_attributes": "()",
                "certification_level": "認證中"
            }
        },
        {
            "id": 828,
            "type": "Feature",
            "geometry": {
                "type": "Point",
                "coordinates": [
                    121.51834289614,
                    25.035539215913
                ]
            },
            "properties": {
                "city": "臺北市",
                "name": "戲台酒館 Theater Trattoria",
                "phone": "(02)23971920",
                "address": "臺北市中正區中山南路21-1號",
                "district": "中正區",
                "latitude": 25.035539215913,
                "longitude": 121.51834289614,
                "data_source": "臺北市環保局",
                "eco_attributes": "()",
                "certification_level": "認證中"
            }
        },
        {
            "id": 829,
            "type": "Feature",
            "geometry": {
                "type": "Point",
                "coordinates": [
                    121.52207141813,
                    25.044912321048
                ]
            },
            "properties": {
                "city": "臺北市",
                "name": "新盛員工餐廳",
                "phone": "",
                "address": "臺北市中正區忠孝東路一段12號",
                "district": "中正區",
                "latitude": 25.044912321048,
                "longitude": 121.52207141813,
                "data_source": "臺北市環保局",
                "eco_attributes": "()",
                "certification_level": "認證中"
            }
        },
        {
            "id": 830,
            "type": "Feature",
            "geometry": {
                "type": "Point",
                "coordinates": [
                    121.517213353785,
                    25.036788965075
                ]
            },
            "properties": {
                "city": "臺北市",
                "name": "明德素食園(微風台大醫院商場)",
                "phone": "(02)239522988",
                "address": "臺北市中正區中山南路77號",
                "district": "中正區",
                "latitude": 25.036788965075,
                "longitude": 121.517213353785,
                "data_source": "臺北市環保局",
                "eco_attributes": "()",
                "certification_level": "認證中"
            }
        },
        {
            "id": 831,
            "type": "Feature",
            "geometry": {
                "type": "Point",
                "coordinates": [
                    121.517213353785,
                    25.036788965075
                ]
            },
            "properties": {
                "city": "臺北市",
                "name": "朱記餡餅粥(微風台大醫院商場)",
                "phone": "(02)239522988",
                "address": "臺北市中正區中山南路77號",
                "district": "中正區",
                "latitude": 25.036788965075,
                "longitude": 121.517213353785,
                "data_source": "臺北市環保局",
                "eco_attributes": "()",
                "certification_level": "認證中"
            }
        },
        {
            "id": 832,
            "type": "Feature",
            "geometry": {
                "type": "Point",
                "coordinates": [
                    121.518750591911,
                    25.044343147913
                ]
            },
            "properties": {
                "city": "臺北市",
                "name": "李記港式燒臘",
                "phone": "(02)82872296",
                "address": "臺北市中正區台北市中正區中山南路8號",
                "district": "中正區",
                "latitude": 25.044343147913,
                "longitude": 121.518750591911,
                "data_source": "臺北市環保局",
                "eco_attributes": "()",
                "certification_level": "認證中"
            }
        },
        {
            "id": 833,
            "type": "Feature",
            "geometry": {
                "type": "Point",
                "coordinates": [
                    121.517213353785,
                    25.036788965075
                ]
            },
            "properties": {
                "city": "臺北市",
                "name": "欣豐自助餐(微風台大醫院商場)",
                "phone": "(02)239522988",
                "address": "臺北市中正區中山南路77號",
                "district": "中正區",
                "latitude": 25.036788965075,
                "longitude": 121.517213353785,
                "data_source": "臺北市環保局",
                "eco_attributes": "()",
                "certification_level": "認證中"
            }
        },
        {
            "id": 834,
            "type": "Feature",
            "geometry": {
                "type": "Point",
                "coordinates": [
                    121.509114001649,
                    25.041688305811
                ]
            },
            "properties": {
                "city": "臺北市",
                "name": "涮乃葉-寶慶遠百店",
                "phone": "(02)23611258",
                "address": "臺北市中正區台北市中正區寶慶路32號",
                "district": "中正區",
                "latitude": 25.041688305811,
                "longitude": 121.509114001649,
                "data_source": "臺北市環保局",
                "eco_attributes": "()",
                "certification_level": "認證中"
            }
        },
        {
            "id": 835,
            "type": "Feature",
            "geometry": {
                "type": "Point",
                "coordinates": [
                    121.517213353785,
                    25.036788965075
                ]
            },
            "properties": {
                "city": "臺北市",
                "name": "第一佳(微風台大醫院商場)",
                "phone": "(02)239522988",
                "address": "臺北市中正區中山南路77號",
                "district": "中正區",
                "latitude": 25.036788965075,
                "longitude": 121.517213353785,
                "data_source": "臺北市環保局",
                "eco_attributes": "()",
                "certification_level": "認證中"
            }
        },
        {
            "id": 836,
            "type": "Feature",
            "geometry": {
                "type": "Point",
                "coordinates": [
                    121.513107727055,
                    25.045571934919
                ]
            },
            "properties": {
                "city": "臺北市",
                "name": "第一銀行總行大樓員工餐廳",
                "phone": "(02)23481520",
                "address": "臺北市中正區重慶南路一段30號",
                "district": "中正區",
                "latitude": 25.045571934919,
                "longitude": 121.513107727055,
                "data_source": "臺北市環保局",
                "eco_attributes": "()",
                "certification_level": "認證中"
            }
        },
        {
            "id": 837,
            "type": "Feature",
            "geometry": {
                "type": "Point",
                "coordinates": [
                    121.517171525172,
                    25.04140013598
                ]
            },
            "properties": {
                "city": "臺北市",
                "name": "美樂家速食坊",
                "phone": "(02)23111298",
                "address": "臺北市中正區常德街1號",
                "district": "中正區",
                "latitude": 25.04140013598,
                "longitude": 121.517171525172,
                "data_source": "臺北市環保局",
                "eco_attributes": "()",
                "certification_level": "認證中"
            }
        },
        {
            "id": 838,
            "type": "Feature",
            "geometry": {
                "type": "Point",
                "coordinates": [
                    121.517213353785,
                    25.036788965075
                ]
            },
            "properties": {
                "city": "臺北市",
                "name": "老董牛肉麵(微風台大醫院商場)",
                "phone": "(02)239522988",
                "address": "臺北市中正區中山南路77號",
                "district": "中正區",
                "latitude": 25.036788965075,
                "longitude": 121.517213353785,
                "data_source": "臺北市環保局",
                "eco_attributes": "()",
                "certification_level": "認證中"
            }
        },
        {
            "id": 839,
            "type": "Feature",
            "geometry": {
                "type": "Point",
                "coordinates": [
                    121.517213353785,
                    25.036788965075
                ]
            },
            "properties": {
                "city": "臺北市",
                "name": "花蓮扁食(微風台大醫院商場)",
                "phone": "(02)239522988",
                "address": "臺北市中正區中山南路77號",
                "district": "中正區",
                "latitude": 25.036788965075,
                "longitude": 121.517213353785,
                "data_source": "臺北市環保局",
                "eco_attributes": "()",
                "certification_level": "認證中"
            }
        },
        {
            "id": 840,
            "type": "Feature",
            "geometry": {
                "type": "Point",
                "coordinates": [
                    121.514896592831,
                    25.045615269358
                ]
            },
            "properties": {
                "city": "臺北市",
                "name": "藏壽司 台北館前店",
                "phone": "(02)23316029",
                "address": "臺北市中正區館前路12號",
                "district": "中正區",
                "latitude": 25.045615269358,
                "longitude": 121.514896592831,
                "data_source": "臺北市環保局",
                "eco_attributes": "()",
                "certification_level": "認證中"
            }
        },
        {
            "id": 841,
            "type": "Feature",
            "geometry": {
                "type": "Point",
                "coordinates": [
                    121.534768576517,
                    25.013889388653
                ]
            },
            "properties": {
                "city": "臺北市",
                "name": "雲泰小鎮泰式料理",
                "phone": "(02)23675625",
                "address": "臺北市中正區羅斯福路四段90巷2-2號",
                "district": "中正區",
                "latitude": 25.013889388653,
                "longitude": 121.534768576517,
                "data_source": "臺北市環保局",
                "eco_attributes": "()",
                "certification_level": "認證中"
            }
        },
        {
            "id": 842,
            "type": "Feature",
            "geometry": {
                "type": "Point",
                "coordinates": [
                    121.517057698926,
                    25.04717593782
                ]
            },
            "properties": {
                "city": "臺北市",
                "name": "頌丹樂泰式伊善料理",
                "phone": "(02)23882968",
                "address": "臺北市中正區北平西路3號",
                "district": "中正區",
                "latitude": 25.04717593782,
                "longitude": 121.517057698926,
                "data_source": "臺北市環保局",
                "eco_attributes": "()",
                "certification_level": "認證中"
            }
        },
        {
            "id": 843,
            "type": "Feature",
            "geometry": {
                "type": "Point",
                "coordinates": [
                    121.515879035702,
                    25.04545236707
                ]
            },
            "properties": {
                "city": "臺北市",
                "name": "魔法咖哩",
                "phone": "(02)23886298",
                "address": "臺北市中正區許昌街30號",
                "district": "中正區",
                "latitude": 25.04545236707,
                "longitude": 121.515879035702,
                "data_source": "臺北市環保局",
                "eco_attributes": "()",
                "certification_level": "認證中"
            }
        },
        {
            "id": 844,
            "type": "Feature",
            "geometry": {
                "type": "Point",
                "coordinates": [
                    121.535572065756,
                    25.013266613247
                ]
            },
            "properties": {
                "city": "臺北市",
                "name": "麥味登北市台大",
                "phone": "(02)23657279",
                "address": "臺北市中正區羅斯福路四段118號",
                "district": "中正區",
                "latitude": 25.013266613247,
                "longitude": 121.535572065756,
                "data_source": "臺北市環保局",
                "eco_attributes": "()",
                "certification_level": "認證中"
            }
        },
        {
            "id": 845,
            "type": "Feature",
            "geometry": {
                "type": "Point",
                "coordinates": [
                    121.51750755567,
                    25.024844913289
                ]
            },
            "properties": {
                "city": "臺北市",
                "name": "麥味登北市和平",
                "phone": "(02)23652299",
                "address": "臺北市中正區廈門街75號",
                "district": "中正區",
                "latitude": 25.024844913289,
                "longitude": 121.51750755567,
                "data_source": "臺北市環保局",
                "eco_attributes": "()",
                "certification_level": "認證中"
            }
        },
        {
            "id": 846,
            "type": "Feature",
            "geometry": {
                "type": "Point",
                "coordinates": [
                    121.531264773352,
                    25.042544307673
                ]
            },
            "properties": {
                "city": "臺北市",
                "name": "麥味登北市新生店",
                "phone": "(02)23919493",
                "address": "臺北市中正區忠孝東路二段116號",
                "district": "中正區",
                "latitude": 25.042544307673,
                "longitude": 121.531264773352,
                "data_source": "臺北市環保局",
                "eco_attributes": "()",
                "certification_level": "認證中"
            }
        },
        {
            "id": 847,
            "type": "Feature",
            "geometry": {
                "type": "Point",
                "coordinates": [
                    121.556959832812,
                    25.082541827617
                ]
            },
            "properties": {
                "city": "臺北市",
                "name": "黑毛屋大直忠泰店",
                "phone": "(02)85025991",
                "address": "臺北市中正區樂群三路200號",
                "district": "中正區",
                "latitude": 25.082541827617,
                "longitude": 121.556959832812,
                "data_source": "臺北市環保局",
                "eco_attributes": "()",
                "certification_level": "認證中"
            }
        },
        {
            "id": 848,
            "type": "Feature",
            "geometry": {
                "type": "Point",
                "coordinates": [
                    121.518269734478,
                    25.047752777237
                ]
            },
            "properties": {
                "city": "臺北市",
                "name": "黑毛屋微風台北車站店",
                "phone": "(02)23751511",
                "address": "臺北市中正區北平西路 3 號 2 樓",
                "district": "中正區",
                "latitude": 25.047752777237,
                "longitude": 121.518269734478,
                "data_source": "臺北市環保局",
                "eco_attributes": "()",
                "certification_level": "認證中"
            }
        },
        {
            "id": 849,
            "type": "Feature",
            "geometry": {
                "type": "Point",
                "coordinates": [
                    121.548295375681,
                    25.033471274671
                ]
            },
            "properties": {
                "city": "臺北市",
                "name": "AW Cafe Wine Bistro",
                "phone": "(02)27012498",
                "address": "臺北市信義區信義路四段115-2號",
                "district": "信義區",
                "latitude": 25.033471274671,
                "longitude": 121.548295375681,
                "data_source": "臺北市環保局",
                "eco_attributes": "()",
                "certification_level": "認證中"
            }
        },
        {
            "id": 850,
            "type": "Feature",
            "geometry": {
                "type": "Point",
                "coordinates": [
                    121.563477265445,
                    25.044283091577
                ]
            },
            "properties": {
                "city": "臺北市",
                "name": "BaganHood 蔬食餐酒館",
                "phone": "(02)37622557",
                "address": "臺北市信義區忠孝東路四段553巷46弄11號",
                "district": "信義區",
                "latitude": 25.044283091577,
                "longitude": 121.563477265445,
                "data_source": "臺北市環保局",
                "eco_attributes": "()",
                "certification_level": "認證中"
            }
        },
        {
            "id": 851,
            "type": "Feature",
            "geometry": {
                "type": "Point",
                "coordinates": [
                    121.575456010911,
                    25.042385680155
                ]
            },
            "properties": {
                "city": "臺北市",
                "name": "PINK SALT｜披薩｜義麵",
                "phone": "(02)27564233",
                "address": "臺北市信義區忠孝東路五段423巷28號",
                "district": "信義區",
                "latitude": 25.042385680155,
                "longitude": 121.575456010911,
                "data_source": "臺北市環保局",
                "eco_attributes": "()",
                "certification_level": "認證中"
            }
        },
        {
            "id": 852,
            "type": "Feature",
            "geometry": {
                "type": "Point",
                "coordinates": [
                    121.55593765972,
                    25.024213714071
                ]
            },
            "properties": {
                "city": "臺北市",
                "name": "Q Burger信義信安店",
                "phone": "(02)87321008",
                "address": "臺北市信義區信安街127號",
                "district": "信義區",
                "latitude": 25.024213714071,
                "longitude": 121.55593765972,
                "data_source": "臺北市環保局",
                "eco_attributes": "()",
                "certification_level": "認證中"
            }
        },
        {
            "id": 853,
            "type": "Feature",
            "geometry": {
                "type": "Point",
                "coordinates": [
                    121.565778181686,
                    25.026563999721
                ]
            },
            "properties": {
                "city": "臺北市",
                "name": "Q Burger信義吳興店",
                "phone": "(02)27200965",
                "address": "臺北市信義區吳興街281巷59號",
                "district": "信義區",
                "latitude": 25.026563999721,
                "longitude": 121.565778181686,
                "data_source": "臺北市環保局",
                "eco_attributes": "()",
                "certification_level": "認證中"
            }
        },
        {
            "id": 854,
            "type": "Feature",
            "geometry": {
                "type": "Point",
                "coordinates": [
                    121.568693742887,
                    25.026309315593
                ]
            },
            "properties": {
                "city": "臺北市",
                "name": "Q Burger信義松仁店",
                "phone": "(02)27208119",
                "address": "臺北市信義區松仁路227號",
                "district": "信義區",
                "latitude": 25.026309315593,
                "longitude": 121.568693742887,
                "data_source": "臺北市環保局",
                "eco_attributes": "()",
                "certification_level": "認證中"
            }
        },
        {
            "id": 855,
            "type": "Feature",
            "geometry": {
                "type": "Point",
                "coordinates": [
                    121.578491433327,
                    25.039514584951
                ]
            },
            "properties": {
                "city": "臺北市",
                "name": "Q Burger信義松山店",
                "phone": "(02)27279620",
                "address": "臺北市信義區松山路465巷2號",
                "district": "信義區",
                "latitude": 25.039514584951,
                "longitude": 121.578491433327,
                "data_source": "臺北市環保局",
                "eco_attributes": "()",
                "certification_level": "認證中"
            }
        },
        {
            "id": 856,
            "type": "Feature",
            "geometry": {
                "type": "Point",
                "coordinates": [
                    121.570416223989,
                    25.045445284362
                ]
            },
            "properties": {
                "city": "臺北市",
                "name": "Q Burger信義永吉店",
                "phone": "(02)27653337",
                "address": "臺北市信義區永吉路120巷1號",
                "district": "信義區",
                "latitude": 25.045445284362,
                "longitude": 121.570416223989,
                "data_source": "臺北市環保局",
                "eco_attributes": "()",
                "certification_level": "認證中"
            }
        },
        {
            "id": 857,
            "type": "Feature",
            "geometry": {
                "type": "Point",
                "coordinates": [
                    121.577795483907,
                    25.035876042692
                ]
            },
            "properties": {
                "city": "臺北市",
                "name": "Q Burger信義虎林店",
                "phone": "(02)27279868",
                "address": "臺北市信義區信義路六段106號",
                "district": "信義區",
                "latitude": 25.035876042692,
                "longitude": 121.577795483907,
                "data_source": "臺北市環保局",
                "eco_attributes": "()",
                "certification_level": "認證中"
            }
        },
        {
            "id": 858,
            "type": "Feature",
            "geometry": {
                "type": "Point",
                "coordinates": [
                    121.515838970205,
                    25.067776225073
                ]
            },
            "properties": {
                "city": "臺北市",
                "name": "Q Burger大同大龍店",
                "phone": "(02)25996128",
                "address": "臺北市信義區大龍街150號",
                "district": "信義區",
                "latitude": 25.067776225073,
                "longitude": 121.515838970205,
                "data_source": "臺北市環保局",
                "eco_attributes": "()",
                "certification_level": "認證中"
            }
        },
        {
            "id": 859,
            "type": "Feature",
            "geometry": {
                "type": "Point",
                "coordinates": [
                    121.513242424239,
                    25.062797206949
                ]
            },
            "properties": {
                "city": "臺北市",
                "name": "Q Burger大橋頭店",
                "phone": "(02)25500147",
                "address": "臺北市信義區民權西路226號",
                "district": "信義區",
                "latitude": 25.062797206949,
                "longitude": 121.513242424239,
                "data_source": "臺北市環保局",
                "eco_attributes": "()",
                "certification_level": "認證中"
            }
        },
        {
            "id": 860,
            "type": "Feature",
            "geometry": {
                "type": "Point",
                "coordinates": [
                    121.566020921602,
                    25.035668087674
                ]
            },
            "properties": {
                "city": "臺北市",
                "name": "乾杯燒肉居酒屋 信義 ATT 店",
                "phone": "(02)87860808",
                "address": "臺北市信義區台北市信義區松壽路12號",
                "district": "信義區",
                "latitude": 25.035668087674,
                "longitude": 121.566020921602,
                "data_source": "臺北市環保局",
                "eco_attributes": "()",
                "certification_level": "認證中"
            }
        },
        {
            "id": 861,
            "type": "Feature",
            "geometry": {
                "type": "Point",
                "coordinates": [
                    121.566073979049,
                    25.042705910766
                ]
            },
            "properties": {
                "city": "臺北市",
                "name": "優喜-鍋物專門店",
                "phone": "(02)27493636",
                "address": "臺北市信義區基隆路一段147巷5弄5號",
                "district": "信義區",
                "latitude": 25.042705910766,
                "longitude": 121.566073979049,
                "data_source": "臺北市環保局",
                "eco_attributes": "()",
                "certification_level": "認證中"
            }
        },
        {
            "id": 862,
            "type": "Feature",
            "geometry": {
                "type": "Point",
                "coordinates": [
                    121.565417005478,
                    25.040864616186
                ]
            },
            "properties": {
                "city": "臺北市",
                "name": "博多天麩羅山海",
                "phone": "(02)27231885",
                "address": "臺北市信義區忠孝東路五段8號",
                "district": "信義區",
                "latitude": 25.040864616186,
                "longitude": 121.565417005478,
                "data_source": "臺北市環保局",
                "eco_attributes": "()",
                "certification_level": "認證中"
            }
        },
        {
            "id": 863,
            "type": "Feature",
            "geometry": {
                "type": "Point",
                "coordinates": [
                    121.581023690096,
                    25.041245867052
                ]
            },
            "properties": {
                "city": "臺北市",
                "name": "吾家可歸朝食販賣部",
                "phone": "(02)27599075",
                "address": "臺北市信義區大道路42巷21號",
                "district": "信義區",
                "latitude": 25.041245867052,
                "longitude": 121.581023690096,
                "data_source": "臺北市環保局",
                "eco_attributes": "()",
                "certification_level": "認證中"
            }
        },
        {
            "id": 864,
            "type": "Feature",
            "geometry": {
                "type": "Point",
                "coordinates": [
                    121.578252465268,
                    25.048455854435
                ]
            },
            "properties": {
                "city": "臺北市",
                "name": "大戶屋松山車站店",
                "phone": "(02)25287775",
                "address": "臺北市信義區松山路11號",
                "district": "信義區",
                "latitude": 25.048455854435,
                "longitude": 121.578252465268,
                "data_source": "臺北市環保局",
                "eco_attributes": "()",
                "certification_level": "認證中"
            }
        },
        {
            "id": 865,
            "type": "Feature",
            "geometry": {
                "type": "Point",
                "coordinates": [
                    121.565417005478,
                    25.040864616186
                ]
            },
            "properties": {
                "city": "臺北市",
                "name": "大戶屋統一時代店",
                "phone": "(02)89780886",
                "address": "臺北市信義區忠孝東路五段8號",
                "district": "信義區",
                "latitude": 25.040864616186,
                "longitude": 121.565417005478,
                "data_source": "臺北市環保局",
                "eco_attributes": "()",
                "certification_level": "認證中"
            }
        },
        {
            "id": 866,
            "type": "Feature",
            "geometry": {
                "type": "Point",
                "coordinates": [
                    121.566719888508,
                    25.041359735206
                ]
            },
            "properties": {
                "city": "臺北市",
                "name": "小醉好(信義店)|法式下午茶Day Drink & 小餐酒館",
                "phone": "(02)27566629",
                "address": "臺北市信義區忠孝東路五段61號",
                "district": "信義區",
                "latitude": 25.041359735206,
                "longitude": 121.566719888508,
                "data_source": "臺北市環保局",
                "eco_attributes": "()",
                "certification_level": "認證中"
            }
        },
        {
            "id": 867,
            "type": "Feature",
            "geometry": {
                "type": "Point",
                "coordinates": [
                    121.564089144377,
                    25.042276589685
                ]
            },
            "properties": {
                "city": "臺北市",
                "name": "帽哥海味",
                "phone": "",
                "address": "臺北市信義區忠孝東路四段559巷16弄8號",
                "district": "信義區",
                "latitude": 25.042276589685,
                "longitude": 121.564089144377,
                "data_source": "臺北市環保局",
                "eco_attributes": "()",
                "certification_level": "認證中"
            }
        },
        {
            "id": 868,
            "type": "Feature",
            "geometry": {
                "type": "Point",
                "coordinates": [
                    121.563783791644,
                    25.037523002847
                ]
            },
            "properties": {
                "city": "臺北市",
                "name": "府宴餐廳",
                "phone": "(02)27588950",
                "address": "臺北市信義區市府路1號",
                "district": "信義區",
                "latitude": 25.037523002847,
                "longitude": 121.563783791644,
                "data_source": "臺北市環保局",
                "eco_attributes": "()",
                "certification_level": "認證中"
            }
        },
        {
            "id": 869,
            "type": "Feature",
            "geometry": {
                "type": "Point",
                "coordinates": [
                    121.56460396087,
                    25.03352416448
                ]
            },
            "properties": {
                "city": "臺北市",
                "name": "捌伍添第",
                "phone": "(02)81010085",
                "address": "臺北市信義區信義路五段7號85號樓B側",
                "district": "信義區",
                "latitude": 25.03352416448,
                "longitude": 121.56460396087,
                "data_source": "臺北市環保局",
                "eco_attributes": "()",
                "certification_level": "認證中"
            }
        },
        {
            "id": 870,
            "type": "Feature",
            "geometry": {
                "type": "Point",
                "coordinates": [
                    121.578422198807,
                    25.04132997945
                ]
            },
            "properties": {
                "city": "臺北市",
                "name": "有之和牛台北忠孝",
                "phone": "(02)87851117",
                "address": "臺北市信義區110臺北市信義區忠孝東路五段497號",
                "district": "信義區",
                "latitude": 25.04132997945,
                "longitude": 121.578422198807,
                "data_source": "臺北市環保局",
                "eco_attributes": "()",
                "certification_level": "認證中"
            }
        },
        {
            "id": 871,
            "type": "Feature",
            "geometry": {
                "type": "Point",
                "coordinates": [
                    121.567967870072,
                    25.036731960735
                ]
            },
            "properties": {
                "city": "臺北市",
                "name": "樂檸漢堡（信義遠百門市）",
                "phone": "(02)27255260",
                "address": "臺北市信義區松仁路58號",
                "district": "信義區",
                "latitude": 25.036731960735,
                "longitude": 121.567967870072,
                "data_source": "臺北市環保局",
                "eco_attributes": "()",
                "certification_level": "認證中"
            }
        },
        {
            "id": 872,
            "type": "Feature",
            "geometry": {
                "type": "Point",
                "coordinates": [
                    121.565774493649,
                    25.034435319265
                ]
            },
            "properties": {
                "city": "臺北市",
                "name": "海底撈火鍋",
                "phone": "(02)87801855",
                "address": "臺北市信義區松智路17號2B",
                "district": "信義區",
                "latitude": 25.034435319265,
                "longitude": 121.565774493649,
                "data_source": "臺北市環保局",
                "eco_attributes": "()",
                "certification_level": "認證中"
            }
        },
        {
            "id": 873,
            "type": "Feature",
            "geometry": {
                "type": "Point",
                "coordinates": [
                    121.567967870072,
                    25.036731960735
                ]
            },
            "properties": {
                "city": "臺北市",
                "name": "涮乃葉-信義遠百店",
                "phone": "(02)27230698",
                "address": "臺北市信義區台北市信義區松仁路58號",
                "district": "信義區",
                "latitude": 25.036731960735,
                "longitude": 121.567967870072,
                "data_source": "臺北市環保局",
                "eco_attributes": "()",
                "certification_level": "認證中"
            }
        },
        {
            "id": 874,
            "type": "Feature",
            "geometry": {
                "type": "Point",
                "coordinates": [
                    121.565417005478,
                    25.040864616186
                ]
            },
            "properties": {
                "city": "臺北市",
                "name": "涮乃葉-統一時代市府店",
                "phone": "(02)27230646",
                "address": "臺北市信義區台北市信義區忠孝東路5段8號",
                "district": "信義區",
                "latitude": 25.040864616186,
                "longitude": 121.565417005478,
                "data_source": "臺北市環保局",
                "eco_attributes": "()",
                "certification_level": "認證中"
            }
        },
        {
            "id": 875,
            "type": "Feature",
            "geometry": {
                "type": "Point",
                "coordinates": [
                    121.578422198807,
                    25.04132997945
                ]
            },
            "properties": {
                "city": "臺北市",
                "name": "燒肉Smile台北忠孝",
                "phone": "(02)87852227",
                "address": "臺北市信義區忠孝東路五段497號",
                "district": "信義區",
                "latitude": 25.04132997945,
                "longitude": 121.578422198807,
                "data_source": "臺北市環保局",
                "eco_attributes": "()",
                "certification_level": "認證中"
            }
        },
        {
            "id": 876,
            "type": "Feature",
            "geometry": {
                "type": "Point",
                "coordinates": [
                    121.562601188925,
                    25.040452603735
                ]
            },
            "properties": {
                "city": "臺北市",
                "name": "王鍋屋逸仙創始總店",
                "phone": "(02)27588380",
                "address": "臺北市信義區逸仙路50巷20號",
                "district": "信義區",
                "latitude": 25.040452603735,
                "longitude": 121.562601188925,
                "data_source": "臺北市環保局",
                "eco_attributes": "()",
                "certification_level": "認證中"
            }
        },
        {
            "id": 877,
            "type": "Feature",
            "geometry": {
                "type": "Point",
                "coordinates": [
                    121.559832646307,
                    25.033876623508
                ]
            },
            "properties": {
                "city": "臺北市",
                "name": "築間幸福鍋物信義世貿店",
                "phone": "(02)27201555",
                "address": "臺北市信義區台北市信義區基隆路一段426號",
                "district": "信義區",
                "latitude": 25.033876623508,
                "longitude": 121.559832646307,
                "data_source": "臺北市環保局",
                "eco_attributes": "()",
                "certification_level": "認證中"
            }
        },
        {
            "id": 878,
            "type": "Feature",
            "geometry": {
                "type": "Point",
                "coordinates": [
                    121.579993721833,
                    25.04228220556
                ]
            },
            "properties": {
                "city": "臺北市",
                "name": "築間幸福鍋物台北忠孝一",
                "phone": "(02)87852222",
                "address": "臺北市信義區110臺北市信義區忠孝東路五段695號",
                "district": "信義區",
                "latitude": 25.04228220556,
                "longitude": 121.579993721833,
                "data_source": "臺北市環保局",
                "eco_attributes": "()",
                "certification_level": "認證中"
            }
        },
        {
            "id": 879,
            "type": "Feature",
            "geometry": {
                "type": "Point",
                "coordinates": [
                    121.566662304833,
                    25.036081608867
                ]
            },
            "properties": {
                "city": "臺北市",
                "name": "老乾杯 信義店",
                "phone": "(02)27253311",
                "address": "臺北市信義區台北市信義區松壽路9號",
                "district": "信義區",
                "latitude": 25.036081608867,
                "longitude": 121.566662304833,
                "data_source": "臺北市環保局",
                "eco_attributes": "()",
                "certification_level": "認證中"
            }
        },
        {
            "id": 880,
            "type": "Feature",
            "geometry": {
                "type": "Point",
                "coordinates": [
                    121.563149197755,
                    25.041991856434
                ]
            },
            "properties": {
                "city": "臺北市",
                "name": "老莫派咖哩",
                "phone": "(02)66039032",
                "address": "臺北市信義區忠孝東路四段553巷2弄7號",
                "district": "信義區",
                "latitude": 25.041991856434,
                "longitude": 121.563149197755,
                "data_source": "臺北市環保局",
                "eco_attributes": "()",
                "certification_level": "認證中"
            }
        },
        {
            "id": 881,
            "type": "Feature",
            "geometry": {
                "type": "Point",
                "coordinates": [
                    121.559718652423,
                    25.03139977112
                ]
            },
            "properties": {
                "city": "臺北市",
                "name": "芋品苑．先森吃麵",
                "phone": "(02)87333373",
                "address": "臺北市信義區吳興街26號一樓",
                "district": "信義區",
                "latitude": 25.03139977112,
                "longitude": 121.559718652423,
                "data_source": "臺北市環保局",
                "eco_attributes": "()",
                "certification_level": "認證中"
            }
        },
        {
            "id": 882,
            "type": "Feature",
            "geometry": {
                "type": "Point",
                "coordinates": [
                    121.56878091468,
                    25.034519305934
                ]
            },
            "properties": {
                "city": "臺北市",
                "name": "華南銀行員工餐廳",
                "phone": "(02)237131113",
                "address": "臺北市信義區松仁路123號",
                "district": "信義區",
                "latitude": 25.034519305934,
                "longitude": 121.56878091468,
                "data_source": "臺北市環保局",
                "eco_attributes": "()",
                "certification_level": "認證中"
            }
        },
        {
            "id": 883,
            "type": "Feature",
            "geometry": {
                "type": "Point",
                "coordinates": [
                    121.570113804922,
                    25.042614045107
                ]
            },
            "properties": {
                "city": "臺北市",
                "name": "蔬漫小姐Miss Shumaan.house",
                "phone": "(02)27662386",
                "address": "臺北市信義區永吉路120巷82號1F",
                "district": "信義區",
                "latitude": 25.042614045107,
                "longitude": 121.570113804922,
                "data_source": "臺北市環保局",
                "eco_attributes": "()",
                "certification_level": "認證中"
            }
        },
        {
            "id": 884,
            "type": "Feature",
            "geometry": {
                "type": "Point",
                "coordinates": [
                    121.566020921602,
                    25.035668087674
                ]
            },
            "properties": {
                "city": "臺北市",
                "name": "藏壽司 信義ATT店",
                "phone": "(02)77340800",
                "address": "臺北市信義區松壽路12號",
                "district": "信義區",
                "latitude": 25.035668087674,
                "longitude": 121.566020921602,
                "data_source": "臺北市環保局",
                "eco_attributes": "()",
                "certification_level": "認證中"
            }
        },
        {
            "id": 885,
            "type": "Feature",
            "geometry": {
                "type": "Point",
                "coordinates": [
                    121.567277033612,
                    25.038728823438
                ]
            },
            "properties": {
                "city": "臺北市",
                "name": "藏壽司 微風松高店",
                "phone": "(02)27206900",
                "address": "臺北市信義區松高路16號",
                "district": "信義區",
                "latitude": 25.038728823438,
                "longitude": 121.567277033612,
                "data_source": "臺北市環保局",
                "eco_attributes": "()",
                "certification_level": "認證中"
            }
        },
        {
            "id": 886,
            "type": "Feature",
            "geometry": {
                "type": "Point",
                "coordinates": [
                    121.565774493649,
                    25.034435319265
                ]
            },
            "properties": {
                "city": "臺北市",
                "name": "金色三麥 UMAMI微風南山店",
                "phone": "(02)27291229",
                "address": "臺北市信義區台北市信義區松智路17號",
                "district": "信義區",
                "latitude": 25.034435319265,
                "longitude": 121.565774493649,
                "data_source": "臺北市環保局",
                "eco_attributes": "()",
                "certification_level": "認證中"
            }
        },
        {
            "id": 887,
            "type": "Feature",
            "geometry": {
                "type": "Point",
                "coordinates": [
                    121.565242326616,
                    25.039515129775
                ]
            },
            "properties": {
                "city": "臺北市",
                "name": "金色三麥 信義誠品店",
                "phone": "(02)87895911",
                "address": "臺北市信義區台北市信義區松高路11號",
                "district": "信義區",
                "latitude": 25.039515129775,
                "longitude": 121.565242326616,
                "data_source": "臺北市環保局",
                "eco_attributes": "()",
                "certification_level": "認證中"
            }
        },
        {
            "id": 888,
            "type": "Feature",
            "geometry": {
                "type": "Point",
                "coordinates": [
                    121.563059176115,
                    25.042648117543
                ]
            },
            "properties": {
                "city": "臺北市",
                "name": "鳥作洋食",
                "phone": "(02)27567966",
                "address": "臺北市信義區忠孝東路四段553巷16弄2號",
                "district": "信義區",
                "latitude": 25.042648117543,
                "longitude": 121.563059176115,
                "data_source": "臺北市環保局",
                "eco_attributes": "()",
                "certification_level": "認證中"
            }
        },
        {
            "id": 889,
            "type": "Feature",
            "geometry": {
                "type": "Point",
                "coordinates": [
                    121.585181114071,
                    25.038683938346
                ]
            },
            "properties": {
                "city": "臺北市",
                "name": "麥味登信義福德",
                "phone": "(02)27271825",
                "address": "臺北市信義區福德街246號",
                "district": "信義區",
                "latitude": 25.038683938346,
                "longitude": 121.585181114071,
                "data_source": "臺北市環保局",
                "eco_attributes": "()",
                "certification_level": "認證中"
            }
        },
        {
            "id": 890,
            "type": "Feature",
            "geometry": {
                "type": "Point",
                "coordinates": [
                    121.561566191521,
                    25.030588444802
                ]
            },
            "properties": {
                "city": "臺北市",
                "name": "麥味登北市世貿莊敬店",
                "phone": "(02)87861811",
                "address": "臺北市信義區莊敬路203號",
                "district": "信義區",
                "latitude": 25.030588444802,
                "longitude": 121.561566191521,
                "data_source": "臺北市環保局",
                "eco_attributes": "()",
                "certification_level": "認證中"
            }
        },
        {
            "id": 891,
            "type": "Feature",
            "geometry": {
                "type": "Point",
                "coordinates": [
                    121.556802085394,
                    25.028112430604
                ]
            },
            "properties": {
                "city": "臺北市",
                "name": "麥味登北市信義基隆店",
                "phone": "(02)27327880",
                "address": "臺北市信義區基隆路二段131-2號",
                "district": "信義區",
                "latitude": 25.028112430604,
                "longitude": 121.556802085394,
                "data_source": "臺北市環保局",
                "eco_attributes": "()",
                "certification_level": "認證中"
            }
        },
        {
            "id": 892,
            "type": "Feature",
            "geometry": {
                "type": "Point",
                "coordinates": [
                    121.553382436537,
                    25.024897551641
                ]
            },
            "properties": {
                "city": "臺北市",
                "name": "麥味登北市六張犁店",
                "phone": "(02)27323011",
                "address": "臺北市信義區基隆路二段183號",
                "district": "信義區",
                "latitude": 25.024897551641,
                "longitude": 121.553382436537,
                "data_source": "臺北市環保局",
                "eco_attributes": "()",
                "certification_level": "認證中"
            }
        },
        {
            "id": 893,
            "type": "Feature",
            "geometry": {
                "type": "Point",
                "coordinates": [
                    121.582117863736,
                    25.041380689964
                ]
            },
            "properties": {
                "city": "臺北市",
                "name": "麥味登北市大道",
                "phone": "(02)27598668",
                "address": "臺北市信義區大道路50號",
                "district": "信義區",
                "latitude": 25.041380689964,
                "longitude": 121.582117863736,
                "data_source": "臺北市環保局",
                "eco_attributes": "()",
                "certification_level": "認證中"
            }
        },
        {
            "id": 894,
            "type": "Feature",
            "geometry": {
                "type": "Point",
                "coordinates": [
                    121.558948271702,
                    25.033712380116
                ]
            },
            "properties": {
                "city": "臺北市",
                "name": "麥味登北市天秤獅",
                "phone": "(02)27589477",
                "address": "臺北市信義區光復南路473巷29號",
                "district": "信義區",
                "latitude": 25.033712380116,
                "longitude": 121.558948271702,
                "data_source": "臺北市環保局",
                "eco_attributes": "()",
                "certification_level": "認證中"
            }
        },
        {
            "id": 895,
            "type": "Feature",
            "geometry": {
                "type": "Point",
                "coordinates": [
                    121.566185709818,
                    25.042332622708
                ]
            },
            "properties": {
                "city": "臺北市",
                "name": "麥味登北市府捷運店",
                "phone": "(02)27491801",
                "address": "臺北市信義區基隆路1段147巷12號",
                "district": "信義區",
                "latitude": 25.042332622708,
                "longitude": 121.566185709818,
                "data_source": "臺北市環保局",
                "eco_attributes": "()",
                "certification_level": "認證中"
            }
        },
        {
            "id": 896,
            "type": "Feature",
            "geometry": {
                "type": "Point",
                "coordinates": [
                    121.579455771288,
                    25.040906399973
                ]
            },
            "properties": {
                "city": "臺北市",
                "name": "麥味登北市忠孝店",
                "phone": "(02)23463923",
                "address": "臺北市信義區忠孝東路5段524巷6號",
                "district": "信義區",
                "latitude": 25.040906399973,
                "longitude": 121.579455771288,
                "data_source": "臺北市環保局",
                "eco_attributes": "()",
                "certification_level": "認證中"
            }
        },
        {
            "id": 897,
            "type": "Feature",
            "geometry": {
                "type": "Point",
                "coordinates": [
                    121.569071096167,
                    25.025177339569
                ]
            },
            "properties": {
                "city": "臺北市",
                "name": "麥味登北市松仁",
                "phone": "(02)27585197",
                "address": "臺北市信義區松仁路232號",
                "district": "信義區",
                "latitude": 25.025177339569,
                "longitude": 121.569071096167,
                "data_source": "臺北市環保局",
                "eco_attributes": "()",
                "certification_level": "認證中"
            }
        },
        {
            "id": 898,
            "type": "Feature",
            "geometry": {
                "type": "Point",
                "coordinates": [
                    121.577969073121,
                    25.044471768217
                ]
            },
            "properties": {
                "city": "臺北市",
                "name": "麥味登北市松山",
                "phone": "(02)27682899",
                "address": "臺北市信義區松山路241號",
                "district": "信義區",
                "latitude": 25.044471768217,
                "longitude": 121.577969073121,
                "data_source": "臺北市環保局",
                "eco_attributes": "()",
                "certification_level": "認證中"
            }
        },
        {
            "id": 899,
            "type": "Feature",
            "geometry": {
                "type": "Point",
                "coordinates": [
                    121.574778501678,
                    25.035477399377
                ]
            },
            "properties": {
                "city": "臺北市",
                "name": "麥味登北市松德",
                "phone": "(02)27260169",
                "address": "臺北市信義區松德路193號",
                "district": "信義區",
                "latitude": 25.035477399377,
                "longitude": 121.574778501678,
                "data_source": "臺北市環保局",
                "eco_attributes": "()",
                "certification_level": "認證中"
            }
        },
        {
            "id": 900,
            "type": "Feature",
            "geometry": {
                "type": "Point",
                "coordinates": [
                    121.576542808477,
                    25.03984793324
                ]
            },
            "properties": {
                "city": "臺北市",
                "name": "麥味登北市永春",
                "phone": "(02)27220602",
                "address": "臺北市信義區忠孝東路五段372巷27弄77-1號",
                "district": "信義區",
                "latitude": 25.03984793324,
                "longitude": 121.576542808477,
                "data_source": "臺北市環保局",
                "eco_attributes": "()",
                "certification_level": "認證中"
            }
        },
        {
            "id": 901,
            "type": "Feature",
            "geometry": {
                "type": "Point",
                "coordinates": [
                    121.564448057471,
                    25.026440534287
                ]
            },
            "properties": {
                "city": "臺北市",
                "name": "麥味登北市百勝",
                "phone": "(02)27584827",
                "address": "臺北市信義區吳興街281巷14號",
                "district": "信義區",
                "latitude": 25.026440534287,
                "longitude": 121.564448057471,
                "data_source": "臺北市環保局",
                "eco_attributes": "()",
                "certification_level": "認證中"
            }
        },
        {
            "id": 902,
            "type": "Feature",
            "geometry": {
                "type": "Point",
                "coordinates": [
                    121.555345226803,
                    25.02284080024
                ]
            },
            "properties": {
                "city": "臺北市",
                "name": "麥味登台北陽光店",
                "phone": "(02)27339595",
                "address": "臺北市信義區信安街155號",
                "district": "信義區",
                "latitude": 25.02284080024,
                "longitude": 121.555345226803,
                "data_source": "臺北市環保局",
                "eco_attributes": "()",
                "certification_level": "認證中"
            }
        },
        {
            "id": 903,
            "type": "Feature",
            "geometry": {
                "type": "Point",
                "coordinates": [
                    121.566693820789,
                    25.040647776351
                ]
            },
            "properties": {
                "city": "臺北市",
                "name": "麻辣45 本店",
                "phone": "(02)27253358",
                "address": "臺北市信義區台北市信義區忠孝東路五段 68 號 45 樓",
                "district": "信義區",
                "latitude": 25.040647776351,
                "longitude": 121.566693820789,
                "data_source": "臺北市環保局",
                "eco_attributes": "()",
                "certification_level": "認證中"
            }
        },
        {
            "id": 904,
            "type": "Feature",
            "geometry": {
                "type": "Point",
                "coordinates": [
                    121.566020921602,
                    25.035668087674
                ]
            },
            "properties": {
                "city": "臺北市",
                "name": "黑毛屋 信義 ATT 店",
                "phone": "(02)77362698",
                "address": "臺北市信義區台北市信義區松壽路 12 號 4 樓",
                "district": "信義區",
                "latitude": 25.035668087674,
                "longitude": 121.566020921602,
                "data_source": "臺北市環保局",
                "eco_attributes": "()",
                "certification_level": "認證中"
            }
        },
        {
            "id": 905,
            "type": "Feature",
            "geometry": {
                "type": "Point",
                "coordinates": [
                    121.56666691488,
                    25.039359058737
                ]
            },
            "properties": {
                "city": "臺北市",
                "name": "黑毛屋本家 信義店",
                "phone": "(02)27237722",
                "address": "臺北市信義區台北市信義區松高路 19 號 6 樓",
                "district": "信義區",
                "latitude": 25.039359058737,
                "longitude": 121.56666691488,
                "data_source": "臺北市環保局",
                "eco_attributes": "()",
                "certification_level": "認證中"
            }
        },
        {
            "id": 906,
            "type": "Feature",
            "geometry": {
                "type": "Point",
                "coordinates": [
                    121.565242326616,
                    25.039515129775
                ]
            },
            "properties": {
                "city": "臺北市",
                "name": "默爾Pasta Pizza(信義誠品店)",
                "phone": "(02)27224660",
                "address": "臺北市信義區松高路11號",
                "district": "信義區",
                "latitude": 25.039515129775,
                "longitude": 121.565242326616,
                "data_source": "臺北市環保局",
                "eco_attributes": "()",
                "certification_level": "認證中"
            }
        },
        {
            "id": 907,
            "type": "Feature",
            "geometry": {
                "type": "Point",
                "coordinates": [
                    121.575364899624,
                    25.060140688466
                ]
            },
            "properties": {
                "city": "臺北市",
                "name": "88號樂章-88 La Plaza",
                "phone": "(02)27943800",
                "address": "臺北市內湖區民善街88號",
                "district": "內湖區",
                "latitude": 25.060140688466,
                "longitude": 121.575364899624,
                "data_source": "臺北市環保局",
                "eco_attributes": "()",
                "certification_level": "認證中"
            }
        },
        {
            "id": 908,
            "type": "Feature",
            "geometry": {
                "type": "Point",
                "coordinates": [
                    121.577834208299,
                    25.064401503217
                ]
            },
            "properties": {
                "city": "臺北市",
                "name": "LIFE KITCHEN",
                "phone": "(02)27931818",
                "address": "臺北市內湖區新湖三路134號",
                "district": "內湖區",
                "latitude": 25.064401503217,
                "longitude": 121.577834208299,
                "data_source": "臺北市環保局",
                "eco_attributes": "()",
                "certification_level": "認證中"
            }
        },
        {
            "id": 909,
            "type": "Feature",
            "geometry": {
                "type": "Point",
                "coordinates": [
                    121.590517452727,
                    25.077784175555
                ]
            },
            "properties": {
                "city": "臺北市",
                "name": "Q Burger內湖星雲店",
                "phone": "(02)27922009",
                "address": "臺北市內湖區星雲街14號",
                "district": "內湖區",
                "latitude": 25.077784175555,
                "longitude": 121.590517452727,
                "data_source": "臺北市環保局",
                "eco_attributes": "()",
                "certification_level": "認證中"
            }
        },
        {
            "id": 910,
            "type": "Feature",
            "geometry": {
                "type": "Point",
                "coordinates": [
                    121.588763288031,
                    25.081545261238
                ]
            },
            "properties": {
                "city": "臺北市",
                "name": "Q Burger內湖達人店",
                "phone": "(02)27909865",
                "address": "臺北市內湖區內湖路二段326號",
                "district": "內湖區",
                "latitude": 25.081545261238,
                "longitude": 121.588763288031,
                "data_source": "臺北市環保局",
                "eco_attributes": "()",
                "certification_level": "認證中"
            }
        },
        {
            "id": 911,
            "type": "Feature",
            "geometry": {
                "type": "Point",
                "coordinates": [
                    121.592370523881,
                    25.084944919257
                ]
            },
            "properties": {
                "city": "臺北市",
                "name": "Q Burger內湖金龍店",
                "phone": "(02)27928292",
                "address": "臺北市內湖區金龍路74號",
                "district": "內湖區",
                "latitude": 25.084944919257,
                "longitude": 121.592370523881,
                "data_source": "臺北市環保局",
                "eco_attributes": "()",
                "certification_level": "認證中"
            }
        },
        {
            "id": 912,
            "type": "Feature",
            "geometry": {
                "type": "Point",
                "coordinates": [
                    121.575040771428,
                    25.081579668951
                ]
            },
            "properties": {
                "city": "臺北市",
                "name": "Q Burger內湖麗山店",
                "phone": "(02)26276424",
                "address": "臺北市內湖區內湖路一段629巷41號",
                "district": "內湖區",
                "latitude": 25.081579668951,
                "longitude": 121.575040771428,
                "data_source": "臺北市環保局",
                "eco_attributes": "()",
                "certification_level": "認證中"
            }
        },
        {
            "id": 913,
            "type": "Feature",
            "geometry": {
                "type": "Point",
                "coordinates": [
                    121.5888703,
                    25.0695059
                ]
            },
            "properties": {
                "city": "臺北市",
                "name": "SKYLARK加州風洋食館-內湖大潤發2店",
                "phone": "(02)27966280",
                "address": "臺北市內湖區台北市內湖區舊宗路188號",
                "district": "內湖區",
                "latitude": 25.0695059,
                "longitude": 121.5888703,
                "data_source": "臺北市環保局",
                "eco_attributes": "()",
                "certification_level": "認證中"
            }
        },
        {
            "id": 914,
            "type": "Feature",
            "geometry": {
                "type": "Point",
                "coordinates": [
                    121.61127364338,
                    25.070210204027
                ]
            },
            "properties": {
                "city": "臺北市",
                "name": "SKYLARK加州風洋食館-東湖康寧店",
                "phone": "(02)26332850",
                "address": "臺北市內湖區台北市內湖區康寧路3段72號",
                "district": "內湖區",
                "latitude": 25.070210204027,
                "longitude": 121.61127364338,
                "data_source": "臺北市環保局",
                "eco_attributes": "()",
                "certification_level": "認證中"
            }
        },
        {
            "id": 915,
            "type": "Feature",
            "geometry": {
                "type": "Point",
                "coordinates": [
                    121.594060315562,
                    25.061401578161
                ]
            },
            "properties": {
                "city": "臺北市",
                "name": "中國信託內湖行政大樓員工餐廳",
                "phone": "(02)81787777",
                "address": "臺北市內湖區安康路22巷33號",
                "district": "內湖區",
                "latitude": 25.061401578161,
                "longitude": 121.594060315562,
                "data_source": "臺北市環保局",
                "eco_attributes": "()",
                "certification_level": "認證中"
            }
        },
        {
            "id": 916,
            "type": "Feature",
            "geometry": {
                "type": "Point",
                "coordinates": [
                    121.591982106488,
                    25.071800418697
                ]
            },
            "properties": {
                "city": "臺北市",
                "name": "優米自助餐(微風．三總商店街)",
                "phone": "(02)87923311",
                "address": "臺北市內湖區成功路二段325號",
                "district": "內湖區",
                "latitude": 25.071800418697,
                "longitude": 121.591982106488,
                "data_source": "臺北市環保局",
                "eco_attributes": "()",
                "certification_level": "認證中"
            }
        },
        {
            "id": 917,
            "type": "Feature",
            "geometry": {
                "type": "Point",
                "coordinates": [
                    121.571471589418,
                    25.078489847983
                ]
            },
            "properties": {
                "city": "臺北市",
                "name": "十里安?手麵 瑞光旗艦店",
                "phone": "(02)87975398",
                "address": "臺北市內湖區台北市內湖區瑞光路413號",
                "district": "內湖區",
                "latitude": 25.078489847983,
                "longitude": 121.571471589418,
                "data_source": "臺北市環保局",
                "eco_attributes": "()",
                "certification_level": "認證中"
            }
        },
        {
            "id": 918,
            "type": "Feature",
            "geometry": {
                "type": "Point",
                "coordinates": [
                    121.591982106488,
                    25.071800418697
                ]
            },
            "properties": {
                "city": "臺北市",
                "name": "喜陽鮮食(微風．三總商店街)",
                "phone": "(02)879233111",
                "address": "臺北市內湖區成功路二段325號",
                "district": "內湖區",
                "latitude": 25.071800418697,
                "longitude": 121.591982106488,
                "data_source": "臺北市環保局",
                "eco_attributes": "()",
                "certification_level": "認證中"
            }
        },
        {
            "id": 919,
            "type": "Feature",
            "geometry": {
                "type": "Point",
                "coordinates": [
                    121.591982106488,
                    25.071800418697
                ]
            },
            "properties": {
                "city": "臺北市",
                "name": "大井屋(微風．三總商店街)",
                "phone": "(02)87923311",
                "address": "臺北市內湖區成功路二段325號",
                "district": "內湖區",
                "latitude": 25.071800418697,
                "longitude": 121.591982106488,
                "data_source": "臺北市環保局",
                "eco_attributes": "()",
                "certification_level": "認證中"
            }
        },
        {
            "id": 920,
            "type": "Feature",
            "geometry": {
                "type": "Point",
                "coordinates": [
                    121.611974035209,
                    25.069969978682
                ]
            },
            "properties": {
                "city": "臺北市",
                "name": "大戶屋東湖店",
                "phone": "(02)26338839",
                "address": "臺北市內湖區康寧路三段187號",
                "district": "內湖區",
                "latitude": 25.069969978682,
                "longitude": 121.611974035209,
                "data_source": "臺北市環保局",
                "eco_attributes": "()",
                "certification_level": "認證中"
            }
        },
        {
            "id": 921,
            "type": "Feature",
            "geometry": {
                "type": "Point",
                "coordinates": [
                    121.591982106488,
                    25.071800418697
                ]
            },
            "properties": {
                "city": "臺北市",
                "name": "好好吃大餛飩(微風．三總商店街)",
                "phone": "(02)879233111",
                "address": "臺北市內湖區成功路二段325號",
                "district": "內湖區",
                "latitude": 25.071800418697,
                "longitude": 121.591982106488,
                "data_source": "臺北市環保局",
                "eco_attributes": "()",
                "certification_level": "認證中"
            }
        },
        {
            "id": 922,
            "type": "Feature",
            "geometry": {
                "type": "Point",
                "coordinates": [
                    121.591982106488,
                    25.071800418697
                ]
            },
            "properties": {
                "city": "臺北市",
                "name": "小南門傳統豆花(微風．三總商店街)",
                "phone": "(02)87923311",
                "address": "臺北市內湖區成功路二段325號",
                "district": "內湖區",
                "latitude": 25.071800418697,
                "longitude": 121.591982106488,
                "data_source": "臺北市環保局",
                "eco_attributes": "()",
                "certification_level": "認證中"
            }
        },
        {
            "id": 923,
            "type": "Feature",
            "geometry": {
                "type": "Point",
                "coordinates": [
                    121.591982106488,
                    25.071800418697
                ]
            },
            "properties": {
                "city": "臺北市",
                "name": "怡來養生食舖(微風．三總商店街)",
                "phone": "(02)879233111",
                "address": "臺北市內湖區成功路二段325號",
                "district": "內湖區",
                "latitude": 25.071800418697,
                "longitude": 121.591982106488,
                "data_source": "臺北市環保局",
                "eco_attributes": "()",
                "certification_level": "認證中"
            }
        },
        {
            "id": 924,
            "type": "Feature",
            "geometry": {
                "type": "Point",
                "coordinates": [
                    121.591982106488,
                    25.071800418697
                ]
            },
            "properties": {
                "city": "臺北市",
                "name": "明德素食園(微風．三總商店街)",
                "phone": "(02)879233111",
                "address": "臺北市內湖區成功路二段325號",
                "district": "內湖區",
                "latitude": 25.071800418697,
                "longitude": 121.591982106488,
                "data_source": "臺北市環保局",
                "eco_attributes": "()",
                "certification_level": "認證中"
            }
        },
        {
            "id": 925,
            "type": "Feature",
            "geometry": {
                "type": "Point",
                "coordinates": [
                    121.591982106488,
                    25.071800418697
                ]
            },
            "properties": {
                "city": "臺北市",
                "name": "李記中式餐廳(微風．三總商店街)",
                "phone": "(02)879233111",
                "address": "臺北市內湖區成功路二段325號",
                "district": "內湖區",
                "latitude": 25.071800418697,
                "longitude": 121.591982106488,
                "data_source": "臺北市環保局",
                "eco_attributes": "()",
                "certification_level": "認證中"
            }
        },
        {
            "id": 926,
            "type": "Feature",
            "geometry": {
                "type": "Point",
                "coordinates": [
                    121.591982106488,
                    25.071800418697
                ]
            },
            "properties": {
                "city": "臺北市",
                "name": "楊記(微風．三總商店街)",
                "phone": "(02)879233111",
                "address": "臺北市內湖區成功路二段325號",
                "district": "內湖區",
                "latitude": 25.071800418697,
                "longitude": 121.591982106488,
                "data_source": "臺北市環保局",
                "eco_attributes": "()",
                "certification_level": "認證中"
            }
        },
        {
            "id": 927,
            "type": "Feature",
            "geometry": {
                "type": "Point",
                "coordinates": [
                    121.569761429713,
                    25.081682011989
                ]
            },
            "properties": {
                "city": "臺北市",
                "name": "燒肉Smile台北內湖店",
                "phone": "(02)26599555",
                "address": "臺北市內湖區台北市內湖區內湖路一段320號",
                "district": "內湖區",
                "latitude": 25.081682011989,
                "longitude": 121.569761429713,
                "data_source": "臺北市環保局",
                "eco_attributes": "()",
                "certification_level": "認證中"
            }
        },
        {
            "id": 928,
            "type": "Feature",
            "geometry": {
                "type": "Point",
                "coordinates": [
                    121.581039867169,
                    25.081781547089
                ]
            },
            "properties": {
                "city": "臺北市",
                "name": "珍珠?子喫茶屋",
                "phone": "(02)27973972",
                "address": "臺北市內湖區內湖路二段103巷38號",
                "district": "內湖區",
                "latitude": 25.081781547089,
                "longitude": 121.581039867169,
                "data_source": "臺北市環保局",
                "eco_attributes": "()",
                "certification_level": "認證中"
            }
        },
        {
            "id": 929,
            "type": "Feature",
            "geometry": {
                "type": "Point",
                "coordinates": [
                    121.591733834516,
                    25.081786199045
                ]
            },
            "properties": {
                "city": "臺北市",
                "name": "築間幸福鍋物內湖成功",
                "phone": "(02)27952275",
                "address": "臺北市內湖區114臺北市內湖區成功路4段34號",
                "district": "內湖區",
                "latitude": 25.081786199045,
                "longitude": 121.591733834516,
                "data_source": "臺北市環保局",
                "eco_attributes": "()",
                "certification_level": "認證中"
            }
        },
        {
            "id": 930,
            "type": "Feature",
            "geometry": {
                "type": "Point",
                "coordinates": [
                    121.569701163829,
                    25.081698943433
                ]
            },
            "properties": {
                "city": "臺北市",
                "name": "築間幸福鍋物台北內湖",
                "phone": "(02)26561277",
                "address": "臺北市內湖區114台北市內湖區內湖路一段318號",
                "district": "內湖區",
                "latitude": 25.081698943433,
                "longitude": 121.569701163829,
                "data_source": "臺北市環保局",
                "eco_attributes": "()",
                "certification_level": "認證中"
            }
        },
        {
            "id": 931,
            "type": "Feature",
            "geometry": {
                "type": "Point",
                "coordinates": [
                    121.591982106488,
                    25.071800418697
                ]
            },
            "properties": {
                "city": "臺北市",
                "name": "老董(微風．三總商店街)",
                "phone": "(02)879233111",
                "address": "臺北市內湖區成功路二段325號",
                "district": "內湖區",
                "latitude": 25.071800418697,
                "longitude": 121.591982106488,
                "data_source": "臺北市環保局",
                "eco_attributes": "()",
                "certification_level": "認證中"
            }
        },
        {
            "id": 932,
            "type": "Feature",
            "geometry": {
                "type": "Point",
                "coordinates": [
                    121.591982106488,
                    25.071800418697
                ]
            },
            "properties": {
                "city": "臺北市",
                "name": "花蓮扁食(微風．三總商店街)",
                "phone": "(02)879233111",
                "address": "臺北市內湖區成功路二段325號",
                "district": "內湖區",
                "latitude": 25.071800418697,
                "longitude": 121.591982106488,
                "data_source": "臺北市環保局",
                "eco_attributes": "()",
                "certification_level": "認證中"
            }
        },
        {
            "id": 933,
            "type": "Feature",
            "geometry": {
                "type": "Point",
                "coordinates": [
                    121.591982106488,
                    25.071800418697
                ]
            },
            "properties": {
                "city": "臺北市",
                "name": "西雅圖極品咖啡(微風．三總商店街)",
                "phone": "(02)879233111",
                "address": "臺北市內湖區成功路二段325號",
                "district": "內湖區",
                "latitude": 25.071800418697,
                "longitude": 121.591982106488,
                "data_source": "臺北市環保局",
                "eco_attributes": "()",
                "certification_level": "認證中"
            }
        },
        {
            "id": 934,
            "type": "Feature",
            "geometry": {
                "type": "Point",
                "coordinates": [
                    121.571259359629,
                    25.077800645995
                ]
            },
            "properties": {
                "city": "臺北市",
                "name": "麥味登內湖光寶",
                "phone": "",
                "address": "臺北市內湖區瑞光路392號",
                "district": "內湖區",
                "latitude": 25.077800645995,
                "longitude": 121.571259359629,
                "data_source": "臺北市環保局",
                "eco_attributes": "()",
                "certification_level": "認證中"
            }
        },
        {
            "id": 935,
            "type": "Feature",
            "geometry": {
                "type": "Point",
                "coordinates": [
                    121.567937024668,
                    25.084231577387
                ]
            },
            "properties": {
                "city": "臺北市",
                "name": "麥味登內湖園區",
                "phone": "(02)26275822",
                "address": "臺北市內湖區內湖路一段323巷30號",
                "district": "內湖區",
                "latitude": 25.084231577387,
                "longitude": 121.567937024668,
                "data_source": "臺北市環保局",
                "eco_attributes": "()",
                "certification_level": "認證中"
            }
        },
        {
            "id": 936,
            "type": "Feature",
            "geometry": {
                "type": "Point",
                "coordinates": [
                    121.562148482335,
                    25.08677732902
                ]
            },
            "properties": {
                "city": "臺北市",
                "name": "麥味登內湖文湖",
                "phone": "(02)87516996",
                "address": "臺北市內湖區文湖街49號",
                "district": "內湖區",
                "latitude": 25.08677732902,
                "longitude": 121.562148482335,
                "data_source": "臺北市環保局",
                "eco_attributes": "()",
                "certification_level": "認證中"
            }
        },
        {
            "id": 937,
            "type": "Feature",
            "geometry": {
                "type": "Point",
                "coordinates": [
                    121.585003082447,
                    25.057258612969
                ]
            },
            "properties": {
                "city": "臺北市",
                "name": "麥味登內湖新明",
                "phone": "(02)27960603",
                "address": "臺北市內湖區新明路198號",
                "district": "內湖區",
                "latitude": 25.057258612969,
                "longitude": 121.585003082447,
                "data_source": "臺北市環保局",
                "eco_attributes": "()",
                "certification_level": "認證中"
            }
        },
        {
            "id": 938,
            "type": "Feature",
            "geometry": {
                "type": "Point",
                "coordinates": [
                    121.577454759543,
                    25.064081398334
                ]
            },
            "properties": {
                "city": "臺北市",
                "name": "麥味登內湖新湖",
                "phone": "(02)27956995",
                "address": "臺北市內湖區新湖三路118號",
                "district": "內湖區",
                "latitude": 25.064081398334,
                "longitude": 121.577454759543,
                "data_source": "臺北市環保局",
                "eco_attributes": "()",
                "certification_level": "認證中"
            }
        },
        {
            "id": 939,
            "type": "Feature",
            "geometry": {
                "type": "Point",
                "coordinates": [
                    121.583158728472,
                    25.07722363578
                ]
            },
            "properties": {
                "city": "臺北市",
                "name": "麥味登內湖旗艦",
                "phone": "(02)26272227",
                "address": "臺北市內湖區文德路90巷43號",
                "district": "內湖區",
                "latitude": 25.07722363578,
                "longitude": 121.583158728472,
                "data_source": "臺北市環保局",
                "eco_attributes": "()",
                "certification_level": "認證中"
            }
        },
        {
            "id": 940,
            "type": "Feature",
            "geometry": {
                "type": "Point",
                "coordinates": [
                    121.590382084991,
                    25.077658405098
                ]
            },
            "properties": {
                "city": "臺北市",
                "name": "麥味登內湖星雲",
                "phone": "(02)87920660",
                "address": "臺北市內湖區星雲街10號1F",
                "district": "內湖區",
                "latitude": 25.077658405098,
                "longitude": 121.590382084991,
                "data_source": "臺北市環保局",
                "eco_attributes": "()",
                "certification_level": "認證中"
            }
        },
        {
            "id": 941,
            "type": "Feature",
            "geometry": {
                "type": "Point",
                "coordinates": [
                    121.571294228347,
                    25.082135598679
                ]
            },
            "properties": {
                "city": "臺北市",
                "name": "麥味登內湖波士店",
                "phone": "(02)26277311",
                "address": "臺北市內湖區內湖路一段411巷9弄4號",
                "district": "內湖區",
                "latitude": 25.082135598679,
                "longitude": 121.571294228347,
                "data_source": "臺北市環保局",
                "eco_attributes": "()",
                "certification_level": "認證中"
            }
        },
        {
            "id": 942,
            "type": "Feature",
            "geometry": {
                "type": "Point",
                "coordinates": [
                    121.591044171523,
                    25.085592588915
                ]
            },
            "properties": {
                "city": "臺北市",
                "name": "麥味登內湖碧湖",
                "phone": "(02)87916778",
                "address": "臺北市內湖區金龍路107號",
                "district": "內湖區",
                "latitude": 25.085592588915,
                "longitude": 121.591044171523,
                "data_source": "臺北市環保局",
                "eco_attributes": "()",
                "certification_level": "認證中"
            }
        },
        {
            "id": 943,
            "type": "Feature",
            "geometry": {
                "type": "Point",
                "coordinates": [
                    121.607585270706,
                    25.071091519236
                ]
            },
            "properties": {
                "city": "臺北市",
                "name": "麥味登內湖葫洲",
                "phone": "(02)26333323",
                "address": "臺北市內湖區民權東路六段296巷67號",
                "district": "內湖區",
                "latitude": 25.071091519236,
                "longitude": 121.607585270706,
                "data_source": "臺北市環保局",
                "eco_attributes": "()",
                "certification_level": "認證中"
            }
        },
        {
            "id": 944,
            "type": "Feature",
            "geometry": {
                "type": "Point",
                "coordinates": [
                    121.591982106488,
                    25.071800418697
                ]
            },
            "properties": {
                "city": "臺北市",
                "name": "龍凰號(微風．三總商店街)",
                "phone": "(02)87923311",
                "address": "臺北市內湖區成功路二段325號",
                "district": "內湖區",
                "latitude": 25.071800418697,
                "longitude": 121.591982106488,
                "data_source": "臺北市環保局",
                "eco_attributes": "()",
                "certification_level": "認證中"
            }
        },
        {
            "id": 945,
            "type": "Feature",
            "geometry": {
                "type": "Point",
                "coordinates": [
                    121.510690218541,
                    25.115033856181
                ]
            },
            "properties": {
                "city": "臺北市",
                "name": "Los TOAST 洛城吐司",
                "phone": "(02)28208206",
                "address": "臺北市北投區實踐街82巷6號",
                "district": "北投區",
                "latitude": 25.115033856181,
                "longitude": 121.510690218541,
                "data_source": "臺北市環保局",
                "eco_attributes": "()",
                "certification_level": "認證中"
            }
        },
        {
            "id": 946,
            "type": "Feature",
            "geometry": {
                "type": "Point",
                "coordinates": [
                    121.520675945258,
                    25.118886737357
                ]
            },
            "properties": {
                "city": "臺北市",
                "name": "Mos摩斯漢堡(北榮美食街)",
                "phone": "(02)28710185",
                "address": "臺北市北投區石牌路二段201號生活廣場",
                "district": "北投區",
                "latitude": 25.118886737357,
                "longitude": 121.520675945258,
                "data_source": "臺北市環保局",
                "eco_attributes": "()",
                "certification_level": "認證中"
            }
        },
        {
            "id": 947,
            "type": "Feature",
            "geometry": {
                "type": "Point",
                "coordinates": [
                    121.49816220696,
                    25.1435658965
                ]
            },
            "properties": {
                "city": "臺北市",
                "name": "Q Burger北投中和店",
                "phone": "(02)28915262",
                "address": "臺北市北投區中和街402號",
                "district": "北投區",
                "latitude": 25.1435658965,
                "longitude": 121.49816220696,
                "data_source": "臺北市環保局",
                "eco_attributes": "()",
                "certification_level": "認證中"
            }
        },
        {
            "id": 948,
            "type": "Feature",
            "geometry": {
                "type": "Point",
                "coordinates": [
                    121.499485122738,
                    25.130107284118
                ]
            },
            "properties": {
                "city": "臺北市",
                "name": "Q Burger北投大興店",
                "phone": "(02)28941027",
                "address": "臺北市北投區大興街48號",
                "district": "北投區",
                "latitude": 25.130107284118,
                "longitude": 121.499485122738,
                "data_source": "臺北市環保局",
                "eco_attributes": "()",
                "certification_level": "認證中"
            }
        },
        {
            "id": 949,
            "type": "Feature",
            "geometry": {
                "type": "Point",
                "coordinates": [
                    121.509812214184,
                    25.115294407641
                ]
            },
            "properties": {
                "city": "臺北市",
                "name": "Q Burger北投實踐店",
                "phone": "(02)28250909",
                "address": "臺北市北投區實踐街61號",
                "district": "北投區",
                "latitude": 25.115294407641,
                "longitude": 121.509812214184,
                "data_source": "臺北市環保局",
                "eco_attributes": "()",
                "certification_level": "認證中"
            }
        },
        {
            "id": 950,
            "type": "Feature",
            "geometry": {
                "type": "Point",
                "coordinates": [
                    121.519605210759,
                    25.111066282313
                ]
            },
            "properties": {
                "city": "臺北市",
                "name": "Q Burger北投懷德店",
                "phone": "(02)28202320",
                "address": "臺北市北投區建民路161-5號",
                "district": "北投區",
                "latitude": 25.111066282313,
                "longitude": 121.519605210759,
                "data_source": "臺北市環保局",
                "eco_attributes": "()",
                "certification_level": "認證中"
            }
        },
        {
            "id": 951,
            "type": "Feature",
            "geometry": {
                "type": "Point",
                "coordinates": [
                    121.46708948606,
                    25.120835935288
                ]
            },
            "properties": {
                "city": "臺北市",
                "name": "Q Burger北投知行店",
                "phone": "(02)28585885",
                "address": "臺北市北投區知行路249號",
                "district": "北投區",
                "latitude": 25.120835935288,
                "longitude": 121.46708948606,
                "data_source": "臺北市環保局",
                "eco_attributes": "()",
                "certification_level": "認證中"
            }
        },
        {
            "id": 952,
            "type": "Feature",
            "geometry": {
                "type": "Point",
                "coordinates": [
                    121.514464840998,
                    25.118900763392
                ]
            },
            "properties": {
                "city": "臺北市",
                "name": "Q Burger北投立農店",
                "phone": "(02)28236017",
                "address": "臺北市北投區立農街二段259號",
                "district": "北投區",
                "latitude": 25.118900763392,
                "longitude": 121.514464840998,
                "data_source": "臺北市環保局",
                "eco_attributes": "()",
                "certification_level": "認證中"
            }
        },
        {
            "id": 953,
            "type": "Feature",
            "geometry": {
                "type": "Point",
                "coordinates": [
                    121.515206136515,
                    25.109373012143
                ]
            },
            "properties": {
                "city": "臺北市",
                "name": "Q Burger北投致遠店",
                "phone": "(02)28250606",
                "address": "臺北市北投區致遠一路一段95號",
                "district": "北投區",
                "latitude": 25.109373012143,
                "longitude": 121.515206136515,
                "data_source": "臺北市環保局",
                "eco_attributes": "()",
                "certification_level": "認證中"
            }
        },
        {
            "id": 954,
            "type": "Feature",
            "geometry": {
                "type": "Point",
                "coordinates": [
                    121.520675945258,
                    25.118886737357
                ]
            },
            "properties": {
                "city": "臺北市",
                "name": "十勝石燒(北榮美食街)",
                "phone": "",
                "address": "臺北市北投區石牌路二段201號生活廣場",
                "district": "北投區",
                "latitude": 25.118886737357,
                "longitude": 121.520675945258,
                "data_source": "臺北市環保局",
                "eco_attributes": "()",
                "certification_level": "認證中"
            }
        },
        {
            "id": 955,
            "type": "Feature",
            "geometry": {
                "type": "Point",
                "coordinates": [
                    121.510035424265,
                    25.11530140653
                ]
            },
            "properties": {
                "city": "臺北市",
                "name": "味?屋",
                "phone": "(02)28283230",
                "address": "臺北市北投區實踐街67號",
                "district": "北投區",
                "latitude": 25.11530140653,
                "longitude": 121.510035424265,
                "data_source": "臺北市環保局",
                "eco_attributes": "()",
                "certification_level": "認證中"
            }
        },
        {
            "id": 956,
            "type": "Feature",
            "geometry": {
                "type": "Point",
                "coordinates": [
                    121.507277694301,
                    25.134627895958
                ]
            },
            "properties": {
                "city": "臺北市",
                "name": "大地酒店-喜歡廳",
                "phone": "(02)55518888",
                "address": "臺北市北投區奇岩路一號",
                "district": "北投區",
                "latitude": 25.134627895958,
                "longitude": 121.507277694301,
                "data_source": "臺北市環保局",
                "eco_attributes": "()",
                "certification_level": "認證中"
            }
        },
        {
            "id": 957,
            "type": "Feature",
            "geometry": {
                "type": "Point",
                "coordinates": [
                    121.507277694301,
                    25.134627895958
                ]
            },
            "properties": {
                "city": "臺北市",
                "name": "大地酒店-奇岩一號",
                "phone": "(02)55518888",
                "address": "臺北市北投區奇岩路1號",
                "district": "北投區",
                "latitude": 25.134627895958,
                "longitude": 121.507277694301,
                "data_source": "臺北市環保局",
                "eco_attributes": "()",
                "certification_level": "認證中"
            }
        },
        {
            "id": 958,
            "type": "Feature",
            "geometry": {
                "type": "Point",
                "coordinates": [
                    121.507277694301,
                    25.134627895958
                ]
            },
            "properties": {
                "city": "臺北市",
                "name": "大地酒店-月兒彎彎",
                "phone": "(02)55518888",
                "address": "臺北市北投區奇岩路1號",
                "district": "北投區",
                "latitude": 25.134627895958,
                "longitude": 121.507277694301,
                "data_source": "臺北市環保局",
                "eco_attributes": "()",
                "certification_level": "認證中"
            }
        },
        {
            "id": 959,
            "type": "Feature",
            "geometry": {
                "type": "Point",
                "coordinates": [
                    121.504342687085,
                    25.137092468858
                ]
            },
            "properties": {
                "city": "臺北市",
                "name": "大戶屋新北投店",
                "phone": "(02)28951255",
                "address": "臺北市北投區中心里泉源路１２號",
                "district": "北投區",
                "latitude": 25.137092468858,
                "longitude": 121.504342687085,
                "data_source": "臺北市環保局",
                "eco_attributes": "()",
                "certification_level": "認證中"
            }
        },
        {
            "id": 960,
            "type": "Feature",
            "geometry": {
                "type": "Point",
                "coordinates": [
                    121.520675945258,
                    25.118886737357
                ]
            },
            "properties": {
                "city": "臺北市",
                "name": "安永鮮食(北榮美食街)",
                "phone": "",
                "address": "臺北市北投區石牌路二段201號生活廣場",
                "district": "北投區",
                "latitude": 25.118886737357,
                "longitude": 121.520675945258,
                "data_source": "臺北市環保局",
                "eco_attributes": "()",
                "certification_level": "認證中"
            }
        },
        {
            "id": 961,
            "type": "Feature",
            "geometry": {
                "type": "Point",
                "coordinates": [
                    121.520675945258,
                    25.118886737357
                ]
            },
            "properties": {
                "city": "臺北市",
                "name": "小南門/小南門點心世界(北榮美食街)",
                "phone": "(02)28751220",
                "address": "臺北市北投區石牌路二段201號生活廣場",
                "district": "北投區",
                "latitude": 25.118886737357,
                "longitude": 121.520675945258,
                "data_source": "臺北市環保局",
                "eco_attributes": "()",
                "certification_level": "認證中"
            }
        },
        {
            "id": 962,
            "type": "Feature",
            "geometry": {
                "type": "Point",
                "coordinates": [
                    121.511031697277,
                    25.136215302691
                ]
            },
            "properties": {
                "city": "臺北市",
                "name": "山?咖啡",
                "phone": "(02)28939325",
                "address": "臺北市北投區溫泉路110-1號",
                "district": "北投區",
                "latitude": 25.136215302691,
                "longitude": 121.511031697277,
                "data_source": "臺北市環保局",
                "eco_attributes": "()",
                "certification_level": "認證中"
            }
        },
        {
            "id": 963,
            "type": "Feature",
            "geometry": {
                "type": "Point",
                "coordinates": [
                    121.520675945258,
                    25.118886737357
                ]
            },
            "properties": {
                "city": "臺北市",
                "name": "明德素食園(北榮美食街)",
                "phone": "(02)28739465",
                "address": "臺北市北投區石牌路二段201號生活廣場",
                "district": "北投區",
                "latitude": 25.118886737357,
                "longitude": 121.520675945258,
                "data_source": "臺北市環保局",
                "eco_attributes": "()",
                "certification_level": "認證中"
            }
        },
        {
            "id": 964,
            "type": "Feature",
            "geometry": {
                "type": "Point",
                "coordinates": [
                    121.520675945258,
                    25.118886737357
                ]
            },
            "properties": {
                "city": "臺北市",
                "name": "洪祖師擔仔麵(北榮美食街)",
                "phone": "",
                "address": "臺北市北投區石牌路二段201號生活廣場",
                "district": "北投區",
                "latitude": 25.118886737357,
                "longitude": 121.520675945258,
                "data_source": "臺北市環保局",
                "eco_attributes": "()",
                "certification_level": "認證中"
            }
        },
        {
            "id": 965,
            "type": "Feature",
            "geometry": {
                "type": "Point",
                "coordinates": [
                    121.520675945258,
                    25.118886737357
                ]
            },
            "properties": {
                "city": "臺北市",
                "name": "甲大鴻港式燒臘(北榮美食街)",
                "phone": "",
                "address": "臺北市北投區石牌路二段201號生活廣場",
                "district": "北投區",
                "latitude": 25.118886737357,
                "longitude": 121.520675945258,
                "data_source": "臺北市環保局",
                "eco_attributes": "()",
                "certification_level": "認證中"
            }
        },
        {
            "id": 966,
            "type": "Feature",
            "geometry": {
                "type": "Point",
                "coordinates": [
                    121.520675945258,
                    25.118886737357
                ]
            },
            "properties": {
                "city": "臺北市",
                "name": "皇家傳承(北榮美食街)",
                "phone": "(02)28747328",
                "address": "臺北市北投區石牌路二段201號生活廣場",
                "district": "北投區",
                "latitude": 25.118886737357,
                "longitude": 121.520675945258,
                "data_source": "臺北市環保局",
                "eco_attributes": "()",
                "certification_level": "認證中"
            }
        },
        {
            "id": 967,
            "type": "Feature",
            "geometry": {
                "type": "Point",
                "coordinates": [
                    121.513300594647,
                    25.114333045256
                ]
            },
            "properties": {
                "city": "臺北市",
                "name": "築間幸福鍋物北投石牌",
                "phone": "(02)28289366",
                "address": "臺北市北投區112臺北市北投區石牌路一段160號",
                "district": "北投區",
                "latitude": 25.114333045256,
                "longitude": 121.513300594647,
                "data_source": "臺北市環保局",
                "eco_attributes": "()",
                "certification_level": "認證中"
            }
        },
        {
            "id": 968,
            "type": "Feature",
            "geometry": {
                "type": "Point",
                "coordinates": [
                    121.520675945258,
                    25.118886737357
                ]
            },
            "properties": {
                "city": "臺北市",
                "name": "紅豆食府(北榮美食街)",
                "phone": "(02)28713068",
                "address": "臺北市北投區石牌路二段201號生活廣場",
                "district": "北投區",
                "latitude": 25.118886737357,
                "longitude": 121.520675945258,
                "data_source": "臺北市環保局",
                "eco_attributes": "()",
                "certification_level": "認證中"
            }
        },
        {
            "id": 969,
            "type": "Feature",
            "geometry": {
                "type": "Point",
                "coordinates": [
                    121.500452897279,
                    25.130396878873
                ]
            },
            "properties": {
                "city": "臺北市",
                "name": "美華閣湯包麵食館",
                "phone": "(02)28977288",
                "address": "臺北市北投區大興街58號",
                "district": "北投區",
                "latitude": 25.130396878873,
                "longitude": 121.500452897279,
                "data_source": "臺北市環保局",
                "eco_attributes": "()",
                "certification_level": "認證中"
            }
        },
        {
            "id": 970,
            "type": "Feature",
            "geometry": {
                "type": "Point",
                "coordinates": [
                    121.520675945258,
                    25.118886737357
                ]
            },
            "properties": {
                "city": "臺北市",
                "name": "義美見學餐廳(北榮美食街)",
                "phone": "(02)28749302",
                "address": "臺北市北投區石牌路二段201號生活廣場",
                "district": "北投區",
                "latitude": 25.118886737357,
                "longitude": 121.520675945258,
                "data_source": "臺北市環保局",
                "eco_attributes": "()",
                "certification_level": "認證中"
            }
        },
        {
            "id": 971,
            "type": "Feature",
            "geometry": {
                "type": "Point",
                "coordinates": [
                    121.520675945258,
                    25.118886737357
                ]
            },
            "properties": {
                "city": "臺北市",
                "name": "西雅圖極品咖啡(北榮美食街)",
                "phone": "(02)28760276",
                "address": "臺北市北投區石牌路二段201號生活廣場",
                "district": "北投區",
                "latitude": 25.118886737357,
                "longitude": 121.520675945258,
                "data_source": "臺北市環保局",
                "eco_attributes": "()",
                "certification_level": "認證中"
            }
        },
        {
            "id": 972,
            "type": "Feature",
            "geometry": {
                "type": "Point",
                "coordinates": [
                    121.514527531817,
                    25.138335504416
                ]
            },
            "properties": {
                "city": "臺北市",
                "name": "財團法人福祿文化基金會北投文物館",
                "phone": "(02)289123181",
                "address": "臺北市北投區幽雅路32號",
                "district": "北投區",
                "latitude": 25.138335504416,
                "longitude": 121.514527531817,
                "data_source": "臺北市環保局",
                "eco_attributes": "()",
                "certification_level": "認證中"
            }
        },
        {
            "id": 973,
            "type": "Feature",
            "geometry": {
                "type": "Point",
                "coordinates": [
                    121.50178679335,
                    25.126355460438
                ]
            },
            "properties": {
                "city": "臺北市",
                "name": "麥味登北投奇岩",
                "phone": "(02)28985212",
                "address": "臺北市北投區三合街二段463號",
                "district": "北投區",
                "latitude": 25.126355460438,
                "longitude": 121.50178679335,
                "data_source": "臺北市環保局",
                "eco_attributes": "()",
                "certification_level": "認證中"
            }
        },
        {
            "id": 974,
            "type": "Feature",
            "geometry": {
                "type": "Point",
                "coordinates": [
                    121.509796707663,
                    25.115194034351
                ]
            },
            "properties": {
                "city": "臺北市",
                "name": "麥味登北投實踐",
                "phone": "(02)28201888",
                "address": "臺北市北投區實踐街62號",
                "district": "北投區",
                "latitude": 25.115194034351,
                "longitude": 121.509796707663,
                "data_source": "臺北市環保局",
                "eco_attributes": "()",
                "certification_level": "認證中"
            }
        },
        {
            "id": 975,
            "type": "Feature",
            "geometry": {
                "type": "Point",
                "coordinates": [
                    121.515171016341,
                    25.118821889683
                ]
            },
            "properties": {
                "city": "臺北市",
                "name": "麥味登北投陽明",
                "phone": "(02)28220198",
                "address": "臺北市北投區立農街二段275號",
                "district": "北投區",
                "latitude": 25.118821889683,
                "longitude": 121.515171016341,
                "data_source": "臺北市環保局",
                "eco_attributes": "()",
                "certification_level": "認證中"
            }
        },
        {
            "id": 976,
            "type": "Feature",
            "geometry": {
                "type": "Point",
                "coordinates": [
                    121.587649416918,
                    25.039387892484
                ]
            },
            "properties": {
                "city": "臺北市",
                "name": "Q Burger南港福德店",
                "phone": "(02)26519876",
                "address": "臺北市南港區福德街312號",
                "district": "南港區",
                "latitude": 25.039387892484,
                "longitude": 121.587649416918,
                "data_source": "臺北市環保局",
                "eco_attributes": "()",
                "certification_level": "認證中"
            }
        },
        {
            "id": 977,
            "type": "Feature",
            "geometry": {
                "type": "Point",
                "coordinates": [
                    121.616179236032,
                    25.058917223969
                ]
            },
            "properties": {
                "city": "臺北市",
                "name": "中國信託金融園區員工餐廳",
                "phone": "(02)33277777",
                "address": "臺北市南港區經貿二路168號",
                "district": "南港區",
                "latitude": 25.058917223969,
                "longitude": 121.616179236032,
                "data_source": "臺北市環保局",
                "eco_attributes": "()",
                "certification_level": "認證中"
            }
        },
        {
            "id": 978,
            "type": "Feature",
            "geometry": {
                "type": "Point",
                "coordinates": [
                    121.614968805395,
                    25.058742880383
                ]
            },
            "properties": {
                "city": "臺北市",
                "name": "乾杯燒肉居酒屋 南港中信店",
                "phone": "(02)27866066",
                "address": "臺北市南港區台北市南港區經貿二路186-1號",
                "district": "南港區",
                "latitude": 25.058742880383,
                "longitude": 121.614968805395,
                "data_source": "臺北市環保局",
                "eco_attributes": "()",
                "certification_level": "認證中"
            }
        },
        {
            "id": 979,
            "type": "Feature",
            "geometry": {
                "type": "Point",
                "coordinates": [
                    121.616124837481,
                    25.058395282858
                ]
            },
            "properties": {
                "city": "臺北市",
                "name": "古拉爵 義式屋-南港中信店",
                "phone": "(02)27892688",
                "address": "臺北市南港區台北市南港區經貿二路166號",
                "district": "南港區",
                "latitude": 25.058395282858,
                "longitude": 121.616124837481,
                "data_source": "臺北市環保局",
                "eco_attributes": "()",
                "certification_level": "認證中"
            }
        },
        {
            "id": 980,
            "type": "Feature",
            "geometry": {
                "type": "Point",
                "coordinates": [
                    121.607208336521,
                    25.052670191532
                ]
            },
            "properties": {
                "city": "臺北市",
                "name": "大戶屋南港車站店",
                "phone": "(02)26512778",
                "address": "臺北市南港區忠孝東路7段369號",
                "district": "南港區",
                "latitude": 25.052670191532,
                "longitude": 121.607208336521,
                "data_source": "臺北市環保局",
                "eco_attributes": "()",
                "certification_level": "認證中"
            }
        },
        {
            "id": 981,
            "type": "Feature",
            "geometry": {
                "type": "Point",
                "coordinates": [
                    121.585287815698,
                    25.052175114421
                ]
            },
            "properties": {
                "city": "臺北市",
                "name": "宮保王食品有限公司",
                "phone": "(02)26519947",
                "address": "臺北市南港區南港路三段149巷49弄12號",
                "district": "南港區",
                "latitude": 25.052175114421,
                "longitude": 121.585287815698,
                "data_source": "臺北市環保局",
                "eco_attributes": "()",
                "certification_level": "認證中"
            }
        },
        {
            "id": 982,
            "type": "Feature",
            "geometry": {
                "type": "Point",
                "coordinates": [
                    121.606055824834,
                    25.052512444115
                ]
            },
            "properties": {
                "city": "臺北市",
                "name": "敘日全日餐廳",
                "phone": "(02)66156526",
                "address": "臺北市南港區忠孝東路七段359號",
                "district": "南港區",
                "latitude": 25.052512444115,
                "longitude": 121.606055824834,
                "data_source": "臺北市環保局",
                "eco_attributes": "()",
                "certification_level": "認證中"
            }
        },
        {
            "id": 983,
            "type": "Feature",
            "geometry": {
                "type": "Point",
                "coordinates": [
                    121.607496254895,
                    25.052571117437
                ]
            },
            "properties": {
                "city": "臺北市",
                "name": "朱記餡餅粥店",
                "phone": "(02)26510264",
                "address": "臺北市南港區忠孝東路七段371號",
                "district": "南港區",
                "latitude": 25.052571117437,
                "longitude": 121.607496254895,
                "data_source": "臺北市環保局",
                "eco_attributes": "()",
                "certification_level": "認證中"
            }
        },
        {
            "id": 984,
            "type": "Feature",
            "geometry": {
                "type": "Point",
                "coordinates": [
                    121.614663787938,
                    25.058843253673
                ]
            },
            "properties": {
                "city": "臺北市",
                "name": "涮乃葉-南港中信店",
                "phone": "(02)26530155",
                "address": "臺北市南港區台北市南港區經貿二路188-1號",
                "district": "南港區",
                "latitude": 25.058843253673,
                "longitude": 121.614663787938,
                "data_source": "臺北市環保局",
                "eco_attributes": "()",
                "certification_level": "認證中"
            }
        },
        {
            "id": 985,
            "type": "Feature",
            "geometry": {
                "type": "Point",
                "coordinates": [
                    121.606743140894,
                    25.056501391836
                ]
            },
            "properties": {
                "city": "臺北市",
                "name": "築間幸福鍋物台北南港",
                "phone": "(02)26516268",
                "address": "臺北市南港區115臺北市南港區興中路56巷3號",
                "district": "南港區",
                "latitude": 25.056501391836,
                "longitude": 121.606743140894,
                "data_source": "臺北市環保局",
                "eco_attributes": "()",
                "certification_level": "認證中"
            }
        },
        {
            "id": 986,
            "type": "Feature",
            "geometry": {
                "type": "Point",
                "coordinates": [
                    121.607208336521,
                    25.052670191532
                ]
            },
            "properties": {
                "city": "臺北市",
                "name": "藏壽司 南港CITYLINK店",
                "phone": "(02)26510266",
                "address": "臺北市南港區忠孝東路七段369號",
                "district": "南港區",
                "latitude": 25.052670191532,
                "longitude": 121.607208336521,
                "data_source": "臺北市環保局",
                "eco_attributes": "()",
                "certification_level": "認證中"
            }
        },
        {
            "id": 987,
            "type": "Feature",
            "geometry": {
                "type": "Point",
                "coordinates": [
                    121.591736684363,
                    25.049736986426
                ]
            },
            "properties": {
                "city": "臺北市",
                "name": "金春發牛肉店(昆陽店)",
                "phone": "(02)26538189",
                "address": "臺北市南港區忠孝東路六段372號",
                "district": "南港區",
                "latitude": 25.049736986426,
                "longitude": 121.591736684363,
                "data_source": "臺北市環保局",
                "eco_attributes": "()",
                "certification_level": "認證中"
            }
        },
        {
            "id": 988,
            "type": "Feature",
            "geometry": {
                "type": "Point",
                "coordinates": [
                    121.604792504387,
                    25.052363497695
                ]
            },
            "properties": {
                "city": "臺北市",
                "name": "金色三麥南港CITYLINK店",
                "phone": "(02)27827000",
                "address": "臺北市南港區台北市南港區忠孝東路七段299號C棟",
                "district": "南港區",
                "latitude": 25.052363497695,
                "longitude": 121.604792504387,
                "data_source": "臺北市環保局",
                "eco_attributes": "()",
                "certification_level": "認證中"
            }
        },
        {
            "id": 989,
            "type": "Feature",
            "geometry": {
                "type": "Point",
                "coordinates": [
                    121.607496254895,
                    25.052571117437
                ]
            },
            "properties": {
                "city": "臺北市",
                "name": "靜岡勝政豬排 南港環球店",
                "phone": "(02)27865589",
                "address": "臺北市南港區忠孝東路七段371號",
                "district": "南港區",
                "latitude": 25.052571117437,
                "longitude": 121.607496254895,
                "data_source": "臺北市環保局",
                "eco_attributes": "()",
                "certification_level": "認證中"
            }
        },
        {
            "id": 990,
            "type": "Feature",
            "geometry": {
                "type": "Point",
                "coordinates": [
                    121.616198682048,
                    25.057141811148
                ]
            },
            "properties": {
                "city": "臺北市",
                "name": "餡老滿(南港旗艦店)",
                "phone": "(02)27893423",
                "address": "臺北市南港區經貿二路66號",
                "district": "南港區",
                "latitude": 25.057141811148,
                "longitude": 121.616198682048,
                "data_source": "臺北市環保局",
                "eco_attributes": "()",
                "certification_level": "認證中"
            }
        },
        {
            "id": 991,
            "type": "Feature",
            "geometry": {
                "type": "Point",
                "coordinates": [
                    121.584797977277,
                    25.045452702346
                ]
            },
            "properties": {
                "city": "臺北市",
                "name": "麥味登北市同德",
                "phone": "(02)27855330",
                "address": "臺北市南港區同德路54號",
                "district": "南港區",
                "latitude": 25.045452702346,
                "longitude": 121.584797977277,
                "data_source": "臺北市環保局",
                "eco_attributes": "()",
                "certification_level": "認證中"
            }
        },
        {
            "id": 992,
            "type": "Feature",
            "geometry": {
                "type": "Point",
                "coordinates": [
                    121.593473582339,
                    25.051699022321
                ]
            },
            "properties": {
                "city": "臺北市",
                "name": "麥味登北市昆陽",
                "phone": "(02)27883965",
                "address": "臺北市南港區昆陽街94號",
                "district": "南港區",
                "latitude": 25.051699022321,
                "longitude": 121.593473582339,
                "data_source": "臺北市環保局",
                "eco_attributes": "()",
                "certification_level": "認證中"
            }
        },
        {
            "id": 993,
            "type": "Feature",
            "geometry": {
                "type": "Point",
                "coordinates": [
                    121.611107597878,
                    25.055634996414
                ]
            },
            "properties": {
                "city": "臺北市",
                "name": "麥味登南軟園區",
                "phone": "(02)27833313",
                "address": "臺北市南港區新民街81號",
                "district": "南港區",
                "latitude": 25.055634996414,
                "longitude": 121.611107597878,
                "data_source": "臺北市環保局",
                "eco_attributes": "()",
                "certification_level": "認證中"
            }
        },
        {
            "id": 994,
            "type": "Feature",
            "geometry": {
                "type": "Point",
                "coordinates": [
                    121.614968805395,
                    25.058742880383
                ]
            },
            "properties": {
                "city": "臺北市",
                "name": "黑毛屋 南港中信店",
                "phone": "(02)27865669",
                "address": "臺北市南港區台北市南港區經貿二路 186-1 號 2 樓",
                "district": "南港區",
                "latitude": 25.058742880383,
                "longitude": 121.614968805395,
                "data_source": "臺北市環保局",
                "eco_attributes": "()",
                "certification_level": "認證中"
            }
        },
        {
            "id": 995,
            "type": "Feature",
            "geometry": {
                "type": "Point",
                "coordinates": [
                    121.52427803796,
                    25.105007004507
                ]
            },
            "properties": {
                "city": "臺北市",
                "name": "Capricciosa卡布里喬莎(天母SOGO店)",
                "phone": "(02)28332558",
                "address": "臺北市士林區中山北路六段77號8F",
                "district": "士林區",
                "latitude": 25.105007004507,
                "longitude": 121.52427803796,
                "data_source": "臺北市環保局",
                "eco_attributes": "()",
                "certification_level": "認證中"
            }
        },
        {
            "id": 996,
            "type": "Feature",
            "geometry": {
                "type": "Point",
                "coordinates": [
                    121.534037339284,
                    25.117079794927
                ]
            },
            "properties": {
                "city": "臺北市",
                "name": "KANPAI CLASSIC 天母店",
                "phone": "(02)28771550",
                "address": "臺北市士林區台北市士林區忠誠路二段 200 號 2 樓",
                "district": "士林區",
                "latitude": 25.117079794927,
                "longitude": 121.534037339284,
                "data_source": "臺北市環保局",
                "eco_attributes": "()",
                "certification_level": "認證中"
            }
        },
        {
            "id": 997,
            "type": "Feature",
            "geometry": {
                "type": "Point",
                "coordinates": [
                    121.530505289105,
                    25.065791977134
                ]
            },
            "properties": {
                "city": "臺北市",
                "name": "Q Burger中山吉林店",
                "phone": "(02)25910182",
                "address": "臺北市士林區吉林路397號",
                "district": "士林區",
                "latitude": 25.065791977134,
                "longitude": 121.530505289105,
                "data_source": "臺北市環保局",
                "eco_attributes": "()",
                "certification_level": "認證中"
            }
        },
        {
            "id": 998,
            "type": "Feature",
            "geometry": {
                "type": "Point",
                "coordinates": [
                    121.518258741832,
                    25.088781525888
                ]
            },
            "properties": {
                "city": "臺北市",
                "name": "Q Burger士林大南店",
                "phone": "(02)28820058",
                "address": "臺北市士林區大南路315號",
                "district": "士林區",
                "latitude": 25.088781525888,
                "longitude": 121.518258741832,
                "data_source": "臺北市環保局",
                "eco_attributes": "()",
                "certification_level": "認證中"
            }
        },
        {
            "id": 999,
            "type": "Feature",
            "geometry": {
                "type": "Point",
                "coordinates": [
                    121.510030143666,
                    25.083091931922
                ]
            },
            "properties": {
                "city": "臺北市",
                "name": "Q Burger士林延平店",
                "phone": "(02)28110658",
                "address": "臺北市士林區延平北路五段179號",
                "district": "士林區",
                "latitude": 25.083091931922,
                "longitude": 121.510030143666,
                "data_source": "臺北市環保局",
                "eco_attributes": "()",
                "certification_level": "認證中"
            }
        },
        {
            "id": 1000,
            "type": "Feature",
            "geometry": {
                "type": "Point",
                "coordinates": [
                    121.532665054096,
                    25.107074987659
                ]
            },
            "properties": {
                "city": "臺北市",
                "name": "Q Burger士林忠義店",
                "phone": "(02)28343148",
                "address": "臺北市士林區忠義街113-1號一樓",
                "district": "士林區",
                "latitude": 25.107074987659,
                "longitude": 121.532665054096,
                "data_source": "臺北市環保局",
                "eco_attributes": "()",
                "certification_level": "認證中"
            }
        },
        {
            "id": 1001,
            "type": "Feature",
            "geometry": {
                "type": "Point",
                "coordinates": [
                    121.507658819439,
                    25.087436900981
                ]
            },
            "properties": {
                "city": "臺北市",
                "name": "Q Burger士林社子店",
                "phone": "(02)28168058",
                "address": "臺北市士林區社子街36號",
                "district": "士林區",
                "latitude": 25.087436900981,
                "longitude": 121.507658819439,
                "data_source": "臺北市環保局",
                "eco_attributes": "()",
                "certification_level": "認證中"
            }
        },
        {
            "id": 1002,
            "type": "Feature",
            "geometry": {
                "type": "Point",
                "coordinates": [
                    121.521261810102,
                    25.080739592705
                ]
            },
            "properties": {
                "city": "臺北市",
                "name": "Q Burger士林通河店",
                "phone": "(02)28853848",
                "address": "臺北市士林區通河街125號",
                "district": "士林區",
                "latitude": 25.080739592705,
                "longitude": 121.521261810102,
                "data_source": "臺北市環保局",
                "eco_attributes": "()",
                "certification_level": "認證中"
            }
        },
        {
            "id": 1003,
            "type": "Feature",
            "geometry": {
                "type": "Point",
                "coordinates": [
                    121.527780500021,
                    25.095191083427
                ]
            },
            "properties": {
                "city": "臺北市",
                "name": "SKYLARK加州風洋食館-士林中山北店",
                "phone": "(02)28837742",
                "address": "臺北市士林區台北市士林區中山北路5段565號",
                "district": "士林區",
                "latitude": 25.095191083427,
                "longitude": 121.527780500021,
                "data_source": "臺北市環保局",
                "eco_attributes": "()",
                "certification_level": "認證中"
            }
        },
        {
            "id": 1004,
            "type": "Feature",
            "geometry": {
                "type": "Point",
                "coordinates": [
                    121.52427803796,
                    25.105007004507
                ]
            },
            "properties": {
                "city": "臺北市",
                "name": "Sarabeth's 天母店",
                "phone": "(02)28335669",
                "address": "臺北市士林區中山北路六段77號",
                "district": "士林區",
                "latitude": 25.105007004507,
                "longitude": 121.52427803796,
                "data_source": "臺北市環保局",
                "eco_attributes": "()",
                "certification_level": "認證中"
            }
        },
        {
            "id": 1005,
            "type": "Feature",
            "geometry": {
                "type": "Point",
                "coordinates": [
                    121.52427803796,
                    25.105007004507
                ]
            },
            "properties": {
                "city": "臺北市",
                "name": "UCC Caf? Mercado (天母SOGO店)",
                "phone": "(02)28350652",
                "address": "臺北市士林區中山北路六段77號",
                "district": "士林區",
                "latitude": 25.105007004507,
                "longitude": 121.52427803796,
                "data_source": "臺北市環保局",
                "eco_attributes": "()",
                "certification_level": "認證中"
            }
        },
        {
            "id": 1006,
            "type": "Feature",
            "geometry": {
                "type": "Point",
                "coordinates": [
                    121.52427803796,
                    25.105007004507
                ]
            },
            "properties": {
                "city": "臺北市",
                "name": "omo cafe （天母SOGO店）",
                "phone": "(02)28341668",
                "address": "臺北市士林區中山北路六段77號",
                "district": "士林區",
                "latitude": 25.105007004507,
                "longitude": 121.52427803796,
                "data_source": "臺北市環保局",
                "eco_attributes": "()",
                "certification_level": "認證中"
            }
        },
        {
            "id": 1007,
            "type": "Feature",
            "geometry": {
                "type": "Point",
                "coordinates": [
                    121.532738814844,
                    25.107447353707
                ]
            },
            "properties": {
                "city": "臺北市",
                "name": "中東人的私房菜",
                "phone": "(02)28330117",
                "address": "臺北市士林區忠義街117-3號",
                "district": "士林區",
                "latitude": 25.107447353707,
                "longitude": 121.532738814844,
                "data_source": "臺北市環保局",
                "eco_attributes": "()",
                "certification_level": "認證中"
            }
        },
        {
            "id": 1008,
            "type": "Feature",
            "geometry": {
                "type": "Point",
                "coordinates": [
                    121.52501556162,
                    25.094958778981
                ]
            },
            "properties": {
                "city": "臺北市",
                "name": "咖啡弄(士林店)",
                "phone": "(02)28883322",
                "address": "臺北市士林區台北市士林區中正路253號",
                "district": "士林區",
                "latitude": 25.094958778981,
                "longitude": 121.52501556162,
                "data_source": "臺北市環保局",
                "eco_attributes": "()",
                "certification_level": "認證中"
            }
        },
        {
            "id": 1009,
            "type": "Feature",
            "geometry": {
                "type": "Point",
                "coordinates": [
                    121.52427803796,
                    25.105007004507
                ]
            },
            "properties": {
                "city": "臺北市",
                "name": "大心新泰式麵食（天母SOGO店）",
                "phone": "(02)28325366",
                "address": "臺北市士林區中山北路六段77號",
                "district": "士林區",
                "latitude": 25.105007004507,
                "longitude": 121.52427803796,
                "data_source": "臺北市環保局",
                "eco_attributes": "()",
                "certification_level": "認證中"
            }
        },
        {
            "id": 1010,
            "type": "Feature",
            "geometry": {
                "type": "Point",
                "coordinates": [
                    121.531438194928,
                    25.11181105632
                ]
            },
            "properties": {
                "city": "臺北市",
                "name": "大戶屋大葉?島屋店",
                "phone": "(02)28326050",
                "address": "臺北市士林區忠誠路二段55號",
                "district": "士林區",
                "latitude": 25.11181105632,
                "longitude": 121.531438194928,
                "data_source": "臺北市環保局",
                "eco_attributes": "()",
                "certification_level": "認證中"
            }
        },
        {
            "id": 1011,
            "type": "Feature",
            "geometry": {
                "type": "Point",
                "coordinates": [
                    121.542538265485,
                    25.136655478336
                ]
            },
            "properties": {
                "city": "臺北市",
                "name": "大衛小小羊",
                "phone": "(02)28619668",
                "address": "臺北市士林區國泰街9號",
                "district": "士林區",
                "latitude": 25.136655478336,
                "longitude": 121.542538265485,
                "data_source": "臺北市環保局",
                "eco_attributes": "()",
                "certification_level": "認證中"
            }
        },
        {
            "id": 1012,
            "type": "Feature",
            "geometry": {
                "type": "Point",
                "coordinates": [
                    121.531861145763,
                    25.106262445965
                ]
            },
            "properties": {
                "city": "臺北市",
                "name": "成家小館(天母店)",
                "phone": "(02)28366668",
                "address": "臺北市士林區忠義街84號",
                "district": "士林區",
                "latitude": 25.106262445965,
                "longitude": 121.531861145763,
                "data_source": "臺北市環保局",
                "eco_attributes": "()",
                "certification_level": "認證中"
            }
        },
        {
            "id": 1013,
            "type": "Feature",
            "geometry": {
                "type": "Point",
                "coordinates": [
                    121.52427803796,
                    25.105007004507
                ]
            },
            "properties": {
                "city": "臺北市",
                "name": "成真咖啡（天母SOGO店）",
                "phone": "(02)28368881",
                "address": "臺北市士林區士林區中山北路六段77號",
                "district": "士林區",
                "latitude": 25.105007004507,
                "longitude": 121.52427803796,
                "data_source": "臺北市環保局",
                "eco_attributes": "()",
                "certification_level": "認證中"
            }
        },
        {
            "id": 1014,
            "type": "Feature",
            "geometry": {
                "type": "Point",
                "coordinates": [
                    121.52427803796,
                    25.105007004507
                ]
            },
            "properties": {
                "city": "臺北市",
                "name": "摩斯漢堡(天母SOGO店)",
                "phone": "(02)28343204",
                "address": "臺北市士林區中山北路六段77號",
                "district": "士林區",
                "latitude": 25.105007004507,
                "longitude": 121.52427803796,
                "data_source": "臺北市環保局",
                "eco_attributes": "()",
                "certification_level": "認證中"
            }
        },
        {
            "id": 1015,
            "type": "Feature",
            "geometry": {
                "type": "Point",
                "coordinates": [
                    121.52427803796,
                    25.105007004507
                ]
            },
            "properties": {
                "city": "臺北市",
                "name": "新葡苑（天母SOGO店）",
                "phone": "(02)28366628",
                "address": "臺北市士林區中山北路6段77號",
                "district": "士林區",
                "latitude": 25.105007004507,
                "longitude": 121.52427803796,
                "data_source": "臺北市環保局",
                "eco_attributes": "()",
                "certification_level": "認證中"
            }
        },
        {
            "id": 1016,
            "type": "Feature",
            "geometry": {
                "type": "Point",
                "coordinates": [
                    121.52427803796,
                    25.105007004507
                ]
            },
            "properties": {
                "city": "臺北市",
                "name": "朱記餡餅粥(天母SOGO店)",
                "phone": "(02)28353619",
                "address": "臺北市士林區中山北路6段77號",
                "district": "士林區",
                "latitude": 25.105007004507,
                "longitude": 121.52427803796,
                "data_source": "臺北市環保局",
                "eco_attributes": "()",
                "certification_level": "認證中"
            }
        },
        {
            "id": 1017,
            "type": "Feature",
            "geometry": {
                "type": "Point",
                "coordinates": [
                    121.574810772005,
                    25.141111172336
                ]
            },
            "properties": {
                "city": "臺北市",
                "name": "梅居休閒農場",
                "phone": "",
                "address": "臺北市士林區平菁街43巷99號",
                "district": "士林區",
                "latitude": 25.141111172336,
                "longitude": 121.574810772005,
                "data_source": "臺北市環保局",
                "eco_attributes": "()",
                "certification_level": "認證中"
            }
        },
        {
            "id": 1018,
            "type": "Feature",
            "geometry": {
                "type": "Point",
                "coordinates": [
                    121.52427803796,
                    25.105007004507
                ]
            },
            "properties": {
                "city": "臺北市",
                "name": "漢來海港-天母店",
                "phone": "(07)4128068",
                "address": "臺北市士林區中山北路六段77號7F",
                "district": "士林區",
                "latitude": 25.105007004507,
                "longitude": 121.52427803796,
                "data_source": "臺北市環保局",
                "eco_attributes": "()",
                "certification_level": "認證中"
            }
        },
        {
            "id": 1019,
            "type": "Feature",
            "geometry": {
                "type": "Point",
                "coordinates": [
                    121.530916849444,
                    25.115350350137
                ]
            },
            "properties": {
                "city": "臺北市",
                "name": "紅瓦厝懷舊風味餐坊",
                "phone": "(02)28767407",
                "address": "臺北市士林區天母東路8巷67號",
                "district": "士林區",
                "latitude": 25.115350350137,
                "longitude": 121.530916849444,
                "data_source": "臺北市環保局",
                "eco_attributes": "()",
                "certification_level": "認證中"
            }
        },
        {
            "id": 1020,
            "type": "Feature",
            "geometry": {
                "type": "Point",
                "coordinates": [
                    121.52427803796,
                    25.105007004507
                ]
            },
            "properties": {
                "city": "臺北市",
                "name": "紅豆食府(天母SOGO店)",
                "phone": "(02)28332208",
                "address": "臺北市士林區中山北路六段77號8F",
                "district": "士林區",
                "latitude": 25.105007004507,
                "longitude": 121.52427803796,
                "data_source": "臺北市環保局",
                "eco_attributes": "()",
                "certification_level": "認證中"
            }
        },
        {
            "id": 1021,
            "type": "Feature",
            "geometry": {
                "type": "Point",
                "coordinates": [
                    121.548863920173,
                    25.143440754685
                ]
            },
            "properties": {
                "city": "臺北市",
                "name": "藏粵閣",
                "phone": "(02)28616661",
                "address": "臺北市士林區格致路237號",
                "district": "士林區",
                "latitude": 25.143440754685,
                "longitude": 121.548863920173,
                "data_source": "臺北市環保局",
                "eco_attributes": "()",
                "certification_level": "認證中"
            }
        },
        {
            "id": 1022,
            "type": "Feature",
            "geometry": {
                "type": "Point",
                "coordinates": [
                    121.531067630989,
                    25.122856560686
                ]
            },
            "properties": {
                "city": "臺北市",
                "name": "藝食知選",
                "phone": "(02)28762882",
                "address": "臺北市士林區臺北市士林區天玉街81巷2號",
                "district": "士林區",
                "latitude": 25.122856560686,
                "longitude": 121.531067630989,
                "data_source": "臺北市環保局",
                "eco_attributes": "()",
                "certification_level": "認證中"
            }
        },
        {
            "id": 1023,
            "type": "Feature",
            "geometry": {
                "type": "Point",
                "coordinates": [
                    121.5198273,
                    25.0928568
                ]
            },
            "properties": {
                "city": "臺北市",
                "name": "陽明山春天書食創作料理士林店",
                "phone": "(02)28620178",
                "address": "臺北市士林區?山路119-1號",
                "district": "士林區",
                "latitude": 25.0928568,
                "longitude": 121.5198273,
                "data_source": "臺北市環保局",
                "eco_attributes": "()",
                "certification_level": "認證中"
            }
        },
        {
            "id": 1024,
            "type": "Feature",
            "geometry": {
                "type": "Point",
                "coordinates": [
                    121.551310245009,
                    25.099445013516
                ]
            },
            "properties": {
                "city": "臺北市",
                "name": "青青食尚花園會館",
                "phone": "(02)284119963",
                "address": "臺北市士林區至善路二段266巷32號",
                "district": "士林區",
                "latitude": 25.099445013516,
                "longitude": 121.551310245009,
                "data_source": "臺北市環保局",
                "eco_attributes": "()",
                "certification_level": "認證中"
            }
        },
        {
            "id": 1025,
            "type": "Feature",
            "geometry": {
                "type": "Point",
                "coordinates": [
                    121.52427803796,
                    25.105007004507
                ]
            },
            "properties": {
                "city": "臺北市",
                "name": "靜岡勝政日式豬排",
                "phone": "(02)28363899",
                "address": "臺北市士林區中山北路六段77號8F",
                "district": "士林區",
                "latitude": 25.105007004507,
                "longitude": 121.52427803796,
                "data_source": "臺北市環保局",
                "eco_attributes": "()",
                "certification_level": "認證中"
            }
        },
        {
            "id": 1026,
            "type": "Feature",
            "geometry": {
                "type": "Point",
                "coordinates": [
                    121.52427803796,
                    25.105007004507
                ]
            },
            "properties": {
                "city": "臺北市",
                "name": "非常泰（天母sogo 店）",
                "phone": "(02)28310188",
                "address": "臺北市士林區中山北路六段77號",
                "district": "士林區",
                "latitude": 25.105007004507,
                "longitude": 121.52427803796,
                "data_source": "臺北市環保局",
                "eco_attributes": "()",
                "certification_level": "認證中"
            }
        },
        {
            "id": 1027,
            "type": "Feature",
            "geometry": {
                "type": "Point",
                "coordinates": [
                    121.52427803796,
                    25.105007004507
                ]
            },
            "properties": {
                "city": "臺北市",
                "name": "魚君 ????? 天母SOGO店",
                "phone": "(02)88661170",
                "address": "臺北市士林區中山北路六段77號",
                "district": "士林區",
                "latitude": 25.105007004507,
                "longitude": 121.52427803796,
                "data_source": "臺北市環保局",
                "eco_attributes": "()",
                "certification_level": "認證中"
            }
        },
        {
            "id": 1028,
            "type": "Feature",
            "geometry": {
                "type": "Point",
                "coordinates": [
                    121.511072265688,
                    25.083541788665
                ]
            },
            "properties": {
                "city": "臺北市",
                "name": "麥味登士林葫東",
                "phone": "(02)28112112",
                "address": "臺北市士林區葫東街28-1號",
                "district": "士林區",
                "latitude": 25.083541788665,
                "longitude": 121.511072265688,
                "data_source": "臺北市環保局",
                "eco_attributes": "()",
                "certification_level": "認證中"
            }
        },
        {
            "id": 1029,
            "type": "Feature",
            "geometry": {
                "type": "Point",
                "coordinates": [
                    121.528215017881,
                    25.112098304141
                ]
            },
            "properties": {
                "city": "臺北市",
                "name": "麥味登天母士東",
                "phone": "(02)28712828",
                "address": "臺北市士林區士東路71號",
                "district": "士林區",
                "latitude": 25.112098304141,
                "longitude": 121.528215017881,
                "data_source": "臺北市環保局",
                "eco_attributes": "()",
                "certification_level": "認證中"
            }
        },
        {
            "id": 1030,
            "type": "Feature",
            "geometry": {
                "type": "Point",
                "coordinates": [
                    121.52427803796,
                    25.105007004507
                ]
            },
            "properties": {
                "city": "臺北市",
                "name": "黑毛屋天母SOGO店",
                "phone": "(02)28366018",
                "address": "臺北市士林區中山北路6段77號",
                "district": "士林區",
                "latitude": 25.105007004507,
                "longitude": 121.52427803796,
                "data_source": "臺北市環保局",
                "eco_attributes": "()",
                "certification_level": "認證中"
            }
        },
        {
            "id": 1031,
            "type": "Feature",
            "geometry": {
                "type": "Point",
                "coordinates": [
                    121.516784113607,
                    25.049090071139
                ]
            },
            "properties": {
                "city": "臺北市",
                "name": "petit doux 微兜  京站店",
                "phone": "(02)77290009",
                "address": "臺北市大同區台北市大同區承德路一段1號",
                "district": "大同區",
                "latitude": 25.049090071139,
                "longitude": 121.516784113607,
                "data_source": "臺北市環保局",
                "eco_attributes": "()",
                "certification_level": "認證中"
            }
        },
        {
            "id": 1032,
            "type": "Feature",
            "geometry": {
                "type": "Point",
                "coordinates": [
                    121.520241900124,
                    25.053097500956
                ]
            },
            "properties": {
                "city": "臺北市",
                "name": "乾杯燒肉居酒屋 中山店",
                "phone": "(02)25556110",
                "address": "臺北市大同區台北市大同區南京西路25巷2-1號",
                "district": "大同區",
                "latitude": 25.053097500956,
                "longitude": 121.520241900124,
                "data_source": "臺北市環保局",
                "eco_attributes": "()",
                "certification_level": "認證中"
            }
        },
        {
            "id": 1033,
            "type": "Feature",
            "geometry": {
                "type": "Point",
                "coordinates": [
                    121.51437599352,
                    25.062337936671
                ]
            },
            "properties": {
                "city": "臺北市",
                "name": "向樂達工房(Caf? Chat Leopard 豹紋喵喵)",
                "phone": "(02)26256499",
                "address": "臺北市大同區蘭州街蘭州街14號",
                "district": "大同區",
                "latitude": 25.062337936671,
                "longitude": 121.51437599352,
                "data_source": "臺北市環保局",
                "eco_attributes": "()",
                "certification_level": "認證中"
            }
        },
        {
            "id": 1034,
            "type": "Feature",
            "geometry": {
                "type": "Point",
                "coordinates": [
                    121.50832870114,
                    25.054666467502
                ]
            },
            "properties": {
                "city": "臺北市",
                "name": "在她家",
                "phone": "",
                "address": "臺北市大同區貴德街47－2號",
                "district": "大同區",
                "latitude": 25.054666467502,
                "longitude": 121.50832870114,
                "data_source": "臺北市環保局",
                "eco_attributes": "()",
                "certification_level": "認證中"
            }
        },
        {
            "id": 1035,
            "type": "Feature",
            "geometry": {
                "type": "Point",
                "coordinates": [
                    121.516784113607,
                    25.049090071139
                ]
            },
            "properties": {
                "city": "臺北市",
                "name": "大戶屋京站店",
                "phone": "(02)25553255",
                "address": "臺北市大同區承德路一段1號",
                "district": "大同區",
                "latitude": 25.049090071139,
                "longitude": 121.516784113607,
                "data_source": "臺北市環保局",
                "eco_attributes": "()",
                "certification_level": "認證中"
            }
        },
        {
            "id": 1036,
            "type": "Feature",
            "geometry": {
                "type": "Point",
                "coordinates": [
                    121.513518272673,
                    25.070416231207
                ]
            },
            "properties": {
                "city": "臺北市",
                "name": "天下奇冰",
                "phone": "(02)25867867",
                "address": "臺北市大同區重慶北路三段232號",
                "district": "大同區",
                "latitude": 25.070416231207,
                "longitude": 121.513518272673,
                "data_source": "臺北市環保局",
                "eco_attributes": "()",
                "certification_level": "認證中"
            }
        },
        {
            "id": 1037,
            "type": "Feature",
            "geometry": {
                "type": "Point",
                "coordinates": [
                    121.509131352189,
                    25.062833332952
                ]
            },
            "properties": {
                "city": "臺北市",
                "name": "東方饌黔天下(迪化)",
                "phone": "(02)25577872",
                "address": "臺北市大同區迪化街一段358-2號",
                "district": "大同區",
                "latitude": 25.062833332952,
                "longitude": 121.509131352189,
                "data_source": "臺北市環保局",
                "eco_attributes": "()",
                "certification_level": "認證中"
            }
        },
        {
            "id": 1038,
            "type": "Feature",
            "geometry": {
                "type": "Point",
                "coordinates": [
                    121.51028780337,
                    25.05117016614
                ]
            },
            "properties": {
                "city": "臺北市",
                "name": "臺灣企銀總行大樓員工餐廳",
                "phone": "(02)25597171",
                "address": "臺北市大同區塔城街30號",
                "district": "大同區",
                "latitude": 25.05117016614,
                "longitude": 121.51028780337,
                "data_source": "臺北市環保局",
                "eco_attributes": "()",
                "certification_level": "認證中"
            }
        },
        {
            "id": 1039,
            "type": "Feature",
            "geometry": {
                "type": "Point",
                "coordinates": [
                    121.519353837482,
                    25.053083964183
                ]
            },
            "properties": {
                "city": "臺北市",
                "name": "藏壽司 中山南西店",
                "phone": "(02)25565289",
                "address": "臺北市大同區南京西路57號",
                "district": "大同區",
                "latitude": 25.053083964183,
                "longitude": 121.519353837482,
                "data_source": "臺北市環保局",
                "eco_attributes": "()",
                "certification_level": "認證中"
            }
        },
        {
            "id": 1040,
            "type": "Feature",
            "geometry": {
                "type": "Point",
                "coordinates": [
                    121.51597098518,
                    25.065141583358
                ]
            },
            "properties": {
                "city": "臺北市",
                "name": "讚豆工坊",
                "phone": "",
                "address": "臺北市大同區大龍街60號",
                "district": "大同區",
                "latitude": 25.065141583358,
                "longitude": 121.51597098518,
                "data_source": "臺北市環保局",
                "eco_attributes": "()",
                "certification_level": "認證中"
            }
        },
        {
            "id": 1041,
            "type": "Feature",
            "geometry": {
                "type": "Point",
                "coordinates": [
                    121.516784113607,
                    25.049090071139
                ]
            },
            "properties": {
                "city": "臺北市",
                "name": "金色三麥 台北京站店",
                "phone": "(02)77370909",
                "address": "臺北市大同區台北市大同區承德路1段1號",
                "district": "大同區",
                "latitude": 25.049090071139,
                "longitude": 121.516784113607,
                "data_source": "臺北市環保局",
                "eco_attributes": "()",
                "certification_level": "認證中"
            }
        },
        {
            "id": 1042,
            "type": "Feature",
            "geometry": {
                "type": "Point",
                "coordinates": [
                    121.517056190184,
                    25.065963931878
                ]
            },
            "properties": {
                "city": "臺北市",
                "name": "麥味登北市昌吉",
                "phone": "(02)25996761",
                "address": "臺北市大同區昌吉街27號",
                "district": "大同區",
                "latitude": 25.065963931878,
                "longitude": 121.517056190184,
                "data_source": "臺北市環保局",
                "eco_attributes": "()",
                "certification_level": "認證中"
            }
        },
        {
            "id": 1043,
            "type": "Feature",
            "geometry": {
                "type": "Point",
                "coordinates": [
                    121.51298694383,
                    25.062786184746
                ]
            },
            "properties": {
                "city": "臺北市",
                "name": "麥味登北市民權",
                "phone": "(02)25506676",
                "address": "臺北市大同區民權西路234號",
                "district": "大同區",
                "latitude": 25.062786184746,
                "longitude": 121.51298694383,
                "data_source": "臺北市環保局",
                "eco_attributes": "()",
                "certification_level": "認證中"
            }
        },
        {
            "id": 1044,
            "type": "Feature",
            "geometry": {
                "type": "Point",
                "coordinates": [
                    121.514005428885,
                    25.051255703462
                ]
            },
            "properties": {
                "city": "臺北市",
                "name": "麥味登北市重慶",
                "phone": "(02)25593866",
                "address": "臺北市大同區重慶北路一段61號1F",
                "district": "大同區",
                "latitude": 25.051255703462,
                "longitude": 121.514005428885,
                "data_source": "臺北市環保局",
                "eco_attributes": "()",
                "certification_level": "認證中"
            }
        },
        {
            "id": 1045,
            "type": "Feature",
            "geometry": {
                "type": "Point",
                "coordinates": [
                    121.510284618246,
                    25.05243059483
                ]
            },
            "properties": {
                "city": "臺北市",
                "name": "麥味登北門塔城",
                "phone": "(02)25522215",
                "address": "臺北市大同區塔城街48號",
                "district": "大同區",
                "latitude": 25.05243059483,
                "longitude": 121.510284618246,
                "data_source": "臺北市環保局",
                "eco_attributes": "()",
                "certification_level": "認證中"
            }
        },
        {
            "id": 1046,
            "type": "Feature",
            "geometry": {
                "type": "Point",
                "coordinates": [
                    121.54323723239,
                    25.024049135402
                ]
            },
            "properties": {
                "city": "臺北市",
                "name": "6：35 Brunch & Dinner(大安旗艦店)",
                "phone": "(02)23770100",
                "address": "臺北市大安區復興南路二段288號",
                "district": "大安區",
                "latitude": 25.024049135402,
                "longitude": 121.54323723239,
                "data_source": "臺北市環保局",
                "eco_attributes": "()",
                "certification_level": "認證中"
            }
        },
        {
            "id": 1047,
            "type": "Feature",
            "geometry": {
                "type": "Point",
                "coordinates": [
                    121.543057105291,
                    25.041211752706
                ]
            },
            "properties": {
                "city": "臺北市",
                "name": "Aunt Stella 詩特莉",
                "phone": "(02)87721638",
                "address": "臺北市大安區忠孝東路三段300號",
                "district": "大安區",
                "latitude": 25.041211752706,
                "longitude": 121.543057105291,
                "data_source": "臺北市環保局",
                "eco_attributes": "()",
                "certification_level": "認證中"
            }
        },
        {
            "id": 1048,
            "type": "Feature",
            "geometry": {
                "type": "Point",
                "coordinates": [
                    121.54462066551,
                    25.043907456586
                ]
            },
            "properties": {
                "city": "臺北市",
                "name": "Bar. Tender 八天餐酒館",
                "phone": "(02)27782105",
                "address": "臺北市大安區復興南路一段107巷5弄2號",
                "district": "大安區",
                "latitude": 25.043907456586,
                "longitude": 121.54462066551,
                "data_source": "臺北市環保局",
                "eco_attributes": "()",
                "certification_level": "認證中"
            }
        },
        {
            "id": 1049,
            "type": "Feature",
            "geometry": {
                "type": "Point",
                "coordinates": [
                    121.528938962859,
                    25.0285387342
                ]
            },
            "properties": {
                "city": "臺北市",
                "name": "Bea's Bistro 美式餐館",
                "phone": "(02)23918827",
                "address": "臺北市大安區潮州街133號",
                "district": "大安區",
                "latitude": 25.0285387342,
                "longitude": 121.528938962859,
                "data_source": "臺北市環保局",
                "eco_attributes": "()",
                "certification_level": "認證中"
            }
        },
        {
            "id": 1050,
            "type": "Feature",
            "geometry": {
                "type": "Point",
                "coordinates": [
                    121.548441975167,
                    25.040146203265
                ]
            },
            "properties": {
                "city": "臺北市",
                "name": "COFFEE LOVER's PLANET",
                "phone": "(02)27524157",
                "address": "臺北市大安區敦化南路一段246號",
                "district": "大安區",
                "latitude": 25.040146203265,
                "longitude": 121.548441975167,
                "data_source": "臺北市環保局",
                "eco_attributes": "()",
                "certification_level": "認證中"
            }
        },
        {
            "id": 1051,
            "type": "Feature",
            "geometry": {
                "type": "Point",
                "coordinates": [
                    121.546765343075,
                    25.042302950771
                ]
            },
            "properties": {
                "city": "臺北市",
                "name": "CYCLO 洛城 忠孝門市",
                "phone": "(02)27782569",
                "address": "臺北市大安區大安路一段75巷9號",
                "district": "大安區",
                "latitude": 25.042302950771,
                "longitude": 121.546765343075,
                "data_source": "臺北市環保局",
                "eco_attributes": "()",
                "certification_level": "認證中"
            }
        },
        {
            "id": 1052,
            "type": "Feature",
            "geometry": {
                "type": "Point",
                "coordinates": [
                    121.528411573511,
                    25.026879829833
                ]
            },
            "properties": {
                "city": "臺北市",
                "name": "Camo咖啡",
                "phone": "(02)33433931",
                "address": "臺北市大安區和平東路一段129號",
                "district": "大安區",
                "latitude": 25.026879829833,
                "longitude": 121.528411573511,
                "data_source": "臺北市環保局",
                "eco_attributes": "()",
                "certification_level": "認證中"
            }
        },
        {
            "id": 1053,
            "type": "Feature",
            "geometry": {
                "type": "Point",
                "coordinates": [
                    121.545125926633,
                    25.043241765836
                ]
            },
            "properties": {
                "city": "臺北市",
                "name": "Chao?炒炒蔬食熱炒",
                "phone": "(02)27753005",
                "address": "臺北市大安區大安路一段52巷21號",
                "district": "大安區",
                "latitude": 25.043241765836,
                "longitude": 121.545125926633,
                "data_source": "臺北市環保局",
                "eco_attributes": "()",
                "certification_level": "認證中"
            }
        },
        {
            "id": 1054,
            "type": "Feature",
            "geometry": {
                "type": "Point",
                "coordinates": [
                    121.553550326058,
                    25.038592910878
                ]
            },
            "properties": {
                "city": "臺北市",
                "name": "Chinese Whispers 悄悄話餐酒館",
                "phone": "(02)27783988",
                "address": "臺北市大安區仁愛路四段345巷2弄11號",
                "district": "大安區",
                "latitude": 25.038592910878,
                "longitude": 121.553550326058,
                "data_source": "臺北市環保局",
                "eco_attributes": "()",
                "certification_level": "認證中"
            }
        },
        {
            "id": 1055,
            "type": "Feature",
            "geometry": {
                "type": "Point",
                "coordinates": [
                    121.543057105291,
                    25.041211752706
                ]
            },
            "properties": {
                "city": "臺北市",
                "name": "EN和食(復興SOGO店)",
                "phone": "(02)77450796",
                "address": "臺北市大安區忠孝東路三段300號",
                "district": "大安區",
                "latitude": 25.041211752706,
                "longitude": 121.543057105291,
                "data_source": "臺北市環保局",
                "eco_attributes": "()",
                "certification_level": "認證中"
            }
        },
        {
            "id": 1056,
            "type": "Feature",
            "geometry": {
                "type": "Point",
                "coordinates": [
                    121.548441975167,
                    25.040146203265
                ]
            },
            "properties": {
                "city": "臺北市",
                "name": "EN壽司．和食",
                "phone": "(02)27730246",
                "address": "臺北市大安區敦化南路一段246號",
                "district": "大安區",
                "latitude": 25.040146203265,
                "longitude": 121.548441975167,
                "data_source": "臺北市環保局",
                "eco_attributes": "()",
                "certification_level": "認證中"
            }
        },
        {
            "id": 1057,
            "type": "Feature",
            "geometry": {
                "type": "Point",
                "coordinates": [
                    121.549229622609,
                    25.034060564374
                ]
            },
            "properties": {
                "city": "臺北市",
                "name": "GUSTOSO",
                "phone": "(02)77269099",
                "address": "臺北市大安區敦化南路一段331號",
                "district": "大安區",
                "latitude": 25.034060564374,
                "longitude": 121.549229622609,
                "data_source": "臺北市環保局",
                "eco_attributes": "()",
                "certification_level": "認證中"
            }
        },
        {
            "id": 1058,
            "type": "Feature",
            "geometry": {
                "type": "Point",
                "coordinates": [
                    121.525141876901,
                    25.030565017383
                ]
            },
            "properties": {
                "city": "臺北市",
                "name": "JeeWoo吉屋",
                "phone": "(02)23918563",
                "address": "臺北市大安區金華街145號",
                "district": "大安區",
                "latitude": 25.030565017383,
                "longitude": 121.525141876901,
                "data_source": "臺北市環保局",
                "eco_attributes": "()",
                "certification_level": "認證中"
            }
        },
        {
            "id": 1059,
            "type": "Feature",
            "geometry": {
                "type": "Point",
                "coordinates": [
                    121.544882767622,
                    25.041902421527
                ]
            },
            "properties": {
                "city": "臺北市",
                "name": "Lady nara台北忠孝SOGO店",
                "phone": "(02)27712585",
                "address": "臺北市大安區忠孝東路四段45號",
                "district": "大安區",
                "latitude": 25.041902421527,
                "longitude": 121.544882767622,
                "data_source": "臺北市環保局",
                "eco_attributes": "()",
                "certification_level": "認證中"
            }
        },
        {
            "id": 1060,
            "type": "Feature",
            "geometry": {
                "type": "Point",
                "coordinates": [
                    121.543950783808,
                    25.030760357636
                ]
            },
            "properties": {
                "city": "臺北市",
                "name": "Mama Inca印加媽媽 秘魯餐館",
                "phone": "(02)27092832",
                "address": "臺北市大安區瑞安街31巷1-1號",
                "district": "大安區",
                "latitude": 25.030760357636,
                "longitude": 121.543950783808,
                "data_source": "臺北市環保局",
                "eco_attributes": "()",
                "certification_level": "認證中"
            }
        },
        {
            "id": 1061,
            "type": "Feature",
            "geometry": {
                "type": "Point",
                "coordinates": [
                    121.527032750438,
                    25.033675164466
                ]
            },
            "properties": {
                "city": "臺北市",
                "name": "Miso微笑韓國料理",
                "phone": "(02)23670281",
                "address": "臺北市大安區金山南路二段6號",
                "district": "大安區",
                "latitude": 25.033675164466,
                "longitude": 121.527032750438,
                "data_source": "臺北市環保局",
                "eco_attributes": "()",
                "certification_level": "認證中"
            }
        },
        {
            "id": 1062,
            "type": "Feature",
            "geometry": {
                "type": "Point",
                "coordinates": [
                    121.544882767622,
                    25.041902421527
                ]
            },
            "properties": {
                "city": "臺北市",
                "name": "Nara Thai Cuisine 台北忠孝SOGO 店",
                "phone": "(02)27718939",
                "address": "臺北市大安區忠孝東路四段45號",
                "district": "大安區",
                "latitude": 25.041902421527,
                "longitude": 121.544882767622,
                "data_source": "臺北市環保局",
                "eco_attributes": "()",
                "certification_level": "認證中"
            }
        },
        {
            "id": 1063,
            "type": "Feature",
            "geometry": {
                "type": "Point",
                "coordinates": [
                    121.548441975167,
                    25.040146203265
                ]
            },
            "properties": {
                "city": "臺北市",
                "name": "N° 168 PRIME",
                "phone": "(02)66176168",
                "address": "臺北市大安區敦化南路一段246號7F",
                "district": "大安區",
                "latitude": 25.040146203265,
                "longitude": 121.548441975167,
                "data_source": "臺北市環保局",
                "eco_attributes": "()",
                "certification_level": "認證中"
            }
        },
        {
            "id": 1064,
            "type": "Feature",
            "geometry": {
                "type": "Point",
                "coordinates": [
                    121.550903237216,
                    25.040522089713
                ]
            },
            "properties": {
                "city": "臺北市",
                "name": "PARADE 和巴黎人吃一樣的日常",
                "phone": "(02)27110800",
                "address": "臺北市大安區忠孝東路四段170巷11號",
                "district": "大安區",
                "latitude": 25.040522089713,
                "longitude": 121.550903237216,
                "data_source": "臺北市環保局",
                "eco_attributes": "()",
                "certification_level": "認證中"
            }
        },
        {
            "id": 1065,
            "type": "Feature",
            "geometry": {
                "type": "Point",
                "coordinates": [
                    121.544189165134,
                    25.036750610469
                ]
            },
            "properties": {
                "city": "臺北市",
                "name": "Plants",
                "phone": "(02)27845677",
                "address": "臺北市大安區復興南路1段253巷10號",
                "district": "大安區",
                "latitude": 25.036750610469,
                "longitude": 121.544189165134,
                "data_source": "臺北市環保局",
                "eco_attributes": "()",
                "certification_level": "認證中"
            }
        },
        {
            "id": 1066,
            "type": "Feature",
            "geometry": {
                "type": "Point",
                "coordinates": [
                    121.55366960054,
                    25.019634680366
                ]
            },
            "properties": {
                "city": "臺北市",
                "name": "Q Burger大安樂業店",
                "phone": "(02)27360209",
                "address": "臺北市大安區樂業街153號",
                "district": "大安區",
                "latitude": 25.019634680366,
                "longitude": 121.55366960054,
                "data_source": "臺北市環保局",
                "eco_attributes": "()",
                "certification_level": "認證中"
            }
        },
        {
            "id": 1067,
            "type": "Feature",
            "geometry": {
                "type": "Point",
                "coordinates": [
                    121.548441975167,
                    25.040146203265
                ]
            },
            "properties": {
                "city": "臺北市",
                "name": "SAISON du SOLEIL",
                "phone": "(02)27310258",
                "address": "臺北市大安區敦化南路一段246號",
                "district": "大安區",
                "latitude": 25.040146203265,
                "longitude": 121.548441975167,
                "data_source": "臺北市環保局",
                "eco_attributes": "()",
                "certification_level": "認證中"
            }
        },
        {
            "id": 1068,
            "type": "Feature",
            "geometry": {
                "type": "Point",
                "coordinates": [
                    121.548441975167,
                    25.040146203265
                ]
            },
            "properties": {
                "city": "臺北市",
                "name": "Sarabeth's",
                "phone": "(02)27526998",
                "address": "臺北市大安區敦化南路一段246號",
                "district": "大安區",
                "latitude": 25.040146203265,
                "longitude": 121.548441975167,
                "data_source": "臺北市環保局",
                "eco_attributes": "()",
                "certification_level": "認證中"
            }
        },
        {
            "id": 1069,
            "type": "Feature",
            "geometry": {
                "type": "Point",
                "coordinates": [
                    121.544882767622,
                    25.041902421527
                ]
            },
            "properties": {
                "city": "臺北市",
                "name": "UCC Caf? Mercado (忠孝SOGO店)",
                "phone": "(02)27416800",
                "address": "臺北市大安區忠孝東路四段45號",
                "district": "大安區",
                "latitude": 25.041902421527,
                "longitude": 121.544882767622,
                "data_source": "臺北市環保局",
                "eco_attributes": "()",
                "certification_level": "認證中"
            }
        },
        {
            "id": 1070,
            "type": "Feature",
            "geometry": {
                "type": "Point",
                "coordinates": [
                    121.529353783247,
                    25.025843281777
                ]
            },
            "properties": {
                "city": "臺北市",
                "name": "inn cafe x 台北師大店",
                "phone": "(02)23690055",
                "address": "臺北市大安區龍泉街7號",
                "district": "大安區",
                "latitude": 25.025843281777,
                "longitude": 121.529353783247,
                "data_source": "臺北市環保局",
                "eco_attributes": "()",
                "certification_level": "認證中"
            }
        },
        {
            "id": 1071,
            "type": "Feature",
            "geometry": {
                "type": "Point",
                "coordinates": [
                    121.544882767622,
                    25.041902421527
                ]
            },
            "properties": {
                "city": "臺北市",
                "name": "pd by petit doux 忠孝SOGO店",
                "phone": "(02)27213008",
                "address": "臺北市大安區台北市大安區忠孝東路四段45號",
                "district": "大安區",
                "latitude": 25.041902421527,
                "longitude": 121.544882767622,
                "data_source": "臺北市環保局",
                "eco_attributes": "()",
                "certification_level": "認證中"
            }
        },
        {
            "id": 1072,
            "type": "Feature",
            "geometry": {
                "type": "Point",
                "coordinates": [
                    121.530198440635,
                    25.033558385686
                ]
            },
            "properties": {
                "city": "臺北市",
                "name": "petit doux 微兜  永康店",
                "phone": "(02)23951336",
                "address": "臺北市大安區台北市大安區信義路二段 198 巷 7-3 號",
                "district": "大安區",
                "latitude": 25.033558385686,
                "longitude": 121.530198440635,
                "data_source": "臺北市環保局",
                "eco_attributes": "()",
                "certification_level": "認證中"
            }
        },
        {
            "id": 1073,
            "type": "Feature",
            "geometry": {
                "type": "Point",
                "coordinates": [
                    121.544882767622,
                    25.041902421527
                ]
            },
            "properties": {
                "city": "臺北市",
                "name": "三合院 (忠孝SOGO店)",
                "phone": "(02)27816667",
                "address": "臺北市大安區忠孝東路四段45號11F",
                "district": "大安區",
                "latitude": 25.041902421527,
                "longitude": 121.544882767622,
                "data_source": "臺北市環保局",
                "eco_attributes": "()",
                "certification_level": "認證中"
            }
        },
        {
            "id": 1074,
            "type": "Feature",
            "geometry": {
                "type": "Point",
                "coordinates": [
                    121.527570617165,
                    25.026455244527
                ]
            },
            "properties": {
                "city": "臺北市",
                "name": "下港老麵攤(台師大店)",
                "phone": "",
                "address": "臺北市大安區和平東路一段162號",
                "district": "大安區",
                "latitude": 25.026455244527,
                "longitude": 121.527570617165,
                "data_source": "臺北市環保局",
                "eco_attributes": "()",
                "certification_level": "認證中"
            }
        },
        {
            "id": 1075,
            "type": "Feature",
            "geometry": {
                "type": "Point",
                "coordinates": [
                    121.547007831534,
                    25.040659301468
                ]
            },
            "properties": {
                "city": "臺北市",
                "name": "乾杯燒肉居酒屋 本店",
                "phone": "(02)87731150",
                "address": "臺北市大安區台北市大安區敦化南路一段236巷17號",
                "district": "大安區",
                "latitude": 25.040659301468,
                "longitude": 121.547007831534,
                "data_source": "臺北市環保局",
                "eco_attributes": "()",
                "certification_level": "認證中"
            }
        },
        {
            "id": 1076,
            "type": "Feature",
            "geometry": {
                "type": "Point",
                "coordinates": [
                    121.548282970464,
                    25.04286743004
                ]
            },
            "properties": {
                "city": "臺北市",
                "name": "二本餐廳",
                "phone": "(02)87737033",
                "address": "臺北市大安區忠孝東路四段101巷27號",
                "district": "大安區",
                "latitude": 25.04286743004,
                "longitude": 121.548282970464,
                "data_source": "臺北市環保局",
                "eco_attributes": "()",
                "certification_level": "認證中"
            }
        },
        {
            "id": 1077,
            "type": "Feature",
            "geometry": {
                "type": "Point",
                "coordinates": [
                    121.543057105291,
                    25.041211752706
                ]
            },
            "properties": {
                "city": "臺北市",
                "name": "伊勢路勝勢日式豬排(復興 SOGO店)",
                "phone": "(02)87729822",
                "address": "臺北市大安區忠孝東路三段300號",
                "district": "大安區",
                "latitude": 25.041211752706,
                "longitude": 121.543057105291,
                "data_source": "臺北市環保局",
                "eco_attributes": "()",
                "certification_level": "認證中"
            }
        },
        {
            "id": 1078,
            "type": "Feature",
            "geometry": {
                "type": "Point",
                "coordinates": [
                    121.539153414868,
                    25.041792461706
                ]
            },
            "properties": {
                "city": "臺北市",
                "name": "再見 麵",
                "phone": "(02)87730086",
                "address": "臺北市大安區忠孝東路三段205之1號",
                "district": "大安區",
                "latitude": 25.041792461706,
                "longitude": 121.539153414868,
                "data_source": "臺北市環保局",
                "eco_attributes": "()",
                "certification_level": "認證中"
            }
        },
        {
            "id": 1079,
            "type": "Feature",
            "geometry": {
                "type": "Point",
                "coordinates": [
                    121.543057105291,
                    25.041211752706
                ]
            },
            "properties": {
                "city": "臺北市",
                "name": "凱林鐵板燒",
                "phone": "(02)87728551",
                "address": "臺北市大安區忠孝東路三段300號",
                "district": "大安區",
                "latitude": 25.041211752706,
                "longitude": 121.543057105291,
                "data_source": "臺北市環保局",
                "eco_attributes": "()",
                "certification_level": "認證中"
            }
        },
        {
            "id": 1080,
            "type": "Feature",
            "geometry": {
                "type": "Point",
                "coordinates": [
                    121.528174365651,
                    25.022083788655
                ]
            },
            "properties": {
                "city": "臺北市",
                "name": "十六饗雀-泰式酸辣湯",
                "phone": "(02)33651606",
                "address": "臺北市大安區師大路106號",
                "district": "大安區",
                "latitude": 25.022083788655,
                "longitude": 121.528174365651,
                "data_source": "臺北市環保局",
                "eco_attributes": "()",
                "certification_level": "認證中"
            }
        },
        {
            "id": 1081,
            "type": "Feature",
            "geometry": {
                "type": "Point",
                "coordinates": [
                    121.544882767622,
                    25.041902421527
                ]
            },
            "properties": {
                "city": "臺北市",
                "name": "吉 天婦羅 (忠孝SOGO店)",
                "phone": "(02)27312518",
                "address": "臺北市大安區忠孝東路四段45號11F",
                "district": "大安區",
                "latitude": 25.041902421527,
                "longitude": 121.544882767622,
                "data_source": "臺北市環保局",
                "eco_attributes": "()",
                "certification_level": "認證中"
            }
        },
        {
            "id": 1082,
            "type": "Feature",
            "geometry": {
                "type": "Point",
                "coordinates": [
                    121.551533137239,
                    25.042391840854
                ]
            },
            "properties": {
                "city": "臺北市",
                "name": "咖啡弄(敦化店)",
                "phone": "(02)27111910",
                "address": "臺北市大安區台北市大安區敦化南路一段187巷42號",
                "district": "大安區",
                "latitude": 25.042391840854,
                "longitude": 121.551533137239,
                "data_source": "臺北市環保局",
                "eco_attributes": "()",
                "certification_level": "認證中"
            }
        },
        {
            "id": 1083,
            "type": "Feature",
            "geometry": {
                "type": "Point",
                "coordinates": [
                    121.543808207635,
                    25.03376049224
                ]
            },
            "properties": {
                "city": "臺北市",
                "name": "大戶屋大安店",
                "phone": "(02)89782668",
                "address": "臺北市大安區復興南路一段323號",
                "district": "大安區",
                "latitude": 25.03376049224,
                "longitude": 121.543808207635,
                "data_source": "臺北市環保局",
                "eco_attributes": "()",
                "certification_level": "認證中"
            }
        },
        {
            "id": 1084,
            "type": "Feature",
            "geometry": {
                "type": "Point",
                "coordinates": [
                    121.545059374322,
                    25.041391628348
                ]
            },
            "properties": {
                "city": "臺北市",
                "name": "大戶屋忠孝復興店",
                "phone": "(02)27785077",
                "address": "臺北市大安區忠孝東路四段52號",
                "district": "大安區",
                "latitude": 25.041391628348,
                "longitude": 121.545059374322,
                "data_source": "臺北市環保局",
                "eco_attributes": "()",
                "certification_level": "認證中"
            }
        },
        {
            "id": 1085,
            "type": "Feature",
            "geometry": {
                "type": "Point",
                "coordinates": [
                    121.543569239575,
                    25.023876719654
                ]
            },
            "properties": {
                "city": "臺北市",
                "name": "小拾聚 餐食館",
                "phone": "(02)27388980",
                "address": "臺北市大安區復興南路二段325號",
                "district": "大安區",
                "latitude": 25.023876719654,
                "longitude": 121.543569239575,
                "data_source": "臺北市環保局",
                "eco_attributes": "()",
                "certification_level": "認證中"
            }
        },
        {
            "id": 1086,
            "type": "Feature",
            "geometry": {
                "type": "Point",
                "coordinates": [
                    121.534296340092,
                    25.023168281197
                ]
            },
            "properties": {
                "city": "臺北市",
                "name": "恬園餐廳",
                "phone": "(02)771223232",
                "address": "臺北市大安區新生南路三段30號",
                "district": "大安區",
                "latitude": 25.023168281197,
                "longitude": 121.534296340092,
                "data_source": "臺北市環保局",
                "eco_attributes": "()",
                "certification_level": "認證中"
            }
        },
        {
            "id": 1087,
            "type": "Feature",
            "geometry": {
                "type": "Point",
                "coordinates": [
                    121.543057105291,
                    25.041211752706
                ]
            },
            "properties": {
                "city": "臺北市",
                "name": "成真咖啡台北sogo復興店",
                "phone": "(02)87723722",
                "address": "臺北市大安區忠孝東路三段300號",
                "district": "大安區",
                "latitude": 25.041211752706,
                "longitude": 121.543057105291,
                "data_source": "臺北市環保局",
                "eco_attributes": "()",
                "certification_level": "認證中"
            }
        },
        {
            "id": 1088,
            "type": "Feature",
            "geometry": {
                "type": "Point",
                "coordinates": [
                    121.546733659481,
                    25.043492761926
                ]
            },
            "properties": {
                "city": "臺北市",
                "name": "房間餐酒 The Room Bistro",
                "phone": "(02)27731665",
                "address": "臺北市大安區敦化南路一段160巷56號",
                "district": "大安區",
                "latitude": 25.043492761926,
                "longitude": 121.546733659481,
                "data_source": "臺北市環保局",
                "eco_attributes": "()",
                "certification_level": "認證中"
            }
        },
        {
            "id": 1089,
            "type": "Feature",
            "geometry": {
                "type": "Point",
                "coordinates": [
                    121.543057105291,
                    25.041211752706
                ]
            },
            "properties": {
                "city": "臺北市",
                "name": "新葡苑(復興SOGO店)",
                "phone": "(02)87720177",
                "address": "臺北市大安區忠孝東路三段300號",
                "district": "大安區",
                "latitude": 25.041211752706,
                "longitude": 121.543057105291,
                "data_source": "臺北市環保局",
                "eco_attributes": "()",
                "certification_level": "認證中"
            }
        },
        {
            "id": 1090,
            "type": "Feature",
            "geometry": {
                "type": "Point",
                "coordinates": [
                    121.543057105291,
                    25.041211752706
                ]
            },
            "properties": {
                "city": "臺北市",
                "name": "日本橋海鮮丼?半Tsujihan( SOGO復興店)",
                "phone": "(02)77553346",
                "address": "臺北市大安區忠孝東路3段300號",
                "district": "大安區",
                "latitude": 25.041211752706,
                "longitude": 121.543057105291,
                "data_source": "臺北市環保局",
                "eco_attributes": "()",
                "certification_level": "認證中"
            }
        },
        {
            "id": 1091,
            "type": "Feature",
            "geometry": {
                "type": "Point",
                "coordinates": [
                    121.556896717081,
                    25.042508768403
                ]
            },
            "properties": {
                "city": "臺北市",
                "name": "星辰牛排",
                "phone": "(02)27217512",
                "address": "臺北市大安區光復南路180巷16號",
                "district": "大安區",
                "latitude": 25.042508768403,
                "longitude": 121.556896717081,
                "data_source": "臺北市環保局",
                "eco_attributes": "()",
                "certification_level": "認證中"
            }
        },
        {
            "id": 1092,
            "type": "Feature",
            "geometry": {
                "type": "Point",
                "coordinates": [
                    121.556279892827,
                    25.041155342497
                ]
            },
            "properties": {
                "city": "臺北市",
                "name": "晶湯匙泰式主題餐廳",
                "phone": "(02)87725006",
                "address": "臺北市大安區忠孝東路四段300號",
                "district": "大安區",
                "latitude": 25.041155342497,
                "longitude": 121.556279892827,
                "data_source": "臺北市環保局",
                "eco_attributes": "()",
                "certification_level": "認證中"
            }
        },
        {
            "id": 1093,
            "type": "Feature",
            "geometry": {
                "type": "Point",
                "coordinates": [
                    121.536484687373,
                    25.012893199461
                ]
            },
            "properties": {
                "city": "臺北市",
                "name": "曉鹿鳴樓上海菜",
                "phone": "(02)23688994",
                "address": "臺北市大安區羅斯福路四段85號",
                "district": "大安區",
                "latitude": 25.012893199461,
                "longitude": 121.536484687373,
                "data_source": "臺北市環保局",
                "eco_attributes": "()",
                "certification_level": "認證中"
            }
        },
        {
            "id": 1094,
            "type": "Feature",
            "geometry": {
                "type": "Point",
                "coordinates": [
                    121.531700129403,
                    25.018638072078
                ]
            },
            "properties": {
                "city": "臺北市",
                "name": "書屋花甲(台大店)",
                "phone": "(02)23680824",
                "address": "臺北市大安區羅斯福路三段283巷20號",
                "district": "大安區",
                "latitude": 25.018638072078,
                "longitude": 121.531700129403,
                "data_source": "臺北市環保局",
                "eco_attributes": "()",
                "certification_level": "認證中"
            }
        },
        {
            "id": 1095,
            "type": "Feature",
            "geometry": {
                "type": "Point",
                "coordinates": [
                    121.552874325566,
                    25.04290464569
                ]
            },
            "properties": {
                "city": "臺北市",
                "name": "樂檸漢堡（忠孝敦化門市）",
                "phone": "(02)87720607",
                "address": "臺北市大安區忠孝東路四段223巷47號",
                "district": "大安區",
                "latitude": 25.04290464569,
                "longitude": 121.552874325566,
                "data_source": "臺北市環保局",
                "eco_attributes": "()",
                "certification_level": "認證中"
            }
        },
        {
            "id": 1096,
            "type": "Feature",
            "geometry": {
                "type": "Point",
                "coordinates": [
                    121.542641195256,
                    25.022392284601
                ]
            },
            "properties": {
                "city": "臺北市",
                "name": "永和樓中華料理店",
                "phone": "(02)23772077",
                "address": "臺北市大安區和平東路二段118巷52弄3號",
                "district": "大安區",
                "latitude": 25.022392284601,
                "longitude": 121.542641195256,
                "data_source": "臺北市環保局",
                "eco_attributes": "()",
                "certification_level": "認證中"
            }
        },
        {
            "id": 1097,
            "type": "Feature",
            "geometry": {
                "type": "Point",
                "coordinates": [
                    121.543057105291,
                    25.041211752706
                ]
            },
            "properties": {
                "city": "臺北市",
                "name": "泰迪農園咖哩",
                "phone": "(02)87726099",
                "address": "臺北市大安區忠孝東路三段300號",
                "district": "大安區",
                "latitude": 25.041211752706,
                "longitude": 121.543057105291,
                "data_source": "臺北市環保局",
                "eco_attributes": "()",
                "certification_level": "認證中"
            }
        },
        {
            "id": 1098,
            "type": "Feature",
            "geometry": {
                "type": "Point",
                "coordinates": [
                    121.549889278389,
                    25.035584101004
                ]
            },
            "properties": {
                "city": "臺北市",
                "name": "洗心壽司割烹",
                "phone": "",
                "address": "臺北市大安區敦化南路一段295巷9號",
                "district": "大安區",
                "latitude": 25.035584101004,
                "longitude": 121.549889278389,
                "data_source": "臺北市環保局",
                "eco_attributes": "()",
                "certification_level": "認證中"
            }
        },
        {
            "id": 1099,
            "type": "Feature",
            "geometry": {
                "type": "Point",
                "coordinates": [
                    121.548441975167,
                    25.040146203265
                ]
            },
            "properties": {
                "city": "臺北市",
                "name": "深紅鍋物",
                "phone": "(02)87730035",
                "address": "臺北市大安區敦化南路一段246號",
                "district": "大安區",
                "latitude": 25.040146203265,
                "longitude": 121.548441975167,
                "data_source": "臺北市環保局",
                "eco_attributes": "()",
                "certification_level": "認證中"
            }
        },
        {
            "id": 1100,
            "type": "Feature",
            "geometry": {
                "type": "Point",
                "coordinates": [
                    121.548441975167,
                    25.040146203265
                ]
            },
            "properties": {
                "city": "臺北市",
                "name": "漢來名人坊",
                "phone": "(02)87732111",
                "address": "臺北市大安區敦化南路一段246號",
                "district": "大安區",
                "latitude": 25.040146203265,
                "longitude": 121.548441975167,
                "data_source": "臺北市環保局",
                "eco_attributes": "()",
                "certification_level": "認證中"
            }
        },
        {
            "id": 1101,
            "type": "Feature",
            "geometry": {
                "type": "Point",
                "coordinates": [
                    121.548441975167,
                    25.040146203265
                ]
            },
            "properties": {
                "city": "臺北市",
                "name": "漢來海港-敦化店",
                "phone": "(07)4128068",
                "address": "臺北市大安區敦化南路一段246號",
                "district": "大安區",
                "latitude": 25.040146203265,
                "longitude": 121.548441975167,
                "data_source": "臺北市環保局",
                "eco_attributes": "()",
                "certification_level": "認證中"
            }
        },
        {
            "id": 1102,
            "type": "Feature",
            "geometry": {
                "type": "Point",
                "coordinates": [
                    121.544882767622,
                    25.041902421527
                ]
            },
            "properties": {
                "city": "臺北市",
                "name": "漢來蔬食 (忠孝SOGO店)",
                "phone": "(02)27311128",
                "address": "臺北市大安區忠孝東路四段45號11F",
                "district": "大安區",
                "latitude": 25.041902421527,
                "longitude": 121.544882767622,
                "data_source": "臺北市環保局",
                "eco_attributes": "()",
                "certification_level": "認證中"
            }
        },
        {
            "id": 1103,
            "type": "Feature",
            "geometry": {
                "type": "Point",
                "coordinates": [
                    121.553231478461,
                    25.039798354283
                ]
            },
            "properties": {
                "city": "臺北市",
                "name": "烤肉工廠",
                "phone": "(02)87717345",
                "address": "臺北市大安區忠孝東路四段216巷27弄2號",
                "district": "大安區",
                "latitude": 25.039798354283,
                "longitude": 121.553231478461,
                "data_source": "臺北市環保局",
                "eco_attributes": "()",
                "certification_level": "認證中"
            }
        },
        {
            "id": 1104,
            "type": "Feature",
            "geometry": {
                "type": "Point",
                "coordinates": [
                    121.522979010606,
                    25.030129661332
                ]
            },
            "properties": {
                "city": "臺北市",
                "name": "無二會所",
                "phone": "(02)23917599",
                "address": "臺北市大安區杭州南路二段61巷12號",
                "district": "大安區",
                "latitude": 25.030129661332,
                "longitude": 121.522979010606,
                "data_source": "臺北市環保局",
                "eco_attributes": "()",
                "certification_level": "認證中"
            }
        },
        {
            "id": 1105,
            "type": "Feature",
            "geometry": {
                "type": "Point",
                "coordinates": [
                    121.546620084693,
                    25.041361621135
                ]
            },
            "properties": {
                "city": "臺北市",
                "name": "燒肉Smile大安忠孝店",
                "phone": "(02)27522000",
                "address": "臺北市大安區台北市大安區忠孝東路四段104號號",
                "district": "大安區",
                "latitude": 25.041361621135,
                "longitude": 121.546620084693,
                "data_source": "臺北市環保局",
                "eco_attributes": "()",
                "certification_level": "認證中"
            }
        },
        {
            "id": 1106,
            "type": "Feature",
            "geometry": {
                "type": "Point",
                "coordinates": [
                    121.544882767622,
                    25.041902421527
                ]
            },
            "properties": {
                "city": "臺北市",
                "name": "皇家哥本哈根咖啡輕食複合店 (忠孝SOGO店)",
                "phone": "(02)27113362",
                "address": "臺北市大安區忠孝東路四段45號4F",
                "district": "大安區",
                "latitude": 25.041902421527,
                "longitude": 121.544882767622,
                "data_source": "臺北市環保局",
                "eco_attributes": "()",
                "certification_level": "認證中"
            }
        },
        {
            "id": 1107,
            "type": "Feature",
            "geometry": {
                "type": "Point",
                "coordinates": [
                    121.553524258339,
                    25.042727829443
                ]
            },
            "properties": {
                "city": "臺北市",
                "name": "真飽餐盒",
                "phone": "(02)27720506",
                "address": "臺北市大安區延吉街70巷6弄3號",
                "district": "大安區",
                "latitude": 25.042727829443,
                "longitude": 121.553524258339,
                "data_source": "臺北市環保局",
                "eco_attributes": "()",
                "certification_level": "認證中"
            }
        },
        {
            "id": 1108,
            "type": "Feature",
            "geometry": {
                "type": "Point",
                "coordinates": [
                    121.544882767622,
                    25.041902421527
                ]
            },
            "properties": {
                "city": "臺北市",
                "name": "神樂家（忠孝SOGO店）",
                "phone": "(02)89785666",
                "address": "臺北市大安區忠孝東路四段45號",
                "district": "大安區",
                "latitude": 25.041902421527,
                "longitude": 121.544882767622,
                "data_source": "臺北市環保局",
                "eco_attributes": "()",
                "certification_level": "認證中"
            }
        },
        {
            "id": 1109,
            "type": "Feature",
            "geometry": {
                "type": "Point",
                "coordinates": [
                    121.531515308438,
                    25.018229412389
                ]
            },
            "properties": {
                "city": "臺北市",
                "name": "秘徑小食光",
                "phone": "(02)33651995",
                "address": "臺北市大安區羅斯福路三段283巷3號",
                "district": "大安區",
                "latitude": 25.018229412389,
                "longitude": 121.531515308438,
                "data_source": "臺北市環保局",
                "eco_attributes": "()",
                "certification_level": "認證中"
            }
        },
        {
            "id": 1110,
            "type": "Feature",
            "geometry": {
                "type": "Point",
                "coordinates": [
                    121.545312004883,
                    25.039541909955
                ]
            },
            "properties": {
                "city": "臺北市",
                "name": "立馬吃一鍋。有機水產火鍋專賣",
                "phone": "(02)27417668",
                "address": "臺北市大安區仁愛路四段27巷9號",
                "district": "大安區",
                "latitude": 25.039541909955,
                "longitude": 121.545312004883,
                "data_source": "臺北市環保局",
                "eco_attributes": "()",
                "certification_level": "認證中"
            }
        },
        {
            "id": 1111,
            "type": "Feature",
            "geometry": {
                "type": "Point",
                "coordinates": [
                    121.54724193809,
                    25.041352820136
                ]
            },
            "properties": {
                "city": "臺北市",
                "name": "築間幸福鍋物台北忠孝二",
                "phone": "(02)27732727",
                "address": "臺北市大安區106臺北市大安區忠孝東路四段120號",
                "district": "大安區",
                "latitude": 25.041352820136,
                "longitude": 121.54724193809,
                "data_source": "臺北市環保局",
                "eco_attributes": "()",
                "certification_level": "認證中"
            }
        },
        {
            "id": 1112,
            "type": "Feature",
            "geometry": {
                "type": "Point",
                "coordinates": [
                    121.543057105291,
                    25.041211752706
                ]
            },
            "properties": {
                "city": "臺北市",
                "name": "紅花鐵板燒(復興SOGO店)",
                "phone": "(02)27316555",
                "address": "臺北市大安區忠孝東路三段300號",
                "district": "大安區",
                "latitude": 25.041211752706,
                "longitude": 121.543057105291,
                "data_source": "臺北市環保局",
                "eco_attributes": "()",
                "certification_level": "認證中"
            }
        },
        {
            "id": 1113,
            "type": "Feature",
            "geometry": {
                "type": "Point",
                "coordinates": [
                    121.548441975167,
                    25.040146203265
                ]
            },
            "properties": {
                "city": "臺北市",
                "name": "紅豆食府",
                "phone": "(02)87715511",
                "address": "臺北市大安區敦化南路一段246號",
                "district": "大安區",
                "latitude": 25.040146203265,
                "longitude": 121.548441975167,
                "data_source": "臺北市環保局",
                "eco_attributes": "()",
                "certification_level": "認證中"
            }
        },
        {
            "id": 1114,
            "type": "Feature",
            "geometry": {
                "type": "Point",
                "coordinates": [
                    121.554881120825,
                    25.036935389525
                ]
            },
            "properties": {
                "city": "臺北市",
                "name": "美術系壽司(台北大安店)",
                "phone": "(02)27017989",
                "address": "臺北市大安區仁愛路四段300巷9弄4號",
                "district": "大安區",
                "latitude": 25.036935389525,
                "longitude": 121.554881120825,
                "data_source": "臺北市環保局",
                "eco_attributes": "()",
                "certification_level": "認證中"
            }
        },
        {
            "id": 1115,
            "type": "Feature",
            "geometry": {
                "type": "Point",
                "coordinates": [
                    121.553122513719,
                    25.030287576388
                ]
            },
            "properties": {
                "city": "臺北市",
                "name": "翟記牛肉麵食館",
                "phone": "(02)87717195",
                "address": "臺北市大安區通安街80號",
                "district": "大安區",
                "latitude": 25.030287576388,
                "longitude": 121.553122513719,
                "data_source": "臺北市環保局",
                "eco_attributes": "()",
                "certification_level": "認證中"
            }
        },
        {
            "id": 1116,
            "type": "Feature",
            "geometry": {
                "type": "Point",
                "coordinates": [
                    121.543057105291,
                    25.041211752706
                ]
            },
            "properties": {
                "city": "臺北市",
                "name": "老乾杯(復興SOGO店)",
                "phone": "(02)27316555",
                "address": "臺北市大安區忠孝東路三段300號",
                "district": "大安區",
                "latitude": 25.041211752706,
                "longitude": 121.543057105291,
                "data_source": "臺北市環保局",
                "eco_attributes": "()",
                "certification_level": "認證中"
            }
        },
        {
            "id": 1117,
            "type": "Feature",
            "geometry": {
                "type": "Point",
                "coordinates": [
                    121.544882767622,
                    25.041902421527
                ]
            },
            "properties": {
                "city": "臺北市",
                "name": "聚 北海道鍋物 (忠孝SOGO店)",
                "phone": "(02)27218787",
                "address": "臺北市大安區忠孝東路四段45號11F",
                "district": "大安區",
                "latitude": 25.041902421527,
                "longitude": 121.544882767622,
                "data_source": "臺北市環保局",
                "eco_attributes": "()",
                "certification_level": "認證中"
            }
        },
        {
            "id": 1118,
            "type": "Feature",
            "geometry": {
                "type": "Point",
                "coordinates": [
                    121.544882767622,
                    25.041902421527
                ]
            },
            "properties": {
                "city": "臺北市",
                "name": "荷李活茶街 (忠孝SOGO店)",
                "phone": "(02)27780369",
                "address": "臺北市大安區忠孝東路四段45號2F",
                "district": "大安區",
                "latitude": 25.041902421527,
                "longitude": 121.544882767622,
                "data_source": "臺北市環保局",
                "eco_attributes": "()",
                "certification_level": "認證中"
            }
        },
        {
            "id": 1119,
            "type": "Feature",
            "geometry": {
                "type": "Point",
                "coordinates": [
                    121.544882767622,
                    25.041902421527
                ]
            },
            "properties": {
                "city": "臺北市",
                "name": "莆田 (忠孝SOGO店)",
                "phone": "(02)87710767",
                "address": "臺北市大安區忠孝東路四段45號12F",
                "district": "大安區",
                "latitude": 25.041902421527,
                "longitude": 121.544882767622,
                "data_source": "臺北市環保局",
                "eco_attributes": "()",
                "certification_level": "認證中"
            }
        },
        {
            "id": 1120,
            "type": "Feature",
            "geometry": {
                "type": "Point",
                "coordinates": [
                    121.53334943649,
                    25.04075866893
                ]
            },
            "properties": {
                "city": "臺北市",
                "name": "蓋子普拉斯小餐館",
                "phone": "(02)27118571",
                "address": "臺北市大安區忠孝東路三段10巷22號",
                "district": "大安區",
                "latitude": 25.04075866893,
                "longitude": 121.53334943649,
                "data_source": "臺北市環保局",
                "eco_attributes": "()",
                "certification_level": "認證中"
            }
        },
        {
            "id": 1121,
            "type": "Feature",
            "geometry": {
                "type": "Point",
                "coordinates": [
                    121.54430123118,
                    25.043566480765
                ]
            },
            "properties": {
                "city": "臺北市",
                "name": "蔬店手作鍋物復興店",
                "phone": "(02)27311008",
                "address": "臺北市大安區復興南路一段107巷2號",
                "district": "大安區",
                "latitude": 25.043566480765,
                "longitude": 121.54430123118,
                "data_source": "臺北市環保局",
                "eco_attributes": "()",
                "certification_level": "認證中"
            }
        },
        {
            "id": 1122,
            "type": "Feature",
            "geometry": {
                "type": "Point",
                "coordinates": [
                    121.544882767622,
                    25.041902421527
                ]
            },
            "properties": {
                "city": "臺北市",
                "name": "詩特莉 Aunt Stella (忠孝SOGO店)",
                "phone": "(02)27403072",
                "address": "臺北市大安區忠孝東路四段45號",
                "district": "大安區",
                "latitude": 25.041902421527,
                "longitude": 121.544882767622,
                "data_source": "臺北市環保局",
                "eco_attributes": "()",
                "certification_level": "認證中"
            }
        },
        {
            "id": 1123,
            "type": "Feature",
            "geometry": {
                "type": "Point",
                "coordinates": [
                    121.54434361244,
                    25.044734086428
                ]
            },
            "properties": {
                "city": "臺北市",
                "name": "谷炭燒肉(市民店)",
                "phone": "(02)27119500",
                "address": "臺北市大安區市民大道四段12之2號",
                "district": "大安區",
                "latitude": 25.044734086428,
                "longitude": 121.54434361244,
                "data_source": "臺北市環保局",
                "eco_attributes": "()",
                "certification_level": "認證中"
            }
        },
        {
            "id": 1124,
            "type": "Feature",
            "geometry": {
                "type": "Point",
                "coordinates": [
                    121.544882767622,
                    25.041902421527
                ]
            },
            "properties": {
                "city": "臺北市",
                "name": "遠東SOGO忠孝店員工餐廳",
                "phone": "(02)27765555",
                "address": "臺北市大安區忠孝東路四段45號",
                "district": "大安區",
                "latitude": 25.041902421527,
                "longitude": 121.544882767622,
                "data_source": "臺北市環保局",
                "eco_attributes": "()",
                "certification_level": "認證中"
            }
        },
        {
            "id": 1125,
            "type": "Feature",
            "geometry": {
                "type": "Point",
                "coordinates": [
                    121.552695874848,
                    25.032546918389
                ]
            },
            "properties": {
                "city": "臺北市",
                "name": "醉美餐酒水煙館 Drunk Night",
                "phone": "",
                "address": "臺北市大安區文昌街128號",
                "district": "大安區",
                "latitude": 25.032546918389,
                "longitude": 121.552695874848,
                "data_source": "臺北市環保局",
                "eco_attributes": "()",
                "certification_level": "認證中"
            }
        },
        {
            "id": 1126,
            "type": "Feature",
            "geometry": {
                "type": "Point",
                "coordinates": [
                    121.530523477835,
                    25.019241443379
                ]
            },
            "properties": {
                "city": "臺北市",
                "name": "野橙咖啡",
                "phone": "(02)27025522",
                "address": "臺北市大安區羅斯福路三段269巷6之1號",
                "district": "大安區",
                "latitude": 25.019241443379,
                "longitude": 121.530523477835,
                "data_source": "臺北市環保局",
                "eco_attributes": "()",
                "certification_level": "認證中"
            }
        },
        {
            "id": 1127,
            "type": "Feature",
            "geometry": {
                "type": "Point",
                "coordinates": [
                    121.544882767622,
                    25.041902421527
                ]
            },
            "properties": {
                "city": "臺北市",
                "name": "金澤美味壽司 (忠孝SOGO店)",
                "phone": "(02)87717770",
                "address": "臺北市大安區忠孝東路四段45號11F",
                "district": "大安區",
                "latitude": 25.041902421527,
                "longitude": 121.544882767622,
                "data_source": "臺北市環保局",
                "eco_attributes": "()",
                "certification_level": "認證中"
            }
        },
        {
            "id": 1128,
            "type": "Feature",
            "geometry": {
                "type": "Point",
                "coordinates": [
                    121.548441975167,
                    25.040146203265
                ]
            },
            "properties": {
                "city": "臺北市",
                "name": "開飯川食堂",
                "phone": "(02)27515618",
                "address": "臺北市大安區敦化南路一段246號",
                "district": "大安區",
                "latitude": 25.040146203265,
                "longitude": 121.548441975167,
                "data_source": "臺北市環保局",
                "eco_attributes": "()",
                "certification_level": "認證中"
            }
        },
        {
            "id": 1129,
            "type": "Feature",
            "geometry": {
                "type": "Point",
                "coordinates": [
                    121.543057105291,
                    25.041211752706
                ]
            },
            "properties": {
                "city": "臺北市",
                "name": "阿瑪迪斯咖啡館",
                "phone": "(02)87728679",
                "address": "臺北市大安區忠孝東路三段300號",
                "district": "大安區",
                "latitude": 25.041211752706,
                "longitude": 121.543057105291,
                "data_source": "臺北市環保局",
                "eco_attributes": "()",
                "certification_level": "認證中"
            }
        },
        {
            "id": 1130,
            "type": "Feature",
            "geometry": {
                "type": "Point",
                "coordinates": [
                    121.527627865564,
                    25.030129367965
                ]
            },
            "properties": {
                "city": "臺北市",
                "name": "隨意吧(公企店)",
                "phone": "(02)23416777",
                "address": "臺北市大安區金華街187號",
                "district": "大安區",
                "latitude": 25.030129367965,
                "longitude": 121.527627865564,
                "data_source": "臺北市環保局",
                "eco_attributes": "()",
                "certification_level": "認證中"
            }
        },
        {
            "id": 1131,
            "type": "Feature",
            "geometry": {
                "type": "Point",
                "coordinates": [
                    121.533494108139,
                    25.018856294928
                ]
            },
            "properties": {
                "city": "臺北市",
                "name": "靈感咖啡",
                "phone": "(02)23631371",
                "address": "臺北市大安區新生南路三段84-6號",
                "district": "大安區",
                "latitude": 25.018856294928,
                "longitude": 121.533494108139,
                "data_source": "臺北市環保局",
                "eco_attributes": "()",
                "certification_level": "認證中"
            }
        },
        {
            "id": 1132,
            "type": "Feature",
            "geometry": {
                "type": "Point",
                "coordinates": [
                    121.534296340092,
                    25.023168281197
                ]
            },
            "properties": {
                "city": "臺北市",
                "name": "風尚咖啡廳",
                "phone": "(02)881223232",
                "address": "臺北市大安區新生南路3段30號",
                "district": "大安區",
                "latitude": 25.023168281197,
                "longitude": 121.534296340092,
                "data_source": "臺北市環保局",
                "eco_attributes": "()",
                "certification_level": "認證中"
            }
        },
        {
            "id": 1133,
            "type": "Feature",
            "geometry": {
                "type": "Point",
                "coordinates": [
                    121.543057105291,
                    25.041211752706
                ]
            },
            "properties": {
                "city": "臺北市",
                "name": "鰻將劍持屋",
                "phone": "(02)87728551",
                "address": "臺北市大安區忠孝東路三段300號",
                "district": "大安區",
                "latitude": 25.041211752706,
                "longitude": 121.543057105291,
                "data_source": "臺北市環保局",
                "eco_attributes": "()",
                "certification_level": "認證中"
            }
        },
        {
            "id": 1134,
            "type": "Feature",
            "geometry": {
                "type": "Point",
                "coordinates": [
                    121.535709528968,
                    25.036729655711
                ]
            },
            "properties": {
                "city": "臺北市",
                "name": "麥味登北市仁愛",
                "phone": "(02)27037182",
                "address": "臺北市大安區仁愛路三段24巷1-6號",
                "district": "大安區",
                "latitude": 25.036729655711,
                "longitude": 121.535709528968,
                "data_source": "臺北市環保局",
                "eco_attributes": "()",
                "certification_level": "認證中"
            }
        },
        {
            "id": 1135,
            "type": "Feature",
            "geometry": {
                "type": "Point",
                "coordinates": [
                    121.545949867715,
                    25.029787092949
                ]
            },
            "properties": {
                "city": "臺北市",
                "name": "麥味登北市大安",
                "phone": "(02)27017080",
                "address": "臺北市大安區大安路二段134號",
                "district": "大安區",
                "latitude": 25.029787092949,
                "longitude": 121.545949867715,
                "data_source": "臺北市環保局",
                "eco_attributes": "()",
                "certification_level": "認證中"
            }
        },
        {
            "id": 1136,
            "type": "Feature",
            "geometry": {
                "type": "Point",
                "coordinates": [
                    121.549416958145,
                    25.031090185526
                ]
            },
            "properties": {
                "city": "臺北市",
                "name": "麥味登北市敦南遠企店",
                "phone": "(02)27035003",
                "address": "臺北市大安區敦化南路二段63巷5號",
                "district": "大安區",
                "latitude": 25.031090185526,
                "longitude": 121.549416958145,
                "data_source": "臺北市環保局",
                "eco_attributes": "()",
                "certification_level": "認證中"
            }
        },
        {
            "id": 1137,
            "type": "Feature",
            "geometry": {
                "type": "Point",
                "coordinates": [
                    121.540493332567,
                    25.02883566312
                ]
            },
            "properties": {
                "city": "臺北市",
                "name": "麥味登北市瑞安",
                "phone": "(02)27077551",
                "address": "臺北市大安區瑞安街208巷26號",
                "district": "大安區",
                "latitude": 25.02883566312,
                "longitude": 121.540493332567,
                "data_source": "臺北市環保局",
                "eco_attributes": "()",
                "certification_level": "認證中"
            }
        },
        {
            "id": 1138,
            "type": "Feature",
            "geometry": {
                "type": "Point",
                "coordinates": [
                    121.553181689956,
                    25.031196929063
                ]
            },
            "properties": {
                "city": "臺北市",
                "name": "麥味登北市通化",
                "phone": "(02)27065066",
                "address": "臺北市大安區通安街54號",
                "district": "大安區",
                "latitude": 25.031196929063,
                "longitude": 121.553181689956,
                "data_source": "臺北市環保局",
                "eco_attributes": "()",
                "certification_level": "認證中"
            }
        },
        {
            "id": 1139,
            "type": "Feature",
            "geometry": {
                "type": "Point",
                "coordinates": [
                    121.533176853104,
                    25.044205894249
                ]
            },
            "properties": {
                "city": "臺北市",
                "name": "麥味登台北科大to-go 專門店",
                "phone": "(02)87729001",
                "address": "臺北市大安區新生南路一段1號",
                "district": "大安區",
                "latitude": 25.044205894249,
                "longitude": 121.533176853104,
                "data_source": "臺北市環保局",
                "eco_attributes": "()",
                "certification_level": "認證中"
            }
        },
        {
            "id": 1140,
            "type": "Feature",
            "geometry": {
                "type": "Point",
                "coordinates": [
                    121.542793494436,
                    25.024458507553
                ]
            },
            "properties": {
                "city": "臺北市",
                "name": "麵工坊大安店",
                "phone": "(02)23776186",
                "address": "臺北市大安區和平東路二段118巷2弄1號",
                "district": "大安區",
                "latitude": 25.024458507553,
                "longitude": 121.542793494436,
                "data_source": "臺北市環保局",
                "eco_attributes": "()",
                "certification_level": "認證中"
            }
        },
        {
            "id": 1141,
            "type": "Feature",
            "geometry": {
                "type": "Point",
                "coordinates": [
                    121.543057105291,
                    25.041211752706
                ]
            },
            "properties": {
                "city": "臺北市",
                "name": "黑毛屋本家(復興SOGO店)",
                "phone": "(02)27315199",
                "address": "臺北市大安區忠孝東路三段300號",
                "district": "大安區",
                "latitude": 25.041211752706,
                "longitude": 121.543057105291,
                "data_source": "臺北市環保局",
                "eco_attributes": "()",
                "certification_level": "認證中"
            }
        },
        {
            "id": 1142,
            "type": "Feature",
            "geometry": {
                "type": "Point",
                "coordinates": [
                    121.543057105291,
                    25.041211752706
                ]
            },
            "properties": {
                "city": "臺北市",
                "name": "點水樓(復興SOGO店)",
                "phone": "(02)87725089",
                "address": "臺北市大安區忠孝東路三段300號",
                "district": "大安區",
                "latitude": 25.041211752706,
                "longitude": 121.543057105291,
                "data_source": "臺北市環保局",
                "eco_attributes": "()",
                "certification_level": "認證中"
            }
        },
        {
            "id": 1143,
            "type": "Feature",
            "geometry": {
                "type": "Point",
                "coordinates": [
                    121.547615268057,
                    24.987155224656
                ]
            },
            "properties": {
                "city": "臺北市",
                "name": "Q Burger文山世新店",
                "phone": "(02)22369201",
                "address": "臺北市文山區木柵路一段101號",
                "district": "文山區",
                "latitude": 24.987155224656,
                "longitude": 121.547615268057,
                "data_source": "臺北市環保局",
                "eco_attributes": "()",
                "certification_level": "認證中"
            }
        },
        {
            "id": 1144,
            "type": "Feature",
            "geometry": {
                "type": "Point",
                "coordinates": [
                    121.539380048187,
                    24.993631669783
                ]
            },
            "properties": {
                "city": "臺北市",
                "name": "Q Burger文山景福店",
                "phone": "(02)89351881",
                "address": "臺北市文山區景福街234號",
                "district": "文山區",
                "latitude": 24.993631669783,
                "longitude": 121.539380048187,
                "data_source": "臺北市環保局",
                "eco_attributes": "()",
                "certification_level": "認證中"
            }
        },
        {
            "id": 1145,
            "type": "Feature",
            "geometry": {
                "type": "Point",
                "coordinates": [
                    121.544821244453,
                    24.995333657132
                ]
            },
            "properties": {
                "city": "臺北市",
                "name": "Q Burger文山景興店",
                "phone": "(02)29320217",
                "address": "臺北市文山區景興路99號",
                "district": "文山區",
                "latitude": 24.995333657132,
                "longitude": 121.544821244453,
                "data_source": "臺北市環保局",
                "eco_attributes": "()",
                "certification_level": "認證中"
            }
        },
        {
            "id": 1146,
            "type": "Feature",
            "geometry": {
                "type": "Point",
                "coordinates": [
                    121.56727376467,
                    24.983356043223
                ]
            },
            "properties": {
                "city": "臺北市",
                "name": "Q Burger文山木新店",
                "phone": "(02)29396817",
                "address": "臺北市文山區木新路二段229號",
                "district": "文山區",
                "latitude": 24.983356043223,
                "longitude": 121.56727376467,
                "data_source": "臺北市環保局",
                "eco_attributes": "()",
                "certification_level": "認證中"
            }
        },
        {
            "id": 1147,
            "type": "Feature",
            "geometry": {
                "type": "Point",
                "coordinates": [
                    121.550664185337,
                    25.003121199553
                ]
            },
            "properties": {
                "city": "臺北市",
                "name": "Q Burger文山福興店",
                "phone": "(02)29308228",
                "address": "臺北市文山區福興路45號",
                "district": "文山區",
                "latitude": 25.003121199553,
                "longitude": 121.550664185337,
                "data_source": "臺北市環保局",
                "eco_attributes": "()",
                "certification_level": "認證中"
            }
        },
        {
            "id": 1148,
            "type": "Feature",
            "geometry": {
                "type": "Point",
                "coordinates": [
                    121.550156988891,
                    25.001117758006
                ]
            },
            "properties": {
                "city": "臺北市",
                "name": "Q Burger文山興德店",
                "phone": "(02)29343805",
                "address": "臺北市文山區興隆路二段215之2號",
                "district": "文山區",
                "latitude": 25.001117758006,
                "longitude": 121.550156988891,
                "data_source": "臺北市環保局",
                "eco_attributes": "()",
                "certification_level": "認證中"
            }
        },
        {
            "id": 1149,
            "type": "Feature",
            "geometry": {
                "type": "Point",
                "coordinates": [
                    121.562082349119,
                    24.983037237536
                ]
            },
            "properties": {
                "city": "臺北市",
                "name": "Q Burger文山興隆店",
                "phone": "(02)29371568",
                "address": "臺北市文山區興隆路四段112號",
                "district": "文山區",
                "latitude": 24.983037237536,
                "longitude": 121.562082349119,
                "data_source": "臺北市環保局",
                "eco_attributes": "()",
                "certification_level": "認證中"
            }
        },
        {
            "id": 1150,
            "type": "Feature",
            "geometry": {
                "type": "Point",
                "coordinates": [
                    121.539496221365,
                    24.999627748038
                ]
            },
            "properties": {
                "city": "臺北市",
                "name": "Q Burger文山萬隆店",
                "phone": "(02)29331380",
                "address": "臺北市文山區萬隆里景福街4號",
                "district": "文山區",
                "latitude": 24.999627748038,
                "longitude": 121.539496221365,
                "data_source": "臺北市環保局",
                "eco_attributes": "()",
                "certification_level": "認證中"
            }
        },
        {
            "id": 1151,
            "type": "Feature",
            "geometry": {
                "type": "Point",
                "coordinates": [
                    121.5694024328,
                    25.001994462219
                ]
            },
            "properties": {
                "city": "臺北市",
                "name": "愛加倍餐廳",
                "phone": "(02)22303518",
                "address": "臺北市文山區萬美街一段19巷5之1",
                "district": "文山區",
                "latitude": 25.001994462219,
                "longitude": 121.5694024328,
                "data_source": "臺北市環保局",
                "eco_attributes": "()",
                "certification_level": "認證中"
            }
        },
        {
            "id": 1152,
            "type": "Feature",
            "geometry": {
                "type": "Point",
                "coordinates": [
                    121.56128145827,
                    24.981937280382
                ]
            },
            "properties": {
                "city": "臺北市",
                "name": "成家小館",
                "phone": "(02)29374611",
                "address": "臺北市文山區木新路三段154號",
                "district": "文山區",
                "latitude": 24.981937280382,
                "longitude": 121.56128145827,
                "data_source": "臺北市環保局",
                "eco_attributes": "()",
                "certification_level": "認證中"
            }
        },
        {
            "id": 1153,
            "type": "Feature",
            "geometry": {
                "type": "Point",
                "coordinates": [
                    121.574385893333,
                    24.99161837855
                ]
            },
            "properties": {
                "city": "臺北市",
                "name": "芽米早午餐(木柵店)",
                "phone": "(02)29393166",
                "address": "臺北市文山區秀明路二段16號",
                "district": "文山區",
                "latitude": 24.99161837855,
                "longitude": 121.574385893333,
                "data_source": "臺北市環保局",
                "eco_attributes": "()",
                "certification_level": "認證中"
            }
        },
        {
            "id": 1154,
            "type": "Feature",
            "geometry": {
                "type": "Point",
                "coordinates": [
                    121.563141151128,
                    24.984820696984
                ]
            },
            "properties": {
                "city": "臺北市",
                "name": "麥味登北市忠順",
                "phone": "(02)29399358",
                "address": "臺北市文山區忠順街2段25號",
                "district": "文山區",
                "latitude": 24.984820696984,
                "longitude": 121.563141151128,
                "data_source": "臺北市環保局",
                "eco_attributes": "()",
                "certification_level": "認證中"
            }
        },
        {
            "id": 1155,
            "type": "Feature",
            "geometry": {
                "type": "Point",
                "coordinates": [
                    121.566370614602,
                    24.988669122098
                ]
            },
            "properties": {
                "city": "臺北市",
                "name": "麥味登北市文山木柵店",
                "phone": "(02)86617903",
                "address": "臺北市文山區木柵路三段55號",
                "district": "文山區",
                "latitude": 24.988669122098,
                "longitude": 121.566370614602,
                "data_source": "臺北市環保局",
                "eco_attributes": "()",
                "certification_level": "認證中"
            }
        },
        {
            "id": 1156,
            "type": "Feature",
            "geometry": {
                "type": "Point",
                "coordinates": [
                    121.539263623552,
                    25.00173030654
                ]
            },
            "properties": {
                "city": "臺北市",
                "name": "麥味登台北萬隆",
                "phone": "(02)29356080",
                "address": "臺北市文山區羅斯福路五段233號",
                "district": "文山區",
                "latitude": 25.00173030654,
                "longitude": 121.539263623552,
                "data_source": "臺北市環保局",
                "eco_attributes": "()",
                "certification_level": "認證中"
            }
        },
        {
            "id": 1157,
            "type": "Feature",
            "geometry": {
                "type": "Point",
                "coordinates": [
                    121.542172814506,
                    24.989274253598
                ]
            },
            "properties": {
                "city": "臺北市",
                "name": "麥味登文山世新",
                "phone": "(02)29350818",
                "address": "臺北市文山區景興路288號",
                "district": "文山區",
                "latitude": 24.989274253598,
                "longitude": 121.542172814506,
                "data_source": "臺北市環保局",
                "eco_attributes": "()",
                "certification_level": "認證中"
            }
        },
        {
            "id": 1158,
            "type": "Feature",
            "geometry": {
                "type": "Point",
                "coordinates": [
                    121.576049449656,
                    24.98857465805
                ]
            },
            "properties": {
                "city": "臺北市",
                "name": "麥味登文山政大",
                "phone": "(02)29381314",
                "address": "臺北市文山區萬壽路25巷3號",
                "district": "文山區",
                "latitude": 24.98857465805,
                "longitude": 121.576049449656,
                "data_source": "臺北市環保局",
                "eco_attributes": "()",
                "certification_level": "認證中"
            }
        },
        {
            "id": 1159,
            "type": "Feature",
            "geometry": {
                "type": "Point",
                "coordinates": [
                    121.565953782557,
                    24.982898181762
                ]
            },
            "properties": {
                "city": "臺北市",
                "name": "麥味登文山木新",
                "phone": "(02)29398080",
                "address": "臺北市文山區木新路二段277號",
                "district": "文山區",
                "latitude": 24.982898181762,
                "longitude": 121.565953782557,
                "data_source": "臺北市環保局",
                "eco_attributes": "()",
                "certification_level": "認證中"
            }
        },
        {
            "id": 1160,
            "type": "Feature",
            "geometry": {
                "type": "Point",
                "coordinates": [
                    121.556735030169,
                    24.980590979094
                ]
            },
            "properties": {
                "city": "臺北市",
                "name": "麥味登文山木星好運",
                "phone": "(02)29360988",
                "address": "臺北市文山區木新路三段315號",
                "district": "文山區",
                "latitude": 24.980590979094,
                "longitude": 121.556735030169,
                "data_source": "臺北市環保局",
                "eco_attributes": "()",
                "certification_level": "認證中"
            }
        },
        {
            "id": 1161,
            "type": "Feature",
            "geometry": {
                "type": "Point",
                "coordinates": [
                    121.540505570146,
                    24.99013113556
                ]
            },
            "properties": {
                "city": "臺北市",
                "name": "麥味登文山滬江",
                "phone": "(02)29351157",
                "address": "臺北市文山區羅斯福路六段455巷21號",
                "district": "文山區",
                "latitude": 24.99013113556,
                "longitude": 121.540505570146,
                "data_source": "臺北市環保局",
                "eco_attributes": "()",
                "certification_level": "認證中"
            }
        },
        {
            "id": 1162,
            "type": "Feature",
            "geometry": {
                "type": "Point",
                "coordinates": [
                    121.561419256759,
                    24.985749747132
                ]
            },
            "properties": {
                "city": "臺北市",
                "name": "麥味登文山興隆",
                "phone": "(02)29392619",
                "address": "臺北市文山區興隆路四段119號",
                "district": "文山區",
                "latitude": 24.985749747132,
                "longitude": 121.561419256759,
                "data_source": "臺北市環保局",
                "eco_attributes": "()",
                "certification_level": "認證中"
            }
        },
        {
            "id": 1163,
            "type": "Feature",
            "geometry": {
                "type": "Point",
                "coordinates": [
                    121.554549197459,
                    25.000527796801
                ]
            },
            "properties": {
                "city": "臺北市",
                "name": "麥味登文山辛亥",
                "phone": "(02)29315015",
                "address": "臺北市文山區辛亥路五段5號",
                "district": "文山區",
                "latitude": 25.000527796801,
                "longitude": 121.554549197459,
                "data_source": "臺北市環保局",
                "eco_attributes": "()",
                "certification_level": "認證中"
            }
        },
        {
            "id": 1164,
            "type": "Feature",
            "geometry": {
                "type": "Point",
                "coordinates": [
                    121.537569054187,
                    25.002022373957
                ]
            },
            "properties": {
                "city": "臺北市",
                "name": "麥味登文山饗食大亨",
                "phone": "(02)29301098",
                "address": "臺北市文山區羅斯福路五段218巷25號",
                "district": "文山區",
                "latitude": 25.002022373957,
                "longitude": 121.537569054187,
                "data_source": "臺北市環保局",
                "eco_attributes": "()",
                "certification_level": "認證中"
            }
        },
        {
            "id": 1165,
            "type": "Feature",
            "geometry": {
                "type": "Point",
                "coordinates": [
                    121.544587054078,
                    24.997093228156
                ]
            },
            "properties": {
                "city": "臺北市",
                "name": "麥味登景興饗食大亨",
                "phone": "(02)29325657",
                "address": "臺北市文山區景興路40號",
                "district": "文山區",
                "latitude": 24.997093228156,
                "longitude": 121.544587054078,
                "data_source": "臺北市環保局",
                "eco_attributes": "()",
                "certification_level": "認證中"
            }
        },
        {
            "id": 1166,
            "type": "Feature",
            "geometry": {
                "type": "Point",
                "coordinates": [
                    121.546784118538,
                    25.058831141823
                ]
            },
            "properties": {
                "city": "臺北市",
                "name": "Blooming 花漾蒔光",
                "phone": "(02)25460909",
                "address": "臺北市松山區復興北路313巷38號",
                "district": "松山區",
                "latitude": 25.058831141823,
                "longitude": 121.546784118538,
                "data_source": "臺北市環保局",
                "eco_attributes": "()",
                "certification_level": "認證中"
            }
        },
        {
            "id": 1167,
            "type": "Feature",
            "geometry": {
                "type": "Point",
                "coordinates": [
                    121.557929116095,
                    25.045992161634
                ]
            },
            "properties": {
                "city": "臺北市",
                "name": "Coming Bistro",
                "phone": "(02)27479225",
                "address": "臺北市松山區光復南路55號",
                "district": "松山區",
                "latitude": 25.045992161634,
                "longitude": 121.557929116095,
                "data_source": "臺北市環保局",
                "eco_attributes": "()",
                "certification_level": "認證中"
            }
        },
        {
            "id": 1168,
            "type": "Feature",
            "geometry": {
                "type": "Point",
                "coordinates": [
                    121.548091779253,
                    25.06100000118
                ]
            },
            "properties": {
                "city": "臺北市",
                "name": "Fun 心 caf?",
                "phone": "(02)27125565",
                "address": "臺北市松山區敦化北路244巷29號",
                "district": "松山區",
                "latitude": 25.06100000118,
                "longitude": 121.548091779253,
                "data_source": "臺北市環保局",
                "eco_attributes": "()",
                "certification_level": "認證中"
            }
        },
        {
            "id": 1169,
            "type": "Feature",
            "geometry": {
                "type": "Point",
                "coordinates": [
                    121.546035614585,
                    25.047587656904
                ]
            },
            "properties": {
                "city": "臺北市",
                "name": "PAI CAF? & LIFE",
                "phone": "",
                "address": "臺北市松山區八德路二段366巷11號",
                "district": "松山區",
                "latitude": 25.047587656904,
                "longitude": 121.546035614585,
                "data_source": "臺北市環保局",
                "eco_attributes": "()",
                "certification_level": "認證中"
            }
        },
        {
            "id": 1170,
            "type": "Feature",
            "geometry": {
                "type": "Point",
                "coordinates": [
                    121.566223428383,
                    25.050048499857
                ]
            },
            "properties": {
                "city": "臺北市",
                "name": "Q Burger松山南京五店",
                "phone": "(02)27565258",
                "address": "臺北市松山區南京東路五段250巷18弄2-1號",
                "district": "松山區",
                "latitude": 25.050048499857,
                "longitude": 121.566223428383,
                "data_source": "臺北市環保局",
                "eco_attributes": "()",
                "certification_level": "認證中"
            }
        },
        {
            "id": 1171,
            "type": "Feature",
            "geometry": {
                "type": "Point",
                "coordinates": [
                    121.565930732324,
                    25.062741634931
                ]
            },
            "properties": {
                "city": "臺北市",
                "name": "Q Burger松山撫遠店",
                "phone": "(02)27533262",
                "address": "臺北市松山區撫遠街352號",
                "district": "松山區",
                "latitude": 25.062741634931,
                "longitude": 121.565930732324,
                "data_source": "臺北市環保局",
                "eco_attributes": "()",
                "certification_level": "認證中"
            }
        },
        {
            "id": 1172,
            "type": "Feature",
            "geometry": {
                "type": "Point",
                "coordinates": [
                    121.552521950357,
                    25.058168384739
                ]
            },
            "properties": {
                "city": "臺北市",
                "name": "Q Burger松山民生店",
                "phone": "(02)25471072",
                "address": "臺北市松山區民生東路四段103號",
                "district": "松山區",
                "latitude": 25.058168384739,
                "longitude": 121.552521950357,
                "data_source": "臺北市環保局",
                "eco_attributes": "()",
                "certification_level": "認證中"
            }
        },
        {
            "id": 1173,
            "type": "Feature",
            "geometry": {
                "type": "Point",
                "coordinates": [
                    121.550306697167,
                    25.054834776118
                ]
            },
            "properties": {
                "city": "臺北市",
                "name": "《扶風堂》披薩。義麵。吉拉朵",
                "phone": "(02)27153377",
                "address": "臺北市松山區敦化北路165巷5號",
                "district": "松山區",
                "latitude": 25.054834776118,
                "longitude": 121.550306697167,
                "data_source": "臺北市環保局",
                "eco_attributes": "()",
                "certification_level": "認證中"
            }
        },
        {
            "id": 1174,
            "type": "Feature",
            "geometry": {
                "type": "Point",
                "coordinates": [
                    121.549764974764,
                    25.052964228696
                ]
            },
            "properties": {
                "city": "臺北市",
                "name": "中國人壽總部員工餐廳(自有)",
                "phone": "(02)27196678",
                "address": "臺北市松山區敦化北路135號",
                "district": "松山區",
                "latitude": 25.052964228696,
                "longitude": 121.549764974764,
                "data_source": "臺北市環保局",
                "eco_attributes": "()",
                "certification_level": "認證中"
            }
        },
        {
            "id": 1175,
            "type": "Feature",
            "geometry": {
                "type": "Point",
                "coordinates": [
                    121.551538920752,
                    25.047550650801
                ]
            },
            "properties": {
                "city": "臺北市",
                "name": "中崙涼麵",
                "phone": "(02)27188177",
                "address": "臺北市松山區八德路三段12巷5弄30號",
                "district": "松山區",
                "latitude": 25.047550650801,
                "longitude": 121.551538920752,
                "data_source": "臺北市環保局",
                "eco_attributes": "()",
                "certification_level": "認證中"
            }
        },
        {
            "id": 1176,
            "type": "Feature",
            "geometry": {
                "type": "Point",
                "coordinates": [
                    121.545865042855,
                    25.055994160965
                ]
            },
            "properties": {
                "city": "臺北市",
                "name": "十八廚",
                "phone": "(02)27547890",
                "address": "臺北市松山區興安街212號",
                "district": "松山區",
                "latitude": 25.055994160965,
                "longitude": 121.545865042855,
                "data_source": "臺北市環保局",
                "eco_attributes": "()",
                "certification_level": "認證中"
            }
        },
        {
            "id": 1177,
            "type": "Feature",
            "geometry": {
                "type": "Point",
                "coordinates": [
                    121.547277142083,
                    25.048053145897
                ]
            },
            "properties": {
                "city": "臺北市",
                "name": "基督復臨安息日會醫療財團法人臺安醫院 嗎哪天然之味餐廳",
                "phone": "(02)277181513",
                "address": "臺北市松山區八德路二段424號",
                "district": "松山區",
                "latitude": 25.048053145897,
                "longitude": 121.547277142083,
                "data_source": "臺北市環保局",
                "eco_attributes": "()",
                "certification_level": "認證中"
            }
        },
        {
            "id": 1178,
            "type": "Feature",
            "geometry": {
                "type": "Point",
                "coordinates": [
                    121.544829207261,
                    25.051629997348
                ]
            },
            "properties": {
                "city": "臺北市",
                "name": "大戶屋南京復興店",
                "phone": "(02)27715337",
                "address": "臺北市松山區南京東路三段258號",
                "district": "松山區",
                "latitude": 25.051629997348,
                "longitude": 121.544829207261,
                "data_source": "臺北市環保局",
                "eco_attributes": "()",
                "certification_level": "認證中"
            }
        },
        {
            "id": 1179,
            "type": "Feature",
            "geometry": {
                "type": "Point",
                "coordinates": [
                    121.544125546489,
                    25.046129415299
                ]
            },
            "properties": {
                "city": "臺北市",
                "name": "大戶屋微風廣場店",
                "phone": "(02)87720835",
                "address": "臺北市松山區復興南路一段39號GF",
                "district": "松山區",
                "latitude": 25.046129415299,
                "longitude": 121.544125546489,
                "data_source": "臺北市環保局",
                "eco_attributes": "()",
                "certification_level": "認證中"
            }
        },
        {
            "id": 1180,
            "type": "Feature",
            "geometry": {
                "type": "Point",
                "coordinates": [
                    121.551933708392,
                    25.058523609796
                ]
            },
            "properties": {
                "city": "臺北市",
                "name": "島津和牛咖哩 (民生店)",
                "phone": "(02)27171007",
                "address": "臺北市松山區民生東路四段97巷1弄2號",
                "district": "松山區",
                "latitude": 25.058523609796,
                "longitude": 121.551933708392,
                "data_source": "臺北市環保局",
                "eco_attributes": "()",
                "certification_level": "認證中"
            }
        },
        {
            "id": 1181,
            "type": "Feature",
            "geometry": {
                "type": "Point",
                "coordinates": [
                    121.545328265776,
                    25.057464682058
                ]
            },
            "properties": {
                "city": "臺北市",
                "name": "杭州小籠湯包-民生店",
                "phone": "(02)66130666",
                "address": "臺北市松山區民生東路三段118號",
                "district": "松山區",
                "latitude": 25.057464682058,
                "longitude": 121.545328265776,
                "data_source": "臺北市環保局",
                "eco_attributes": "()",
                "certification_level": "認證中"
            }
        },
        {
            "id": 1182,
            "type": "Feature",
            "geometry": {
                "type": "Point",
                "coordinates": [
                    121.562433131767,
                    25.050500535895
                ]
            },
            "properties": {
                "city": "臺北市",
                "name": "樂檸漢堡（南京三民門市）",
                "phone": "(02)27620398",
                "address": "臺北市松山區光復北路11巷99-1號",
                "district": "松山區",
                "latitude": 25.050500535895,
                "longitude": 121.562433131767,
                "data_source": "臺北市環保局",
                "eco_attributes": "()",
                "certification_level": "認證中"
            }
        },
        {
            "id": 1183,
            "type": "Feature",
            "geometry": {
                "type": "Point",
                "coordinates": [
                    121.547994632995,
                    25.05196309418
                ]
            },
            "properties": {
                "city": "臺北市",
                "name": "橫濱牛排-微風南京店",
                "phone": "(02)87125575",
                "address": "臺北市松山區南京東路3段337號",
                "district": "松山區",
                "latitude": 25.05196309418,
                "longitude": 121.547994632995,
                "data_source": "臺北市環保局",
                "eco_attributes": "()",
                "certification_level": "認證中"
            }
        },
        {
            "id": 1184,
            "type": "Feature",
            "geometry": {
                "type": "Point",
                "coordinates": [
                    121.550272331364,
                    25.05935517841
                ]
            },
            "properties": {
                "city": "臺北市",
                "name": "玉山銀行(第二總部大樓)員工餐廳",
                "phone": "(02)21751313",
                "address": "臺北市松山區敦化北路315號",
                "district": "松山區",
                "latitude": 25.05935517841,
                "longitude": 121.550272331364,
                "data_source": "臺北市環保局",
                "eco_attributes": "()",
                "certification_level": "認證中"
            }
        },
        {
            "id": 1185,
            "type": "Feature",
            "geometry": {
                "type": "Point",
                "coordinates": [
                    121.546431156595,
                    25.058065245421
                ]
            },
            "properties": {
                "city": "臺北市",
                "name": "玉山銀行員工餐廳",
                "phone": "(02)21751313",
                "address": "臺北市松山區民生東路三段117號",
                "district": "松山區",
                "latitude": 25.058065245421,
                "longitude": 121.546431156595,
                "data_source": "臺北市環保局",
                "eco_attributes": "()",
                "certification_level": "認證中"
            }
        },
        {
            "id": 1186,
            "type": "Feature",
            "geometry": {
                "type": "Point",
                "coordinates": [
                    121.544865668539,
                    25.050290694949
                ]
            },
            "properties": {
                "city": "臺北市",
                "name": "發肉燒肉餐酒(敦化本店)",
                "phone": "(02)27113331",
                "address": "臺北市松山區敦化北路4巷56號",
                "district": "松山區",
                "latitude": 25.050290694949,
                "longitude": 121.544865668539,
                "data_source": "臺北市環保局",
                "eco_attributes": "()",
                "certification_level": "認證中"
            }
        },
        {
            "id": 1187,
            "type": "Feature",
            "geometry": {
                "type": "Point",
                "coordinates": [
                    121.563650435565,
                    25.054561693712
                ]
            },
            "properties": {
                "city": "臺北市",
                "name": "築間幸福鍋物台北三民",
                "phone": "(02)25289191",
                "address": "臺北市松山區105臺北市松山區三民路25號",
                "district": "松山區",
                "latitude": 25.054561693712,
                "longitude": 121.563650435565,
                "data_source": "臺北市環保局",
                "eco_attributes": "()",
                "certification_level": "認證中"
            }
        },
        {
            "id": 1188,
            "type": "Feature",
            "geometry": {
                "type": "Point",
                "coordinates": [
                    121.544139544267,
                    25.047346090454
                ]
            },
            "properties": {
                "city": "臺北市",
                "name": "築間幸福鍋物台北復興南",
                "phone": "(02)27525568",
                "address": "臺北市松山區105臺北市松山區復興南路一段1之1號",
                "district": "松山區",
                "latitude": 25.047346090454,
                "longitude": 121.544139544267,
                "data_source": "臺北市環保局",
                "eco_attributes": "()",
                "certification_level": "認證中"
            }
        },
        {
            "id": 1189,
            "type": "Feature",
            "geometry": {
                "type": "Point",
                "coordinates": [
                    121.560498420876,
                    25.057164190829
                ]
            },
            "properties": {
                "city": "臺北市",
                "name": "綠帶純植物烘焙",
                "phone": "(02)27477668",
                "address": "臺北市松山區民生東路五段36巷8弄64號",
                "district": "松山區",
                "latitude": 25.057164190829,
                "longitude": 121.560498420876,
                "data_source": "臺北市環保局",
                "eco_attributes": "()",
                "certification_level": "認證中"
            }
        },
        {
            "id": 1190,
            "type": "Feature",
            "geometry": {
                "type": "Point",
                "coordinates": [
                    121.545605203857,
                    25.05400438097
                ]
            },
            "properties": {
                "city": "臺北市",
                "name": "老乾杯 慶城店",
                "phone": "(02)27139000",
                "address": "臺北市松山區台北市松山區慶城街29號",
                "district": "松山區",
                "latitude": 25.05400438097,
                "longitude": 121.545605203857,
                "data_source": "臺北市環保局",
                "eco_attributes": "()",
                "certification_level": "認證中"
            }
        },
        {
            "id": 1191,
            "type": "Feature",
            "geometry": {
                "type": "Point",
                "coordinates": [
                    121.544403741855,
                    25.058583582313
                ]
            },
            "properties": {
                "city": "臺北市",
                "name": "老舅的家鄉味",
                "phone": "(02)27181122",
                "address": "臺北市松山區復興北路307號",
                "district": "松山區",
                "latitude": 25.058583582313,
                "longitude": 121.544403741855,
                "data_source": "臺北市環保局",
                "eco_attributes": "()",
                "certification_level": "認證中"
            }
        },
        {
            "id": 1192,
            "type": "Feature",
            "geometry": {
                "type": "Point",
                "coordinates": [
                    121.548393779224,
                    25.055343515731
                ]
            },
            "properties": {
                "city": "臺北市",
                "name": "聚寶員工餐廳",
                "phone": "(02)27156888",
                "address": "臺北市松山區敦化北路158號",
                "district": "松山區",
                "latitude": 25.055343515731,
                "longitude": 121.548393779224,
                "data_source": "臺北市環保局",
                "eco_attributes": "()",
                "certification_level": "認證中"
            }
        },
        {
            "id": 1193,
            "type": "Feature",
            "geometry": {
                "type": "Point",
                "coordinates": [
                    121.560698832181,
                    25.050286629726
                ]
            },
            "properties": {
                "city": "臺北市",
                "name": "萬芳冰室-南京店",
                "phone": "(02)27494069",
                "address": "臺北市松山區台北市松山區南京東路五段66巷16號",
                "district": "松山區",
                "latitude": 25.050286629726,
                "longitude": 121.560698832181,
                "data_source": "臺北市環保局",
                "eco_attributes": "()",
                "certification_level": "認證中"
            }
        },
        {
            "id": 1194,
            "type": "Feature",
            "geometry": {
                "type": "Point",
                "coordinates": [
                    121.559775733184,
                    25.050795117882
                ]
            },
            "properties": {
                "city": "臺北市",
                "name": "蜂蜜窩桌遊咖啡館",
                "phone": "(02)27425922",
                "address": "臺北市松山區光復北路103巷38號",
                "district": "松山區",
                "latitude": 25.050795117882,
                "longitude": 121.559775733184,
                "data_source": "臺北市環保局",
                "eco_attributes": "()",
                "certification_level": "認證中"
            }
        },
        {
            "id": 1195,
            "type": "Feature",
            "geometry": {
                "type": "Point",
                "coordinates": [
                    121.552819591739,
                    25.054641112245
                ]
            },
            "properties": {
                "city": "臺北市",
                "name": "麥味登北市健康店",
                "phone": "(02)25148117",
                "address": "臺北市松山區健康路15巷13號",
                "district": "松山區",
                "latitude": 25.054641112245,
                "longitude": 121.552819591739,
                "data_source": "臺北市環保局",
                "eco_attributes": "()",
                "certification_level": "認證中"
            }
        },
        {
            "id": 1196,
            "type": "Feature",
            "geometry": {
                "type": "Point",
                "coordinates": [
                    121.563704750297,
                    25.051213500579
                ]
            },
            "properties": {
                "city": "臺北市",
                "name": "麥味登北市南京三民(togo外賣專門店)",
                "phone": "(02)27489768",
                "address": "臺北市松山區南京東路五段186號",
                "district": "松山區",
                "latitude": 25.051213500579,
                "longitude": 121.563704750297,
                "data_source": "臺北市環保局",
                "eco_attributes": "()",
                "certification_level": "認證中"
            }
        },
        {
            "id": 1197,
            "type": "Feature",
            "geometry": {
                "type": "Point",
                "coordinates": [
                    121.556777442599,
                    25.049678019737
                ]
            },
            "properties": {
                "city": "臺北市",
                "name": "麥味登北市參食",
                "phone": "(02)25782800",
                "address": "臺北市松山區光復北路60巷19-4號",
                "district": "松山區",
                "latitude": 25.049678019737,
                "longitude": 121.556777442599,
                "data_source": "臺北市環保局",
                "eco_attributes": "()",
                "certification_level": "認證中"
            }
        },
        {
            "id": 1198,
            "type": "Feature",
            "geometry": {
                "type": "Point",
                "coordinates": [
                    121.550877923868,
                    25.047556224767
                ]
            },
            "properties": {
                "city": "臺北市",
                "name": "麥味登北市台視店",
                "phone": "(02)25795877",
                "address": "臺北市松山區八德路三段12巷5弄6號",
                "district": "松山區",
                "latitude": 25.047556224767,
                "longitude": 121.550877923868,
                "data_source": "臺北市環保局",
                "eco_attributes": "()",
                "certification_level": "認證中"
            }
        },
        {
            "id": 1199,
            "type": "Feature",
            "geometry": {
                "type": "Point",
                "coordinates": [
                    121.548308283812,
                    25.059240723522
                ]
            },
            "properties": {
                "city": "臺北市",
                "name": "麥味登北市敦北",
                "phone": "(02)27120158",
                "address": "臺北市松山區敦化北路222巷11號",
                "district": "松山區",
                "latitude": 25.059240723522,
                "longitude": 121.548308283812,
                "data_source": "臺北市環保局",
                "eco_attributes": "()",
                "certification_level": "認證中"
            }
        },
        {
            "id": 1200,
            "type": "Feature",
            "geometry": {
                "type": "Point",
                "coordinates": [
                    121.56440916544,
                    25.050053990004
                ]
            },
            "properties": {
                "city": "臺北市",
                "name": "麥味登北市新東興",
                "phone": "(02)27476080",
                "address": "臺北市松山區八德路四段245巷36號",
                "district": "松山區",
                "latitude": 25.050053990004,
                "longitude": 121.56440916544,
                "data_source": "臺北市環保局",
                "eco_attributes": "()",
                "certification_level": "認證中"
            }
        },
        {
            "id": 1201,
            "type": "Feature",
            "geometry": {
                "type": "Point",
                "coordinates": [
                    121.562355347705,
                    25.059171782368
                ]
            },
            "properties": {
                "city": "臺北市",
                "name": "麥味登北市民生",
                "phone": "(02)27607148",
                "address": "臺北市松山區民生東路五段153-5號",
                "district": "松山區",
                "latitude": 25.059171782368,
                "longitude": 121.562355347705,
                "data_source": "臺北市環保局",
                "eco_attributes": "()",
                "certification_level": "認證中"
            }
        },
        {
            "id": 1202,
            "type": "Feature",
            "geometry": {
                "type": "Point",
                "coordinates": [
                    121.5619783297,
                    25.05684379258
                ]
            },
            "properties": {
                "city": "臺北市",
                "name": "麥味登北市民生延壽店",
                "phone": "(02)27476967",
                "address": "臺北市松山區延壽街173號",
                "district": "松山區",
                "latitude": 25.05684379258,
                "longitude": 121.5619783297,
                "data_source": "臺北市環保局",
                "eco_attributes": "()",
                "certification_level": "認證中"
            }
        },
        {
            "id": 1203,
            "type": "Feature",
            "geometry": {
                "type": "Point",
                "coordinates": [
                    121.567367977261,
                    25.054853258214
                ]
            },
            "properties": {
                "city": "臺北市",
                "name": "麥味登北市西松",
                "phone": "(02)85095201",
                "address": "臺北市松山區健康路325巷6弄2號",
                "district": "松山區",
                "latitude": 25.054853258214,
                "longitude": 121.567367977261,
                "data_source": "臺北市環保局",
                "eco_attributes": "()",
                "certification_level": "認證中"
            }
        },
        {
            "id": 1204,
            "type": "Feature",
            "geometry": {
                "type": "Point",
                "coordinates": [
                    121.504781982631,
                    25.042403282152
                ]
            },
            "properties": {
                "city": "臺北市",
                "name": "?陸伍貳懷舊港式冰室",
                "phone": "",
                "address": "臺北市萬華區昆明街99號",
                "district": "萬華區",
                "latitude": 25.042403282152,
                "longitude": 121.504781982631,
                "data_source": "臺北市環保局",
                "eco_attributes": "()",
                "certification_level": "認證中"
            }
        },
        {
            "id": 1205,
            "type": "Feature",
            "geometry": {
                "type": "Point",
                "coordinates": [
                    121.504980941224,
                    25.045224580449
                ]
            },
            "properties": {
                "city": "臺北市",
                "name": "Blue磚塊義法廚房",
                "phone": "(02)23110070",
                "address": "臺北市萬華區武昌街二段83之8號",
                "district": "萬華區",
                "latitude": 25.045224580449,
                "longitude": 121.504980941224,
                "data_source": "臺北市環保局",
                "eco_attributes": "()",
                "certification_level": "認證中"
            }
        },
        {
            "id": 1206,
            "type": "Feature",
            "geometry": {
                "type": "Point",
                "coordinates": [
                    121.505611036674,
                    25.027209657723
                ]
            },
            "properties": {
                "city": "臺北市",
                "name": "Q Burger萬華國興店",
                "phone": "(02)23056683",
                "address": "臺北市萬華區國興路98號",
                "district": "萬華區",
                "latitude": 25.027209657723,
                "longitude": 121.505611036674,
                "data_source": "臺北市環保局",
                "eco_attributes": "()",
                "certification_level": "認證中"
            }
        },
        {
            "id": 1207,
            "type": "Feature",
            "geometry": {
                "type": "Point",
                "coordinates": [
                    121.495162407633,
                    25.024438055709
                ]
            },
            "properties": {
                "city": "臺北市",
                "name": "Q Burger萬華寶興店",
                "phone": "(02)23010052",
                "address": "臺北市萬華區寶興街149號",
                "district": "萬華區",
                "latitude": 25.024438055709,
                "longitude": 121.495162407633,
                "data_source": "臺北市環保局",
                "eco_attributes": "()",
                "certification_level": "認證中"
            }
        },
        {
            "id": 1208,
            "type": "Feature",
            "geometry": {
                "type": "Point",
                "coordinates": [
                    121.495013880308,
                    25.029171274523
                ]
            },
            "properties": {
                "city": "臺北市",
                "name": "Q Burger萬華雙園店",
                "phone": "(02)23087655",
                "address": "臺北市萬華區雙園街15號",
                "district": "萬華區",
                "latitude": 25.029171274523,
                "longitude": 121.495013880308,
                "data_source": "臺北市環保局",
                "eco_attributes": "()",
                "certification_level": "認證中"
            }
        },
        {
            "id": 1209,
            "type": "Feature",
            "geometry": {
                "type": "Point",
                "coordinates": [
                    121.502456088319,
                    25.021824704028
                ]
            },
            "properties": {
                "city": "臺北市",
                "name": "Q Burger萬華青年店",
                "phone": "(02)23070701",
                "address": "臺北市萬華區青年路140號",
                "district": "萬華區",
                "latitude": 25.021824704028,
                "longitude": 121.502456088319,
                "data_source": "臺北市環保局",
                "eco_attributes": "()",
                "certification_level": "認證中"
            }
        },
        {
            "id": 1210,
            "type": "Feature",
            "geometry": {
                "type": "Point",
                "coordinates": [
                    121.503370051041,
                    25.026938880341
                ]
            },
            "properties": {
                "city": "臺北市",
                "name": "Twinkle Twinkle Cafe & Brunch 小星星 早午餐&輕食",
                "phone": "(02)23039889",
                "address": "臺北市萬華區中華路二段416巷84號",
                "district": "萬華區",
                "latitude": 25.026938880341,
                "longitude": 121.503370051041,
                "data_source": "臺北市環保局",
                "eco_attributes": "()",
                "certification_level": "認證中"
            }
        },
        {
            "id": 1211,
            "type": "Feature",
            "geometry": {
                "type": "Point",
                "coordinates": [
                    121.506303549514,
                    25.037675427756
                ]
            },
            "properties": {
                "city": "臺北市",
                "name": "mister donut",
                "phone": "(02)23816949",
                "address": "臺北市萬華區台北市萬華區桂林路1號",
                "district": "萬華區",
                "latitude": 25.037675427756,
                "longitude": 121.506303549514,
                "data_source": "臺北市環保局",
                "eco_attributes": "()",
                "certification_level": "認證中"
            }
        },
        {
            "id": 1212,
            "type": "Feature",
            "geometry": {
                "type": "Point",
                "coordinates": [
                    121.503945720151,
                    25.046447382796
                ]
            },
            "properties": {
                "city": "臺北市",
                "name": "小小蔬房",
                "phone": "(02)23111168",
                "address": "臺北市萬華區漢口街二段125號",
                "district": "萬華區",
                "latitude": 25.046447382796,
                "longitude": 121.503945720151,
                "data_source": "臺北市環保局",
                "eco_attributes": "()",
                "certification_level": "認證中"
            }
        },
        {
            "id": 1213,
            "type": "Feature",
            "geometry": {
                "type": "Point",
                "coordinates": [
                    121.506303549514,
                    25.037675427756
                ]
            },
            "properties": {
                "city": "臺北市",
                "name": "星巴克",
                "phone": "(02)23616931",
                "address": "臺北市萬華區台北市萬華區桂林路1號",
                "district": "萬華區",
                "latitude": 25.037675427756,
                "longitude": 121.506303549514,
                "data_source": "臺北市環保局",
                "eco_attributes": "()",
                "certification_level": "認證中"
            }
        },
        {
            "id": 1214,
            "type": "Feature",
            "geometry": {
                "type": "Point",
                "coordinates": [
                    121.506369012178,
                    25.038865071274
                ]
            },
            "properties": {
                "city": "臺北市",
                "name": "有點辣正宗麻辣串串鍋",
                "phone": "(02)23111085",
                "address": "臺北市萬華區西寧南路285號",
                "district": "萬華區",
                "latitude": 25.038865071274,
                "longitude": 121.506369012178,
                "data_source": "臺北市環保局",
                "eco_attributes": "()",
                "certification_level": "認證中"
            }
        },
        {
            "id": 1215,
            "type": "Feature",
            "geometry": {
                "type": "Point",
                "coordinates": [
                    121.506303549514,
                    25.037675427756
                ]
            },
            "properties": {
                "city": "臺北市",
                "name": "海底撈",
                "phone": "(02)23146868",
                "address": "臺北市萬華區台北市萬華區桂林路1號",
                "district": "萬華區",
                "latitude": 25.037675427756,
                "longitude": 121.506303549514,
                "data_source": "臺北市環保局",
                "eco_attributes": "()",
                "certification_level": "認證中"
            }
        },
        {
            "id": 1216,
            "type": "Feature",
            "geometry": {
                "type": "Point",
                "coordinates": [
                    121.506303549514,
                    25.037675427756
                ]
            },
            "properties": {
                "city": "臺北市",
                "name": "炸雞大獅",
                "phone": "(02)23813607",
                "address": "臺北市萬華區台北市萬華區桂林路1號",
                "district": "萬華區",
                "latitude": 25.037675427756,
                "longitude": 121.506303549514,
                "data_source": "臺北市環保局",
                "eco_attributes": "()",
                "certification_level": "認證中"
            }
        },
        {
            "id": 1217,
            "type": "Feature",
            "geometry": {
                "type": "Point",
                "coordinates": [
                    121.506303549514,
                    25.037675427756
                ]
            },
            "properties": {
                "city": "臺北市",
                "name": "爭鮮迴轉壽司",
                "phone": "(02)23812806",
                "address": "臺北市萬華區台北市萬華區桂林路1號",
                "district": "萬華區",
                "latitude": 25.037675427756,
                "longitude": 121.506303549514,
                "data_source": "臺北市環保局",
                "eco_attributes": "()",
                "certification_level": "認證中"
            }
        },
        {
            "id": 1218,
            "type": "Feature",
            "geometry": {
                "type": "Point",
                "coordinates": [
                    121.506303549514,
                    25.037675427756
                ]
            },
            "properties": {
                "city": "臺北市",
                "name": "王品餐飲股份有限公禾七台北家樂福桂林店",
                "phone": "(02)77074941",
                "address": "臺北市萬華區桂林路1號",
                "district": "萬華區",
                "latitude": 25.037675427756,
                "longitude": 121.506303549514,
                "data_source": "臺北市環保局",
                "eco_attributes": "()",
                "certification_level": "認證中"
            }
        },
        {
            "id": 1219,
            "type": "Feature",
            "geometry": {
                "type": "Point",
                "coordinates": [
                    121.506343037961,
                    25.037666078767
                ]
            },
            "properties": {
                "city": "臺北市",
                "name": "甘物家 x 甘物日飲(桂林家樂福店)",
                "phone": "(02)23816607",
                "address": "臺北市萬華區萬華區桂林路1號",
                "district": "萬華區",
                "latitude": 25.037666078767,
                "longitude": 121.506343037961,
                "data_source": "臺北市環保局",
                "eco_attributes": "()",
                "certification_level": "認證中"
            }
        },
        {
            "id": 1220,
            "type": "Feature",
            "geometry": {
                "type": "Point",
                "coordinates": [
                    121.505291686163,
                    25.044967934976
                ]
            },
            "properties": {
                "city": "臺北市",
                "name": "築間幸福鍋物台北西門町",
                "phone": "(02)23310003",
                "address": "臺北市萬華區108臺北市萬華區昆明街92-1號",
                "district": "萬華區",
                "latitude": 25.044967934976,
                "longitude": 121.505291686163,
                "data_source": "臺北市環保局",
                "eco_attributes": "()",
                "certification_level": "認證中"
            }
        },
        {
            "id": 1221,
            "type": "Feature",
            "geometry": {
                "type": "Point",
                "coordinates": [
                    121.506775283025,
                    25.04298607588
                ]
            },
            "properties": {
                "city": "臺北市",
                "name": "薆悅精品inn cafe x 台北成都會館",
                "phone": "(02)23751212",
                "address": "臺北市萬華區成都路27巷8號",
                "district": "萬華區",
                "latitude": 25.04298607588,
                "longitude": 121.506775283025,
                "data_source": "臺北市環保局",
                "eco_attributes": "()",
                "certification_level": "認證中"
            }
        },
        {
            "id": 1222,
            "type": "Feature",
            "geometry": {
                "type": "Point",
                "coordinates": [
                    121.505091610134,
                    25.039523679316
                ]
            },
            "properties": {
                "city": "臺北市",
                "name": "貴陽柳州螺螄粉",
                "phone": "(02)23612627",
                "address": "臺北市萬華區貴陽街二段36號",
                "district": "萬華區",
                "latitude": 25.039523679316,
                "longitude": 121.505091610134,
                "data_source": "臺北市環保局",
                "eco_attributes": "()",
                "certification_level": "認證中"
            }
        },
        {
            "id": 1223,
            "type": "Feature",
            "geometry": {
                "type": "Point",
                "coordinates": [
                    121.504298346818,
                    25.040743791052
                ]
            },
            "properties": {
                "city": "臺北市",
                "name": "食光/此拾此客",
                "phone": "(02)23147302",
                "address": "臺北市萬華區昆明街214號",
                "district": "萬華區",
                "latitude": 25.040743791052,
                "longitude": 121.504298346818,
                "data_source": "臺北市環保局",
                "eco_attributes": "()",
                "certification_level": "認證中"
            }
        },
        {
            "id": 1224,
            "type": "Feature",
            "geometry": {
                "type": "Point",
                "coordinates": [
                    121.500633527292,
                    25.028187825823
                ]
            },
            "properties": {
                "city": "臺北市",
                "name": "麥味登北市成功",
                "phone": "(02)23075752",
                "address": "臺北市萬華區萬大路177號",
                "district": "萬華區",
                "latitude": 25.028187825823,
                "longitude": 121.500633527292,
                "data_source": "臺北市環保局",
                "eco_attributes": "()",
                "certification_level": "認證中"
            }
        },
        {
            "id": 1225,
            "type": "Feature",
            "geometry": {
                "type": "Point",
                "coordinates": [
                    121.506795986326,
                    25.046097396429
                ]
            },
            "properties": {
                "city": "臺北市",
                "name": "麥味登北市西門",
                "phone": "(02)23717288",
                "address": "臺北市萬華區西寧南路24號",
                "district": "萬華區",
                "latitude": 25.046097396429,
                "longitude": 121.506795986326,
                "data_source": "臺北市環保局",
                "eco_attributes": "()",
                "certification_level": "認證中"
            }
        },
        {
            "id": 1226,
            "type": "Feature",
            "geometry": {
                "type": "Point",
                "coordinates": [
                    121.494683214228,
                    25.025494343147
                ]
            },
            "properties": {
                "city": "臺北市",
                "name": "麥味登萬華寶興",
                "phone": "(02)23395976",
                "address": "臺北市萬華區寶興街109號",
                "district": "萬華區",
                "latitude": 25.025494343147,
                "longitude": 121.494683214228,
                "data_source": "臺北市環保局",
                "eco_attributes": "()",
                "certification_level": "認證中"
            }
        },
        {
            "id": 1227,
            "type": "Feature",
            "geometry": {
                "type": "Point",
                "coordinates": [
                    121.491893884489,
                    25.031637146618
                ]
            },
            "properties": {
                "city": "臺北市",
                "name": "麥味登萬華雙園",
                "phone": "(02)22123484",
                "address": "臺北市萬華區雙園街148號",
                "district": "萬華區",
                "latitude": 25.031637146618,
                "longitude": 121.491893884489,
                "data_source": "臺北市環保局",
                "eco_attributes": "()",
                "certification_level": "認證中"
            }
        }
    ]
}
