data_time,year,product_category,district,inspection_result,shop_name,original_location,failure_reasons,updated_at
2026-05-03T00:48:46.175674+08:00,2022,果菜類,中山,不符合規定,全聯實業股份有限公司大直北安分公司(全聯),全聯實業股份有限公司大直北安分公司(全聯)/臺北市中山區北安路588巷8、10號1樓,"[""殺蟎劑Spirodiclofen 賜派芬0.""]",2026-05-03T00:48:46.175674+08:00
2026-05-03T00:48:46.175674+08:00,2022,包葉菜類,北投,不符合規定,古意人水果專賣店,古意人水果專賣店/臺北市北投區中央南路1段159、161號,"[""殺蟲劑Abamectin 阿巴汀0."", ""殺蟲劑Emamectin benzoate 因滅汀1.""]",2026-05-03T00:48:46.175674+08:00
2026-05-03T00:48:46.175674+08:00,2022,小葉菜類,北投,不符合規定,復興市場菜攤,復興市場菜攤/臺北市北投區中和街320巷14號對面,"[""殺線蟲劑Oxamyl 毆殺滅1.""]",2026-05-03T00:48:46.175674+08:00
2026-05-03T00:48:46.175674+08:00,2022,小漿果類,士林,不符合規定,農果水果行,農果水果行/臺北市士林區士東路95號1樓,"[""殺菌劑Fluopyram 氟派瑞2.""]",2026-05-03T00:48:46.175674+08:00
2026-05-03T00:48:46.175674+08:00,2022,柑桔類,士林,不符合規定,農果水果行,農果水果行/臺北市士林區士東路95號1樓,"[""殺蟎劑Bifenazate 必芬蟎0.""]",2026-05-03T00:48:46.175674+08:00
2026-05-03T00:48:46.175674+08:00,2022,小葉菜類,中山,不符合規定,小農市集,小農市集/臺北市中山區北安路458巷41弄3號/大直市場F03號攤,"[""殺菌劑Difenoconazole 待克利1.""]",2026-05-03T00:48:46.175674+08:00
2026-05-03T00:48:46.175674+08:00,2022,小葉菜類,中山,不符合規定,小農市集,小農市集/臺北市中山區北安路458巷41弄3號/大直市場F03號攤,"[""殺菌劑Carbendazim 貝芬替1.""]",2026-05-03T00:48:46.175674+08:00
2026-05-03T00:48:46.175674+08:00,2022,小漿果類,大安,不符合規定,一級鮮果商行,一級鮮果商行/臺北市大安區仁愛路4段408號,"[""殺蟲劑Flonicamid 氟尼胺0.""]",2026-05-03T00:48:46.175674+08:00
2026-05-03T00:48:46.175674+08:00,2022,柑桔類,大安,不符合規定,一級鮮果商行,一級鮮果商行/臺北市大安區仁愛路4段408號,"[""殺蟲劑Flubendiamide 氟大滅0."", ""殺菌劑Iprodione 依普同0.""]",2026-05-03T00:48:46.175674+08:00
2026-05-03T00:48:46.175674+08:00,2022,小葉菜類,大安,不符合規定,兆洋餐飲事業股份有限公司台北忠孝二分公司(築間幸福鍋物),兆洋餐飲事業股份有限公司台北忠孝二分公司(築間幸福鍋物)/臺北市大安區忠孝東路4段120號2樓、120號2樓之1,"[""殺菌劑Boscalid 白克列14."", ""殺菌劑Difenoconazole 待克利3."", ""殺菌劑Dimethomorph 達滅芬4.""]",2026-05-03T00:48:46.175674+08:00
2026-05-03T00:48:46.175674+08:00,2022,包葉菜類,南港,不符合規定,第一果菜批發市場蔬菜零批場地號108,第一果菜批發市場蔬菜零批場地號108/臺北市萬華區萬大路533號 ,"[""殺蟲劑Fenvalerate 芬化利0.""]",2026-05-03T00:48:46.175674+08:00
2026-05-03T00:48:46.175674+08:00,2022,小漿果類,中正,不符合規定,梅林水果行,梅林水果行/臺北市中正區開封街1段81、83號1樓,"[""殺蟲劑Flonicamid 氟尼胺0.""]",2026-05-03T00:48:46.175674+08:00
2026-05-03T00:48:46.175674+08:00,2022,豆乾類,中山,不符合規定,茂億食品行(天然素食批發商),茂億食品行(天然素食批發商)/臺北市中山區民族東路410巷2弄16號1號,"[""檢出過氧化氫為陽性""]",2026-05-03T00:48:46.175674+08:00
2026-05-03T00:48:46.175674+08:00,2022,花生粉,內湖,不符合規定,77潤餅刈包,77潤餅刈包/臺北市內湖區內湖路1段737巷50弄41號,"[""檢出總黃麴毒素""]",2026-05-03T00:48:46.175674+08:00
2026-05-03T00:48:46.175674+08:00,2022,豆乾類,信義,不符合規定,正宗現做潤餅,正宗現做潤餅/臺北市信義區松山路541巷1號,"[""檢出苯甲酸1.68 g/kg""]",2026-05-03T00:48:46.175674+08:00
2026-05-03T00:48:46.175674+08:00,2022,豆乾類,北投,不符合規定,高發豆腐店,高發豆腐店/臺北市北投區新市街30號(200攤號),"[""檢出過氧化氫為陽性""]",2026-05-03T00:48:46.175674+08:00
2026-05-03T00:48:46.175674+08:00,2022,小漿果類,中山,不符合規定,新光三越百貨股份有限公司台北南西分公司,新光三越百貨股份有限公司台北南西分公司/臺北市中山區南京西路12號地下2層,"[""殺菌劑Isopyrazam 亞派占0."", ""殺蟎劑Spirotetramat 賜派滅0."", ""殺蟲劑Thiacloprid 賽果培0.""]",2026-05-03T00:48:46.175674+08:00
2026-05-03T00:48:46.175674+08:00,2022,柑桔類,中正,不符合規定,森林森水果行(農林水果),森林森水果行(農林水果)/臺北市中正區衡陽路36號1樓,"[""殺蟎劑Bifenazate 必芬蟎0.""]",2026-05-03T00:48:46.175674+08:00
2026-05-03T00:48:46.175674+08:00,2022,花草茶,大同,不符合規定,懷結堂藥行有限公司,懷結堂藥行有限公司/臺北市大同區迪化街1段107號,"[""殺菌劑Penconazole 平克座0.""]",2026-05-03T00:48:46.175674+08:00
2026-05-03T00:48:46.175674+08:00,2022,花草茶,大安,不符合規定,馬東小吃店〈馬辣忠孝店〉,馬東小吃店〈馬辣忠孝店〉/臺北市大安區忠孝東路4段223巷10弄4號,"[""殺蟲劑Phosalone 裕必松0.""]",2026-05-03T00:48:46.175674+08:00
2026-05-03T00:48:46.175674+08:00,2022,花草茶,大同,不符合規定,勝元堂參藥行,勝元堂參藥行/臺北市大同區民生西路330號1樓,"[""殺蟲劑Indoxacarb 因得克0."", ""殺菌劑Iprodione 依普同0.""]",2026-05-03T00:48:46.175674+08:00
2026-05-03T00:48:46.175674+08:00,2022,花草茶,士林,不符合規定,崔志光,崔志光/臺北市士林區菁山路101巷8號,"[""殺蟲劑Indoxacarb 因得克0."", ""殺菌劑Metalaxyl 滅達樂0.""]",2026-05-03T00:48:46.175674+08:00
2026-05-03T00:48:46.175674+08:00,2022,雞蛋,大安,不符合規定,台北市農會蔬果舖子,台北市農會蔬果舖子/臺北市大安區復興南路1段340巷旁空地,"[""磺胺喹啉""]",2026-05-03T00:48:46.175674+08:00
2026-05-03T00:48:46.175674+08:00,2022,糕粿糬類製品,士林,不符合規定,六六製麵,六六製麵/臺北市士林區德行東路109巷107號(士東市場旁),"[""苯甲酸 0.57 g/kg""]",2026-05-03T00:48:46.175674+08:00
2026-05-03T00:48:46.175674+08:00,2022,軟體動物,大安,不符合規定,太平洋崇光百貨股份有限公司(Fresh Mart),太平洋崇光百貨股份有限公司(Fresh Mart)/臺北市大安區忠孝東路4段45號B2樓,"[""鎘：3 mg/kg""]",2026-05-03T00:48:46.175674+08:00
2026-05-03T00:48:46.175674+08:00,2022,小葉菜類,信義,不符合規定,壹舍國際股份有限公司(真心台菜餐廳),壹舍國際股份有限公司(真心台菜餐廳)/臺北市信義區松智路17號4樓,"[""殺蟲劑Chlorpyrifos 陶斯松0.""]",2026-05-03T00:48:46.175674+08:00
2026-05-03T00:48:46.175674+08:00,2022,柑桔類,士林,不符合規定,新潔水菓行(新豐水果店),新潔水菓行(新豐水果店)/臺北市士林區天母西路69號,"[""殺菌劑Iprodione 依普同0.""]",2026-05-03T00:48:46.175674+08:00
2026-05-03T00:48:46.175674+08:00,2022,香辛植物及其他草木本植物,松山,不符合規定,百特蔬果行,百特蔬果行/臺北市松山區民生東路5段20號,"[""殺蟲劑Phenthoate 賽達松0.""]",2026-05-03T00:48:46.175674+08:00
2026-05-03T00:48:46.175674+08:00,2022,小葉菜類,信義,不符合規定,惠民蔬果量販店,惠民蔬果量販店/臺北市信義區吳興街157號,"[""殺蟲劑Chlorfenapyr 克凡派1.""]",2026-05-03T00:48:46.175674+08:00
2026-05-03T00:48:46.175674+08:00,2022,瓜菜類,中山,不符合規定,全聯實業股份有限公司台北吉林分公司,全聯實業股份有限公司台北吉林分公司/臺北市中山區吉林路213、215、217、219號1樓,"[""殺菌劑Procymidone 撲滅寧3.""]",2026-05-03T00:48:46.175674+08:00
2026-05-03T00:48:46.175674+08:00,2022,瓜菜類,南港,不符合規定,茂昌菓菜行(茂昌蔬果),茂昌菓菜行(茂昌蔬果)/臺北市萬華區富民路155巷27號1樓,"[""殺菌劑Tebuconazole 得克利0.""]",2026-05-03T00:48:46.175674+08:00
2026-05-03T00:48:46.175674+08:00,2022,乾豆類,松山,不符合規定,家福股份有限公司三民分公司,家福股份有限公司三民分公司/臺北市松山區三民路160號,"[""殺蟲劑Diflubenzuron 二福隆0.""]",2026-05-03T00:48:46.175674+08:00
2026-05-03T00:48:46.175674+08:00,2022,飲料,中正,不符合規定,錫安商行(波囍),錫安商行(波囍)/臺北市中正區羅斯福路3段316巷2號1樓,"[""衛生標準""]",2026-05-03T00:48:46.175674+08:00
2026-05-03T00:48:46.175674+08:00,2022,飲料,北投,不符合規定,鼎茶飲品店(龜記北投石牌店),鼎茶飲品店(龜記北投石牌店)/臺北市北投區石牌路2段124號1樓,"[""衛生標準""]",2026-05-03T00:48:46.175674+08:00
2026-05-03T00:48:46.175674+08:00,2022,飲料,北投,不符合規定,鼎茶飲品店(龜記北投石牌店),鼎茶飲品店(龜記北投石牌店)/臺北市北投區石牌路2段124號1樓,"[""衛生標準""]",2026-05-03T00:48:46.175674+08:00
2026-05-03T00:48:46.175674+08:00,2022,鵝肉,中山,不符合規定,鵝城餐飲有限公司,鵝城餐飲有限公司/臺北市中山區吉林路105號,"[""Doxycycline 1.""]",2026-05-03T00:48:46.175674+08:00
2026-05-03T00:48:46.175674+08:00,2022,臘肉類,大安,不符合規定,上海火腿食品(南門市場B57攤),上海火腿食品(南門市場B57攤)/臺北市大安區杭州南路2段55號,"[""已二烯酸 2.22 g/kg""]",2026-05-03T00:48:46.175674+08:00
2026-05-03T00:48:46.175674+08:00,2022,臘肉類,大安,不符合規定,上海火腿食品(南門市場B57攤),上海火腿食品(南門市場B57攤)/臺北市大安區杭州南路2段55號,"[""已二烯酸 2.22 g/kg""]",2026-05-03T00:48:46.175674+08:00
2026-05-03T00:48:46.175674+08:00,2022,果菜類,中山,不符合規定,魚金貿易有限公司民族營業所(上引水產),魚金貿易有限公司民族營業所(上引水產)/臺北市中山區民族東路410巷2弄18號,"[""殺菌劑Pyraclostrobin 百克敏1.""]",2026-05-03T00:48:46.175674+08:00
2026-05-03T00:48:46.175674+08:00,2022,小葉菜類,南港,不符合規定,宜新蔬果行,宜新蔬果行/臺北市萬華區富民路155巷49之3號,"[""殺蟲劑Chlorfenapyr 克凡派1.""]",2026-05-03T00:48:46.175674+08:00
2026-05-03T00:48:46.175674+08:00,2022,醬油,中正,不符合規定,萬泰醬園,萬泰醬園/台北市中正區永春街292、294號,"[""總氮量1.26g/100ml""]",2026-05-03T00:48:46.175674+08:00
2026-05-03T00:48:46.175674+08:00,2022,烤肉用蔬菜,南港,不符合規定,全聯實業股份有限公司西門町分公司(萬華長沙店),全聯實業股份有限公司西門町分公司(萬華長沙店)/臺北市萬華區長沙街2段110.112號1樓,"[""扶吉胺Fluazinam 0.""]",2026-05-03T00:48:46.175674+08:00
2026-05-03T00:48:46.175674+08:00,2022,烤肉用蔬菜,北投,不符合規定,全聯實業股份有限公司台北北投分公司(全聯福利中心),全聯實業股份有限公司台北北投分公司(全聯福利中心)/臺北市北投區北投路2段11號,"[""殺蟲劑Thiamethoxam 賽速安0.""]",2026-05-03T00:48:46.175674+08:00
2026-05-03T00:48:46.175674+08:00,2022,烤肉用蔬菜,北投,不符合規定,全聯實業股份有限公司台北北投分公司(全聯福利中心),全聯實業股份有限公司台北北投分公司(全聯福利中心)/臺北市北投區北投路2段11號,"[""殺蟲劑Cyromazine 賽滅淨0.""]",2026-05-03T00:48:46.175674+08:00
2026-05-03T00:48:46.175674+08:00,2022,烤肉用蔬菜,南山,不符合規定,為福樓餐廳有限公司,為福樓餐廳有限公司/臺北市南港區忠孝東路5段996號,"[""殺菌劑Procymidone 撲滅寧5.""]",2026-05-03T00:48:46.175674+08:00
2026-05-03T00:48:46.175674+08:00,2022,烤肉用蔬菜,南山,不符合規定,永祥蔬果行,永祥蔬果行/臺北市南港區同德路77號,"[""殺蟲劑Chlorfenapyr 克凡派1.""]",2026-05-03T00:48:46.175674+08:00
2026-05-03T00:48:46.175674+08:00,2022,烤肉用蔬菜,中山,不符合規定,八方行食品股份有限公司(八方行),八方行食品股份有限公司(八方行)/臺北市中山區民族東路410巷23弄1號1樓,"[""生長調節劑Chlormequat 克美素0.""]",2026-05-03T00:48:46.175674+08:00
2026-05-03T00:48:46.175674+08:00,2022,烤肉用蔬菜,中山,不符合規定,暢記蔬果行(蔬果行),暢記蔬果行(蔬果行)/臺北市中山區德惠街112號1樓,"[""殺蟲劑Emamectin benzoate 因滅汀0.""]",2026-05-03T00:48:46.175674+08:00
2026-05-03T00:48:46.175674+08:00,2022,烤肉用蔬菜,士林,不符合規定,大苑子士林文林店,大苑子士林文林店/臺北市士林區文林路20號,"[""殺蟲劑Chlorpyrifos 陶斯松0.""]",2026-05-03T00:48:46.175674+08:00
2026-05-03T00:48:46.175674+08:00,2022,烤肉用蔬菜,南港,不符合規定,日鮮蔬果專賣店,日鮮蔬果專賣店/臺北市萬華區貴陽街2段137號,"[""殺蟲劑Metaflumizone 美氟綜0.""]",2026-05-03T00:48:46.175674+08:00
2026-05-03T00:48:46.175674+08:00,2022,烤肉用蔬菜,信義,不符合規定,涮乃葉統一時代市府店,涮乃葉統一時代市府店/臺北市信義區忠孝東路5段8號3樓,"[""殺蟲劑Abamectin 阿巴汀0.""]",2026-05-03T00:48:46.175674+08:00
2026-05-03T00:48:46.175674+08:00,2022,烤肉用蔬菜,信義,不符合規定,鎮饌股份有限公司(台北彭園會館),鎮饌股份有限公司(台北彭園會館)/臺北市信義區忠孝東路5段297號5樓,"[""殺蟲劑Chlorpyrifos 陶斯松0.""]",2026-05-03T00:48:46.175674+08:00
2026-05-03T00:48:46.175674+08:00,2022,核果類,南山,不符合規定,阿一蔬果有限公司,阿一蔬果有限公司/臺北市南港區忠孝東路6段85號,"[""殺蟲劑Pyriproxyfen 百利普芬0.""]",2026-05-03T00:48:46.175674+08:00
2026-05-03T00:48:46.175674+08:00,2022,果菜類,中山,不符合規定,美麗華城市發展股份有限公司(時時香美麗華店),美麗華城市發展股份有限公司(時時香美麗華店)/臺北市中山區敬業三路20號5樓,"[""殺蟲劑Chlorfenapyr 克凡派0.""]",2026-05-03T00:48:46.175674+08:00
2026-05-03T00:48:46.175674+08:00,2022,大漿果類,信義,不符合規定,富安蔬果行,富安蔬果行/臺北市信義區吳興街208號1樓,"[""殺菌劑Difenoconazole 待克利0.""]",2026-05-03T00:48:46.175674+08:00
2026-05-03T00:48:46.175674+08:00,2022,核果類,信義,不符合規定,富安蔬果行,富安蔬果行/臺北市信義區吳興街208號1樓,"[""殺蟲劑Chlorpyrifos 陶斯松0.""]",2026-05-03T00:48:46.175674+08:00
2026-05-03T00:48:46.175674+08:00,2022,小葉菜類,信義,不符合規定,東京牛角股份有限公司(溫野菜日本涮涮鍋誠品信義店),東京牛角股份有限公司(溫野菜日本涮涮鍋誠品信義店)/臺北市信義區松高路11號4樓,"[""殺蟲劑Chlorfenapyr 克凡派1.""]",2026-05-03T00:48:46.175674+08:00
2026-05-03T00:48:46.175674+08:00,2022,蟹類,南山,不符合規定,六福開發股份有限公司南港分公司(台北六福萬怡酒店),六福開發股份有限公司南港分公司(台北六福萬怡酒店)/臺北市南港區忠孝東路7段359號7樓,"[""初抽不符合規定，鎘：2.3mg/kg""]",2026-05-03T00:48:46.175674+08:00
2026-05-03T00:48:46.175674+08:00,2022,盛裝飲用水,中山,不符合規定,宜日和餐飲股份有限公司(糀日和Kouji Cafe),宜日和餐飲股份有限公司(糀日和Kouji Cafe)/臺北市中山區中山北路2段27巷14號1樓,"[""大腸桿菌群：陽性""]",2026-05-03T00:48:46.175674+08:00
2026-05-03T00:48:46.175674+08:00,2022,食品容器具,士林,不符合規定,台隆手創館天母店,台隆手創館天母店/臺北市士林區中山北路6段77號2樓,"[""標示""]",2026-05-03T00:48:46.175674+08:00
2026-05-03T00:48:46.175674+08:00,2022,食品容器具,士林,不符合規定,台隆手創館天母店,台隆手創館天母店/臺北市士林區中山北路6段77號2樓,"[""標示""]",2026-05-03T00:48:46.175674+08:00
2026-05-03T00:48:46.175674+08:00,2022,食品容器具,北投,不符合規定,亨奇食品器具行,亨奇食品器具行/臺北市北投區明德路277號,"[""標示""]",2026-05-03T00:48:46.175674+08:00
2026-05-03T00:48:46.175674+08:00,2022,食品容器具,北投,不符合規定,亨奇食品器具行,亨奇食品器具行/臺北市北投區明德路277號,"[""標示""]",2026-05-03T00:48:46.175674+08:00
2026-05-03T00:48:46.175674+08:00,2022,食品容器具,文山,不符合規定,文山聯股份有限公司,文山聯股份有限公司/臺北市文山區木柵路2段57號,"[""標示""]",2026-05-03T00:48:46.175674+08:00
2026-05-03T00:48:46.175674+08:00,2022,食品容器具,文山,不符合規定,台灣卡多摩嬰童館股份有限公司木柵分公司,台灣卡多摩嬰童館股份有限公司木柵分公司/臺北市文山區木柵路2段92號,"[""標示""]",2026-05-03T00:48:46.175674+08:00
2026-05-03T00:48:46.175674+08:00,2022,食品容器具,中山,不符合規定,潤泰創新國際股份有限公司中崙分公司,潤泰創新國際股份有限公司中崙分公司/臺北市中山區八德路2段306號地下3樓地下2樓之3,"[""標示""]",2026-05-03T00:48:46.175674+08:00
2026-05-03T00:48:46.175674+08:00,2022,食品容器具,中山,不符合規定,幸福美滿生活館有限公司,幸福美滿生活館有限公司/臺北市中山區龍江路356號10、12號,"[""標示""]",2026-05-03T00:48:46.175674+08:00
2026-05-03T00:48:46.175674+08:00,2022,食品容器具,中山,不符合規定,幸福美滿生活館有限公司,幸福美滿生活館有限公司/臺北市中山區龍江路356號10、12號,"[""標示""]",2026-05-03T00:48:46.175674+08:00
2026-05-03T00:48:46.175674+08:00,2022,食品容器具,內湖,不符合規定,特力屋股份有限公司和樂內湖分公司,特力屋股份有限公司和樂內湖分公司/臺北市內湖區新湖三路23號1樓,"[""標示""]",2026-05-03T00:48:46.175674+08:00
2026-05-03T00:48:46.175674+08:00,2022,食品容器具,大安,不符合規定,勝立生活百貨,勝立生活百貨/臺北市大安區復興南路2段291號,"[""標示""]",2026-05-03T00:48:46.175674+08:00
2026-05-03T00:48:46.175674+08:00,2022,食品容器具,大安,不符合規定,City's Super 復興店,City's Super 復興店/臺北市大安區忠孝東路3段300號B3,"[""標示""]",2026-05-03T00:48:46.175674+08:00
2026-05-03T00:48:46.175674+08:00,2022,食品容器具,大安,不符合規定,棋軒實業有限公司,棋軒實業有限公司/臺北市大安區復興南路2段292號1樓,"[""標示""]",2026-05-03T00:48:46.175674+08:00
2026-05-03T00:48:46.175674+08:00,2022,白木耳,大安,不符合規定,正大蔘藥行,正大蔘藥行/臺北市大安區忠孝東路4段216巷51號1樓,"[""生長調節劑Chlormequat克美素0."", ""產品外包裝標示「符合國家檢驗標準」字樣""]",2026-05-03T00:48:46.175674+08:00
2026-05-03T00:48:46.175674+08:00,2022,白木耳,松山,不符合規定,育仁藥行,育仁藥行/臺北市松山區八德路3段152號1樓,"[""生長調節劑Chlormequat 克美素0.""]",2026-05-03T00:48:46.175674+08:00
2026-05-03T00:48:46.175674+08:00,2022,菊花,士林,不符合規定,德展蔘藥行,德展蔘藥行/臺北市士林區大東路113號,"[""檢出殘留農藥殺蟲劑Chlorpyrifos陶斯松0.05ppm，惟與產品所附加110年11月23日農藥殘留檢驗報告之檢驗結果「未檢出」不符；產品標示「包裝日期：2022.04.25」、「有效期限：3年」，與所附檢驗報告之「採收日期：110/11/20」、「採樣日期：110/11/12」推算明顯不符；另案內產品是否屬具啟封辨識性之包裝食品，如屬包裝食品，該產品標示已涉違反食品安全衛生管理法第22條規定""]",2026-05-03T00:48:46.175674+08:00
2026-05-03T00:48:46.175674+08:00,2022,白木耳,士林,不符合規定,家福股份有限公司台北天母分公司,家福股份有限公司台北天母分公司/臺北市士林區德行西路47號,"[""生長調節劑Chlormequat克美素0.""]",2026-05-03T00:48:46.175674+08:00
2026-05-03T00:48:46.175674+08:00,2022,白木耳,大同,不符合規定,旺泰藥材貿易股份有限公司(旺泰蔘藥公司),旺泰藥材貿易股份有限公司(旺泰蔘藥公司)/臺北市大同區迪化街1段137號,"[""殺蟎劑Propargite 毆蟎多0."", ""生長調節劑Chlormequat 克美素0."", ""外包裝標示「通過SGS檢驗無農藥殘留」、「安心使用」等字樣""]",2026-05-03T00:48:46.175674+08:00
2026-05-03T00:48:46.175674+08:00,2022,黑棗,大同,不符合規定,龍源中藥行,龍源中藥行/臺北市大同區迪化街1段172號1樓,"[""殺菌劑2-Phenylphenol 0.06ppm（標準：不得檢出）"", ""產品外包裝標示「通過農藥殘留檢驗合格」、「合格養生食品合格安心」、「符合國家檢測標準敬請安心使用」等字樣""]",2026-05-03T00:48:46.175674+08:00
2026-05-03T00:48:46.175674+08:00,2022,香辛植物及其他草木本植物,大安,不符合規定,遠東都會股份有限公司復興店(city’super復興店),遠東都會股份有限公司復興店(city’super復興店)/臺北市大安區忠孝東路3段300號B3,"[""殺菌劑Flutolanil福多寧1.12ppm（標準：0.01ppm以下）""]",2026-05-03T00:48:46.175674+08:00
2026-05-03T00:48:46.175674+08:00,2022,豆菜類,信義,不符合規定,唯椿企業股份有限公司(miacucina信義店),唯椿企業股份有限公司(miacucina信義店)/臺北市信義區松壽路11號2樓,"[""殺菌劑Flusilazole護矽得0.07ppm（標準：不得檢出）""]",2026-05-03T00:48:46.175674+08:00
2026-05-03T00:48:46.175674+08:00,2022,大漿果類,信義,不符合規定,遠百企業股份有限公司忠孝分公司(愛買忠孝店),遠百企業股份有限公司忠孝分公司(愛買忠孝店)/臺北市信義區忠孝東路5段297號地下1、2、3樓,"[""殺蟲劑Cyromazine賽滅淨0.26ppm（標準：不得檢出）""]",2026-05-03T00:48:46.175674+08:00
2026-05-03T00:48:46.175674+08:00,2022,小葉菜類,松山,不符合規定,兄弟大飯店股份有限公司,兄弟大飯店股份有限公司/臺北市松山區南京東路3段255號,"[""殺蟲劑Fipronil 芬普尼0.004ppm、 芬普尼代謝物Fipronil-sulfone 0."", ""殺蟲劑Pyriproxyfen 百利普芬0.""]",2026-05-03T00:48:46.175674+08:00
2026-05-03T00:48:46.175674+08:00,2022,梨果類,中山,不符合規定,長鑫水果行,"長鑫水果行/承銷號1165/臺北市中山區
民族東路336號（6-13）","[""生長調節劑2,6-DIPN 0.""]",2026-05-03T00:48:46.175674+08:00
2026-05-03T00:48:46.175674+08:00,2022,小葉菜類,中山,不符合規定,吳哲維,吳哲維/濱江果菜市場18-07攤/臺北市中山區民族東路336號,"[""殺菌劑Boscalid 白克列0."", ""殺菌劑Fluxapyroxad 氟克殺0.""]",2026-05-03T00:48:46.175674+08:00
2026-05-03T00:48:46.175674+08:00,2022,其他豆製品-豆干,中山,不符合規定,俊華豆腐店,俊華豆腐店/臺北市中山區安東街5之6號,"[""防腐劑苯甲酸：0.74 g/kg""]",2026-05-03T00:48:46.175674+08:00
2026-05-03T00:48:46.175674+08:00,2022,其他豆製品-干絲,南山,不符合規定,佳家用品(成德市場第144攤),佳家用品(成德市場第144攤)/臺北市南港區同德路100號,"[""殺菌劑過氧化氫：陽性""]",2026-05-03T00:48:46.175674+08:00
2026-05-03T00:48:46.175674+08:00,2022,其他豆製品-干絲,松山,不符合規定,無市招豆干攤(曹O麗),無市招豆干攤(曹O麗)/臺北市松山區八德路3段106巷17號旁,"[""殺菌劑過氧化氫：陽性""]",2026-05-03T00:48:46.175674+08:00
2026-05-03T00:48:46.175674+08:00,2022,其他豆製品-干絲,文山,不符合規定,阿貞豆腐店(木柵市場第54攤),阿貞豆腐店(木柵市場第54攤)/臺北市文山區保儀路13巷3號,"[""殺菌劑過氧化氫：陽性""]",2026-05-03T00:48:46.175674+08:00
2026-05-03T00:48:46.175674+08:00,2022,其他豆製品-干絲,南港,不符合規定,環南市場調理加工食品類第58號攤,環南市場調理加工食品類第58號攤/臺北市萬華區環河南路2段245號,"[""殺菌劑過氧化氫：陽性"", ""防腐劑苯甲酸：1.81 g/kg""]",2026-05-03T00:48:46.175674+08:00
2026-05-03T00:48:46.175674+08:00,2022,梨果類,南港,不符合規定,艋舺夜市-男哥現削水果,艋舺夜市-男哥現削水果/臺北市萬華區廣州街182號前,"[""甜味劑糖精：0.03 g/kg""]",2026-05-03T00:48:46.175674+08:00
2026-05-03T00:48:46.175674+08:00,2022,塑膠類,士林,不符合規定,樂恩仕國際有限公司士林門市部,樂恩仕國際有限公司士林門市部/臺北市士林區中正路235巷33號、35號,"[""三聚氰胺:4.""]",2026-05-03T00:48:46.175674+08:00
2026-05-03T00:48:46.175674+08:00,2022,食品洗潔劑,大安,不符合規定,惠康百貨股份有限公司安和分公司(Mia C'bon 台北安和店),惠康百貨股份有限公司安和分公司(Mia C'bon 台北安和店)/臺北市大安區安和路2段78號地下1樓,"[""未標示主要成分化學之名稱""]",2026-05-03T00:48:46.175674+08:00
2026-05-03T00:48:46.175674+08:00,2022,食品洗潔劑,士林,不符合規定,特力屋股份有限公司士林分公司,特力屋股份有限公司士林分公司/臺北市士林區基河路258號,"[""甲醇：4.09 mg/mL""]",2026-05-03T00:48:46.175674+08:00
2026-05-03T00:48:46.175674+08:00,2022,根莖菜類,中山,不符合規定,長春素食有限公司(長春食素名人館),長春素食有限公司(長春食素名人館)/臺北市中山區長春路90號2樓、90號2樓之1至42、90號2樓之68至之69、90號2樓之71至之94、新生北路2段38號1樓、林森北路259巷117號1樓、119號1樓、121號1樓、123號1樓,"[""殺蟲劑Fipronil-sulfone芬普尼代謝物0.""]",2026-05-03T00:48:46.175674+08:00
2026-05-03T00:48:46.175674+08:00,2022,大漿果類,中山,不符合規定,楊淑美水果攤,楊淑美水果攤/臺北市中山區遼寧街160號/公有長春市場外,"[""殺蟎劑Bifenazate 必芬蟎0.""]",2026-05-03T00:48:46.175674+08:00
2026-05-03T00:48:46.175674+08:00,2022,豆菜類,松山,不符合規定,微風超市股份有限公司(微風超市Breeze Super),"微風超市股份有限公司(微風超市Breeze Super)/臺北市松山區復興南路1段39號B2
","[""殺蟲劑Indoxacarb 因得克0."", ""殺蟲劑Spinetoram 賜諾特0.""]",2026-05-03T00:48:46.175674+08:00
2026-05-03T00:48:46.175674+08:00,2022,小葉菜類,南山,不符合規定,全聯實業股份有限公司南港旗艦分公司(全聯福利中心南港旗艦店),全聯實業股份有限公司南港旗艦分公司(全聯福利中心南港旗艦店)/臺北市南港區南港路2段20巷5號B1,"[""殺蟲劑Fipronil-sulfone芬普尼代謝物0.""]",2026-05-03T00:48:46.175674+08:00
2026-05-03T00:48:46.175674+08:00,2022,大漿果類,內湖,不符合規定,大潤發流通事業股份有限公司南湖分公司(大潤發內湖二店),大潤發流通事業股份有限公司南湖分公司(大潤發內湖二店)/臺北市內湖區舊宗路1段188號,"[""殺菌劑Carbendazim 貝芬替1.""]",2026-05-03T00:48:46.175674+08:00
2026-05-03T00:48:46.175674+08:00,2022,根莖菜類,北投,不符合規定,福家莊小吃店(全國健康素食),福家莊小吃店(全國健康素食)/臺北市北投區裕民一路25號,"[""殺蟲劑Fipronil 芬普尼0.002ppm、Fipronil-sulfone芬普尼代謝物0."", ""殺蟲劑Cyhalothrin 賽洛寧0.""]",2026-05-03T00:48:46.175674+08:00
2026-05-03T00:48:46.175674+08:00,2022,小葉菜類,北投,不符合規定,梁炎煌,梁炎煌/自強市場無市招菜攤/臺北市北投區西安街1段281巷19號,"[""殺蟲劑Chlorpyrifos 陶斯松0."", ""殺蟲劑Terbufos 托福松0.""]",2026-05-03T00:48:46.175674+08:00
2026-05-03T00:48:46.175674+08:00,2022,小葉菜類,南港,不符合規定,3291洪黃熟(實際營業者：洪嘉茂),3291洪黃熟(實際營業者：洪嘉茂)/第一果菜批發市場零批場攤號3291/臺北市萬華區萬大路533號地號：1413,"[""殺蟲劑Cyhalothrin 賽洛寧2.""]",2026-05-03T00:48:46.175674+08:00
2026-05-03T00:48:46.175674+08:00,2022,大漿果類,中正,不符合規定,延桔行(延桔水果行),延桔行(延桔水果行)/臺北市中正區愛國西路52號1樓,"[""殺菌劑Fluxapyroxad 氟克殺0."", ""殺蟲劑Pyriproxyfen 百利普芬0."", ""殺蟲劑Cyromazine 賽滅淨0.""]",2026-05-03T00:48:46.175674+08:00
2026-05-03T00:48:46.175674+08:00,2022,大漿果類,中正,不符合規定,豐有蔬果行,豐有蔬果行/臺北市中正區杭州南路1段69號,"[""殺蟲劑Cyromazine 賽滅淨0.""]",2026-05-03T00:48:46.175674+08:00
2026-05-03T00:48:46.175674+08:00,2022,核果類,大安,不符合規定,通化水果行,通化水果行/臺北市大安區通化街39巷50弄33號,"[""殺蟲劑Carbaryl 加保利0."", ""殺菌劑Carbendazim 貝芬替4."", ""殺蟲劑Chlorpyrifos 陶斯松0.""]",2026-05-03T00:48:46.175674+08:00
2026-05-03T00:48:46.175674+08:00,2022,根莖菜類,大安,不符合規定,全國食養創作全自助餐復興店(復興小吃店,全國食養創作全自助餐復興店(復興小吃店/全國健康素食)/臺北市大安區復興南路2段314號,"[""殺蟲劑Fipronil 芬普尼0.001ppm、Fipronil-sulfone芬普尼代謝物0.""]",2026-05-03T00:48:46.175674+08:00
2026-05-03T00:48:46.175674+08:00,2022,豆腐,中正,不符合規定,八海國際餐飲股份有限公司(八海食潮當代鍋物),八海國際餐飲股份有限公司(八海食潮當代鍋物)/臺北市中正區北平西路3號3樓,"[""苯甲酸：1.39g/kg""]",2026-05-03T00:48:46.175674+08:00
2026-05-03T00:48:46.175674+08:00,2022,鮮果蔬菜類及其加工品,信義,不符合規定,英屬開曼群島商撈王餐飲國際股份有限公司臺灣分公司信義營業處,英屬開曼群島商撈王餐飲國際股份有限公司臺灣分公司信義營業處/臺北市信義區松壽路12號9樓,"[""1.殺蟲劑芬普尼"", ""2.殺蟲劑百利普芬""]",2026-05-03T00:48:46.175674+08:00
2026-05-03T00:48:46.175674+08:00,2022,鮮果蔬菜類及其加工品,南山,不符合規定,小鍋南港店,小鍋南港店/臺北市南港區忠孝東路7段369號A棟3樓(A4703櫃),"[""1.殺蟲劑芬普尼代謝物"", ""2.殺菌劑賽氟滅""]",2026-05-03T00:48:46.175674+08:00
2026-05-03T00:48:46.175674+08:00,2022,鮮果蔬菜類及其加工品,大同,不符合規定,新加坡商海底撈事業股份有限公司臺灣第一分公司(海底撈火鍋京站店),新加坡商海底撈事業股份有限公司臺灣第一分公司(海底撈火鍋京站店)/臺北市大同區承德路一段1號4樓,"[""殺蟲劑芬普尼""]",2026-05-03T00:48:46.175674+08:00
2026-05-03T00:48:46.175674+08:00,2022,鮮果蔬菜類及其加工品,中山,不符合規定,人杰老四川餐飲管理顧問有限公司臺北南京東分公司(老四川巴蜀麻辣燙),人杰老四川餐飲管理顧問有限公司臺北南京東分公司(老四川巴蜀麻辣燙)/臺北市中山區南京東路2段45號1、2樓；47號1、2樓,"[""殺草劑草脫淨""]",2026-05-03T00:48:46.175674+08:00
2026-05-03T00:48:46.175674+08:00,2022,沙拉醬,中山,不符合規定,饗樂餐飲實業股份有限公司中山錦州分公司,饗樂餐飲實業股份有限公司中山錦州分公司/臺北市中山區吉林路205號1樓,"[""營養標示反式脂肪含量為「每份：0公克/每100公克：0公克」，惟檢出每100公克反式脂肪酸含量0.40公克，依據「包裝食品營養標示應遵行事項」，每100公克固體（半固體）反式脂肪酸含量不超過0.3公克得標示為0，案內產品應依實際數值標示。""]",2026-05-03T00:48:46.175674+08:00
2026-05-03T00:48:46.175674+08:00,2022,沙拉醬,松山,不符合規定,粉紅色的門早午餐坊(品客多Coffee house),粉紅色的門早午餐坊(品客多Coffee house)/臺北市松山區八德路4段789號1樓,"[""營養標示反式脂肪含量為「每份：0公克/每100公克：0公克」，惟檢出每100公克反式脂肪酸含量0.49公克，依據「包裝食品營養標示應遵行事項」，每100公克固體（半固體）反式脂肪酸含量不超過0.3公克得標示為0，案內產品應依實際數值標示。""]",2026-05-03T00:48:46.175674+08:00
2026-05-03T00:48:46.175674+08:00,2022,人造奶油,士林,不符合規定,惠康百貨股份有限公司雨聲分公司(家樂福),惠康百貨股份有限公司雨聲分公司(家樂福)/臺北市士林區雨聲街52號、52之1號、50巷1號,"[""營養標示反式脂肪含量為「每份：0.06公克/每10公克（經換算為0.6公克/每100公克）」，惟檢出每100公克反式脂肪酸含量0.87公克，依據「包裝食品營養標示應遵行事項」，反式脂肪含量標示值誤差允許範圍為「小於或等於標示值之120%」（經換算為0.72公克/每100公克），案內產品應依實際數值標示。""]",2026-05-03T00:48:46.175674+08:00
2026-05-03T00:48:46.175674+08:00,2022,奶精,南港,不符合規定,民祥餐飲店(巨林美而美民和店),民祥餐飲店(巨林美而美民和店)/臺北市萬華區民和街2號1樓,"[""未標示原產地（國）及「有效日期」字樣""]",2026-05-03T00:48:46.175674+08:00
2026-05-03T00:48:46.175674+08:00,2022,大漿果類,內湖,不符合規定,無市招攤販-謝愛玉,無市招攤販-謝愛玉/臺北市內湖區康寧路1段33巷13號,"[""殺菌劑Procymidone 撲滅寧0."", ""殺蟲劑Cyromazine 賽滅淨0.""]",2026-05-03T00:48:46.175674+08:00
2026-05-03T00:48:46.175674+08:00,2022,小葉菜類,松山,不符合規定,開泰豐國際股份有限公司(台北文華東方酒店),開泰豐國際股份有限公司(台北文華東方酒店)/臺北市松山區敦化北路158號,"[""殺菌劑Dimethomorph 達滅芬3."", ""殺蟲劑Profenophos 佈飛松3.""]",2026-05-03T00:48:46.175674+08:00
2026-05-03T00:48:46.175674+08:00,2022,根莖菜類,大同,不符合規定,蔬菜攤,蔬菜攤/臺北市大同區錦西街38巷18號前,"[""殺蟲劑Cypermethrin 賽滅寧0."", ""殺蟲劑Fipronil-sulfone芬普尼代謝物0.""]",2026-05-03T00:48:46.175674+08:00
2026-05-03T00:48:46.175674+08:00,2022,大漿果類,內湖,不符合規定,樂樂水果,樂樂水果/臺北市內湖區成功路4段20巷6號,"[""殺蟲劑Cyromazine 賽滅淨0.""]",2026-05-03T00:48:46.175674+08:00
2026-05-03T00:48:46.175674+08:00,2022,瓜菜類,士林,不符合規定,白毫素食天地,白毫素食天地/臺北市士林區天母西路13巷10號1樓,"[""殺菌劑Tebuconazole 得克利0.""]",2026-05-03T00:48:46.175674+08:00
2026-05-03T00:48:46.175674+08:00,2022,小葉菜類,士林,不符合規定,好鍋有限公司,好鍋有限公司/臺北市士林區天母西路43號1樓/28743731,"[""殺菌劑Propiconazole 普克利0.""]",2026-05-03T00:48:46.175674+08:00
2026-05-03T00:48:46.175674+08:00,2022,小葉菜類,松山,不符合規定,無市招攤販-施O樺(承銷號：0615),無市招攤販-施O樺(承銷號：0615)/臺北市松山區南京東路5段291巷跟健康路400號之巷口,"[""殺蟲劑Chlorpyrifos 陶斯松0.""]",2026-05-03T00:48:46.175674+08:00
2026-05-03T00:48:46.175674+08:00,2022,根莖菜類,南港,不符合規定,家福股份有限公司台北桂林分公司(家樂福桂林店),家福股份有限公司台北桂林分公司(家樂福桂林店)/臺北市萬華區桂林路1號1-4樓,"[""殺蟲劑Fipronil 芬普尼0.001ppm、Fipronil-sulfone芬普尼代謝物0.""]",2026-05-03T00:48:46.175674+08:00
2026-05-03T00:48:46.175674+08:00,2022,包葉菜類,士林,不符合規定,好膳企業股份有限公司(MIOPANE),好膳企業股份有限公司(MIOPANE)/臺北市士林區天母東路43巷3號,"[""殺菌劑Propiconazole 普克利0.""]",2026-05-03T00:48:46.175674+08:00
2026-05-03T00:48:46.175674+08:00,2022,香辛植物及其他草木本植物,信義,不符合規定,遠百企業股份有限公司忠孝分公司(愛買),遠百企業股份有限公司忠孝分公司(愛買)/臺北市信義區忠孝東路5段297號地下1.2.3樓,"[""殺蟲劑Chlorpyrifos陶斯松0.02ppm（標準：0.01ppm以下）""]",2026-05-03T00:48:46.175674+08:00
2026-05-03T00:48:46.175674+08:00,2022,小葉菜類,大安,不符合規定,遠東都會股份有限公司復興店(city super復興店),遠東都會股份有限公司復興店(city super復興店)/臺北市大安區忠孝東路3段300號B3,"[""殺蟲劑Chlorfenapyr 克凡派1.""]",2026-05-03T00:48:46.175674+08:00
2026-05-03T00:48:46.175674+08:00,2022,乾豆類,南港,不符合規定,家福股份有限公司台北桂林分公司(家樂福桂林店),家福股份有限公司台北桂林分公司(家樂福桂林店)/臺北市萬華區桂林路1號1-4樓,"[""殺草劑Glyphosate嘉磷塞2.1ppm（標準：2.0ppm以下）""]",2026-05-03T00:48:46.175674+08:00
2026-05-03T00:48:46.175674+08:00,2022,膠囊錠狀食品,北投,不符合規定,佳祈健保藥局,佳祈健保藥局/臺北市北投區明德路144號,"[""DBP:1.""]",2026-05-03T00:48:46.175674+08:00
2026-05-03T00:48:46.175674+08:00,2022,油脂,中正,不符合規定,惠康百貨股份有限公司(Mia C'bon 臺北寶慶店),惠康百貨股份有限公司(Mia C'bon 臺北寶慶店)/臺北市中正區寶慶路32號B1,"[""DEHP:""]",2026-05-03T00:48:46.175674+08:00
2026-05-03T00:48:46.175674+08:00,2022,膠囊錠狀食品,中正,不符合規定,臺灣屈臣氏個人用品商店股份有限公司寧波分公司,臺灣屈臣氏個人用品商店股份有限公司寧波分公司/臺北市中正區寧波西街46號1、2樓,"[""DINP:""]",2026-05-03T00:48:46.175674+08:00
2026-05-03T00:48:46.175674+08:00,2022,木耳,內湖,不符合規定,旭日昇雜糧行,旭日昇雜糧行/臺北市內湖區內湖路1段285巷65弄15號1樓,"[""殺蟲劑Methomyl納乃得0.08ppm（標準：不得檢出）"", ""生長調節劑Chlormequat克美素0.29ppm（標準：不得檢出）""]",2026-05-03T00:48:46.175674+08:00
2026-05-03T00:48:46.175674+08:00,2022,木耳,信義,不符合規定,偉順蔘藥行,偉順蔘藥行/臺北市信義區吳興街202號1樓,"[""殺蟎劑Propargite毆蟎多0.07ppm（標準：不得檢出）"", ""生長調節劑Chlormequat克美素0.26ppm（標準：不得檢出）"", ""外包裝標示外包裝標示「通過SGS檢驗無農藥殘留」、「安心使用」等字樣""]",2026-05-03T00:48:46.175674+08:00
2026-05-03T00:48:46.175674+08:00,2022,木耳,士林,不符合規定,全聯實業股份有限公司士林中正分公司(全聯福利中心),全聯實業股份有限公司士林中正分公司(全聯福利中心)/臺北市士林區中正路115號1樓,"[""生長調節劑Chlormequat 克美素0.""]",2026-05-03T00:48:46.175674+08:00
2026-05-03T00:48:46.175674+08:00,2022,木耳,南港,不符合規定,合泰雜糧行,合泰雜糧行/臺北市萬華區和平西路3段202號1樓,"[""生長調節劑Chlormequat克美素0.31ppm（標準：不得檢出），另外箱標示「合格」字樣""]",2026-05-03T00:48:46.175674+08:00
2026-05-03T00:48:46.175674+08:00,2022,木耳,大安,不符合規定,宏德雜糧行,宏德雜糧行/臺北市大安區安居街117號1樓,"[""生長調節劑Chlormequat 克美素0.""]",2026-05-03T00:48:46.175674+08:00
2026-05-03T00:48:46.175674+08:00,2022,木耳,士林,不符合規定,全聯實業股份有限公司士林中正分公司(全聯福利中心),全聯實業股份有限公司士林中正分公司(全聯福利中心)/臺北市士林區中正路115號1樓,"[""生長調節劑Chlormequat 克美素0.""]",2026-05-03T00:48:46.175674+08:00
2026-05-03T00:48:46.175674+08:00,2022,木耳,南港,不符合規定,無市招業者,無市招業者/臺北市萬華區富民路145巷44號,"[""生長調節劑Chlormequat 克美素0.""]",2026-05-03T00:48:46.175674+08:00
2026-05-03T00:48:46.175674+08:00,2022,竹笙,中正,不符合規定,上海鄉村股份有限公司濟南分公司,上海鄉村股份有限公司濟南分公司/臺北市中正區濟南路2段37號1樓及37之1號1樓,"[""殺蟲劑Dinotefuran達特南0.18ppm（標準：不得檢出）"", ""殺菌劑Propiconazole普克利0.09ppm（標準：0.05ppm以下）""]",2026-05-03T00:48:46.175674+08:00
2026-05-03T00:48:46.175674+08:00,2022,竹笙,內湖,不符合規定,京老滿餐飲股份有限公司(餡老滿),京老滿餐飲股份有限公司(餡老滿)/臺北市內湖區成功路4段188號2樓,"[""殺蟲劑Fipronil芬普尼0."", ""殺蟲劑Propoxur安丹2.""]",2026-05-03T00:48:46.175674+08:00
2026-05-03T00:48:46.175674+08:00,2022,竹笙,內湖,不符合規定,麗庭莊園有限公司(88號樂章婚宴會館),麗庭莊園有限公司(88號樂章婚宴會館)/臺北市內湖區民善街88號5樓,"[""殺蟲劑Fipronil 芬普尼0.""]",2026-05-03T00:48:46.175674+08:00
2026-05-03T00:48:46.175674+08:00,2022,竹笙,文山,不符合規定,元忠商店,元忠商店/臺北市文山區集英街30號,"[""重金屬鎘5mg/kg（標準：2mg/kg以下）""]",2026-05-03T00:48:46.175674+08:00
2026-05-03T00:48:46.175674+08:00,2022,竹笙,內湖,不符合規定,全向雜糧商行,全向雜糧商行/臺北市內湖區五分街51號,"[""重金屬鎘5mg/kg（標準：2mg/kg以下）""]",2026-05-03T00:48:46.175674+08:00
2026-05-03T00:48:46.175674+08:00,2022,脫水蔬果類,中正,不符合規定,國裕開發股份有限公司（台北凱撤大飯店王朝餐廳),國裕開發股份有限公司（台北凱撤大飯店王朝餐廳)/臺北市中正區忠孝西路1段38號3樓,"[""重金屬鎘18mg/kg（標準：2mg/kg以下）""]",2026-05-03T00:48:46.175674+08:00
2026-05-03T00:48:46.175674+08:00,2022,脫水蔬果類,松山,不符合規定,有哆創意蔬食洋食館有限公司(有哆創意蔬食洋食館),有哆創意蔬食洋食館有限公司(有哆創意蔬食洋食館)/臺北市松山區南京東路5段33號,"[""重金屬鎘4mg/kg（標準：2mg/kg以下）""]",2026-05-03T00:48:46.175674+08:00
2026-05-03T00:48:46.175674+08:00,2022,豆乾類,南港,不符合規定,正祥食品行(黃日香股份有限公司),正祥食品行(黃日香股份有限公司)/臺北市萬華區中華路2段66號1樓/實際抽驗地為64號）,"[""防腐劑己二烯酸2.4g/kg（標準：2.0g/kg以下）""]",2026-05-03T00:48:46.175674+08:00
2026-05-03T00:48:46.175674+08:00,2022,豆乾類,南港,不符合規定,正祥食品行(黃日香股份有限公司),正祥食品行(黃日香股份有限公司)/臺北市萬華區中華路2段66號1樓/實際抽驗地為64號）,"[""防腐劑己二烯酸2.1g/kg（標準：2.0g/kg以下）""]",2026-05-03T00:48:46.175674+08:00
2026-05-03T00:48:46.175674+08:00,2022,脫水蔬果類,士林,不符合規定,有限責任台灣主婦聯盟生活消費合作社,有限責任台灣主婦聯盟生活消費合作社/臺北市士林區福志路50號,"[""檢出重金屬鉛及鎘分別為0.3mg/kg，惟外包裝標示「無重金屬殘留」字樣""]",2026-05-03T00:48:46.175674+08:00
2026-05-03T00:48:46.175674+08:00,2022,醃漬蔬果,南山,不符合規定,菓之鄉水果專賣店,菓之鄉水果專賣店/臺北市南港區同德路60號,"[""己二烯酸0.76 g/kg"", ""醋磺內酯鉀0.09 g/kg"", ""環己基"", ""糖精0.08g/kg""]",2026-05-03T00:48:46.175674+08:00
2026-05-03T00:48:46.175674+08:00,2022,醃漬蔬菜,北投,不符合規定,元順商行 (小石鍋北投石牌店),元順商行 (小石鍋北投石牌店)/臺北市北投區石牌路1段166巷97號1樓,"[""二氧化硫0.09 g/kg"", ""標示添加物：偏亞硫酸鈉""]",2026-05-03T00:48:46.175674+08:00
2026-05-03T00:48:46.175674+08:00,2022,醃漬蔬菜,中山,不符合規定,臺北市第二果菜批發市場第18-16攤葉爾旺(蔬菜承銷人2154),臺北市第二果菜批發市場第18-16攤葉爾旺(蔬菜承銷人2154)/臺北市中山區民族東路336號,"[""苯甲酸1.33g/kg"", ""二氧化硫0.06g/kg""]",2026-05-03T00:48:46.175674+08:00
2026-05-03T00:48:46.175674+08:00,2022,醃漬蔬菜,中山,不符合規定,臺北市第二果菜批發市場第18-16攤葉爾旺(蔬菜承銷人2154),臺北市第二果菜批發市場第18-16攤葉爾旺(蔬菜承銷人2154)/臺北市中山區民族東路336號,"[""苯甲酸1.17 g/kg"", ""二氧化硫0.48 g/kg""]",2026-05-03T00:48:46.175674+08:00
2026-05-03T00:48:46.175674+08:00,2022,蜜餞食品(脫水水果),南山,不符合規定,巧群企業有限公司,巧群企業有限公司/臺北市南港區永吉路601號,"[""1.檢出蔗糖素0.58 g/kg，內容"", ""物未標示。"", ""2.內容物標示「糖精鈉鹽」及"", ""「環己基"", ""，檢驗結果未檢出。""]",2026-05-03T00:48:46.175674+08:00
2026-05-03T00:48:46.175674+08:00,2022,醃漬蔬菜,中山,不符合規定,台灣瑞滋國際股份有限公司(牛角次男坊誠品南西店),台灣瑞滋國際股份有限公司(牛角次男坊誠品南西店)/臺北市中山區南京西路14號B1,"[""1.未有內容物名稱、食品添加"", ""物名稱、原產地（國）、製"", ""造廠商或國內負責廠商名稱"", ""、電話號碼及地址、營養標"", ""示。"", ""2.同時標示最佳賞味期及有效"", ""期限。""]",2026-05-03T00:48:46.175674+08:00
2026-05-03T00:48:46.175674+08:00,2022,羊肉,士林,不符合規定,大王軍糰早午餐店(Jans Arabian Bistro 中東人的私房菜),大王軍糰早午餐店(Jans Arabian Bistro 中東人的私房菜)/臺北市士林區忠義街117-3號1樓,"[""未有中文標示""]",2026-05-03T00:48:46.175674+08:00
2026-05-03T00:48:46.175674+08:00,2022,牛肉,中山,不符合規定,黎凡特國際企業行,黎凡特國際企業行/臺北市中山區遼寧街209巷25號,"[""1.產品無完整中文標示"", ""2.動物性成分檢出牛雞成分，惟僅標示牛成分""]",2026-05-03T00:48:46.175674+08:00
2026-05-03T00:48:46.175674+08:00,2022,雞肉,中山,不符合規定,黎凡特國際企業行,黎凡特國際企業行/臺北市中山區遼寧街209巷25號,"[""產品無完整中文標示""]",2026-05-03T00:48:46.175674+08:00
2026-05-03T00:48:46.175674+08:00,2022,"無標示
全素或純素",北投,不符合規定,阿玉素食(B136北投阿玉素食),阿玉素食(B136北投阿玉素食)/臺北市北投區磺港路33號(北投中繼市場),"[""檢出動物性成分陽性""]",2026-05-03T00:48:46.175674+08:00
2026-05-03T00:48:46.175674+08:00,2023,豆菜類,松山,不符合規定,廣誠素食,廣誠素食/臺北市松山區八德路3段140號,"[""殺蟲劑3-羥基加保扶"", ""殺蟎劑Ethion 愛殺松0."", ""殺蟲劑Etofenprox 依芬寧0."", ""殺蟲劑Indoxacarb 因得克0."", ""殺菌劑Propamocarb hydrochloride 普拔克0."", ""殺菌劑Thifluzamide 賽氟滅0.""]",2026-05-03T00:48:46.175674+08:00
2026-05-03T00:48:46.175674+08:00,2023,小漿果類,士林,不符合規定,惠康百貨股份有限公司天母分公司(Mia C'bon),惠康百貨股份有限公司天母分公司(Mia C'bon)/臺北市士林區天母西路3號2樓,"[""殺蟲劑Abamectin 阿巴汀0."", ""殺蟲劑Deltamethrin 第滅寧0."", ""殺菌劑Fludioxonil 護汰寧3."", ""殺菌劑Propamocarb hydrochloride 普拔克14."", ""殺蟲劑Spiromesifen 賜滅芬2.""]",2026-05-03T00:48:46.175674+08:00
2026-05-03T00:48:46.175674+08:00,2023,包葉菜類,士林,不符合規定,全聯實業股份有限公司天母天玉分公司,全聯實業股份有限公司天母天玉分公司/臺北市士林區天母西路3號地下室,"[""殺蟲劑3-酮基加保扶（ 3-keto Carbofuran） 0.03ppm、3-羥基加保扶（ 3 -O H C a rb o fu ra n ） 0 .1 3 p p m 、加保扶（C arbofuran ） 0.04ppm （ 標準： 0.1ppm 以下）"", ""殺蟲劑Diflubenzuron二福隆1.3ppm（標準：1.0ppm以下）"", ""殺蟲劑Pyriproxyfen百利普芬0.29ppm（標準：0.01ppm以下）"", ""殺蟲劑Tolfenpyrad脫芬瑞0.7ppm（標準：0.5ppm以下）""]",2026-05-03T00:48:46.175674+08:00
2026-05-03T00:48:46.175674+08:00,2023,小葉菜類,大安,不符合規定,築間幸福鍋物,築間幸福鍋物/臺北市大安區忠孝東路4段120號2樓,"[""殺菌劑Chlorothalonil 四氯異苯腈13."", ""殺菌劑Difenoconazole 待克利1."", ""殺菌劑Propiconazole 普克利0.""]",2026-05-03T00:48:46.175674+08:00
2026-05-03T00:48:46.175674+08:00,2023,小漿果類,大安,不符合規定,一級鮮果商行,一級鮮果商行/臺北市大安區仁愛路4段408號,"[""殺蟲劑Cyantraniliprole 賽安勃0."", ""殺蟲劑Flonicamid 氟尼胺0.""]",2026-05-03T00:48:46.175674+08:00
2026-05-03T00:48:46.175674+08:00,2023,小葉菜類,大安,不符合規定,築間幸福鍋物,築間幸福鍋物/臺北市大安區忠孝東路4段120號2樓,"[""殺線蟲劑Oxamyl 毆殺滅1."", ""殺蟲劑Profenophos 佈飛松1.""]",2026-05-03T00:48:46.175674+08:00
2026-05-03T00:48:46.175674+08:00,2023,包葉菜類,南港,不符合規定,謝O枚,謝O枚/臺北市萬華區萬大路533號地號812,"[""殺蟲劑Tetraniliprole 特安勃0.""]",2026-05-03T00:48:46.175674+08:00
2026-05-03T00:48:46.175674+08:00,2023,小漿果類,松山,不符合規定,微風超市股份有限公司(Breeze Super),微風超市股份有限公司(Breeze Super)/臺北市松山區南京東路3段337號2樓,"[""殺蟎劑亞醌蟎代謝物""]",2026-05-03T00:48:46.175674+08:00
2026-05-03T00:48:46.175674+08:00,2023,包葉菜類,松山,不符合規定,天香,天香/臺北市松山區八德路3段76號/中崙市場24號攤,"[""殺蟲劑Tetraniliprole 特安勃0.""]",2026-05-03T00:48:46.175674+08:00
2026-05-03T00:48:46.175674+08:00,2023,小漿果類,中正,不符合規定,梅林水果行,梅林水果行/臺北市中正區開封街1段81、83號1樓,"[""殺蟎劑Acrinathrin 阿納寧0.""]",2026-05-03T00:48:46.175674+08:00
2026-05-03T00:48:46.175674+08:00,2023,小漿果類,中山,不符合規定,延柔商行(七盞茶林森店),延柔商行(七盞茶林森店)/臺北市中山區林森北路302號,"[""殺蟲劑Pirimicarb 比加普0.""]",2026-05-03T00:48:46.175674+08:00
2026-05-03T00:48:46.175674+08:00,2023,小葉菜類,大安,不符合規定,築間幸福鍋物,築間幸福鍋物/臺北市大安區忠孝東路4段120號2樓,"[""殺蟲劑Metaflumizone 美氟綜0.""]",2026-05-03T00:48:46.175674+08:00
2026-05-03T00:48:46.175674+08:00,2023,豆乾類,北投,不符合規定,北投中繼市場-麗萍豆干美食(72號攤),北投中繼市場-麗萍豆干美食(72號攤)/臺北市北投區磺港路33號,"[""檢出過氧化氫為陽性""]",2026-05-03T00:48:46.175674+08:00
2026-05-03T00:48:46.175674+08:00,2023,豆乾類,南港,不符合規定,聰明素食批發行(聰明食品總匯),聰明素食批發行(聰明食品總匯)/臺北市萬華區西藏路552號,"[""檢出過氧化氫為陽性""]",2026-05-03T00:48:46.175674+08:00
2026-05-03T00:48:46.175674+08:00,2023,豆乾類,信義,不符合規定,阿弘潤餅,阿弘潤餅/臺北市信義區吳興街189號,"[""檢出苯甲酸0.71 g/kg""]",2026-05-03T00:48:46.175674+08:00
2026-05-03T00:48:46.175674+08:00,2023,豆乾類,內湖,不符合規定,豪棧小吃店(潤餅、刈包),豪棧小吃店(潤餅、刈包)/臺北市內湖區內湖路1段285巷59弄1號,"[""檢出過氧化氫為陽性""]",2026-05-03T00:48:46.175674+08:00
2026-05-03T00:48:46.175674+08:00,2023,小漿果類,內湖,不符合規定,美味達人股份有限公司內湖文德分公司(85°C BAKERY CAFÉ),美味達人股份有限公司內湖文德分公司(85°C BAKERY CAFÉ)/臺北市內湖區文德路2號,"[""殺蟎劑Bifenazate 必芬蟎7."", ""殺蟲劑Deltamethrin 第滅寧0."", ""殺蟲劑Spiromesifen 賜滅芬2.""]",2026-05-03T00:48:46.175674+08:00
2026-05-03T00:48:46.175674+08:00,2023,小漿果類,內湖,不符合規定,湖光市場無市招菜攤(葉O雲),湖光市場無市招菜攤(葉O雲)/臺北市內湖區康寧路1段26巷1號旁,"[""殺蟲劑Abamectin 阿巴汀0."", ""殺蟲劑Chlorfenapyr 克凡派1."", ""殺蟲劑Methomyl 納乃得0.""]",2026-05-03T00:48:46.175674+08:00
2026-05-03T00:48:46.175674+08:00,2023,包葉菜類,中山,不符合規定,吳O玲,吳O玲/承銷號：2601/榮濱市場路邊攤/臺北市中山區民族東路410巷2弄10號前,"[""殺蟲劑Dimethoate 大滅松0."", ""殺蟲劑Omethoate 歐滅松0.""]",2026-05-03T00:48:46.175674+08:00
2026-05-03T00:48:46.175674+08:00,2023,小葉菜類,內湖,不符合規定,湖光市場無市招菜攤(葉O雲),湖光市場無市招菜攤(葉O雲)/臺北市內湖區康寧路1段26巷1號旁,"[""殺蟲劑Indoxacarb 因得克0.""]",2026-05-03T00:48:46.175674+08:00
2026-05-03T00:48:46.175674+08:00,2023,小葉菜類,南港,不符合規定,台台灣泛亞零售管理顧問股份有限公司西門分公司（DON DON DONKI),台台灣泛亞零售管理顧問股份有限公司西門分公司（DON DON DONKI) /臺北市萬華區西寧南路123號、123之1號、123號2樓、123號2樓之1、123號3樓、123號3樓之1；武昌街2段50巷2號、2之1號、2之2號、2之3號、2之5號、2之6號、2之7號、2之8號、2之9號、2之10號、2之11號、6號及西寧南路123號2樓、2樓之1、3樓、3樓之1,"[""殺蟲劑Flonicamid 氟尼胺0.""]",2026-05-03T00:48:46.175674+08:00
2026-05-03T00:48:46.175674+08:00,2023,小葉菜類,內湖,不符合規定,好市多股份有限公司內湖分公司(COSTCO),好市多股份有限公司內湖分公司(COSTCO)/臺北市內湖區舊宗路1段268號、民善街255號,"[""殺蟲劑Flonicamid 氟尼胺0.""]",2026-05-03T00:48:46.175674+08:00
2026-05-03T00:48:46.175674+08:00,2023,小葉菜類,士林,不符合規定,士林市場-菜攤(曹O良),士林市場-菜攤(曹O良)/臺北市士林區基河路101號(豪大大雞排正對面),"[""殺菌劑Flutriafol 護汰芬0.""]",2026-05-03T00:48:46.175674+08:00
2026-05-03T00:48:46.175674+08:00,2023,小葉菜類,中山,不符合規定,榮濱市場路邊攤,榮濱市場路邊攤/臺北市中山區民族東路410巷55號門口前,"[""殺菌劑Flutriafol 護汰芬0.""]",2026-05-03T00:48:46.175674+08:00
2026-05-03T00:48:46.175674+08:00,2023,小漿果類,南港,不符合規定,環南市場蔬菜區青果攤0003號,環南市場蔬菜區青果攤0003號/臺北市萬華區環河南路2段245號,"[""殺蟲劑Diflubenzuron 二福隆0.""]",2026-05-03T00:48:46.175674+08:00
2026-05-03T00:48:46.175674+08:00,2023,小葉菜類,南港,不符合規定,環南坤廷蔬菜,環南坤廷蔬菜/臺北市萬華區環河南路2段245號/環南市場蔬菜區150號攤,"[""殺菌劑Difenoconazole 待克利1.""]",2026-05-03T00:48:46.175674+08:00
2026-05-03T00:48:46.175674+08:00,2023,小葉菜類,內湖,不符合規定,湖光市場無市招菜攤(葉O雲),湖光市場無市招菜攤(葉O雲)/臺北市內湖區康寧路1段26巷1號旁,"[""殺菌劑Difenoconazole 待克利1.""]",2026-05-03T00:48:46.175674+08:00
2026-05-03T00:48:46.175674+08:00,2023,包葉菜類,南港,不符合規定,我是你的菜,我是你的菜/臺北市萬華區環河南路2段245號環南市場蔬菜區152號攤,"[""殺蟲劑Terbufos 托福松0.""]",2026-05-03T00:48:46.175674+08:00
2026-05-03T00:48:46.175674+08:00,2023,小葉菜類,南港,不符合規定,"食代嚴選
https:","食代嚴選
https://www.fresh2you.tw，1120201(到貨日)","[""/"", ""/""]",2026-05-03T00:48:46.175674+08:00
2026-05-03T00:48:46.175674+08:00,2023,小葉菜類,南港,不符合規定,"食代嚴選
https:","食代嚴選
https://www.fresh2you.tw，1120201(到貨日)","[""殺草劑Ametryn 草殺淨0."", ""殺蟲劑Fenitrothion 撲滅松0."", ""殺菌劑Isoprothiolane 亞賜圃0."", ""殺草劑Pendimethalin 施得圃0."", ""殺蟲劑Phenthoate 賽達松0."", ""殺菌劑Procymidone 撲滅寧0."", ""殺菌劑Thifluzamide 賽氟滅0.""]",2026-05-03T00:48:46.175674+08:00
2026-05-03T00:48:46.175674+08:00,2023,包葉菜類,南港,不符合規定,"食代嚴選
https:","食代嚴選
https://www.fresh2you.tw，1120201(到貨日)","[""殺菌劑Chlorothalonil 四氯異苯腈0."", ""殺菌劑Dimethomorph 達滅芬0."", ""殺蟲劑Methiocarb 滅賜克0."", ""殺蟲劑Profenophos 佈飛松0."", ""殺菌劑Pyraclostrobin 百克敏0."", ""殺菌劑Tebuconazole 得克利0.""]",2026-05-03T00:48:46.175674+08:00
2026-05-03T00:48:46.175674+08:00,2023,芥花油,大安,不符合規定,全聯實業股份有限公司台北東門分公司,全聯實業股份有限公司台北東門分公司/臺北市大安區金山南路2段12號地下,"[""營養標示反式脂肪含量為「每份：0公克」，惟檢出每100公克反式脂肪酸含量0.56公克，依據「包裝食品營養標示應遵行事項」，每100公克固體（半固體）反式脂肪酸含量不超過0.3公克得標示為0，案內產品應依實際數值標示。""]",2026-05-03T00:48:46.175674+08:00
2026-05-03T00:48:46.175674+08:00,2023,速食麵,大安,不符合規定,全聯實業股份有限公司大安延吉分公司,全聯實業股份有限公司大安延吉分公司/臺北市大安區市民大道4段190號1.2樓,"[""麵條檢出環氧乙烷0.065mg/kg""]",2026-05-03T00:48:46.175674+08:00
2026-05-03T00:48:46.175674+08:00,2023,速食麵,中山,不符合規定,宇林興業有限公司台北分公司,宇林興業有限公司台北分公司/臺北市中山區中山北路3段37號,"[""調味粉包檢出環氧乙烷0.187mg/kg""]",2026-05-03T00:48:46.175674+08:00
2026-05-03T00:48:46.175674+08:00,2023,皮蛋,中山,不符合規定,家福股份有限公司台北錦州分公司, 家福股份有限公司台北錦州分公司/臺北市中山區錦州街276號,"[""銅6mg/kg""]",2026-05-03T00:48:46.175674+08:00
2026-05-03T00:48:46.175674+08:00,2023,根莖菜類,南港,不符合規定,"食代嚴選
https:","食代嚴選
https://www.fresh2you.tw/","[""1.扶吉胺-1."", ""2.鎘-0.18mg/kg""]",2026-05-03T00:48:46.175674+08:00
2026-05-03T00:48:46.175674+08:00,2023,小漿果類,大安,不符合規定,"新鮮屋
https:","新鮮屋
https://www.fresco.casa/","[""滅派林-1.""]",2026-05-03T00:48:46.175674+08:00
2026-05-03T00:48:46.175674+08:00,2023,根莖菜類,信義,不符合規定,"放心初蔬果網
https:","放心初蔬果網
https://funthingtrue.com.tw/","[""1.扶吉胺-5."", ""2.鎘-0.17mg/kg""]",2026-05-03T00:48:46.175674+08:00
2026-05-03T00:48:46.175674+08:00,2023,小葉菜類,信義,不符合規定,"放心初蔬果網
https:","放心初蔬果網
https://funthingtrue.com.tw/","[""殺丹-0.""]",2026-05-03T00:48:46.175674+08:00
2026-05-03T00:48:46.175674+08:00,2023,根莖菜類,信義,不符合規定,"柴寶買菜網
https:","柴寶買菜網
https://shopee.tw/honey_bunny","[""鎘-0.14mg/kg""]",2026-05-03T00:48:46.175674+08:00
2026-05-03T00:48:46.175674+08:00,2023,魚類,大安,不符合規定,六廚有限公司(六廚川客料理),六廚有限公司(六廚川客料理)/臺北市大安區信義路3段7號2樓,"[""恩氟喹啉羧酸""]",2026-05-03T00:48:46.175674+08:00
2026-05-03T00:48:46.175674+08:00,2023,配料,中正,不符合規定,163冷飲店(163 Lane),163冷飲店(163 Lane)/臺北市中正區延平南路163巷4號,"[""己二烯酸：0.70g/kg""]",2026-05-03T00:48:46.175674+08:00
2026-05-03T00:48:46.175674+08:00,2023,花草茶,南港,不符合規定,米卡餐坊(燒杯咖啡藝廚),米卡餐坊(燒杯咖啡藝廚)/臺北市萬華區西園路1段236號1樓,"[""殺菌劑Penconazole 平克座0.""]",2026-05-03T00:48:46.175674+08:00
2026-05-03T00:48:46.175674+08:00,2023,花草茶,內湖,不符合規定,時時展餐飲有限公司(泰讚了內湖瑞光店),時時展餐飲有限公司(泰讚了內湖瑞光店)/臺北市內湖區瑞光路317號1樓,"[""殺蟲劑Flubendiamide 氟大滅0."", ""殺蟲劑Thiacloprid 賽果培0.""]",2026-05-03T00:48:46.175674+08:00
2026-05-03T00:48:46.175674+08:00,2023,花草茶,士林,不符合規定,享美學國際股份有限公司(享當下),享美學國際股份有限公司(享當下)/臺北市士林區德行西路36號,"[""殺蟲劑Permethrin 百滅寧0.""]",2026-05-03T00:48:46.175674+08:00
2026-05-03T00:48:46.175674+08:00,2023,花草茶,士林,不符合規定,享美學國際股份有限公司(享當下),享美學國際股份有限公司(享當下)/臺北市士林區德行西路36號,"[""殺蟲劑Chlorpyrifos 陶斯松0."", ""殺菌劑Metalaxyl 滅達樂0.""]",2026-05-03T00:48:46.175674+08:00
2026-05-03T00:48:46.175674+08:00,2023,塑膠類,松山,不符合規定,利吉利商行,利吉利商行/臺北市松山區復興北路3號,"[""1.甲醛：43."", ""2.蒸發殘渣："", ""3.未標示淨重、容量或數量""]",2026-05-03T00:48:46.175674+08:00
2026-05-03T00:48:46.175674+08:00,2023,塑膠類,中山,不符合規定,勝越企業社,勝越企業社/臺北市中山區吉林路133號1樓,"[""甲醛：24.""]",2026-05-03T00:48:46.175674+08:00
2026-05-03T00:48:46.175674+08:00,2023,塑膠類,大同,不符合規定,豐資生活館有限公司(小北百貨寧夏店),豐資生活館有限公司(小北百貨寧夏店)/臺北市大同區寧夏路11號1樓,"[""本體未以印刷、打印或壓印方式標示材質名稱及耐熱溫度。""]",2026-05-03T00:48:46.175674+08:00
2026-05-03T00:48:46.175674+08:00,2023,小葉菜類,南港,不符合規定,3446何O獅,3446何O獅/臺北市萬華區萬大路533號蔬菜區地號930,"[""殺菌劑Dimethomorph 達滅芬0."", ""殺蟲劑Imidacloprid 益達胺0."", ""殺草劑Oxadiazon 樂滅草0."", ""殺線蟲劑Oxamyl 毆殺滅0."", ""殺草劑Pendimethalin 施得圃0."", ""殺蟲劑Phenthoate 賽達松0.""]",2026-05-03T00:48:46.175674+08:00
2026-05-03T00:48:46.175674+08:00,2023,小葉菜類,士林,不符合規定,欣盛小吃店(晴光精緻自助餐),欣盛小吃店(晴光精緻自助餐)/臺北市士林區中正路363號,"[""殺蟲劑Chlorpyrifos 陶斯松0."", ""殺蟲劑Fipronil 芬普尼0.012ppm、Fipronil-sulfone芬普尼代謝物0."", ""殺蟲劑Pyriproxyfen 百利普芬0."", ""殺蟲劑Tolfenpyrad 脫芬瑞0.""]",2026-05-03T00:48:46.175674+08:00
2026-05-03T00:48:46.175674+08:00,2023,小葉菜類,南港,不符合規定,王黃O彫,王黃O彫/臺北市萬華區萬大路533號蔬菜中繼零批場地號410,"[""殺蟲劑3-酮基加保扶"", ""殺蟲劑Acetamiprid 亞滅培0."", ""殺蟲劑Chlorpyrifos 陶斯松0.""]",2026-05-03T00:48:46.175674+08:00
2026-05-03T00:48:46.175674+08:00,2023,根莖菜類,大安,不符合規定,全國食養創作全自助餐復興店,全國食養創作全自助餐復興店/臺北市大安區復興南路2段314號,"[""殺蟲劑Dinotefuran 達特南0."", ""殺蟲劑Fipronil-sulfone芬普尼代謝物0.""]",2026-05-03T00:48:46.175674+08:00
2026-05-03T00:48:46.175674+08:00,2023,大漿果類,內湖,不符合規定,家福股份有限公司台北內湖分公司(家樂福內湖店),家福股份有限公司台北內湖分公司(家樂福內湖店)/臺北市內湖區民善街88 號,"[""殺菌劑Metrafenone 滅芬農0.""]",2026-05-03T00:48:46.175674+08:00
2026-05-03T00:48:46.175674+08:00,2023,小葉菜類,內湖,不符合規定,大潤發流通事業股份有限公司南湖分公司(大潤發內湖二店), 大潤發流通事業股份有限公司南湖分公司(大潤發內湖二店) /臺北市內湖區舊宗路1段188號,"[""殺蟎劑Spirodiclofen 賜派芬0.""]",2026-05-03T00:48:46.175674+08:00
2026-05-03T00:48:46.175674+08:00,2023,果菜類,中正,不符合規定,祥和小吃店(祥和蔬食精緻料理),祥和小吃店(祥和蔬食精緻料理)/臺北市中正區鎮江街1巷1號,"[""殺蟎劑Fenazaquin 芬殺蟎0.""]",2026-05-03T00:48:46.175674+08:00
2026-05-03T00:48:46.175674+08:00,2023,果菜類,大安,不符合規定,全國食養創作全自助餐復興店,全國食養創作全自助餐復興店/臺北市大安區復興南路2段314號,"[""殺蟎劑Spirodiclofen 賜派芬0.""]",2026-05-03T00:48:46.175674+08:00
2026-05-03T00:48:46.175674+08:00,2023,豆菜類,中正,不符合規定,祥和小吃店(祥和蔬食精緻料理),祥和小吃店(祥和蔬食精緻料理)/臺北市中正區鎮江街1巷1號,"[""殺蟎劑Etoxazole 依殺蟎0.""]",2026-05-03T00:48:46.175674+08:00
2026-05-03T00:48:46.175674+08:00,2023,小葉菜類,士林,不符合規定,欣盛小吃店(晴光精緻自助餐),欣盛小吃店(晴光精緻自助餐)/臺北市士林區中正路363號,"[""殺菌劑Boscalid 白克列0.""]",2026-05-03T00:48:46.175674+08:00
2026-05-03T00:48:46.175674+08:00,2023,小葉菜類,內湖,不符合規定,家福股份有限公司台北內湖分公司(家樂福內湖店),家福股份有限公司台北內湖分公司(家樂福內湖店) /臺北市內湖區民善街88 號,"[""殺線蟲劑Oxamyl 毆殺滅0.""]",2026-05-03T00:48:46.175674+08:00
2026-05-03T00:48:46.175674+08:00,2023,飲料,中山,不符合規定,品安甜品店(清原芋圓台北天津店),品安甜品店(清原芋圓台北天津店)/臺北市中山區天津街41號1樓,"[""腸桿菌科：8.6x10^2 CFU/mL""]",2026-05-03T00:48:46.175674+08:00
2026-05-03T00:48:46.175674+08:00,2023,飲料,信義,不符合規定,海堂國際股份有限公司(珊瑚橘),海堂國際股份有限公司(珊瑚橘)/臺北市信義區松高路12號B2,"[""腸桿菌科：2.2x10^3 CFU/mL""]",2026-05-03T00:48:46.175674+08:00
2026-05-03T00:48:46.175674+08:00,2023,冰品,中正,不符合規定,樂多多世界股份有限公司肉多多台北重慶南營業所(肉多多),樂多多世界股份有限公司肉多多台北重慶南營業所(肉多多)/臺北市中正區重慶南路1段58號3樓,"[""腸桿菌科：50 CFU/mL""]",2026-05-03T00:48:46.175674+08:00
2026-05-03T00:48:46.175674+08:00,2023,飲料,北投,不符合規定,福餐聯餐飲股份有限公司吉龍糖石牌裕民門市,福餐聯餐飲股份有限公司吉龍糖石牌裕民門市/臺北市北投區石牌路2段42號1樓,"[""腸桿菌科：1.6x10^5 CFU/mL""]",2026-05-03T00:48:46.175674+08:00
2026-05-03T00:48:46.175674+08:00,2023,冰品,大安,不符合規定,頂呱呱股份有限公司忠孝東路店,頂呱呱股份有限公司忠孝東路店/臺北市大安區忠孝東路4段175之1號,"[""腸桿菌科：7.0x10^2 CFU/mL""]",2026-05-03T00:48:46.175674+08:00
2026-05-03T00:48:46.175674+08:00,2023,冰品,內湖,不符合規定,覺旅股份有限公司覺旅咖啡陽光分公司,覺旅股份有限公司覺旅咖啡陽光分公司/臺北市內湖區陽光街321巷42號,"[""腸桿菌科：1.1x10^4 CFU/mL""]",2026-05-03T00:48:46.175674+08:00
2026-05-03T00:48:46.175674+08:00,2023,冰品,內湖,不符合規定,覺旅股份有限公司覺旅咖啡陽光分公司,覺旅股份有限公司覺旅咖啡陽光分公司/臺北市內湖區陽光街321巷42號,"[""腸桿菌科：2.2x10^2 CFU/mL""]",2026-05-03T00:48:46.175674+08:00
2026-05-03T00:48:46.175674+08:00,2023,果菜類,南山,不符合規定,嘉年華小吃店,嘉年華小吃店/臺北市南港區同德路72號1樓,"[""殺蟲劑Imidacloprid 益達胺0."", ""殺蟎劑Spirodiclofen 賜派芬0.""]",2026-05-03T00:48:46.175674+08:00
2026-05-03T00:48:46.175674+08:00,2023,香辛植物及其他草木本植物,松山,不符合規定,百特蔬果行,百特蔬果行/臺北市松山區民生東路5段20號1樓,"[""殺蟲劑Fenitrothion 撲滅松0."", ""殺草劑Pendimethalin 施得圃0.""]",2026-05-03T00:48:46.175674+08:00
2026-05-03T00:48:46.175674+08:00,2023,果菜類,中山,不符合規定,瓦城泰統股份有限公司西湖分公司(時時香美麗華店),瓦城泰統股份有限公司西湖分公司(時時香美麗華店)/臺北市中山區敬業三路20號5樓,"[""殺蟲劑Imidacloprid 益達胺1."", ""殺菌劑Pyraclostrobin 百克敏0.""]",2026-05-03T00:48:46.175674+08:00
2026-05-03T00:48:46.175674+08:00,2023,果菜類,中山,不符合規定,鼎皇麻辣火鍋店,鼎皇麻辣火鍋店/臺北市中山區民權東路2段1號,"[""殺蟲劑Chlorpyrifos 陶斯松0."", ""殺菌劑Prochloraz 撲克拉0.""]",2026-05-03T00:48:46.175674+08:00
2026-05-03T00:48:46.175674+08:00,2023,小葉菜類,士林,不符合規定,無市招蔬果行(高O志),無市招蔬果行(高O志)/臺北市士林區德行東路109巷4號,"[""殺蟎劑Ethion 愛殺松0.""]",2026-05-03T00:48:46.175674+08:00
2026-05-03T00:48:46.175674+08:00,2023,小葉菜類,內湖,不符合規定,幸福品味實業股份有限公司(美福食集),幸福品味實業股份有限公司(美福食集)/臺北市內湖區民善街128號,"[""殺菌劑Thifluzamide 賽氟滅0.""]",2026-05-03T00:48:46.175674+08:00
2026-05-03T00:48:46.175674+08:00,2023,瓜菜類,南山,不符合規定,幸幸越南素食館(越南蔬食),幸幸越南素食館(越南蔬食)/臺北市南港區成福路28號,"[""殺蟲劑3-OH Carbofuran 3-羥基加保扶0.""]",2026-05-03T00:48:46.175674+08:00
2026-05-03T00:48:46.175674+08:00,2023,小葉菜類,內湖,不符合規定,幸福品味實業股份有限公司(美福食集),幸福品味實業股份有限公司(美福食集)/臺北市內湖區民善街128號,"[""殺菌劑Pyraclostrobin 百克敏0.""]",2026-05-03T00:48:46.175674+08:00
2026-05-03T00:48:46.175674+08:00,2023,小葉菜類,信義,不符合規定,欣葉台菜信義新天地A9館,欣葉台菜信義新天地A9館/臺北市信義區松壽路9號8樓,"[""殺菌劑Pyraclostrobin 百克敏0.""]",2026-05-03T00:48:46.175674+08:00
2026-05-03T00:48:46.175674+08:00,2023,果菜類,南山,不符合規定,鼎好小吃店,鼎好小吃店/臺北市南港區同德路56號,"[""殺蟎劑Spirodiclofen 賜派芬0.""]",2026-05-03T00:48:46.175674+08:00
2026-05-03T00:48:46.175674+08:00,2023,果菜類,南山,不符合規定,永祥蔬果行,永祥蔬果行/臺北市南港區同德路77號,"[""殺蟲劑Clothianidin 可尼丁0.""]",2026-05-03T00:48:46.175674+08:00
2026-05-03T00:48:46.175674+08:00,2023,梨果類,信義,不符合規定,靚青蔬果行,靚青蔬果行/臺北市信義區吳興街174號1樓,"[""殺蟲劑Fenvalerate 芬化利1.""]",2026-05-03T00:48:46.175674+08:00
2026-05-03T00:48:46.175674+08:00,2023,冰品,大安,不符合規定,思慕昔餐飲有限公司,思慕昔餐飲有限公司/臺北市大安區永康街15號、15號之1,"[""腸桿菌科：3.4x10^4 CFU/g""]",2026-05-03T00:48:46.175674+08:00
2026-05-03T00:48:46.175674+08:00,2023,冰品,大安,不符合規定,思慕昔餐飲有限公司,思慕昔餐飲有限公司/臺北市大安區永康街15號、15號之1,"[""腸桿菌科：35 CFU/g""]",2026-05-03T00:48:46.175674+08:00
2026-05-03T00:48:46.175674+08:00,2023,飲料,大安,不符合規定,玖仰茶食文化有限公司永康分公司,玖仰茶食文化有限公司永康分公司/臺北市大安區永康街9-1號1樓,"[""腸桿菌科：1.1x10^5 CFU/mL""]",2026-05-03T00:48:46.175674+08:00
2026-05-03T00:48:46.175674+08:00,2023,飲料,大安,不符合規定,玖仰茶食文化有限公司永康分公司,玖仰茶食文化有限公司永康分公司/臺北市大安區永康街9-1號1樓,"[""腸桿菌科：3.3x10^4 CFU/mL""]",2026-05-03T00:48:46.175674+08:00
2026-05-03T00:48:46.175674+08:00,2023,冰品,松山,不符合規定,GODIVA巧克力微風南京,GODIVA巧克力微風南京/臺北市松山區南京東路3段337號1樓,"[""腸桿菌科：1.8x10^3 CFU/g""]",2026-05-03T00:48:46.175674+08:00
2026-05-03T00:48:46.175674+08:00,2023,冰品,松山,不符合規定,百富通股份有限公司慶城店(莫凡彼),百富通股份有限公司慶城店(莫凡彼)/臺北市松山區慶城街12號1樓,"[""腸桿菌科：1.4x10^2 CFU/g""]",2026-05-03T00:48:46.175674+08:00
2026-05-03T00:48:46.175674+08:00,2023,飲料,松山,不符合規定,厚舖牛排館(人从众厚切牛排),厚舖牛排館(人从众厚切牛排)/臺北市松山區光復北路146號1樓,"[""腸桿菌科：1.0x10^3 CFU/mL""]",2026-05-03T00:48:46.175674+08:00
2026-05-03T00:48:46.175674+08:00,2023,冰品,大安,不符合規定,金好家股份有限公司台北大安分公司(進發家大安店),金好家股份有限公司台北大安分公司(進發家大安店)/臺北市大安區大安路1段53號,"[""腸桿菌科：4.6x10^2 CFU/g""]",2026-05-03T00:48:46.175674+08:00
2026-05-03T00:48:46.175674+08:00,2023,冰品,大安,不符合規定,金好家股份有限公司台北大安分公司(進發家大安店),金好家股份有限公司台北大安分公司(進發家大安店)/臺北市大安區大安路1段53號,"[""腸桿菌科：1.5x10^2 CFU/g""]",2026-05-03T00:48:46.175674+08:00
2026-05-03T00:48:46.175674+08:00,2023,冰品,信義,不符合規定,三良品茶,三良品茶/臺北市信義區永吉路263號,"[""腸桿菌科：58 CFU/mL""]",2026-05-03T00:48:46.175674+08:00
2026-05-03T00:48:46.175674+08:00,2023,冰品,內湖,不符合規定,錢都火鍋,錢都火鍋/臺北市內湖區成功路4段147號,"[""腸桿菌科：1.3x10^2 CFU/g""]",2026-05-03T00:48:46.175674+08:00
2026-05-03T00:48:46.175674+08:00,2023,飲料,中正,不符合規定,甯臻恩飲料店(黑丸嫩仙草古亭店),甯臻恩飲料店(黑丸嫩仙草古亭店)/臺北市中正區同安街65號1樓,"[""腸桿菌科：5.8x10^3 CFU/g""]",2026-05-03T00:48:46.175674+08:00
2026-05-03T00:48:46.175674+08:00,2023,水解醬油,中山,不符合規定,怡樂國際有限公司(EEC GLOBAL TK),怡樂國際有限公司(EEC GLOBAL TK)/臺北市中山區中山北路3段39號1樓,"[""營養標示未如實標示""]",2026-05-03T00:48:46.175674+08:00
2026-05-03T00:48:46.175674+08:00,2023,花生製品,松山,不符合規定,老翁家,老翁家/臺北市松山區新東街19號,"[""黃麴毒素B1：4.8μg/kg"", ""總黃麴毒素B1+B2+G1+G2：5.5μg/kg""]",2026-05-03T00:48:46.175674+08:00
2026-05-03T00:48:46.175674+08:00,2023,日本進口食品,士林,不符合規定,遠東都會股份有限公司天母店(市招: City super),遠東都會股份有限公司天母店(市招: City super)/臺北市士林區中山北路6段77號B1,"[""原產地標示不實""]",2026-05-03T00:48:46.175674+08:00
2026-05-03T00:48:46.175674+08:00,2023,豆菜類,中正,不符合規定,果粉水果行,果粉水果行/臺北市中正區汀州路2段335號,"[""殺菌劑Diniconazole 達克利0."", ""殺菌劑Fluopicolide 氟比來0."", ""殺菌劑Prochloraz 撲克拉0."", ""殺菌劑Propamocarb hydrochloride 普拔克0.""]",2026-05-03T00:48:46.175674+08:00
2026-05-03T00:48:46.175674+08:00,2023,豆菜類,士林,不符合規定,詠鑽蔬果專賣店(新天地蔬果量販店),詠鑽蔬果專賣店(新天地蔬果量販店)/臺北市士林區美崙街18號1樓,"[""殺蟲劑Clothianidin 可尼丁0."", ""殺菌劑Dimethomorph 達滅芬2."", ""殺菌劑Tebuconazole 得克利1."", ""殺蟲劑Tolfenpyrad 脫芬瑞0.""]",2026-05-03T00:48:46.175674+08:00
2026-05-03T00:48:46.175674+08:00,2023,核果類,內湖,不符合規定,幸福品味實業股份有限公司(美福食集),幸福品味實業股份有限公司(美福食集)/臺北市內湖區民善街128號,"[""殺蟲劑Chlorpyrifos 陶斯松0."", ""殺蟲劑Phosmet 益滅松0.""]",2026-05-03T00:48:46.175674+08:00
2026-05-03T00:48:46.175674+08:00,2023,大漿果類,士林,不符合規定,詠鑽蔬果專賣店(新天地蔬果量販店),詠鑽蔬果專賣店(新天地蔬果量販店)/臺北市士林區美崙街18號1樓,"[""殺蟲劑Cyromazine 賽滅淨0.""]",2026-05-03T00:48:46.175674+08:00
2026-05-03T00:48:46.175674+08:00,2023,包葉菜類,士林,不符合規定,Mia C'bon超市台北大葉店,Mia C'bon超市台北大葉店/臺北市士林區忠誠路2段55號B1,"[""殺線蟲劑Fosthiazate 福賽絕0.""]",2026-05-03T00:48:46.175674+08:00
2026-05-03T00:48:46.175674+08:00,2023,核果類,大安,不符合規定,双喜臨門水果行(双囍臨門水果行),双喜臨門水果行(双囍臨門水果行)/臺北市大安區和平東路3段228巷35號,"[""殺蟲劑Chlorpyrifos 陶斯松 0.""]",2026-05-03T00:48:46.175674+08:00
2026-05-03T00:48:46.175674+08:00,2023,大漿果類,士林,不符合規定,翡翠綠水果專賣店,翡翠綠水果專賣店/臺北市士林區美崙街14號1樓,"[""殺蟲劑Fluvalinate 福化利0.""]",2026-05-03T00:48:46.175674+08:00
2026-05-03T00:48:46.175674+08:00,2023,小漿果類,信義,不符合規定,辣十九國際開發股份有限公司(馬辣),辣十九國際開發股份有限公司(馬辣)/臺北市信義區松壽路22號3樓,"[""殺蟲劑Fipronil 芬普尼0.002ppm、Fipronil-sulfone芬普尼代謝物0.""]",2026-05-03T00:48:46.175674+08:00
2026-05-03T00:48:46.175674+08:00,2023,豆菜類,大安,不符合規定,双喜臨門水果行(双囍臨門水果行),双喜臨門水果行(双囍臨門水果行)/臺北市大安區和平東路3段228巷35號,"[""殺蟲劑Clothianidin 可尼丁0.""]",2026-05-03T00:48:46.175674+08:00
2026-05-03T00:48:46.175674+08:00,2023,大漿果類,松山,不符合規定,安星水果行,安星水果行/臺北市松山區南京東路291巷32之3號,"[""殺蟎劑Spirodiclofen 賜派芬0.""]",2026-05-03T00:48:46.175674+08:00
2026-05-03T00:48:46.175674+08:00,2023,生鮮水果,士林,不符合規定,益成蔬果行,益成蔬果行/臺北市士林區德行東路109巷110號,"[""殺蟲劑陶斯松""]",2026-05-03T00:48:46.175674+08:00
2026-05-03T00:48:46.175674+08:00,2023,糕粿糬類製品 ,中山,不符合規定,中山手工麻糬（紅豆湯）(中山市場第28號攤),中山手工麻糬（紅豆湯）(中山市場第28號攤)/臺北市中山區長安西路3號,"[""防腐劑己二烯酸：1.3 g/kg""]",2026-05-03T00:48:46.175674+08:00
2026-05-03T00:48:46.175674+08:00,2023,深海魚類,大安,不符合規定,遠東都會股份有限公司復興店(city super復興SOGO店),遠東都會股份有限公司復興店(city super復興SOGO店)/臺北市大安區忠孝東路3段300號B3樓,"[""檢出一氧化碳""]",2026-05-03T00:48:46.175674+08:00
2026-05-03T00:48:46.175674+08:00,2023,梨果類,南港,不符合規定,艋舺夜市-男哥現削水果(無市招),艋舺夜市-男哥現削水果(無市招)/臺北市萬華區廣州街182號前,"[""甜味劑糖精""]",2026-05-03T00:48:46.175674+08:00
2026-05-03T00:48:46.175674+08:00,2023,乾豆類,信義,不符合規定,遠百企業股份有限公司忠孝分公司,遠百企業股份有限公司忠孝分公司/臺北市信義區忠孝東路5段297號地下1、2、3樓,"[""芬普尼"", ""賽速安""]",2026-05-03T00:48:46.175674+08:00
2026-05-03T00:48:46.175674+08:00,2023,乾豆類,大安,不符合規定,太平洋崇光百貨股份有限公司,太平洋崇光百貨股份有限公司/臺北市大安區忠孝東路4段45號地下2樓,"[""芬化利"", ""環氧乙烷""]",2026-05-03T00:48:46.175674+08:00
2026-05-03T00:48:46.175674+08:00,2023,大漿果類,松山,不符合規定,四季甜工作坊,四季甜工作坊/臺北市松山區三民路101巷2之1號(新東市場外）,"[""殺蟲劑Cyromazine 賽滅淨0."", ""殺蟲劑Pyrimidifen 畢汰芬0."", ""殺蟲劑Pyriproxyfen 百利普芬0.""]",2026-05-03T00:48:46.175674+08:00
2026-05-03T00:48:46.175674+08:00,2023,根莖菜類,南港,不符合規定,蔬菜攤,蔬菜攤/臺北市萬華區環河南路2段245號蔬菜攤0068號(環南市場),"[""殺蟲劑Clothianidin 可尼丁0."", ""殺蟎劑Pyridaben 畢達本0.""]",2026-05-03T00:48:46.175674+08:00
2026-05-03T00:48:46.175674+08:00,2023,果菜類,大安,不符合規定,當季平價快餐店,當季平價快餐店/臺北市大安區忠孝東路4段216巷19弄10號1樓,"[""殺菌劑Difenoconazole 待克利1."", ""殺菌劑Pydiflumetofen 派滅芬0.""]",2026-05-03T00:48:46.175674+08:00
2026-05-03T00:48:46.175674+08:00,2023,小漿果類,大安,不符合規定,全聯實業股份有限公司敦南分公司(全聯福利中心敦南分公司),全聯實業股份有限公司敦南分公司(全聯福利中心敦南分公司)/臺北市大安區忠孝東路4段126之1號房屋地下1層,"[""生長調節劑Chlormequat 克美素0."", ""殺菌劑Boscalid 白克列1.""]",2026-05-03T00:48:46.175674+08:00
2026-05-03T00:48:46.175674+08:00,2023,小葉菜類,北投,不符合規定,卿卿鮮果,卿卿鮮果/臺北市北投區磺港路33號(北投中繼市場A27.A28.A29號攤),"[""殺蟲劑Emamectin benzoate 因滅汀0."", ""殺蟲劑 Permethrin 百滅寧2.""]",2026-05-03T00:48:46.175674+08:00
2026-05-03T00:48:46.175674+08:00,2023,大漿果類,南港,不符合規定,青果攤,青果攤/臺北市萬華區環河南路2段245號蔬菜攤0005號,"[""殺蟲劑Cyromazine賽滅淨0.""]",2026-05-03T00:48:46.175674+08:00
2026-05-03T00:48:46.175674+08:00,2023,大漿果類,南港,不符合規定,上奕商行(INDEX),上奕商行(INDEX)/臺北市萬華區國興路32號,"[""生長調節劑Gibberellic acid 勃激素A3 0.""]",2026-05-03T00:48:46.175674+08:00
2026-05-03T00:48:46.175674+08:00,2023,大漿果類,南港,不符合規定,我家蔬果園,我家蔬果園/臺北市萬華區中華路2段416巷56號,"[""殺蟲劑Cyromazine賽滅淨0.""]",2026-05-03T00:48:46.175674+08:00
2026-05-03T00:48:46.175674+08:00,2023,小葉菜類,中山,不符合規定,五常市場第17攤,五常市場第17攤/臺北市中山區民族東路410巷2弄18-20號前,"[""殺菌劑Pyraclostrobin 百克敏0.""]",2026-05-03T00:48:46.175674+08:00
2026-05-03T00:48:46.175674+08:00,2023,核果類,南港,不符合規定,青果攤,青果攤/臺北市萬華區環河南路2段245號蔬菜攤0005號,"[""殺蟲劑Chlorpyrifos陶斯松0.""]",2026-05-03T00:48:46.175674+08:00
2026-05-03T00:48:46.175674+08:00,2023,香辛植物及其他草木本植物,大安,不符合規定,當季平價快餐店,當季平價快餐店/臺北市大安區忠孝東路4段216巷19弄10號1樓,"[""殺蟲劑Chlorpyrifos 陶斯松0.""]",2026-05-03T00:48:46.175674+08:00
2026-05-03T00:48:46.175674+08:00,2023,根莖菜類,士林,不符合規定,家福股份有限公司台北天母分公司,家福股份有限公司台北天母分公司/臺北市士林區德行西路47號,"[""殺蟲劑Thiamethoxam 賽速安0.""]",2026-05-03T00:48:46.175674+08:00
2026-05-03T00:48:46.175674+08:00,2023,核果類,中山,不符合規定,粘O福,粘O福/臺北市中山區民族東路410巷2弄18-20號前(五常市場),"[""殺蟲劑Cyhalothrin 賽洛寧0.""]",2026-05-03T00:48:46.175674+08:00
2026-05-03T00:48:46.175674+08:00,2023,豆菜類,南港,不符合規定,日鮮蔬果專賣店,日鮮蔬果專賣店/臺北市萬華區貴陽街2段137號,"[""殺菌劑Bupirimate 布瑞莫0."", ""殺蟲劑Chlorpyrifos 陶斯松0."", ""殺菌劑Diniconazole 達克利0."", ""殺線蟲劑Fosthiazate 福賽絕0."", ""殺菌劑Prochloraz 撲克拉0."", ""殺蟲劑Thiamethoxam 賽速安0.""]",2026-05-03T00:48:46.175674+08:00
2026-05-03T00:48:46.175674+08:00,2023,豆菜類,南山,不符合規定,永祥蔬果行,永祥蔬果行/臺北市南港區同德路77號,"[""殺蟲劑Chlorpyrifos 陶斯松0."", ""殺蟲劑Thiamethoxam 賽速安0.""]",2026-05-03T00:48:46.175674+08:00
2026-05-03T00:48:46.175674+08:00,2023,小葉菜類,南山,不符合規定,為福樓餐廳有限公司,為福樓餐廳有限公司/臺北市南港區忠孝東路5段996號,"[""殺蟲劑Chlorfenapyr 克凡派1."", ""殺草劑Thiobencarb 殺丹0.""]",2026-05-03T00:48:46.175674+08:00
2026-05-03T00:48:46.175674+08:00,2023,大漿果類,信義,不符合規定,富安蔬果行,富安蔬果行/臺北市信義區吳興街208號1樓,"[""殺蟲劑Cyromazine 賽滅淨0.""]",2026-05-03T00:48:46.175674+08:00
2026-05-03T00:48:46.175674+08:00,2023,果菜類,南港,不符合規定,昌虹,昌虹/臺北市萬華區環河南路2段245號環南市場蔬菜區89號攤,"[""殺菌劑Difenoconazole 待克利6.""]",2026-05-03T00:48:46.175674+08:00
2026-05-03T00:48:46.175674+08:00,2023,小葉菜類,士林,不符合規定,小吳蔬菜行（臺北市士林區士東路100號1樓,小吳蔬菜行（臺北市士林區士東路100號1樓/士東市場第72號攤）,"[""殺菌劑Mepronil 滅普寧0.""]",2026-05-03T00:48:46.175674+08:00
2026-05-03T00:48:46.175674+08:00,2023,小葉菜類,南港,不符合規定,日鮮蔬果專賣店,日鮮蔬果專賣店/臺北市萬華區貴陽街2段137號,"[""殺草劑Oxadiazon 樂滅草0.""]",2026-05-03T00:48:46.175674+08:00
2026-05-03T00:48:46.175674+08:00,2023,根莖菜類,中山,不符合規定,惠康百貨股份有限公司美麗華分公司（Mia C'bon,惠康百貨股份有限公司美麗華分公司（Mia C'bon/臺北市中山區敬業三路20號地下1樓之1）,"[""殺蟲劑Thiamethoxam 賽速安0.""]",2026-05-03T00:48:46.175674+08:00
2026-05-03T00:48:46.175674+08:00,2023,柑桔類,士林,不符合規定,大苑子開發股份有限公司士林文林分公司(大苑子士林文林店),大苑子開發股份有限公司士林文林分公司(大苑子士林文林店)/臺北市士林區文林路20號,"[""殺蟲劑Chlorpyrifos 陶斯松0.""]",2026-05-03T00:48:46.175674+08:00
2026-05-03T00:48:46.175674+08:00,2023,小葉菜類,中山,不符合規定,王邱月紅（臺北市中山區民族東路336號,王邱月紅（臺北市中山區民族東路336號/第二果菜批發市場蔬菜零批場/濱江市場19-08攤）,"[""殺蟲劑Deltamethrin 第滅寧0.""]",2026-05-03T00:48:46.175674+08:00
2026-05-03T00:48:46.175674+08:00,2023,瓜菜類,南港,不符合規定,我是你的菜,我是你的菜/臺北市萬華區環河南路2段245號152號攤,"[""殺蟲劑Emamectin benzoate 因滅汀0.""]",2026-05-03T00:48:46.175674+08:00
2026-05-03T00:48:46.175674+08:00,2023,食品容器具,松山,不符合規定,甜蜜家族國際企業有限公司(甜蜜家族婦嬰用品連鎖門市),甜蜜家族國際企業有限公司(甜蜜家族婦嬰用品連鎖門市)/臺北市松山區八德路2段354號1樓,"[""1.「Tritan」為商標名稱，無法正確指稱材質名稱。"", ""2.未依規定以印刷、打印或壓印方式標示材質及耐熱溫度於主要本體""]",2026-05-03T00:48:46.175674+08:00
2026-05-03T00:48:46.175674+08:00,2023,食品容器具,大安,不符合規定,達旺商行,達旺商行/臺北市大安區忠孝東路4段216巷40弄3號,"[""未依規定以印刷、打印或壓印方式標示材質於主要本體""]",2026-05-03T00:48:46.175674+08:00
2026-05-03T00:48:46.175674+08:00,2023,食品容器具,士林,不符合規定,士東企業社(士東免洗餐具總匯),士東企業社(士東免洗餐具總匯)/臺北市士林區士東路120巷20弄7號,"[""未標示製造日期""]",2026-05-03T00:48:46.175674+08:00
2026-05-03T00:48:46.175674+08:00,2023,盛裝飲用水,中山,不符合規定,信泰股份有限公司(麵屋一燈),信泰股份有限公司(麵屋一燈)/臺北市中山區南京東路1段29號,"[""大腸桿菌群：57CFU/100mL""]",2026-05-03T00:48:46.175674+08:00
2026-05-03T00:48:46.175674+08:00,2023,百合,松山,不符合規定,心元蔘藥行,心元蔘藥行/臺北市松山區南京東路5段291巷20弄6號1樓,[],2026-05-03T00:48:46.175674+08:00
2026-05-03T00:48:46.175674+08:00,2023,白木耳,松山,不符合規定,育仁藥行,育仁藥行/臺北市松山區八德路3段152號1樓,"[""殺蟲劑Methomyl\t納乃得0."", ""殺蟎劑Propargite\t毆蟎多0.""]",2026-05-03T00:48:46.175674+08:00
2026-05-03T00:48:46.175674+08:00,2023,白木耳,大同,不符合規定,萬安堂蔘藥行,萬安堂蔘藥行/臺北市大同區迪化街1段84號,[],2026-05-03T00:48:46.175674+08:00
2026-05-03T00:48:46.175674+08:00,2023,白木耳,大同,不符合規定,迪隆蔘藥行,迪隆蔘藥行/臺北市大同區歸綏街220號1樓,[],2026-05-03T00:48:46.175674+08:00
2026-05-03T00:48:46.175674+08:00,2023,白木耳,士林,不符合規定,家福股份有限公司台北天母分公司,家福股份有限公司台北天母分公司/臺北市士林區德行西路47號,"[""生長調節劑Chlormequat克美素0.24 ppm（標準：不得檢出）""]",2026-05-03T00:48:46.175674+08:00
2026-05-03T00:48:46.175674+08:00,2023,白木耳,北投,不符合規定,旭和藥行,旭和藥行/臺北市北投區明德路111號,"[""殺蟲劑Methomyl納乃得0.10ppm（標準：不得檢出）""]",2026-05-03T00:48:46.175674+08:00
2026-05-03T00:48:46.175674+08:00,2023,黑棗,大同,不符合規定,龍源中藥行,龍源中藥行/臺北市大同區迪化街1段172號1樓,[],2026-05-03T00:48:46.175674+08:00
2026-05-03T00:48:46.175674+08:00,2023,半成品(豆製品),大同,不符合規定,臺北市成淵高級中學(寬盈國際企業股份有限公司),臺北市成淵高級中學(寬盈國際企業股份有限公司)/臺北市大同區承德路2段235號,"[""防腐劑苯甲酸：1.42 g/kg（標準：不得添加）""]",2026-05-03T00:48:46.175674+08:00
2026-05-03T00:48:46.175674+08:00,2023,蔬果,北投,不符合規定,明煬四方有限公司(丰明殿),明煬四方有限公司(丰明殿)/臺北市北投區東華街1段362號1樓,"[""殺蟲劑賽安勃""]",2026-05-03T00:48:46.175674+08:00
2026-05-03T00:48:46.175674+08:00,2023,蔬果,北投,不符合規定,寒順企業社(寒聚精緻鍋物),寒順企業社(寒聚精緻鍋物)/臺北市北投區石牌路2段97巷8號1樓,"[""殺菌劑腐絕"", ""0.""]",2026-05-03T00:48:46.175674+08:00
2026-05-03T00:48:46.175674+08:00,2023,花生粉,北投,不符合規定,百世佳興業有限公司石牌分公司,百世佳興業有限公司石牌分公司/臺北市北投區石牌路2段335號,"[""黃麴毒素B1：5.0μg/kg""]",2026-05-03T00:48:46.175674+08:00
2026-05-03T00:48:46.175674+08:00,2023,花生粉,大安,不符合規定,天椒小吃店(天辣麻辣火鍋),天椒小吃店(天辣麻辣火鍋)/臺北市大安區復興南路2段84號,"[""黃麴毒素B1：6.5μg/kg""]",2026-05-03T00:48:46.175674+08:00
2026-05-03T00:48:46.175674+08:00,2023,豆腐,信義,不符合規定,昕殿有限公司(辛殿麻辣鍋),昕殿有限公司(辛殿麻辣鍋)/臺北市信義區松壽路12號1樓,"[""苯甲酸：1.94g/kg""]",2026-05-03T00:48:46.175674+08:00
2026-05-03T00:48:46.175674+08:00,2023,鮮果蔬菜類及其加工品,南山,不符合規定,三澧企業股份有限公司(MoMo Paradise南港潤泰牧場),三澧企業股份有限公司(MoMo Paradise南港潤泰牧場)/臺北市南港區忠孝東路7段369號10樓,"[""1.殺菌劑芬普尼"", ""2.殺菌劑芬普尼代謝物"", ""3.殺蟲劑百利普芬""]",2026-05-03T00:48:46.175674+08:00
2026-05-03T00:48:46.175674+08:00,2023,豆腐,中山,不符合規定,錦德錩餐飲股份有限公司(土狗樂市),錦德錩餐飲股份有限公司(土狗樂市)/臺北市中山區建國北路2段3巷17號,"[""苯甲酸：0.91g/kg""]",2026-05-03T00:48:46.175674+08:00
2026-05-03T00:48:46.175674+08:00,2023,豆腐,中正,不符合規定,八海國際餐飲股份有限公司(八海食潮當代鍋物),八海國際餐飲股份有限公司(八海食潮當代鍋物)/臺北市中正區北平西路3號2樓,"[""苯甲酸：0.75g/kg""]",2026-05-03T00:48:46.175674+08:00
2026-05-03T00:48:46.175674+08:00,2023,鮮果蔬菜類及其加工品,南港,不符合規定,格萊思美國際餐飲股份有限公司(心心麻辣鍋),格萊思美國際餐飲股份有限公司(心心麻辣鍋)/臺北市萬華區成都路141號,"[""殺菌劑四氯異苯腈""]",2026-05-03T00:48:46.175674+08:00
2026-05-03T00:48:46.175674+08:00,2023,鮮果蔬菜類及其加工品,中正,不符合規定,欣鍋園小吃店(欣鍋園涮涮鍋),欣鍋園小吃店(欣鍋園涮涮鍋)/臺北市中正區和平西路1段34號1樓,"[""1.殺蟲劑賽滅寧"", ""2.殺蟲劑芬普尼"", ""3.殺蟲劑芬普尼代謝物""]",2026-05-03T00:48:46.175674+08:00
2026-05-03T00:48:46.175674+08:00,2023,豆製品(豆干),中山,不符合規定,俊華豆腐店,俊華豆腐店/臺北市中山區安東街5之6號,"[""殺菌劑過氧化氫：陽性（不得檢出）""]",2026-05-03T00:48:46.175674+08:00
2026-05-03T00:48:46.175674+08:00,2023,豆製品(豆干絲),中山,不符合規定,國鴻蔬菜號,國鴻蔬菜號/臺北市中山區長春路299號1樓長春市場37號攤,"[""殺菌劑過氧化氫：陽性（不得檢出）""]",2026-05-03T00:48:46.175674+08:00
2026-05-03T00:48:46.175674+08:00,2023,豆製品(豆干絲),南港,不符合規定,環南素食大批發(環南素食行),環南素食大批發(環南素食行)/臺北市萬華區西藏路295號1樓,"[""殺菌劑過氧化氫：陽性（不得檢出）""]",2026-05-03T00:48:46.175674+08:00
2026-05-03T00:48:46.175674+08:00,2023,豆製品(豆干絲),南港,不符合規定,環南素食大批發(環南素食行),環南素食大批發(環南素食行)/臺北市萬華區西藏路295號1樓,"[""殺菌劑過氧化氫：陽性（不得檢出）""]",2026-05-03T00:48:46.175674+08:00
2026-05-03T00:48:46.175674+08:00,2023,豆製品(豆干絲),文山,不符合規定,木柵市場-素食專賣,木柵市場-素食專賣/臺北市文山區保儀路13巷3號1樓59號攤,"[""殺菌劑過氧化氫：陽性（不得檢出）""]",2026-05-03T00:48:46.175674+08:00
2026-05-03T00:48:46.175674+08:00,2023,豆製品(豆干),文山,不符合規定,木柵市場-阿貞豆腐店,木柵市場-阿貞豆腐店/臺北市文山區保儀路13巷3號1樓54號攤,"[""殺菌劑過氧化氫：陽性（不得檢出）""]",2026-05-03T00:48:46.175674+08:00
2026-05-03T00:48:46.175674+08:00,2023,豆製品(豆干絲),南山,不符合規定,成德市場-佳家用品,成德市場-佳家用品/臺北市南港區同德路100號144號攤,"[""殺菌劑過氧化氫：陽性（不得檢出）""]",2026-05-03T00:48:46.175674+08:00
2026-05-03T00:48:46.175674+08:00,2023,豆製品(豆干),內湖,不符合規定,泰和素食豆干,泰和素食豆干/臺北市內湖區康寧路1段33巷15號,"[""殺菌劑過氧化氫：陽性（不得檢出）""]",2026-05-03T00:48:46.175674+08:00
2026-05-03T00:48:46.175674+08:00,2023,豆製品(豆干絲),大安,不符合規定,裕民便當店(老師傅精緻餐盒),裕民便當店(老師傅精緻餐盒)/臺北市大安區復興南路2段151巷53號1樓,"[""殺菌劑過氧化氫：陽性（不得檢出）""]",2026-05-03T00:48:46.175674+08:00
2026-05-03T00:48:46.175674+08:00,2023,豆製品(豆干絲),松山,不符合規定,尚揚蔬果行,尚揚蔬果行/臺北市松山區南京東路5段291巷30號1樓,"[""殺菌劑過氧化氫：陽性（不得檢出）""]",2026-05-03T00:48:46.175674+08:00
2026-05-03T00:48:46.175674+08:00,2023,豆製品(豆干絲),松山,不符合規定,中崙市場-元味素食,中崙市場-元味素食/臺北市松山區八德路3段76號1號攤,"[""殺菌劑過氧化氫：陽性（不得檢出）""]",2026-05-03T00:48:46.175674+08:00
2026-05-03T00:48:46.175674+08:00,2023,豆製品(豆干),松山,不符合規定,中崙市場-元味素食,中崙市場-元味素食/臺北市松山區八德路3段76號1號攤,"[""殺菌劑過氧化氫：陽性（不得檢出）""]",2026-05-03T00:48:46.175674+08:00
2026-05-03T00:48:46.175674+08:00,2023,豆製品(豆干絲),中山,不符合規定,莊綉華攤,莊綉華攤/臺北市中山區龍江路412巷61號,"[""殺菌劑過氧化氫：陽性（不得檢出）""]",2026-05-03T00:48:46.175674+08:00
2026-05-03T00:48:46.175674+08:00,2023,自製飲品,南山,不符合規定,茄子餐飲事業股份有限公司(茄子咖哩),茄子餐飲事業股份有限公司(茄子咖哩)/臺北市南港區忠孝東路7段369號9樓C棟,"[""初抽：腸桿菌科:"", ""複抽：腸桿菌科:5.7×10^""]",2026-05-03T00:48:46.175674+08:00
2026-05-03T00:48:46.175674+08:00,2023,小葉菜類,士林,不符合規定,道緣小吃店(寶飽煲),道緣小吃店(寶飽煲)/臺北市士林區福壽街3、5、7號1樓,"[""殺菌劑Azoxystrobin亞托敏0.5ppm（標準：0.1ppm以下）"", ""殺菌劑Famoxadone凡殺同0.04ppm（標準：0.01ppm以下）"", ""殺菌劑Flutolanil福多寧2.4ppm（標準：2.0ppm以下）""]",2026-05-03T00:48:46.175674+08:00
2026-05-03T00:48:46.175674+08:00,2023,香辛植物及其他草木本植物,中山,不符合規定,陳O訓(承銷號：2159),陳O訓(承銷號：2159)/臺北市中山區民族東路336號(濱江果菜市場第21-09攤),"[""殺草劑Atrazine草脫淨0.01 ppm（標準：不得檢出）"", ""殺草劑Linuron理有龍0.01 ppm（標準：不得檢出）""]",2026-05-03T00:48:46.175674+08:00
2026-05-03T00:48:46.175674+08:00,2023,根莖菜類,大安,不符合規定,遠東都會股份有限公司復興店(city'super復興店),遠東都會股份有限公司復興店(city'super復興店)/臺北市大安區忠孝東路3段300號B3樓(遠東SOGO),"[""殺蟲劑Fipronil 芬普尼0.007、Fipronil-sulfone芬普尼代謝物0.007 ppm（標準：0.001 ppm以下）""]",2026-05-03T00:48:46.175674+08:00
2026-05-03T00:48:46.175674+08:00,2023,小葉菜類,士林,不符合規定,全國健康素食(士林素食館),全國健康素食(士林素食館)/臺北市士林區中正路281號,"[""殺菌劑Azoxystrobin亞托敏3.8 ppm（標準：1.0 ppm以下）"", ""殺菌劑Dimethomorph達滅芬4.8 ppm（標準：2.5 ppm以下）""]",2026-05-03T00:48:46.175674+08:00
2026-05-03T00:48:46.175674+08:00,2023,果菜類,南港,不符合規定,楊O嵐（臺北農產運銷股份有限公司第一果菜批發市場零批場地號1017,楊O嵐（臺北農產運銷股份有限公司第一果菜批發市場零批場地號1017/臺北市萬華區萬大路533號）,"[""殺菌劑Difenoconazole待克利0.8 ppm（標準：0.5ppm以下）"", ""殺蟲劑Profenophos佈飛松1.1 ppm（標準：1.0 ppm以下）""]",2026-05-03T00:48:46.175674+08:00
2026-05-03T00:48:46.175674+08:00,2023,大漿果類,北投,不符合規定,全聯實業股份有限公司北投吉利分公司,全聯實業股份有限公司北投吉利分公司/臺北市北投區吉利街125號1樓,"[""殺蟲劑Cyromazine賽滅淨0.15 ppm（標準：不得檢出）""]",2026-05-03T00:48:46.175674+08:00
2026-05-03T00:48:46.175674+08:00,2023,豆菜類,內湖,不符合規定,大潤發流通事業股份有限公司南湖分公司(大潤發),大潤發流通事業股份有限公司南湖分公司(大潤發)/臺北市內湖區舊宗路1段188號1至4樓,"[""殺菌劑Diniconazole達克利0.03ppm（標準：不得檢出）""]",2026-05-03T00:48:46.175674+08:00
2026-05-03T00:48:46.175674+08:00,2023,香辛植物及其他草木本植物,大安,不符合規定,果然匯明曜店,果然匯明曜店/臺北市大安區忠孝東路4段200號12樓,"[""殺草劑Atrazine草脫淨0.01 ppm（標準：不得檢出）""]",2026-05-03T00:48:46.175674+08:00
2026-05-03T00:48:46.175674+08:00,2023,小葉菜類,中山,不符合規定,濱江果菜市場第17-08攤（承銷號：2054,濱江果菜市場第17-08攤（承銷號：2054/臺北市中山區民族東路336號）,"[""殺菌劑Pyraclostrobin 百克敏0.32 ppm（標準：0.01 ppm以下）""]",2026-05-03T00:48:46.175674+08:00
2026-05-03T00:48:46.175674+08:00,2023,小葉菜類,南港,不符合規定,22號蔬果園,22號蔬果園/臺北市萬華區西藏路125巷22號1樓,"[""殺蟲劑Fipronil-sulfone芬普尼代謝物0.016 ppm（標準：0.001 ppm以下）""]",2026-05-03T00:48:46.175674+08:00
2026-05-03T00:48:46.175674+08:00,2023,根莖菜類,松山,不符合規定,惠康百貨股份有限公司松山光復分公司(家樂福),惠康百貨股份有限公司松山光復分公司(家樂福)/臺北市松山區光復北路198號,"[""殺蟲劑Clothianidin可尼丁0.11 ppm（標準：0.02 ppm以下）""]",2026-05-03T00:48:46.175674+08:00
2026-05-03T00:48:46.175674+08:00,2023,根莖菜類,中山,不符合規定,阿郎蔬菜產通門市部(濱江果菜市場第20-03攤),阿郎蔬菜產通門市部(濱江果菜市場第20-03攤)/臺北市中山區民族東路336號,"[""殺蟲劑Trichlorfon三氯松0.03ppm（標準：0.01ppm以下）""]",2026-05-03T00:48:46.175674+08:00
2026-05-03T00:48:46.175674+08:00,2023,小葉菜類,中山,不符合規定,濱江果菜市場第21-06號攤（承銷號：2030,濱江果菜市場第21-06號攤（承銷號：2030/臺北市中山區民族東路336號）,"[""殺線蟲劑Oxamyl毆殺滅1.1 ppm（標準：0.5 ppm以下）""]",2026-05-03T00:48:46.175674+08:00
2026-05-03T00:48:46.175674+08:00,2023,豆菜類,信義,不符合規定,唯椿企業股份有限公司(miacucina信義店),唯椿企業股份有限公司(miacucina信義店)/臺北市信義區松壽路11號2樓(新光三越),"[""殺蟲劑Fenvalerate芬化利0.2 ppm（標準：0.1 ppm 以下）""]",2026-05-03T00:48:46.175674+08:00
2026-05-03T00:48:46.175674+08:00,2023,香辛植物及其他草木本植物,大安,不符合規定,遠東都會股份有限公司復興店(city'super復興店),遠東都會股份有限公司復興店(city'super復興店)/臺北市大安區忠孝東路3段300號B3樓(遠東SOGO),"[""殺蟲劑Fenitrothion 撲滅松0.02 ppm（標準：0.01 ppm以下）""]",2026-05-03T00:48:46.175674+08:00
2026-05-03T00:48:46.175674+08:00,2023,果菜類,信義,不符合規定,遠百企業股份有限公司忠孝分公司(愛買忠孝店),遠百企業股份有限公司忠孝分公司(愛買忠孝店)/臺北市信義區忠孝東路5段297號地下1.2.3樓,"[""殺蟎劑Spirodiclofen 賜派芬0.02 ppm（標準：0.01ppm以下）""]",2026-05-03T00:48:46.175674+08:00
2026-05-03T00:48:46.175674+08:00,2023,根莖菜類,北投,不符合規定,全聯實業股份有限公司北投吉利分公司,全聯實業股份有限公司北投吉利分公司/臺北市北投區吉利街125號1樓,"[""殺蟲劑Chlorfenapyr克凡派0.07 ppm（標準：0.05 ppm以下）""]",2026-05-03T00:48:46.175674+08:00
2026-05-03T00:48:46.175674+08:00,2023,小葉菜類,松山,不符合規定,兄弟大飯店股份有限公司(兄弟大飯店),兄弟大飯店股份有限公司(兄弟大飯店)/臺北市松山區南京東路3段255號,"[""殺蟲劑Chlorfenapyr\t克凡派1.""]",2026-05-03T00:48:46.175674+08:00
2026-05-03T00:48:46.175674+08:00,2023,大漿果類,信義,不符合規定,遠百企業股份有限公司忠孝分公司(愛買忠孝店),遠百企業股份有限公司忠孝分公司(愛買忠孝店)/臺北市信義區忠孝東路5段297號地下1.2.3樓,"[""殺蟲劑Triazophos三落松0.6 ppm（標準：0.5 ppm以下）""]",2026-05-03T00:48:46.175674+08:00
2026-05-03T00:48:46.175674+08:00,2023,牛肉,大安,不符合規定,GREEN&SAFE 公館店,GREEN&SAFE 公館店/臺北市大安區羅斯福路3段297號,"[""檢出殘留Ractopamine""]",2026-05-03T00:48:46.175674+08:00
2026-05-03T00:48:46.175674+08:00,2023,蕈菜類,中正,不符合規定,"歐陸食材小舖
(https:","歐陸食材小舖
(https://www.theeupantry.com/)","[""鎘-4mg/kg""]",2026-05-03T00:48:46.175674+08:00
2026-05-03T00:48:46.175674+08:00,2023,包裝,信義,不符合規定,"蝦皮購物-彩虹菇
(https:","蝦皮購物-彩虹菇
(https://shopee.tw/day22882288)","[""鎘-8mg/kg""]",2026-05-03T00:48:46.175674+08:00
2026-05-03T00:48:46.175674+08:00,2023,包裝,信義,不符合規定,"蝦皮購物-豐產香菇行
(https:","蝦皮購物-豐產香菇行
(https://shopee.tw/feng_chan)","[""1.檢驗符合規定2.標示不符規定""]",2026-05-03T00:48:46.175674+08:00
2026-05-03T00:48:46.175674+08:00,2023,蕈菜類,信義,不符合規定,"蝦皮購物-啟陞食品行
(https:","蝦皮購物-啟陞食品行
(https://shopee.tw/an0919566338an)","[""未向中央主管機關申請查驗並申報其產品有關資訊。""]",2026-05-03T00:48:46.175674+08:00
2026-05-03T00:48:46.175674+08:00,2023,包裝,信義,不符合規定,"Pchome24h購物
(https:","Pchome24h購物
(https://24h.pchome.com.tw/)","[""鉛-3.21mg/kg"", ""砷-1.03mg/kg""]",2026-05-03T00:48:46.175674+08:00
2026-05-03T00:48:46.175674+08:00,2023,蟹類,南山,不符合規定,六福開發股份有限公司南港分公司,六福開發股份有限公司南港分公司/臺北市南港區忠孝東路7段359號7樓,"[""鎘：1.3 mg/kg""]",2026-05-03T00:48:46.175674+08:00
2026-05-03T00:48:46.175674+08:00,2023,沙拉,大同,不符合規定,意欽早餐店（早安美芝城圓山捷運概念店）,意欽早餐店（早安美芝城圓山捷運概念店）/臺北市大同區酒泉街22號,"[""營養標示反式脂肪含量為「0.5公克/每100公克」，惟檢出每100公克反式脂肪酸含量0.71公克，依據「包裝食品營養標示應遵行事項」，反式脂肪含量標示值誤差允許範圍為「小於或等於標示值之120%」（經換算為0.6公克/每100公克），案內產品應依實際數值標示。""]",2026-05-03T00:48:46.175674+08:00
2026-05-03T00:48:46.175674+08:00,2023,奶精,松山,不符合規定,弘如小吃店（弘爺漢堡如意店）,弘如小吃店（弘爺漢堡如意店）/臺北市松山區南京東路5段123巷41號,"[""產品包裝標示宣稱「本產品不含反式脂肪酸」，惟檢驗結果檢出每100毫升之飽和脂肪酸含量11.82公克及反式脂肪酸含量0.05公克，每100毫升之液體所含飽和脂肪及反式脂肪合計超過0.75公克，依據「包裝食品營養宣稱應遵行事項」該產品不得宣稱不含反式脂肪。""]",2026-05-03T00:48:46.175674+08:00
2026-05-03T00:48:46.175674+08:00,2023,沙拉,大安,不符合規定,叁拾捌號朝食所,叁拾捌號朝食所/臺北市大安區和平東路2段311巷38號,"[""營養標示反式脂肪含量為「0.11公克/每100公克」，惟檢出每100公克反式脂肪酸含量0.44公克，依據「包裝食品營養標示應遵行事項」，反式脂肪含量標示值誤差允許範圍為「小於或等於標示值之120%」（經換算為0.132公克/每100公克），案內產品應依實際數值標示。""]",2026-05-03T00:48:46.175674+08:00
2026-05-03T00:48:46.175674+08:00,2023,果菜類,內湖,不符合規定,東和蔬果行,東和蔬果行/臺北市內湖區五分街16號1樓,"[""殺菌劑Difenoconazole待克利"", ""1.6ppm（ 標準：0.5ppm以下）"", ""殺蟲劑Imidacloprid益達胺 1.2ppm（標準：0.5ppm以下）殺菌劑Pyraclostrobin百克敏 0.8ppm（標準：0.5ppm以下）""]",2026-05-03T00:48:46.175674+08:00
2026-05-03T00:48:46.175674+08:00,2023,小葉菜類,內湖,不符合規定,東和蔬果行,東和蔬果行/臺北市內湖區五分街16號1樓,"[""殺菌劑Isoprothiolane亞賜圃"", ""0.09 ppm（標準：0.01 ppm以下）"", ""殺菌劑Thifluzamide賽氟滅0.07 ppm（標準：不得檢出）""]",2026-05-03T00:48:46.175674+08:00
2026-05-03T00:48:46.175674+08:00,2023,果菜類,南港,不符合規定,三商家購股份有限公司萬華環河南分公司(美廉社萬華環河南路店),三商家購股份有限公司萬華環河南分公司(美廉社萬華環河南路店)/臺北市萬華區環河南路2段250巷28弄4號1樓,"[""殺菌劑 Pencycuron 賓克隆 0.""]",2026-05-03T00:48:46.175674+08:00
2026-05-03T00:48:46.175674+08:00,2023,小葉菜類,中山,不符合規定,陳O溪(蔬菜承銷號2031),陳O溪(蔬菜承銷號2031)/臺北市第二果菜批發市場/臺北市中山區民族東路336號1樓 18-02號攤,"[""殺菌劑Dimethomorph達滅芬"", ""0.21 ppm（標準：0.01 ppm以下）""]",2026-05-03T00:48:46.175674+08:00
2026-05-03T00:48:46.175674+08:00,2023,根莖菜類,大安,不符合規定,誠果蔬果店,誠果蔬果店/臺北市大安區敦化南路1段233巷65號,"[""殺蟲劑Trichlorfon三氯松 0.06ppm（標準：0.01ppm以下）""]",2026-05-03T00:48:46.175674+08:00
2026-05-03T00:48:46.175674+08:00,2023,根莖菜類,中山,不符合規定,唐龍國際餐飲股份有限公司 (龍軒傳承),唐龍國際餐飲股份有限公司 (龍軒傳承)/臺北市中山區長春路90號2樓,"[""殺蟲劑Clothianidin 可尼丁0.11 ppm（標準：0.02 ppm以下）""]",2026-05-03T00:48:46.175674+08:00
2026-05-03T00:48:46.175674+08:00,2023,根莖菜類,中山,不符合規定,統康生活事業股份有限公司農安二分公司(家樂福超市),統康生活事業股份有限公司農安二分公司(家樂福超市)/臺北市中山區農安街26號、 26-1號,"[""殺蟲劑Dinotefuran 達特南0.21 ppm（標準：0.05 ppm以下）""]",2026-05-03T00:48:46.175674+08:00
2026-05-03T00:48:46.175674+08:00,2023,果菜類,大安,不符合規定,全國食養創作全自助餐復興店,全國食養創作全自助餐復興店/臺北市大安區復興南路2段314號,"[""殺蟲劑Cyazofamid賽座滅0.03 ppm（標準：0.01ppm以下）""]",2026-05-03T00:48:46.175674+08:00
2026-05-03T00:48:46.175674+08:00,2023,小葉菜類,北投,不符合規定,菜攤,菜攤/臺北市北投區西安街1段281巷11號前/自強市場外,"[""殺蟲劑Chlorfenapyr克凡派2.8 ppm（標準：1.0 ppm以下）""]",2026-05-03T00:48:46.175674+08:00
2026-05-03T00:48:46.175674+08:00,2023,瓜果類,中山,不符合規定,森豪蔬果行,森豪蔬果行/臺北市中山區遼寧街257號,"[""殺菌劑Pencycuron賓克隆0.02 ppm（標準：0.01ppm以下）""]",2026-05-03T00:48:46.175674+08:00
2026-05-03T00:48:46.175674+08:00,2023,果菜類,中山,不符合規定,唐龍國際餐飲股份有限公司 (龍軒傳承),唐龍國際餐飲股份有限公司 (龍軒傳承)/臺北市中山區長春路90號2樓,"[""殺蟲劑Flonicamid 氟尼胺0.02 ppm（標準：0.01 ppm以下）""]",2026-05-03T00:48:46.175674+08:00
2026-05-03T00:48:46.175674+08:00,2023,根莖菜類,大安,不符合規定,錢都市民大道店,錢都市民大道店/臺北市大安區市民大道4段196號,"[""殺蟲劑Lufenuron祿芬隆0.02 ppm（標準：0.01 ppm以下）""]",2026-05-03T00:48:46.175674+08:00
2026-05-03T00:48:46.175674+08:00,2023,根莖菜類,士林,不符合規定,好膳企業股份有限公司(PRESERVE．FOR OUR FUTURE),好膳企業股份有限公司(PRESERVE．FOR OUR FUTURE)/臺北市士林區天母東路43巷3號,"[""殺蟲劑Dinotefuran達特南0.06 ppm（標準：0.05 ppm以下）"", ""殺蟲劑Emamectin benzoate因滅汀0.011 ppm（標準：不得檢出）"", ""殺蟲劑Profenophos佈飛松0.48 ppm（標準：0.05 ppm以下）"", ""殺蟲劑Terbufos托福松0.51 ppm（標準：不得檢出）""]",2026-05-03T00:48:46.175674+08:00
2026-05-03T00:48:46.175674+08:00,2023,小葉菜類,士林,不符合規定,好鍋有限公司,好鍋有限公司/臺北市士林區天母西路43號1樓,"[""殺菌劑Boscalid白克列5.6 ppm（標準：4.0 ppm以下）"", ""殺蟲劑Emamectin benzoate因滅汀0.06 ppm（標準：0.05 ppm以下）"", ""殺菌劑Pyraclostrobin百克敏2.2ppm（標準：2.0 ppm以下）""]",2026-05-03T00:48:46.175674+08:00
2026-05-03T00:48:46.175674+08:00,2023,果菜類,南港,不符合規定,呂O越,呂O越/臺北市萬華區萬大路533號中繼蔬菜零批場地號2002,"[""殺菌劑 Difenoconazole待克利1.2 ppm（標準：0.5 ppm以下）"", ""殺蟎劑Fenazaquin芬殺蟎0.4 ppm（標準：0.1ppm以下 ）""]",2026-05-03T00:48:46.175674+08:00
2026-05-03T00:48:46.175674+08:00,2023,小葉菜類,內湖,不符合規定,老李港式扒飯(優米自助餐),老李港式扒飯(優米自助餐)/臺北市內湖區成功路2段325號B1,"[""殺菌劑Fluopyram\t氟派瑞0.""]",2026-05-03T00:48:46.175674+08:00
2026-05-03T00:48:46.175674+08:00,2023,小葉菜類,南港,不符合規定,謝O寶,謝O寶/臺北市萬華區萬大路533號中繼蔬菜零批場地號2004,"[""殺菌劑Fluopyram氟派瑞0.02 ppm（標準：不得檢出）""]",2026-05-03T00:48:46.175674+08:00
2026-05-03T00:48:46.175674+08:00,2023,大漿果類,北投,不符合規定,世界城水果店,世界城水果店/臺北市北投區石牌路1段166巷117號1樓,"[""殺蟲劑Methomyl納乃得0.01 ppm（標準：不得檢出）""]",2026-05-03T00:48:46.175674+08:00
2026-05-03T00:48:46.175674+08:00,2023,根莖菜類,內湖,不符合規定,明德素食園,明德素食園/臺北市內湖區成功路2段325號B1,"[""殺蟎劑Pyridaben畢達本0.01 ppm（標準：不得檢出）""]",2026-05-03T00:48:46.175674+08:00
2026-05-03T00:48:46.175674+08:00,2023,小葉菜類,內湖,不符合規定,三軍總醫院營養部,三軍總醫院營養部/臺北市內湖區成功路2段325號B1,"[""殺蟲劑Indoxacarb因得克0.11 ppm（標準：0.01ppm以下）""]",2026-05-03T00:48:46.175674+08:00
2026-05-03T00:48:46.175674+08:00,2023,香辛植物及其他草木本植物,大同,不符合規定,董O興蔬菜攤,董O興蔬菜攤/臺北市大同區錦西街38巷18號,"[""殺菌劑Hexaconazole菲克利0.03 ppm（標準：0.01 ppm以下）""]",2026-05-03T00:48:46.175674+08:00
2026-05-03T00:48:46.175674+08:00,2023,小葉菜類,中山,不符合規定,全聯實業股份有限公司朱崙分公司,全聯實業股份有限公司朱崙分公司/臺北市中山區龍江路15號1-2樓,"[""殺蟲劑芬普尼代謝物（ Fipronil-sulfone） 0.002ppm（標準：0.001 ppm以下）""]",2026-05-03T00:48:46.175674+08:00
2026-05-03T00:48:46.175674+08:00,2023,小葉菜類,士林,不符合規定,白毫素食天地,白毫素食天地/臺北市士林區天母西路13巷10號1樓,"[""殺草劑Pendimethalin施得圃0.2 ppm（標準：0.1ppm以下）""]",2026-05-03T00:48:46.175674+08:00
2026-05-03T00:48:46.175674+08:00,2023,"非即食
醃漬蔬菜",南港,不符合規定,吟興商行(吟興雜糧行),吟興商行(吟興雜糧行)/臺北市萬華區桂林路74號1樓,"[""檢出二氧化硫0.15g/kg""]",2026-05-03T00:48:46.175674+08:00
2026-05-03T00:48:46.175674+08:00,2023,醃漬水果,士林,不符合規定,哈林水果專賣店,哈林水果專賣店/臺北市士林區士東路100號士東市場80號攤,"[""環己基"", ""糖精0.06g/kg""]",2026-05-03T00:48:46.175674+08:00
2026-05-03T00:48:46.175674+08:00,2023,"非即食
醃漬蔬菜",士林,不符合規定,士東南北雜貨店,士東南北雜貨店/臺北市士林區士東路100號士東市場35號攤,"[""二氧化硫0.19g/kg""]",2026-05-03T00:48:46.175674+08:00
2026-05-03T00:48:46.175674+08:00,2023,酸菜類(屬醃漬蔬菜),中山,不符合規定,臺北市第二果菜批發市場第18-16攤葉爾旺(蔬菜承銷人2154),臺北市第二果菜批發市場第18-16攤葉爾旺(蔬菜承銷人2154)/臺北市中山區民族東路336號/v18-16,"[""苯甲酸 1.2g/kg"", ""二氧化硫 0.35g/kg""]",2026-05-03T00:48:46.175674+08:00
2026-05-03T00:48:46.175674+08:00,2023,醃漬水果,中山,不符合規定,果鮮一品商行,果鮮一品商行/臺北市中山區吉林路176號,"[""環己基"", ""糖精 0.10  g/kg""]",2026-05-03T00:48:46.175674+08:00
2026-05-03T00:48:46.175674+08:00,2023,酸菜類(屬醃漬蔬菜),中山,不符合規定,石家割包(源石石家刈包),石家割包(源石石家刈包)/臺北市中山區中吉里民生東路2段138號1樓,"[""二氧化硫 0.19g/kg""]",2026-05-03T00:48:46.175674+08:00
2026-05-03T00:48:46.175674+08:00,2023,螺獅粉,信義,不符合規定,蝦皮購物-Alita曖莉塔(https:,蝦皮購物-Alita曖莉塔(https://shopee.tw/wuy95304),"[""檢出防腐劑去水醋酸：0.03 g/kg""]",2026-05-03T00:48:46.175674+08:00
2026-05-03T00:48:46.175674+08:00,2023,香辛植物類,信義,不符合規定,興長生蔘藥行,興長生蔘藥行/臺北市信義區吳興街197號,"[""殺蟲劑Acetamiprid亞滅培0.87ppm（標準：0.05ppm以下）"", ""殺蟲劑Carbofuran加保扶0.37ppm（標準：不得檢出）"", ""殺蟲劑Chlorpyrifos陶斯松0.26ppm（標準：0.03ppm以下）"", ""殺蟲劑Clothianidin可尼丁0.06ppm（標準：0.03ppm以下）"", ""殺菌劑Difenoconazole待克利0.10ppm（標準：0.05ppm以下）"", ""殺蟲劑Imidacloprid益達胺0.23ppm（標準：0.05ppm以下）"", ""殺菌劑Pyraclostrobin百克敏0.13ppm（標準：0.05ppm以下）"", ""殺菌劑Tebuconazole得克利0.34ppm（標準：0.05ppm以下）""]",2026-05-03T00:48:46.175674+08:00
2026-05-03T00:48:46.175674+08:00,2023,香辛植物類,南山,不符合規定,康鮮食品股份有限公司,康鮮食品股份有限公司/臺北市南港區重陽路263巷3號4樓,"[""殺蟲劑Acetamiprid亞滅培0.31 ppm（標準：0.05 ppm以下）"", ""殺蟲劑Carbofuran加保扶0.11 ppm（標準：不得檢出）"", ""殺蟲劑Imidacloprid益達胺0.10 ppm（標準：0.05ppm以下）"", ""殺菌劑Tebuconazole得克利0.20ppm（標準：0.05 ppm以下）"", ""產品外包裝標示「嚴選安心產品 合格 敬請民眾安心使用」等字樣，涉易生誤解""]",2026-05-03T00:48:46.175674+08:00
2026-05-03T00:48:46.175674+08:00,2023,香辛植物類,中正,不符合規定,泰生堂參藥行,泰生堂參藥行/臺北市中正區開封街1段100號,"[""殺蟲劑Acetamiprid亞滅培0.18ppm（標準：0.05ppm以下）"", ""殺蟲劑Chlorpyrifos 陶斯松0.05ppm（標準：0.03ppm以下）"", ""殺蟲劑Imidacloprid益達胺0.07ppm（標準：0.05ppm以下）"", ""殺菌劑Tebuconazole 得克利0.06ppm（標準：0.05 ppm以下）"", ""外包裝標示「合格」、「安心使用」等字樣，涉易生誤解""]",2026-05-03T00:48:46.175674+08:00
2026-05-03T00:48:46.175674+08:00,2023,香辛植物類,大同,不符合規定,振農食品行,振農食品行/臺北市大同區迪化街1段283號,"[""殺菌劑Tebuconazole得克利0.06 ppm（標準：0.05ppm以下）""]",2026-05-03T00:48:46.175674+08:00
2026-05-03T00:48:46.175674+08:00,2023,包葉菜類,中山,不符合規定,紀O丞蔬果攤,紀O丞蔬果攤/臺北市中山區民族東路410巷61號,"[""殺蟲劑Cypermethrin賽滅寧1.3ppm（標準:1.0 ppm以下）"", ""殺菌劑Dimethomorph達滅芬2 .8ppm（ 標準： 2 .5ppm以下）"", ""殺蟲劑Dinotefuran達特南7.6ppm（標準：2.0ppm以下）""]",2026-05-03T00:48:46.175674+08:00
2026-05-03T00:48:46.175674+08:00,2023,包葉菜類,內湖,不符合規定,葉O雲,葉O雲/臺北市內湖區康寧路1段26巷1號旁(湖光市場無市招蔬菜攤),"[""殺蟎劑Fenpyroximate芬普蟎0.26ppm（標準：0.01ppm 以下）"", ""殺蟲劑Methoxyfenozide滅芬諾2.06ppm（標準：0.01ppm以下 ）""]",2026-05-03T00:48:46.175674+08:00
2026-05-03T00:48:46.175674+08:00,2023,根莖菜類,內湖,不符合規定,純香食品行,純香食品行/臺北市內湖區南京東路6段330巷18弄15號,"[""殺蟲劑芬普尼""]",2026-05-03T00:48:46.175674+08:00
2026-05-03T00:48:46.175674+08:00,2023,香辛植物類,南港,不符合規定,林O鴦3499,林O鴦3499/臺北市萬華區萬大路533號(第一果菜批發市場零批場地號2215),"[""殺菌劑Pencycuron賓克隆0.15 ppm（標準：0.05 ppm以下）""]",2026-05-03T00:48:46.175674+08:00
2026-05-03T00:48:46.175674+08:00,2023,根莖菜類,大安,不符合規定,台北市農會蔬果舖子,台北市農會蔬果舖子/臺北市大安區復興南路1段340巷旁空地,"[""殺蟲劑Cyhalothrin賽洛寧 0.02 ppm（標準：0.01 ppm以下）""]",2026-05-03T00:48:46.175674+08:00
2026-05-03T00:48:46.175674+08:00,2023,包葉菜類,南港,不符合規定,第一果菜批發市場零批場地號1610,第一果菜批發市場零批場地號1610/臺北市萬華區萬大路533號,"[""殺蟲劑Dinotefuran達特南2.8ppm（標準：2.0ppm以下）""]",2026-05-03T00:48:46.175674+08:00
2026-05-03T00:48:46.175674+08:00,2023,竹笙,中正,不符合規定,顏素眞號（上海火腿公司,顏素眞號（上海火腿公司/臺北市中正區南海路2巷16號1樓）,"[""漂白劑二氧化硫0.99g/kg（標準：0.50g/kg以下）"", ""殺蟲劑Acetamiprid亞滅培0.08ppm（標準：0.05ppm以下）"", ""殺蟲劑Chlorfenapyr克凡派0.14ppm（標準：0.05ppm以下）"", ""殺蟲劑Chlorpyrifos陶斯松0.06ppm（標準：0.03ppm以下）"", ""殺蟲劑Clothianidin可尼丁0.16ppm（標準：0.05ppm以下）"", ""殺菌劑Propiconazole普克利0.12ppm（標準：0.05ppm以下）""]",2026-05-03T00:48:46.175674+08:00
2026-05-03T00:48:46.175674+08:00,2023,竹笙,大安,不符合規定,雅苑粵菜海鮮樓股份有限公司(雅苑粵菜港式飲茶),雅苑粵菜海鮮樓股份有限公司(雅苑粵菜港式飲茶)/臺北市大安區光復南路202號2樓,"[""鎘5mg/kg（標準：2mg/kg以下）"", ""殺蟲劑Chlorpyrifos陶斯松0.18ppm（標準：0.03ppm以下）"", ""殺蟲劑Clothianidin可尼丁0.19pm（標準：0.05ppm以下）""]",2026-05-03T00:48:46.175674+08:00
2026-05-03T00:48:46.175674+08:00,2023,竹笙,內湖,不符合規定,京老滿餐飲股份有限公司(餡老滿),京老滿餐飲股份有限公司(餡老滿)/臺北市內湖區成功路4段188號2樓,"[""殺蟲劑Fipronil芬普尼0.012ppm（標準：0.002ppm以下）"", ""殺蟲劑Propoxur安丹2.56ppm（標準：0.05ppm以下）""]",2026-05-03T00:48:46.175674+08:00
2026-05-03T00:48:46.175674+08:00,2023,木耳,信義,不符合規定,興長生蔘藥行,興長生蔘藥行/臺北市信義區吳興街197號,"[""生長調節劑Chlormequat 克美素0.32 ppm（標準：不得檢出）""]",2026-05-03T00:48:46.175674+08:00
2026-05-03T00:48:46.175674+08:00,2023,木耳,內湖,不符合規定,萬年興商行,萬年興商行/臺北市內湖區內湖路3段107號1樓,"[""生長調節劑Chlormequat 克美素0.08ppm（標準：不得檢出）""]",2026-05-03T00:48:46.175674+08:00
2026-05-03T00:48:46.175674+08:00,2023,蕈菜類,士林,不符合規定,東杰商行,東杰商行/臺北市士林區社中街33巷4號,"[""殺蟲劑Chlorpyrifos\t陶斯松0."", ""殺蟲劑Fipronil\t芬普尼0.068ppm、Fipronil-sulfone芬普尼代謝物0.""]",2026-05-03T00:48:46.175674+08:00
2026-05-03T00:48:46.175674+08:00,2023,蕈菜類,內湖,不符合規定,萬年興商行,萬年興商行/臺北市內湖區內湖路3段107號1樓,"[""生長調節劑Chlormequat 克美素0.33ppm（標準：不得檢出）""]",2026-05-03T00:48:46.175674+08:00
2026-05-03T00:48:46.175674+08:00,2023,豆乾類,大同,不符合規定,八玖食小食樂趣,八玖食小食樂趣/臺北市大同區迪化街1段21號永樂市場1019攤,"[""防腐劑己二烯酸4.7g/kg（標準：2.0g/kg以下），且該產品為包裝食品，惟未依相關規定標示""]",2026-05-03T00:48:46.175674+08:00
2026-05-03T00:48:46.175674+08:00,2023,豆乾類,南港,不符合規定,正祥食品行(黃日香豆干台北總店),正祥食品行(黃日香豆干台北總店)/臺北市萬華區中華路2段66號1樓/實際抽驗地為64號,"[""防腐劑己二烯酸2.2 g/kg（標準：2.0g/kg以下）""]",2026-05-03T00:48:46.175674+08:00
2026-05-03T00:48:46.175674+08:00,2023,水產及其加工品,內湖,不符合規定,麗庭莊園有限公司88號樂章婚宴會館,麗庭莊園有限公司88號樂章婚宴會館/臺北市內湖區民善街88號5樓,"[""檢出漂白劑二氧化硫0.05g/kg，惟外包裝成份未標示""]",2026-05-03T00:48:46.175674+08:00
2026-05-03T00:48:46.175674+08:00,2024,柑桔類,中山,不符合規定,旺旺水果行(龍江水果行),旺旺水果行(龍江水果行)/臺北市中山區龍江路189號,"[""殺蟲劑Chlorpyrifos\t陶斯松0."", ""殺菌劑Famoxadone\t凡殺同0."", ""殺蟲劑Fenvalerate\t芬化利2.""]",2026-05-03T00:48:46.175674+08:00
2026-05-03T00:48:46.175674+08:00,2024,小葉菜類,中山,不符合規定,龍來餐飲有限公司(儂來美食),龍來餐飲有限公司(儂來美食)/臺北市中山區民生東路2段147巷11弄2-1號,"[""殺菌劑Boscalid\t白克列21."", ""殺菌劑Procymidone\t撲滅寧10.""]",2026-05-03T00:48:46.175674+08:00
2026-05-03T00:48:46.175674+08:00,2024,小漿果類,大安,不符合規定,一級鮮果商行,一級鮮果商行/臺北市大安區仁愛路4段408號,"[""殺蟲劑Methomyl\t納乃得3."", ""殺菌劑Pyraclostrobin\t百克敏1.""]",2026-05-03T00:48:46.175674+08:00
2026-05-03T00:48:46.175674+08:00,2024,包葉菜類,松山,不符合規定,無市招菜攤(陳O宏),無市招菜攤(陳O宏)/臺北市松山區八德路3段74巷3弄22號,"[""殺蟲劑Cypermethrin\t賽滅寧1."", ""殺蟲劑Dinotefuran\t達特南4.""]",2026-05-03T00:48:46.175674+08:00
2026-05-03T00:48:46.175674+08:00,2024,小漿果類,松山,不符合規定,微風超市股份有限公司(Breeze Super),微風超市股份有限公司(Breeze Super)/臺北市松山區南京東路3段337號2樓,"[""殺蟲劑Flonicamid\t氟尼胺0.""]",2026-05-03T00:48:46.175674+08:00
2026-05-03T00:48:46.175674+08:00,2024,包葉菜類,士林,不符合規定,全聯實業股份有限公司天母天玉分公司,全聯實業股份有限公司天母天玉分公司/臺北市士林區天母西路3號地下,"[""殺蟲劑Pyriproxyfen\t百利普芬0.""]",2026-05-03T00:48:46.175674+08:00
2026-05-03T00:48:46.175674+08:00,2024,包葉菜類,中山,不符合規定,臺北市第二果菜批發市場18-09號攤,臺北市第二果菜批發市場18-09號攤/臺北市中山區民族東路336號,"[""殺菌劑Flutolanil\t福多寧0.""]",2026-05-03T00:48:46.175674+08:00
2026-05-03T00:48:46.175674+08:00,2024,小漿果類,南山,不符合規定,阿一蔬果有限公司,阿一蔬果有限公司/臺北市南港區忠孝東路6段85號,"[""殺蟲劑Flonicamid\t氟尼胺0.""]",2026-05-03T00:48:46.175674+08:00
2026-05-03T00:48:46.175674+08:00,2024,小漿果類,中正,不符合規定,梅林水果行,梅林水果行/臺北市中正區開封街1段81、83號1樓,"[""殺蟲劑Flonicamid\t氟尼胺0.""]",2026-05-03T00:48:46.175674+08:00
2026-05-03T00:48:46.175674+08:00,2024,小葉菜類,松山,不符合規定,天香,天香/臺北市松山區八德路3段76號中崙市場第24號攤,"[""殺蟲劑Emamectin benzoate\t因滅汀0.""]",2026-05-03T00:48:46.175674+08:00
2026-05-03T00:48:46.175674+08:00,2024,小葉菜類,南港,不符合規定,林O省(蔬菜承銷人3067),林O省(蔬菜承銷人3067)/臺北市萬華區萬大路533號(第一果菜批發市場地號1610),"[""殺菌劑Difenoconazole\t待克利2.""]",2026-05-03T00:48:46.175674+08:00
2026-05-03T00:48:46.175674+08:00,2024,小葉菜類,士林,不符合規定,錢儷小吃店(錢都日式涮涮鍋),錢儷小吃店(錢都日式涮涮鍋)/臺北市士林區福國路71號1樓,"[""殺菌劑Chlorothalonil四氯異苯腈4.""]",2026-05-03T00:48:46.175674+08:00
2026-05-03T00:48:46.175674+08:00,2024,小葉菜類,大安,不符合規定,三商家購股份有限公司大安樂業門市(美廉社),三商家購股份有限公司大安樂業門市(美廉社)/臺北市大安區樂業街141號,"[""殺菌劑Chlorothalonil\t四氯異苯腈3.""]",2026-05-03T00:48:46.175674+08:00
2026-05-03T00:48:46.175674+08:00,2024,小葉菜類,中正,不符合規定,鼎王國際餐飲股份有限公司無老台北中華分公司(無老鍋西門町店),鼎王國際餐飲股份有限公司無老台北中華分公司(無老鍋西門町店)/臺北市中正區中華路1段55號2樓,"[""殺蟲劑Tolfenpyrad\t脫芬瑞0.""]",2026-05-03T00:48:46.175674+08:00
2026-05-03T00:48:46.175674+08:00,2024,小漿果類,中山,不符合規定,旺旺水果行（龍江水果行）,旺旺水果行（龍江水果行）/臺北市中山區龍江路189號,"[""殺菌劑Fludioxonil\t護汰寧2.""]",2026-05-03T00:48:46.175674+08:00
2026-05-03T00:48:46.175674+08:00,2024,包裝,信義,不符合規定,"家樂福線上購物
(https:","家樂福線上購物
(https://online.carrefour.com.tw/)","[""克美素-0.""]",2026-05-03T00:48:46.175674+08:00
2026-05-03T00:48:46.175674+08:00,2024,包裝,信義,不符合規定,"Pchome24h購物
(https:","Pchome24h購物
(https://24h.pchome.com.tw/)","[""1.蘇丹三號-"", ""2.克美素-0.""]",2026-05-03T00:48:46.175674+08:00
2026-05-03T00:48:46.175674+08:00,2024,包裝,大同,不符合規定,"momo購物網
(https:","momo購物網
(https://www.momoshop.com.tw/main/Main.jsp)","[""1.二、四地"", ""2.克美素-0.""]",2026-05-03T00:48:46.175674+08:00
2026-05-03T00:48:46.175674+08:00,2024,包裝,信義,不符合規定,"蝦皮購物-紀宸商行-南北貨批發
(https:","蝦皮購物-紀宸商行-南北貨批發
(https://shopee.tw/jichenhang)","[""1.蘇丹三號-"", ""2.克美素-0.""]",2026-05-03T00:48:46.175674+08:00
2026-05-03T00:48:46.175674+08:00,2024,包裝,信義,不符合規定,"蝦皮購物-泰菲印越2.0
(https:","蝦皮購物-泰菲印越2.0
(https://shopee.tw/tfiv2.0)","[""1.蘇丹三號-"", ""2.克美素-0.""]",2026-05-03T00:48:46.175674+08:00
2026-05-03T00:48:46.175674+08:00,2024,包裝,文山,不符合規定,遠百企業股份有限公司景美分公司,遠百企業股份有限公司景美分公司/臺北市文山區景中街30巷12號1.2樓,"[""克美素-0.""]",2026-05-03T00:48:46.175674+08:00
2026-05-03T00:48:46.175674+08:00,2024,豆乾類,信義,不符合規定,阿泓潤餅,阿泓潤餅/臺北市信義區吳興街189號,"[""苯甲酸1.25g/kg""]",2026-05-03T00:48:46.175674+08:00
2026-05-03T00:48:46.175674+08:00,2024,花生粉,內湖,不符合規定,豪棧小吃店,豪棧小吃店/臺北市內湖區內湖路1段285巷59弄1號,"[""總黃麴毒素30.8ug/kg""]",2026-05-03T00:48:46.175674+08:00
2026-05-03T00:48:46.175674+08:00,2024,豆乾類,內湖,不符合規定,麗山市場第70攤,麗山市場第70攤/臺北市內湖區內湖路1段737巷50弄6號	,"[""苯甲酸1.3g/kg""]",2026-05-03T00:48:46.175674+08:00
2026-05-03T00:48:46.175674+08:00,2024,雞肉,松山,不符合規定,新東南海鮮餐廳松山館,新東南海鮮餐廳松山館/臺北市松山區八德路4段656號1樓、2樓,"[""三甲氧芐氨嘧啶"", ""（標準：0.05ppm）""]",2026-05-03T00:48:46.175674+08:00
2026-05-03T00:48:46.175674+08:00,2024,雞肉,松山,不符合規定,武昌市場-無市招攤販,武昌市場-無市招攤販/臺北市松山區南京東路5段59巷27弄27號,"[""三甲氧芐氨嘧啶"", ""（標準：0.05ppm）""]",2026-05-03T00:48:46.175674+08:00
2026-05-03T00:48:46.175674+08:00,2024,雞肉,南港,不符合規定,環南市場家禽區-健業生鮮肉品(13號攤),環南市場家禽區-健業生鮮肉品(13號攤)/臺北市萬華區環河南路二段245號 - 家禽區13號攤,"[""三甲氧芐氨嘧啶"", ""（標準：0.05ppm）""]",2026-05-03T00:48:46.175674+08:00
2026-05-03T00:48:46.175674+08:00,2024,雞肉,中正,不符合規定,南門市場-光揚家禽畜產(7.8號攤),南門市場-光揚家禽畜產(7.8號攤)/臺北市中正區羅斯福路一段8號B103-06,"[""脫氧羥四環黴素"", ""（標準：0.3 ppm）""]",2026-05-03T00:48:46.175674+08:00
2026-05-03T00:48:46.175674+08:00,2024,雞肉,信義,不符合規定,永春市場65號攤-專售花東的雞,永春市場65號攤-專售花東的雞/臺北市信義區松山路294號,"[""脫氧羥四環黴素"", ""（標準：0.3 ppm）""]",2026-05-03T00:48:46.175674+08:00
2026-05-03T00:48:46.175674+08:00,2024,雞蛋,南港,不符合規定,三商家購股份有限公司(美廉社萬華雙園店),三商家購股份有限公司(美廉社萬華雙園店)/臺北市萬華區雙園街13號1樓,"[""乃卡巴精"", ""0.""]",2026-05-03T00:48:46.175674+08:00
2026-05-03T00:48:46.175674+08:00,2024,雞蛋,中山,不符合規定,有利蛋行,有利蛋行/臺北市中山區新生北路3段11巷49號,"[""甲磺氯黴素"", ""0."", ""氟滅菌"", ""0.""]",2026-05-03T00:48:46.175674+08:00
2026-05-03T00:48:46.175674+08:00,2024,葡萄籽油,信義,不符合規定,微風超市股份有限公司(Breeze Super),微風超市股份有限公司(Breeze Super)/臺北市信義區松智路17號B1F,"[""檢出反式脂肪酸甲基酯""]",2026-05-03T00:48:46.175674+08:00
2026-05-03T00:48:46.175674+08:00,2024,花草茶,大同,不符合規定,湘帝蔘茸有限公司,湘帝蔘茸有限公司/臺北市大同區迪化街1段58號1樓	,"[""殺蟲劑Acetamiprid\t亞滅培"", ""0.""]",2026-05-03T00:48:46.175674+08:00
2026-05-03T00:48:46.175674+08:00,2024,花草茶,中山,不符合規定,閤家生活開發有限公司民權店(8% ice CAFÉ),閤家生活開發有限公司民權店(8% ice CAFÉ)/臺北市中山區民權東路1段79號1樓,"[""殺菌劑Carbendazim\t貝芬替"", ""0."", ""殺蟲劑Cypermethrin\t賽滅寧"", ""0."", ""殺蟲劑Fipronil\t芬普尼"", ""0."", ""殺蟲劑Imidacloprid\t益達胺"", ""0."", ""殺菌劑Isoprothiolane\t亞賜圃"", ""0.""]",2026-05-03T00:48:46.175674+08:00
2026-05-03T00:48:46.175674+08:00,2024,花草茶,北投,不符合規定,牙口義大利麵館,牙口義大利麵館/臺北市北投區大興街9巷45號,"[""殺蟲劑Phosalone裕必松"", ""0.19 pm（標準：不得檢出）""]",2026-05-03T00:48:46.175674+08:00
2026-05-03T00:48:46.175674+08:00,2024,花草茶,大安,不符合規定,棋軒實業有限公司(棋美點心屋),棋軒實業有限公司(棋美點心屋)/臺北市大安區復興南路2段292號,"[""殺蟲劑Cypermethrin\t賽滅寧"", ""0.""]",2026-05-03T00:48:46.175674+08:00
2026-05-03T00:48:46.175674+08:00,2024,花草茶,內湖,不符合規定,運立國際有限公司,運立國際有限公司/臺北市內湖區基湖路35巷16號4樓,"[""殺蟲劑Cypermethrin\t賽滅寧"", ""0."", ""殺蟲劑Deltamethrin\t第滅寧"", ""0."", ""殺菌劑Tebuconazole\t得克利"", ""0.""]",2026-05-03T00:48:46.175674+08:00
2026-05-03T00:48:46.175674+08:00,2024,花草茶,南港,不符合規定,燒杯咖啡餐坊(燒杯咖啡藝廚),燒杯咖啡餐坊(燒杯咖啡藝廚)/臺北市萬華區西園路1段240號1樓,"[""殺蟲劑Omethoate\t歐滅松"", ""0.""]",2026-05-03T00:48:46.175674+08:00
2026-05-03T00:48:46.175674+08:00,2024,花草茶,南港,不符合規定,象泰泰手工泰式奶茶店(象泰泰),象泰泰手工泰式奶茶店(象泰泰)/臺北市萬華區武昌街2段100號1樓,"[""殺蟲劑Bifenthrin\t畢芬寧"", ""0."", ""殺蟲劑Cypermethrin\t賽滅寧"", ""0."", ""殺蟲劑Fipronil\t芬普尼"", ""0."", ""殺蟲劑Triazophos\t三落松"", ""0.""]",2026-05-03T00:48:46.175674+08:00
2026-05-03T00:48:46.175674+08:00,2024,花草茶,中正,不符合規定,非凡品樂有限公司(HERITAGE),非凡品樂有限公司(HERITAGE)/臺北市中正區漢口街1段73之2號1樓,"[""殺菌劑Triadimenol\t三泰隆"", ""0.""]",2026-05-03T00:48:46.175674+08:00
2026-05-03T00:48:46.175674+08:00,2024,花草茶,松山,不符合規定,伍五伍商行(泰讚了thai like tea市民店),伍五伍商行(泰讚了thai like tea市民店)/臺北市松山區市民大道5段37號,"[""殺蟲劑Cypermethrin\t賽滅寧0.""]",2026-05-03T00:48:46.175674+08:00
2026-05-03T00:48:46.175674+08:00,2024,小漿果類,信義,不符合規定,食代嚴選（https:,食代嚴選（https://www.fresh2you.tw）,"[""殺蟲劑Bifenthrin\t畢芬寧1."", ""殺菌劑Carbendazim\t貝芬替0."", ""殺蟲劑Chlorfenapyr\t克凡派0."", ""殺菌劑Difenoconazole\t待克利0."", ""殺菌劑Dimethomorph\t達滅芬0."", ""殺蟲劑Dinotefuran\t達特南0."", ""殺蟲劑Fenvalerate\t芬化利0."", ""殺蟲劑Flubendiamide\t氟大滅0."", ""殺菌劑Fluopicolide\t氟比來0."", ""殺蟲劑Methomyl\t納乃得10."", ""殺線蟲劑Oxamyl\t毆殺滅0."", ""殺菌劑Procymidone\t撲滅寧0."", ""殺蟲劑Profenophos\t佈飛松0."", ""殺菌劑Propamocarb hydrochloride\t普拔克0."", ""殺菌劑Pyraclostrobin\t百克敏0."", ""殺蟲劑Pyriproxyfen\t百利普芬0."", ""殺蟎劑Spirotetramat\t賜派滅0."", ""殺菌劑Thiabendazole\t腐絕0."", ""殺蟲劑Thiodicarb\t硫敵克0.""]",2026-05-03T00:48:46.175674+08:00
2026-05-03T00:48:46.175674+08:00,2024,香辛植物及其他草木本植物,信義,不符合規定,食代嚴選（https:,食代嚴選（https://www.fresh2you.tw）,"[""殺草劑Ametryn\t草殺淨0."", ""殺蟲劑Carbofuran\t加保扶0."", ""殺蟲劑Chlorpyrifos\t陶斯松0."", ""殺蟲劑Fenitrothion\t撲滅松0."", ""殺菌劑Hexaconazole\t菲克利0."", ""殺草劑Oxadiazon\t樂滅草0."", ""殺草劑Pendimethalin\t施得圃0."", ""殺蟲劑Phorate\t福瑞松0."", ""殺草劑Thiobencarb\t殺丹0.""]",2026-05-03T00:48:46.175674+08:00
2026-05-03T00:48:46.175674+08:00,2024,香辛植物及其他草木本植物,南港,不符合規定,3446何O獅,3446何O獅/臺北市萬華區萬大路533號地號930,"[""殺蟲劑Acetamiprid\t亞滅培0."", ""殺菌劑Dimethomorph\t達滅芬0."", ""殺蟲劑Dinotefuran\t達特南0."", ""殺蟲劑Methomyl\t納乃得2."", ""殺菌劑Pyraclostrobin\t百克敏0."", ""殺蟲劑Thiodicarb\t硫敵克0.""]",2026-05-03T00:48:46.175674+08:00
2026-05-03T00:48:46.175674+08:00,2024,香辛植物及其他草木本植物,中山,不符合規定,陳O明（臺北市中山區民族東路410巷55號門口前,陳O明（臺北市中山區民族東路410巷55號門口前/榮濱市場路邊攤）,"[""殺菌劑Dimethomorph\t達滅芬0."", ""殺菌劑Propamocarb hydrochloride\t普拔克0."", ""殺蟲劑Terbufos\t托福松0.""]",2026-05-03T00:48:46.175674+08:00
2026-05-03T00:48:46.175674+08:00,2024,香辛植物及其他草木本植物,信義,不符合規定,食代嚴選（https:,食代嚴選（https://www.fresh2you.tw）,"[""殺菌劑Carbendazim\t貝芬替0."", ""殺蟲劑Chlorfenapyr\t克凡派0."", ""殺蟲劑Dinotefuran\t達特南0.""]",2026-05-03T00:48:46.175674+08:00
2026-05-03T00:48:46.175674+08:00,2024,豆菜類,士林,不符合規定,天寶小吃店(全國健康素食),天寶小吃店(全國健康素食)/臺北市士林區天母西路32號,"[""殺蟎劑Formetanate\t覆滅蟎0."", ""殺蟲劑Thiamethoxam\t賽速安0.""]",2026-05-03T00:48:46.175674+08:00
2026-05-03T00:48:46.175674+08:00,2024,小葉菜類,信義,不符合規定,大地美饌有限公司(KiKi餐廳),大地美饌有限公司(KiKi餐廳)/臺北市信義區松壽路12號6樓,"[""殺菌劑Cyproconazole\t環克座0."", ""殺蟎劑Spirodiclofen\t賜派芬0.""]",2026-05-03T00:48:46.175674+08:00
2026-05-03T00:48:46.175674+08:00,2024,根莖菜類,中山,不符合規定,吳O玲,吳O玲/臺北市中山區民族東路410巷2弄10號前榮濱市場路邊攤	,"[""殺蟲劑Dinotefuran\t達特南0."", ""殺蟲劑Malathion\t馬拉松0.""]",2026-05-03T00:48:46.175674+08:00
2026-05-03T00:48:46.175674+08:00,2024,小漿果類,信義,不符合規定,新鮮屋（https:,新鮮屋（https://www.fresco.casa）,"[""殺蟎劑Acrinathrin 阿納寧0.01 ppm（標準：不得檢出）""]",2026-05-03T00:48:46.175674+08:00
2026-05-03T00:48:46.175674+08:00,2024,小葉菜類,士林,不符合規定,天寶小吃店(全國健康素食),天寶小吃店(全國健康素食)/臺北市士林區天母西路32號,"[""殺蟲劑Chlorpyrifos\t陶斯松0.""]",2026-05-03T00:48:46.175674+08:00
2026-05-03T00:48:46.175674+08:00,2024,小葉菜類,信義,不符合規定,無市招菜攤（邵O祥,無市招菜攤（邵O祥/臺北市信義區虎林街122號）,"[""殺蟎劑Spirodiclofen\t賜派芬0.""]",2026-05-03T00:48:46.175674+08:00
2026-05-03T00:48:46.175674+08:00,2024,包葉菜類,南港,不符合規定,3232林O梅,3232林O梅/臺北市萬華區萬大路533號地號216,"[""殺蟲劑Emamectin benzoate\t因滅汀0.""]",2026-05-03T00:48:46.175674+08:00
2026-05-03T00:48:46.175674+08:00,2024,小葉菜類,南港,不符合規定,3576陳O利,3576陳O利/臺北市萬華區萬大路533號地號327,"[""殺草劑Oxadiazon\t樂滅草0.""]",2026-05-03T00:48:46.175674+08:00
2026-05-03T00:48:46.175674+08:00,2024,小葉菜類,信義,不符合規定,無市招菜攤(邵O祥),無市招菜攤(邵O祥)/臺北市信義區虎林街122號,"[""殺蟲劑Diflubenzuron二福隆2.4 ppm（標準：1.0 ppm以下）""]",2026-05-03T00:48:46.175674+08:00
2026-05-03T00:48:46.175674+08:00,2024,小葉菜類,士林,不符合規定,欣盛小吃店(晴光精緻自助餐),欣盛小吃店(晴光精緻自助餐)/臺北市士林區中正路363號,"[""殺菌劑Azoxystrobin\t亞托敏1."", ""殺蟲劑Chlorpyrifos\t陶斯松0."", ""殺菌劑Cyazofamid\t賽座滅0."", ""殺草劑Oxadiazon\t樂滅草0.""]",2026-05-03T00:48:46.175674+08:00
2026-05-03T00:48:46.175674+08:00,2024,小葉菜類,大安,不符合規定,全國食養創作全自助餐復興店(全國素食精緻全自助餐),全國食養創作全自助餐復興店(全國素食精緻全自助餐)/臺北市大安區復興南路2段314號,"[""殺蟲劑Chlorpyrifos陶斯松0."", ""殺菌劑Cyazofamid\t賽座滅0."", ""殺蟲劑Imidacloprid\t益達胺1.""]",2026-05-03T00:48:46.175674+08:00
2026-05-03T00:48:46.175674+08:00,2024,小葉菜類,南港,不符合規定,第一果菜批發市場王黃O彫,第一果菜批發市場王黃O彫/臺北市萬華區萬大路533號地號410,"[""殺蟲劑3-羥基加保扶"", ""殺蟎劑Spirodiclofen\t賜派芬0."", ""殺蟲劑\tTolfenpyrad\t脫芬瑞0.""]",2026-05-03T00:48:46.175674+08:00
2026-05-03T00:48:46.175674+08:00,2024,小葉菜類,中正,不符合規定,祥和小吃店(祥和蔬食精緻料理),祥和小吃店(祥和蔬食精緻料理)/臺北市中正區鎮江街1巷1號,"[""殺草劑Ametryn草殺淨0.06ppm（ 標準： 不得檢出）"", ""殺菌劑Propamocarb hydrochloride普拔克13.9ppm（標準：10.0ppm以下）""]",2026-05-03T00:48:46.175674+08:00
2026-05-03T00:48:46.175674+08:00,2024,果菜類,松山,不符合規定,佰芸蔬菜行,佰芸蔬菜行/臺北市松山區八德路3段74巷3弄18號,"[""殺蟲劑Buprofezin布芬淨0.02ppm（標準：不得檢出）"", ""殺菌劑Pyraclostrobin百克敏0.8ppm（標準：0.5ppm以下）""]",2026-05-03T00:48:46.175674+08:00
2026-05-03T00:48:46.175674+08:00,2024,小葉菜類,大安,不符合規定,川妹子小吃店,川妹子小吃店/臺北市大安區光復南路240巷52號,"[""殺蟲劑3-酮基加保扶（ 3-keto Carbofuran） 0.04ppm、3-羥基加保扶（ 3-OH Carbofuran）0.54ppm、加保扶（Carbofuran）1.06ppm、丁基加保扶（Carbosulfan）0.20ppm（標準：0.5ppm以下）"", ""殺蟎劑Spirodiclofen賜派芬0.11ppm（標準：0.01ppm以下）""]",2026-05-03T00:48:46.175674+08:00
2026-05-03T00:48:46.175674+08:00,2024,小葉菜類,北投,不符合規定,丁O江蔬果行,丁O江蔬果行/臺北市北投區清江路35號,"[""殺菌劑Fluxapyroxad\t氟克殺0.""]",2026-05-03T00:48:46.175674+08:00
2026-05-03T00:48:46.175674+08:00,2024,根莖菜類,中山,不符合規定,陳O溪(第二果菜批發市場23-12號攤),陳O溪(第二果菜批發市場23-12號攤)/臺北市中山區民族東路336號1樓,"[""殺蟲劑Fipronil芬普尼0.006ppm、Fipronilsulfone芬普尼代謝物0.013ppm（標準：0.001ppm以下）""]",2026-05-03T00:48:46.175674+08:00
2026-05-03T00:48:46.175674+08:00,2024,小葉菜類,松山,不符合規定,全國食養創作全自助餐,全國食養創作全自助餐/臺北市松山區南京東路5段123巷31號,"[""殺菌劑Azoxystrobin亞托敏5.4ppm（標準：1.0ppm以下）""]",2026-05-03T00:48:46.175674+08:00
2026-05-03T00:48:46.175674+08:00,2024,小葉菜類,士林,不符合規定,瓦城泰統股份有限公司天母SOGO店(非常泰),瓦城泰統股份有限公司天母SOGO店(非常泰)/臺北市士林區中正路6段77號8樓,"[""殺蟲劑Fipronil-sulfone芬普尼代謝物0.004ppm（標準：0.001ppm以下）""]",2026-05-03T00:48:46.175674+08:00
2026-05-03T00:48:46.175674+08:00,2024,小葉菜類,中山,不符合規定,高O松,高O松/臺北市中山區民族東路336號1樓第二果菜批發市場11-08號攤,"[""殺蟎劑\tSpirodiclofen\t賜派芬0.""]",2026-05-03T00:48:46.175674+08:00
2026-05-03T00:48:46.175674+08:00,2024,小葉菜類,中山,不符合規定,陳O宏(第二果菜批發市場23-11號攤,陳O宏(第二果菜批發市場23-11號攤/臺北市中山區民族東路336號）,"[""殺蟲劑3-keto Carbofuran3-酮基加保扶0.02ppm、3-O H C arbofuran3-羥基加保扶0.22ppm 、Carbofuran加保扶0.51ppm、Carbosulfan丁基加保扶0.05ppm（標準：0.5ppm以下）""]",2026-05-03T00:48:46.175674+08:00
2026-05-03T00:48:46.175674+08:00,2024,果菜類,大安,不符合規定,全國食養創作全自助餐復興店(全國素食精緻全自助餐),全國食養創作全自助餐復興店(全國素食精緻全自助餐)/臺北市大安區復興南路2段314號,"[""殺蟲劑Chlorfenapyr\t克凡派0.""]",2026-05-03T00:48:46.175674+08:00
2026-05-03T00:48:46.175674+08:00,2024,糕粿類製品,松山,不符合規定,田中湯圓,田中湯圓/臺北市松山區南京東路5段291巷10號,"[""苯甲酸：2.9g/kg"", ""（標準：1.0g/kg）""]",2026-05-03T00:48:46.175674+08:00
2026-05-03T00:48:46.175674+08:00,2024,小葉菜類,信義,不符合規定,欣葉台菜信義新天地A9館,欣葉台菜信義新天地A9館/臺北市信義區松壽路9號8樓,"[""殺菌劑Mandipropamid\t曼普胺0."", ""殺菌劑Oxathiapiprolin\t歐西比0.""]",2026-05-03T00:48:46.175674+08:00
2026-05-03T00:48:46.175674+08:00,2024,小葉菜類,南港,不符合規定,第一果菜批發市場地號433,第一果菜批發市場地號433/臺北市萬華區萬大路533號,"[""殺草劑Ametryn\t草殺淨0."", ""殺菌劑Dimethomorph\t達滅芬2.""]",2026-05-03T00:48:46.175674+08:00
2026-05-03T00:48:46.175674+08:00,2024,根莖菜類,士林,不符合規定,上禾食堂(潮味決湯滷專門店士林中正店),上禾食堂(潮味決湯滷專門店士林中正店)/臺北市士林區中正路358號,"[""殺蟲劑Thiamethoxam\t賽速安0."", ""殺蟲劑Trichlorfon\t三氯松0.""]",2026-05-03T00:48:46.175674+08:00
2026-05-03T00:48:46.175674+08:00,2024,梨果類,中山,不符合規定,協豐水果行,協豐水果行/臺北市中山區民族東路336號6-08攤,"[""殺菌劑Mefentrifluconazole\t滅芬座0.""]",2026-05-03T00:48:46.175674+08:00
2026-05-03T00:48:46.175674+08:00,2024,大漿果類,南山,不符合規定,菓之鄉水果專賣店,菓之鄉水果專賣店/臺北市南港區同德路60號,"[""殺蟎劑Bifenazate\t必芬蟎0.""]",2026-05-03T00:48:46.175674+08:00
2026-05-03T00:48:46.175674+08:00,2024,小葉菜類,內湖,不符合規定,幸福品味實業股份有限公司(美福食集),幸福品味實業股份有限公司(美福食集)/臺北市內湖區民善街128號,"[""殺蟎劑Fenbutatin-oxide\t芬佈賜0.""]",2026-05-03T00:48:46.175674+08:00
2026-05-03T00:48:46.175674+08:00,2024,大漿果類,中山,不符合規定,鼎皇麻辣火鍋店(天外天麻辣火鍋),鼎皇麻辣火鍋店(天外天麻辣火鍋)/臺北市中山區民權東路2段1號,"[""殺蟲劑Cyromazine\t賽滅淨0.""]",2026-05-03T00:48:46.175674+08:00
2026-05-03T00:48:46.175674+08:00,2024,小葉菜類,南山,不符合規定,嘉年華小吃店,嘉年華小吃店/臺北市南港區同德路72號1樓,"[""殺菌劑Fenoxanil\t芬諾尼0.""]",2026-05-03T00:48:46.175674+08:00
2026-05-03T00:48:46.175674+08:00,2024,小葉菜類,南港,不符合規定,田心蔬果(田進和),田心蔬果(田進和)/臺北市萬華區環河南路2段245號環南綜合市場蔬菜攤250號攤,"[""殺菌劑Cyprodinil\t賽普洛0.""]",2026-05-03T00:48:46.175674+08:00
2026-05-03T00:48:46.175674+08:00,2024,小葉菜類,內湖,不符合規定,幸福品味實業股份有限公司(美福食集),幸福品味實業股份有限公司(美福食集)/臺北市內湖區民善街128號,"[""殺菌劑Pyraclostrobin\t百克敏0.""]",2026-05-03T00:48:46.175674+08:00
2026-05-03T00:48:46.175674+08:00,2024,根莖菜類,信義,不符合規定,微風超市股份有限公司(微風超市南山店,微風超市股份有限公司(微風超市南山店/Breeze Super)/臺北市信義區松智路17號B1,"[""殺蟲劑Dinotefuran\t達特南0.""]",2026-05-03T00:48:46.175674+08:00
2026-05-03T00:48:46.175674+08:00,2024,小葉菜類,中山,不符合規定,蔬菜攤,蔬菜攤/臺北市中山區龍江路179巷15之5號,"[""殺蟲劑Pyriproxyfen\t百利普芬0.""]",2026-05-03T00:48:46.175674+08:00
2026-05-03T00:48:46.175674+08:00,2024,蟹類,南山,不符合規定,六福開發股份有限公司南港分公司,六福開發股份有限公司南港分公司/臺北市南港區忠孝東路7段359號7樓,"[""鎘：0.6mg/kg""]",2026-05-03T00:48:46.175674+08:00
2026-05-03T00:48:46.175674+08:00,2024,養殖魚類,中正,不符合規定,李碧綺號(南門鮮魚號),李碧綺號(南門鮮魚號)/臺北市中正區羅斯福路1路8號(南門市場B1-47),"[""還原型結晶紫（leucocrystal violet, LCV） 0.6 ppb（標準"", ""：不得檢出）""]",2026-05-03T00:48:46.175674+08:00
2026-05-03T00:48:46.175674+08:00,2024,辣椒粉,士林,不符合規定,民友商行（民友超級商店）,民友商行（民友超級商店）/臺北市士林區中正路586巷20號,"[""二‧四地（2,4-D）:0."", ""（標準:0.05ppm）""]",2026-05-03T00:48:46.175674+08:00
2026-05-03T00:48:46.175674+08:00,2024,塑膠類,北投,不符合規定,一加一五金行,一加一五金行/臺北市北投區中央南路1段154號,"[""本體未以印刷、打印或壓印方式標示耐熱溫度。""]",2026-05-03T00:48:46.175674+08:00
2026-05-03T00:48:46.175674+08:00,2024,塑膠類,南港,不符合規定,嘉政國際有限公司,嘉政國際有限公司/臺北市萬華區環河南路1段181-6、181-7號1樓,"[""1.未標示淨重、容量或數量。"", ""2.未標示湯匙耐熱溫度。""]",2026-05-03T00:48:46.175674+08:00
2026-05-03T00:48:46.175674+08:00,2024,飲料,中正,不符合規定,甯臻恩飲料店(黑丸嫩仙草古亭店),甯臻恩飲料店(黑丸嫩仙草古亭店)/臺北市中正區同安街65號,"[""腸桿菌科：1.6x10^3 CFU/mL""]",2026-05-03T00:48:46.175674+08:00
2026-05-03T00:48:46.175674+08:00,2024,飲料,內湖,不符合規定,珍煮丹股份有限公司內湖江南分公司,珍煮丹股份有限公司內湖江南分公司/臺北市內湖區江南街108號1樓,"[""腸桿菌科：18 CFU/mL""]",2026-05-03T00:48:46.175674+08:00
2026-05-03T00:48:46.175674+08:00,2024,配料,中山,不符合規定,崑成商行(酷加飲品),崑成商行(酷加飲品)/臺北市中山區龍江路342巷23號,"[""己二烯酸：0.33g/kg""]",2026-05-03T00:48:46.175674+08:00
2026-05-03T00:48:46.175674+08:00,2024,飲料,大安,不符合規定,沐鑫國際餐飲有限公司(烈奶茶忠孝復興店),沐鑫國際餐飲有限公司(烈奶茶忠孝復興店)/臺北市大安區復興南路1段133號,"[""腸桿菌科：4.6x10^4 CFU/mL""]",2026-05-03T00:48:46.175674+08:00
2026-05-03T00:48:46.175674+08:00,2024,冰品,南港,不符合規定,杏玥冰坊,杏玥冰坊/臺北市萬華區寶興街129號1樓,"[""腸桿菌科：2.6x10^3 CFU/g""]",2026-05-03T00:48:46.175674+08:00
2026-05-03T00:48:46.175674+08:00,2024,冰品,松山,不符合規定,橫濱牛排南京微風店,橫濱牛排南京微風店/臺北市松山區南京東路3段337號3樓,"[""腸桿菌科：5.4x10^2 CFU/g""]",2026-05-03T00:48:46.175674+08:00
2026-05-03T00:48:46.175674+08:00,2024,飲料,文山,不符合規定,馬祖奶茶(文山木新店),馬祖奶茶(文山木新店)/臺北市文山區木新路3段33號,"[""腸桿菌科：1.7x10^4 CFU/mL""]",2026-05-03T00:48:46.175674+08:00
2026-05-03T00:48:46.175674+08:00,2024,冰品,內湖,不符合規定,Journey Kaffe覺旅咖啡-陽光分公司,Journey Kaffe覺旅咖啡-陽光分公司/臺北市內湖區陽光街321巷42號,"[""腸桿菌科：3.2x10^2 CFU/g""]",2026-05-03T00:48:46.175674+08:00
2026-05-03T00:48:46.175674+08:00,2024,豆菜類,中正,不符合規定,果粉水果行(果粉水果超市汀州店),果粉水果行(果粉水果超市汀州店)/臺北市中正區汀州路2段335號,"[""殺菌劑Bupirimate\t布瑞莫0."", ""殺菌劑Prochloraz\t撲克拉0."", ""殺蟲劑Pyriproxyfen\t百利普芬0."", ""殺蟲劑Spinetoram\t賜諾特0."", ""殺蟲劑Tolfenpyrad\t脫芬瑞0.""]",2026-05-03T00:48:46.175674+08:00
2026-05-03T00:48:46.175674+08:00,2024,豆菜類,士林,不符合規定,詠鑽蔬果專賣店(新天地蔬果量販店),詠鑽蔬果專賣店(新天地蔬果量販店)/臺北市士林區美崙街18號1樓,"[""殺菌劑Diniconazole\t達克利0."", ""殺線蟲劑Fosthiazate\t福賽絕0."", ""殺蟲劑Thiamethoxam\t賽速安0.""]",2026-05-03T00:48:46.175674+08:00
2026-05-03T00:48:46.175674+08:00,2024,核果類,中正,不符合規定,果粉水果行(果粉水果超市汀州店),果粉水果行(果粉水果超市汀州店)/臺北市中正區汀州路2段335號,"[""殺蟲劑Chlorpyrifos陶斯松1."", ""殺蟲劑Fenvalerate\t芬化利1."", ""殺蟲劑Permethrin\t百滅寧0.""]",2026-05-03T00:48:46.175674+08:00
2026-05-03T00:48:46.175674+08:00,2024,小葉菜類,南港,不符合規定,臺北市萬華區萬大路533號第一果菜批發市場地號137,臺北市萬華區萬大路533號第一果菜批發市場地號137,"[""殺蟲劑Acetamiprid\t亞滅培0."", ""殺蟎劑Hexythiazox\t合賽多0."", ""殺蟎劑Spirodiclofen\t賜派芬0.""]",2026-05-03T00:48:46.175674+08:00
2026-05-03T00:48:46.175674+08:00,2024,小葉菜類,大安,不符合規定,太平洋崇光百貨股份有限公司(Fresh Mart忠孝店),太平洋崇光百貨股份有限公司(Fresh Mart忠孝店)/臺北市大安區忠孝東路4段45號B2,"[""殺蟲劑3-OH Carbofuran 3-羥基加保扶0.13ppm、Carbofuran加保扶0."", ""殺蟲劑Etofenprox\t依芬寧0.""]",2026-05-03T00:48:46.175674+08:00
2026-05-03T00:48:46.175674+08:00,2024,小葉菜類,南港,不符合規定,臺北市萬華區萬大路533號第一果菜批發市場地號1314,臺北市萬華區萬大路533號第一果菜批發市場地號1314,"[""殺菌劑Iprobenfos\t丙基喜樂松0."", ""殺菌劑Tricyclazole\t三賽唑0.""]",2026-05-03T00:48:46.175674+08:00
2026-05-03T00:48:46.175674+08:00,2024,香辛植物及其他草木本植物,大安,不符合規定,双喜臨門水果行(双囍臨門水果行),双喜臨門水果行(双囍臨門水果行)/臺北市大安區和平東路3段228巷35號,"[""殺菌劑Dimethomorph\t達滅芬0."", ""殺菌劑Flutolanil\t福多寧0.""]",2026-05-03T00:48:46.175674+08:00
2026-05-03T00:48:46.175674+08:00,2024,香辛植物及其他草木本植物,中山,不符合規定,國賓大飯店股份有限公司遼寧營業所(國賓大飯店股份有限公司中餐廳),國賓大飯店股份有限公司遼寧營業所(國賓大飯店股份有限公司中餐廳)/臺北市中山區遼寧街177號,"[""殺菌劑Isoprothiolane\t亞賜圃0."", ""殺蟲劑Phenthoate\t賽達松0.""]",2026-05-03T00:48:46.175674+08:00
2026-05-03T00:48:46.175674+08:00,2024,蕈菜類,信義,不符合規定,信遠國際開發股份有限公司,信遠國際開發股份有限公司/臺北市信義區松仁路58號14樓,"[""殺蟲劑Chlorpyrifos陶斯松0.""]",2026-05-03T00:48:46.175674+08:00
2026-05-03T00:48:46.175674+08:00,2024,小葉菜類,大安,不符合規定,双喜臨門水果行(双囍臨門水果行),双喜臨門水果行(双囍臨門水果行)/臺北市大安區和平東路3段228巷35號,"[""殺菌劑Pydiflumetofen\t派滅芬0.""]",2026-05-03T00:48:46.175674+08:00
2026-05-03T00:48:46.175674+08:00,2024,豆菜類,士林,不符合規定,翡翠綠水果專賣店,翡翠綠水果專賣店/臺北市士林區美崙街14號1樓,"[""殺蟲劑Thiamethoxam\t賽速安0.""]",2026-05-03T00:48:46.175674+08:00
2026-05-03T00:48:46.175674+08:00,2024,核果類,松山,不符合規定,水果行,水果行/臺北市松山區南京東路5段291巷3之2號前,"[""殺菌劑Dimethomorph\t達滅芬0.""]",2026-05-03T00:48:46.175674+08:00
2026-05-03T00:48:46.175674+08:00,2024,核果類,內湖,不符合規定,幸福品味實業股份有限公司(美福食集),幸福品味實業股份有限公司(美福食集)/臺北市內湖區民善街128號,"[""殺蟲劑Phosmet\t益滅松0.""]",2026-05-03T00:48:46.175674+08:00
2026-05-03T00:48:46.175674+08:00,2024,大漿果類,士林,不符合規定,無市招水果攤,無市招水果攤/臺北市士林區社中街12號對面,"[""殺蟲劑Fenvalerate\t芬化利0.""]",2026-05-03T00:48:46.175674+08:00
2026-05-03T00:48:46.175674+08:00,2024,小葉菜類,大安,不符合規定,双喜臨門水果行(双囍臨門水果行),双喜臨門水果行(双囍臨門水果行)/臺北市大安區和平東路3段228巷35號,"[""殺菌劑Iprobenfos\t丙基喜樂松0.""]",2026-05-03T00:48:46.175674+08:00
2026-05-03T00:48:46.175674+08:00,2024,核果類,大安,不符合規定,太平洋崇光百貨股份有限公司(Fresh Mart忠孝店),太平洋崇光百貨股份有限公司(Fresh Mart忠孝店)/臺北市大安區忠孝東路4段45號B2,"[""殺菌劑Difenoconazole\t待克利1.""]",2026-05-03T00:48:46.175674+08:00
2026-05-03T00:48:46.175674+08:00,2024,包裝,信義,不符合規定,"pchome24h購物網
(https:","pchome24h購物網
(https://24h.pchome.com.tw/)","[""砷:0.35 mg/kg""]",2026-05-03T00:48:46.175674+08:00
2026-05-03T00:48:46.175674+08:00,2024,核果類,信義,不符合規定,"放心初蔬果網
(https:","放心初蔬果網
(https://funthingtrue.com.tw/)","[""百滅寧:0.""]",2026-05-03T00:48:46.175674+08:00
2026-05-03T00:48:46.175674+08:00,2024,大漿果類,信義,不符合規定,"放心初蔬果網
(https:","放心初蔬果網
(https://funthingtrue.com.tw/)","[""撲滅寧:0.""]",2026-05-03T00:48:46.175674+08:00
2026-05-03T00:48:46.175674+08:00,2024,根莖菜類,信義,不符合規定,"蝦皮購物-好食代 冷凍食品批發小舖
(https:","蝦皮購物-好食代 冷凍食品批發小舖
(https://shopee.tw/lin24190902)","[""鎘:0.24 mg/kg"", ""扶吉胺:0.""]",2026-05-03T00:48:46.175674+08:00
2026-05-03T00:48:46.175674+08:00,2024,根莖菜類,信義,不符合規定,"蝦皮購物-sutinglin
(https:","蝦皮購物-sutinglin
(https://shopee.tw/sutinglin)","[""鎘:0.17 mg/kg"", ""扶吉胺:0.""]",2026-05-03T00:48:46.175674+08:00
2026-05-03T00:48:46.175674+08:00,2024,根莖菜類,信義,不符合規定,"蝦皮購物-HomeBar泓吧嚴選新鮮蔬果
(https:","蝦皮購物-HomeBar泓吧嚴選新鮮蔬果
(https://shopee.tw/jacck2668)","[""鎘:0.53 mg/kg"", ""扶吉胺:1.""]",2026-05-03T00:48:46.175674+08:00
2026-05-03T00:48:46.175674+08:00,2024,奶蛋素,北投,不符合規定,阿玉素食(北投中繼市場133號攤),阿玉素食(北投中繼市場133號攤)/臺北市北投區磺港路33號,"[""1.動物性成分陽性、動物性成分陽性"", ""2.植物性成分陽性、五辛""]",2026-05-03T00:48:46.175674+08:00
2026-05-03T00:48:46.175674+08:00,2024,奶蛋素,松山,不符合規定,張阿姨蔬食,張阿姨蔬食/臺北市松山區八德路4段673巷6號,"[""1.動物性成分陽性、動物性成分陽性"", ""2.植物性成分陽性、五辛""]",2026-05-03T00:48:46.175674+08:00
2026-05-03T00:48:46.175674+08:00,2024,核果類,中山,不符合規定,果鮮一品商行(果鮮蔬果超市),果鮮一品商行(果鮮蔬果超市)/臺北市中山區吉林路176號,"[""殺蟲劑Deltamethrin 第滅寧1."", ""殺菌劑Difenoconazole 待克利3.""]",2026-05-03T00:48:46.175674+08:00
2026-05-03T00:48:46.175674+08:00,2024,核果類,中山,不符合規定,臺北市中山區民族東路410巷2弄18-20號前(五常市場),臺北市中山區民族東路410巷2弄18-20號前(五常市場),"[""殺蟲劑Deltamethrin 第滅寧1."", ""殺菌劑Pyraclostrobin 百克敏0.""]",2026-05-03T00:48:46.175674+08:00
2026-05-03T00:48:46.175674+08:00,2024,核果類,南港,不符合規定,我家蔬果園,我家蔬果園/臺北市萬華區中華路2段416巷56號,"[""殺菌劑Difenoconazole 待克利1."", ""殺蟎劑Spirodiclofen 賜派芬0.""]",2026-05-03T00:48:46.175674+08:00
2026-05-03T00:48:46.175674+08:00,2024,大漿果類,信義,不符合規定,辣十九國際開發股份有限公司(馬辣頂級鴛鴦鍋信義店),辣十九國際開發股份有限公司(馬辣頂級鴛鴦鍋信義店)/臺北市信義區松壽路22號3樓,"[""殺蟲劑Cyromazine 賽滅淨0.""]",2026-05-03T00:48:46.175674+08:00
2026-05-03T00:48:46.175674+08:00,2024,大漿果類,南港,不符合規定,上奕商行(INDEX),上奕商行(INDEX)/臺北市萬華區國興路32號,"[""生長調節劑Gibberellic acid 勃激素A3 0.""]",2026-05-03T00:48:46.175674+08:00
2026-05-03T00:48:46.175674+08:00,2024,小葉菜類,中山,不符合規定,粒粒鮮股份有限公司(粒粒鮮),粒粒鮮股份有限公司(粒粒鮮)/臺北市中山區吉林路146號146之1號,"[""殺草劑Ametryn 草殺淨0.""]",2026-05-03T00:48:46.175674+08:00
2026-05-03T00:48:46.175674+08:00,2024,小葉菜類,士林,不符合規定,豪光回田實業有限公司(回田蔬苑),豪光回田實業有限公司(回田蔬苑)/臺北市士林區中正路357號1樓,"[""殺蟲劑Spinetoram 賜諾特0.""]",2026-05-03T00:48:46.175674+08:00
2026-05-03T00:48:46.175674+08:00,2024,香辛植物及其他草木本植物,士林,不符合規定,璞園餐飲事業有限公司(台南海鮮會館),璞園餐飲事業有限公司(台南海鮮會館)/臺北市士林區基河路130號地下一層,"[""殺菌劑Pencycuron 賓克隆0.""]",2026-05-03T00:48:46.175674+08:00
2026-05-03T00:48:46.175674+08:00,2024,根莖菜類,南港,不符合規定,臺北市萬華區環河南路2段245號蔬菜攤0068號,臺北市萬華區環河南路2段245號蔬菜攤0068號,"[""殺蟲劑Clothianidin 可尼丁0.""]",2026-05-03T00:48:46.175674+08:00
2026-05-03T00:48:46.175674+08:00,2024,小葉菜類,中山,不符合規定,臺北市中山區民族東路410巷2弄20號前,臺北市中山區民族東路410巷2弄20號前,"[""殺草劑Oxadiazon 樂滅草0.""]",2026-05-03T00:48:46.175674+08:00
2026-05-03T00:48:46.175674+08:00,2024,核果類,松山,不符合規定,明欣鮮果專賣店,明欣鮮果專賣店/臺北市松山區南京東路5段123巷27號1樓,"[""殺蟲劑Cyhalothrin 賽洛寧1.""]",2026-05-03T00:48:46.175674+08:00
2026-05-03T00:48:46.175674+08:00,2024,小葉菜類,南港,不符合規定,臺北市萬華區環河南路2段245號蔬菜攤0032號,臺北市萬華區環河南路2段245號蔬菜攤0032號,"[""殺菌劑Dimethomorph 達滅芬4.""]",2026-05-03T00:48:46.175674+08:00
2026-05-03T00:48:46.175674+08:00,2024,飲料,松山,不符合規定,厚鋪牛排館(人从众厚切牛排),厚鋪牛排館(人从众厚切牛排)/臺北市松山區光復北路146號1樓,"[""腸桿菌科：5.4x10^3 CFU/mL""]",2026-05-03T00:48:46.175674+08:00
2026-05-03T00:48:46.175674+08:00,2024,冰品,中山,不符合規定,總柴日式氷菓專賣(CEO ICE CREAM),總柴日式氷菓專賣(CEO ICE CREAM)/臺北市中山區中山北路2段26巷18號,"[""腸桿菌科：40 CFU/g""]",2026-05-03T00:48:46.175674+08:00
2026-05-03T00:48:46.175674+08:00,2024,冰品,大同,不符合規定,冰讚飲食店,冰讚飲食店/臺北市大同區雙連街2號1樓,"[""腸桿菌科：2.0x10^3 CFU/g""]",2026-05-03T00:48:46.175674+08:00
2026-05-03T00:48:46.175674+08:00,2024,冰品,中正,不符合規定,金霖企業社(甘蔗媽媽),金霖企業社(甘蔗媽媽)/臺北市中正區信陽街5之1號,"[""腸桿菌科：2.1x10^3 CFU/mL""]",2026-05-03T00:48:46.175674+08:00
2026-05-03T00:48:46.175674+08:00,2024,冰品,南港,不符合規定,喜客冰品店(冰封仙果),喜客冰品店(冰封仙果)/臺北市萬華區中華路1段114巷18號1樓,"[""腸桿菌科：30 CFU/g""]",2026-05-03T00:48:46.175674+08:00
2026-05-03T00:48:46.175674+08:00,2024,冰品,大同,不符合規定,森昱食品有限公司(夏樹甜品),森昱食品有限公司(夏樹甜品)/臺北市大同區迪化街1段240號,"[""腸桿菌科：3.2x10^2 CFU/g""]",2026-05-03T00:48:46.175674+08:00
2026-05-03T00:48:46.175674+08:00,2024,冰品,士林,不符合規定,廣安階,廣安階/臺北市士林區中山北路6段77號8樓,"[""腸桿菌科：88 CFU/mL""]",2026-05-03T00:48:46.175674+08:00
2026-05-03T00:48:46.175674+08:00,2024,冰品,內湖,不符合規定,金探吉事業有限公司(荖子鍋),金探吉事業有限公司(荖子鍋)/臺北市內湖區民善街88號,"[""腸桿菌科：1.5x10^3 CFU/g""]",2026-05-03T00:48:46.175674+08:00
2026-05-03T00:48:46.175674+08:00,2024,飲料,中正,不符合規定,水龍堂(大苑子),水龍堂(大苑子)/臺北市中正區南昌路1段80號,"[""腸桿菌科：70 CFU/mL""]",2026-05-03T00:48:46.175674+08:00
2026-05-03T00:48:46.175674+08:00,2024,膠囊錠狀食品,信義,不符合規定,吳興春天藥局,吳興春天藥局/臺北市信義區吳興街137號1樓,"[""DINP:""]",2026-05-03T00:48:46.175674+08:00
2026-05-03T00:48:46.175674+08:00,2024,膠囊錠狀食品,松山,不符合規定,啄木鳥藥師藥局八德店,啄木鳥藥師藥局八德店/臺北市松山區八德路4段211號,"[""DBP:6.""]",2026-05-03T00:48:46.175674+08:00
2026-05-03T00:48:46.175674+08:00,2024,乾豆類,北投,不符合規定,鴻璂雜糧行,鴻璂雜糧行/臺北市北投區中央南路1段163號1樓,"[""賽速安"", ""磷化氫""]",2026-05-03T00:48:46.175674+08:00
2026-05-03T00:48:46.175674+08:00,2024,乾豆類,內湖,不符合規定,利民雜糧行,利民雜糧行/臺北市內湖區內湖路2段300號,"[""賽果培""]",2026-05-03T00:48:46.175674+08:00
2026-05-03T00:48:46.175674+08:00,2024,乾豆類,大同,不符合規定,永利食品有限公司,永利食品有限公司/臺北市大同區迪化街1段143號,"[""芬普尼"", ""賽速安""]",2026-05-03T00:48:46.175674+08:00
2026-05-03T00:48:46.175674+08:00,2024,烤肉用蔬菜,中山,不符合規定,雙連市場來于蔬菜35號攤,雙連市場來于蔬菜35號攤/臺北市中山區民生西路45巷,"[""Indoxacarb因得克 0.""]",2026-05-03T00:48:46.175674+08:00
2026-05-03T00:48:46.175674+08:00,2024,中秋月餅,北投,不符合規定,米泉食品行(米哥烘焙坊),米泉食品行(米哥烘焙坊)/臺北市北投區光明路158號1樓,"[""己二烯酸 1.0g/kg""]",2026-05-03T00:48:46.175674+08:00
2026-05-03T00:48:46.175674+08:00,2024,中秋月餅,中山,不符合規定,金橞食品股份有限公司,金橞食品股份有限公司/臺北市中山區松江路297巷5號1樓,[],2026-05-03T00:48:46.175674+08:00
2026-05-03T00:48:46.175674+08:00,2024,中秋月餅,中山,不符合規定,金橞食品股份有限公司,金橞食品股份有限公司/臺北市中山區松江路297巷5號1樓,[],2026-05-03T00:48:46.175674+08:00
2026-05-03T00:48:46.175674+08:00,2024,中秋月餅,中山,不符合規定,金橞食品股份有限公司,金橞食品股份有限公司/臺北市中山區松江路297巷5號1樓,[],2026-05-03T00:48:46.175674+08:00
2026-05-03T00:48:46.175674+08:00,2024,中秋月餅,中山,不符合規定,慧上癮,慧上癮/臺北市中山區建國北路2段226巷42號,"[""未標示原產地（國）、有效日期標示單獨黏貼未依規定印刷於外包裝上。""]",2026-05-03T00:48:46.175674+08:00
2026-05-03T00:48:46.175674+08:00,2024,中秋月餅,中山,不符合規定,慧上癮,慧上癮/臺北市中山區建國北路2段226巷42號,"[""未標示有效日期。""]",2026-05-03T00:48:46.175674+08:00
2026-05-03T00:48:46.175674+08:00,2024,小葉菜類,南港,不符合規定,宜新蔬果行,宜新蔬果行/臺北市萬華區富民路155巷49之3號1樓,"[""殺蟲劑Abamectin 阿巴汀0."", ""殺蟲劑Chlorfenapyr 克凡派1."", ""殺蟲劑Cyantraniliprole 賽安勃0."", ""殺蟲劑Fipronil 芬普尼0.210ppm、Fipronil-sulfone芬普尼代謝物0."", ""殺蟲劑Pyriproxyfen 百利普芬1."", ""殺蟲劑Tolfenpyrad 脫芬瑞0.""]",2026-05-03T00:48:46.175674+08:00
2026-05-03T00:48:46.175674+08:00,2024,根莖菜類,大同,不符合規定,霸王川菜餐廳股份有限公司,霸王川菜餐廳股份有限公司/臺北市大同區長安西路287號1-2樓,"[""殺蟲劑Clothianidin 可尼丁0."", ""殺蟲劑Dichlorvos二氯松0."", ""殺蟲劑Trichlorfon 三氯松0.""]",2026-05-03T00:48:46.175674+08:00
2026-05-03T00:48:46.175674+08:00,2024,小葉菜類,南山,不符合規定,為福樓餐廳有限公司,為福樓餐廳有限公司/臺北市南港區忠孝東路5段996號1樓,"[""殺蟲劑Chlorfenapyr 克凡派2."", ""殺蟲劑Indoxacarb 因得克2."", ""殺菌劑Pyraclostrobin 百克敏2.""]",2026-05-03T00:48:46.175674+08:00
2026-05-03T00:48:46.175674+08:00,2024,果菜類,大安,不符合規定,復興小吃店(全國食養創作全自助餐復興店),復興小吃店(全國食養創作全自助餐復興店)/臺北市大安區復興南路2段314號,"[""殺菌劑Difenoconazole 待克利1."", ""殺菌劑Zoxamide 座賽胺0.""]",2026-05-03T00:48:46.175674+08:00
2026-05-03T00:48:46.175674+08:00,2024,小葉菜類,大安,不符合規定,優市大安店, 優市大安店/臺北市大安區敦化南路2段11巷38弄15號,"[""殺菌劑Dimethomorph 達滅芬2."", ""殺蟲劑Indoxacarb 因得克0.""]",2026-05-03T00:48:46.175674+08:00
2026-05-03T00:48:46.175674+08:00,2024,大漿果類,大同,不符合規定,無名水果攤,無名水果攤/臺北市大同區長安西路218之1號旁,"[""殺蟲劑Cyromazine 賽滅淨0.""]",2026-05-03T00:48:46.175674+08:00
2026-05-03T00:48:46.175674+08:00,2024,根莖菜類,中山,不符合規定,統康生活事業股份有限公司美麗華分公司(Mia C'bon MARKET),統康生活事業股份有限公司美麗華分公司(Mia C'bon MARKET)/臺北市中山區敬業三路20號地下1樓之1,"[""殺線蟲劑Fosthiazate 福賽絕0.""]",2026-05-03T00:48:46.175674+08:00
2026-05-03T00:48:46.175674+08:00,2024,豆菜類,大安,不符合規定,秋香蔬菜商行,秋香蔬菜商行/臺北市大安區臨江街29-1號,"[""殺草劑Ametryn 草殺淨0.""]",2026-05-03T00:48:46.175674+08:00
2026-05-03T00:48:46.175674+08:00,2024,大漿果類,南港,不符合規定,日鮮蔬果專賣店,日鮮蔬果專賣店/臺北市萬華區貴陽街2段137號,"[""殺蟎劑Fenbutatin-oxide 芬佈賜0.""]",2026-05-03T00:48:46.175674+08:00
2026-05-03T00:48:46.175674+08:00,2024,小葉菜類,中山,不符合規定,臺北市第二果菜批發市場蔬菜零批場21-08號攤,臺北市第二果菜批發市場蔬菜零批場21-08號攤/臺北市中山區民族東路336號,"[""殺草劑Thiobencarb 殺丹0.""]",2026-05-03T00:48:46.175674+08:00
2026-05-03T00:48:46.175674+08:00,2024,果菜類,南山,不符合規定,為福樓餐廳有限公司,為福樓餐廳有限公司/臺北市南港區忠孝東路5段996號1樓,"[""殺蟲劑Flonicamid 氟尼胺0.""]",2026-05-03T00:48:46.175674+08:00
2026-05-03T00:48:46.175674+08:00,2024,根莖菜類,大安,不符合規定,優市大安店, 優市大安店/臺北市大安區敦化南路2段11巷38弄15號,"[""殺蟲劑Thiamethoxam 賽速安0.""]",2026-05-03T00:48:46.175674+08:00
2026-05-03T00:48:46.175674+08:00,2024,根莖菜類,北投,不符合規定,順豐蔬果行,順豐蔬果行/臺北市北投區清江路22號,"[""殺蟲劑Thiamethoxam 賽速安0.""]",2026-05-03T00:48:46.175674+08:00
2026-05-03T00:48:46.175674+08:00,2024,菊花,松山,不符合規定,心元蔘藥行,心元蔘藥行/臺北市松山區南京東路5段291巷20弄6號,"[""1.殺蟲劑Cypermethrin賽滅寧0.14ppm（標準：0.03ppm以下）、殺草劑Pendimethalin施得圃0.07ppm（ 標準： 0.05ppm 以下）、殺菌劑Pydiflumetofen派滅芬0.10ppm（標準：不得檢出）"", ""2.產品外包裝標示「檢驗合格」字樣及附有農藥殘留檢驗合格之檢驗報告，標示不實且易生誤解""]",2026-05-03T00:48:46.175674+08:00
2026-05-03T00:48:46.175674+08:00,2024,菊花,大同,不符合規定,利隆貿易有限公司(利隆行),利隆貿易有限公司(利隆行)/臺北市大同區迪化街1段46巷18弄6號,"[""1.殺蟲劑Chlorfenapyr\t克凡派11."", ""2.產品內附有未檢出農藥殘留之檢驗報告與外包裝標示「安心使用」字樣，標示不實且易生誤解""]",2026-05-03T00:48:46.175674+08:00
2026-05-03T00:48:46.175674+08:00,2024,白木耳,大同,不符合規定,迪隆蔘藥行,迪隆蔘藥行/臺北市大同區歸綏街220號1樓,"[""生長調節劑Chlormequat\t克美素0.""]",2026-05-03T00:48:46.175674+08:00
2026-05-03T00:48:46.175674+08:00,2024,菊花,北投,不符合規定,慶峰參藥行,慶峰參藥行/臺北市北投區懷德街6-6號,"[""1.殺蟲劑Acetamiprid亞滅培3.9ppm（標準：2.0ppm以下）"", ""2.產品外包裝標示「天然生機」字樣及產品內附有未檢出農藥殘留之檢驗報告，標示不實且易生誤解""]",2026-05-03T00:48:46.175674+08:00
2026-05-03T00:48:46.175674+08:00,2024,香辛植物及其他草木本植物,南港,不符合規定,全興蔬菜行,全興蔬菜行/臺北市萬華區環河南路2段245號環南市場33號攤,"[""殺菌劑Dimethomorph 達滅芬0."", ""殺菌劑Diniconazole 達克利0."", ""殺菌劑Fluopicolide 氟比來0."", ""殺菌劑Flusilazole 護矽得0."", ""殺菌劑Prochloraz 撲克拉0."", ""殺草劑Prometryn 佈滅淨0."", ""殺菌劑Propiconazole 普克利4."", ""殺菌劑Pydiflumetofen 派滅芬0."", ""殺蟲劑Thiamethoxam 賽速安0.""]",2026-05-03T00:48:46.175674+08:00
2026-05-03T00:48:46.175674+08:00,2024,香辛植物及其他草木本植物,大安,不符合規定,遠東都會股份有限公司復興店（city super復興店）,遠東都會股份有限公司復興店（city super復興店）/臺北市大安區忠孝東路3段300號B3樓,"[""殺菌劑Dimethomorph 達滅芬0."", ""殺菌劑Diniconazole 達克利0."", ""殺菌劑Fluopicolide 氟比來0."", ""殺菌劑Flusilazole 護矽得0."", ""殺菌劑Prochloraz 撲克拉0."", ""殺菌劑Procymidone 撲滅寧0."", ""殺菌劑Propiconazole 普克利1."", ""殺菌劑Pydiflumetofen 派滅芬0."", ""殺蟲劑Thiamethoxam 賽速安0.""]",2026-05-03T00:48:46.175674+08:00
2026-05-03T00:48:46.175674+08:00,2024,小葉菜類,士林,不符合規定,無市招菜攤(李O立),無市招菜攤(李O立)/臺北市士林區文林路101巷26號前攤販,"[""殺蟲劑Chlorfenapyr 克凡派1."", ""殺蟲劑Cyantraniliprole 賽安勃0."", ""殺蟲劑Fipronil 芬普尼0.237ppm、Fipronil-sulfone芬普尼代謝物0."", ""殺蟲劑Pyriproxyfen 百利普芬0.""]",2026-05-03T00:48:46.175674+08:00
2026-05-03T00:48:46.175674+08:00,2024,小葉菜類,中山,不符合規定,第二果菜批發市場第23-13號攤(張O淳),第二果菜批發市場第23-13號攤(張O淳)/臺北市中山區民族東路336號,"[""除草劑Metolachlor 莫多草0."", ""殺草劑Pendimethalin 施得圃0."", ""殺菌劑Pyraclostrobin 百克敏2."", ""殺蟲劑Terbufos 托福松0.""]",2026-05-03T00:48:46.175674+08:00
2026-05-03T00:48:46.175674+08:00,2024,香辛植物及其他草木本植物,北投,不符合規定,易長泓有限公司石牌營業所（旺佳佳越法新麵包石牌店）,易長泓有限公司石牌營業所（旺佳佳越法新麵包石牌店）/臺北市北投區石牌路2段72號,"[""殺蟲劑3-OH Carbofuran3羥基加保扶0.01ppm、Carbofuran 加保扶0."", ""殺蟲劑Chlorpyrifos 陶斯松0."", ""殺菌劑Pencycuron 賓克隆0.""]",2026-05-03T00:48:46.175674+08:00
2026-05-03T00:48:46.175674+08:00,2024,香辛植物及其他草木本植物,中山,不符合規定,第二果菜批發市場第17-11號攤(莊O逸),第二果菜批發市場第17-11號攤(莊O逸)/臺北市中山區民族東路336號,"[""殺草劑Ametryn 草殺淨0."", ""殺菌劑Hexaconazole 菲克利0.""]",2026-05-03T00:48:46.175674+08:00
2026-05-03T00:48:46.175674+08:00,2024,小葉菜類,南港,不符合規定,22號蔬果園,22號蔬果園/臺北市萬華區西藏路125巷22號1樓,"[""殺蟲劑Fipronil-sulfone芬普尼代謝物0."", ""殺菌劑Fluxapyroxad 氟克殺0.""]",2026-05-03T00:48:46.175674+08:00
2026-05-03T00:48:46.175674+08:00,2024,小葉菜類,松山,不符合規定,兄弟大飯店股份有限公司(兄弟大飯店),兄弟大飯店股份有限公司(兄弟大飯店)/臺北市松山區南京東路3段255號,"[""殺蟲劑Cyantraniliprole 賽安勃0.""]",2026-05-03T00:48:46.175674+08:00
2026-05-03T00:48:46.175674+08:00,2024,小葉菜類,北投,不符合規定,蘇杭企業股份有限公司天母分公司(蘇杭365),蘇杭企業股份有限公司天母分公司(蘇杭365)/臺北市北投區明德路365號,"[""殺菌劑Thifluzamide 賽氟滅0.""]",2026-05-03T00:48:46.175674+08:00
2026-05-03T00:48:46.175674+08:00,2024,小葉菜類,中山,不符合規定,第二果菜批發市場第19-13號攤(胡O傑),第二果菜批發市場第19-13號攤(胡O傑)/臺北市中山區民族東路336號,"[""殺蟎劑Ethion 愛殺松0.""]",2026-05-03T00:48:46.175674+08:00
2026-05-03T00:48:46.175674+08:00,2024,小葉菜類,信義,不符合規定,遠百企業股份有限公司忠孝分公司(愛買忠孝店),遠百企業股份有限公司忠孝分公司(愛買忠孝店)/臺北市信義區忠孝東路5段297號地下3樓,"[""殺蟲劑Cyantraniliprole 賽安勃0.""]",2026-05-03T00:48:46.175674+08:00
2026-05-03T00:48:46.175674+08:00,2024,小葉菜類,士林,不符合規定,士林素食館(士林健康素食),士林素食館(士林健康素食)/臺北市士林區中正路281號,"[""殺菌劑Pyraclostrobin 百克敏0.""]",2026-05-03T00:48:46.175674+08:00
2026-05-03T00:48:46.175674+08:00,2024,小葉菜類,南山,不符合規定,阿一蔬果有限公司(阿一蔬果),阿一蔬果有限公司(阿一蔬果)/臺北市南港區忠孝東路6段85號1樓,"[""殺草劑Oxadiazon 樂滅草0.""]",2026-05-03T00:48:46.175674+08:00
2026-05-03T00:48:46.175674+08:00,2024,根莖菜類,北投,不符合規定,全聯實業股份有限公司北投吉利分公司,全聯實業股份有限公司北投吉利分公司/臺北市北投區吉利街125號1樓,"[""殺蟲劑Lufenuron 祿芬隆0.""]",2026-05-03T00:48:46.175674+08:00
2026-05-03T00:48:46.175674+08:00,2024,果菜類,南港,不符合規定,第一果菜批發市場,第一果菜批發市場/臺北市萬華區萬大路533號地號919,"[""殺蟲劑Flonicamid 氟尼胺0.""]",2026-05-03T00:48:46.175674+08:00
2026-05-03T00:48:46.175674+08:00,2024,瓜菜類,大安,不符合規定,遠東都會股份有限公司復興店（city super復興店）,遠東都會股份有限公司復興店（city super復興店）/臺北市大安區忠孝東路3段300號B3樓,"[""殺蟲劑Trichlorfon 三氯松0.""]",2026-05-03T00:48:46.175674+08:00
2026-05-03T00:48:46.175674+08:00,2024,豆菜類,內湖,不符合規定,大潤發流通事業股份有限公司南湖分公司(大潤發),大潤發流通事業股份有限公司南湖分公司(大潤發)/臺北市內湖區舊宗路1段188號,"[""殺菌劑Pyraclostrobin百克敏0.""]",2026-05-03T00:48:46.175674+08:00
2026-05-03T00:48:46.175674+08:00,2024,根莖菜類,松山,不符合規定,惠康百貨股份有限公司松山光復公司(家樂福超市),惠康百貨股份有限公司松山光復公司(家樂福超市)/臺北市松山區光復北路198號,"[""殺蟲劑Thiamethoxam賽速安0.""]",2026-05-03T00:48:46.175674+08:00
2026-05-03T00:48:46.175674+08:00,2024,八仙果,信義,不符合規定,惠香食品有限公司,惠香食品有限公司/新北市板橋區民有街5號,"[""檢出甜味劑「甜菊糖」及「蔗糖素」，惟未於成分內容物標示。""]",2026-05-03T00:48:46.175674+08:00
2026-05-03T00:48:46.175674+08:00,2024,八仙果,信義,不符合規定,金德恩國際貿易有限公司,金德恩國際貿易有限公司/新北市蘆洲區中山一路282號2樓,"[""檢出著色劑「食用色素紅色六號」、「食用色素黃色五號」及「食用色素藍色一號」及甜味劑「甘草素」，惟未於成分內容物標示。""]",2026-05-03T00:48:46.175674+08:00
2026-05-03T00:48:46.175674+08:00,2024,八仙果,信義,不符合規定,宏宇農產生技企業有限公司,宏宇農產生技企業有限公司/臺南市官田區建業路3號,"[""檢出甜味劑「甘草素」惟未於成分內容物標示。""]",2026-05-03T00:48:46.175674+08:00
2026-05-03T00:48:46.175674+08:00,2024,蜜餞食品,信義,不符合規定,維元食品有限公司,維元食品有限公司/新北市板橋區和平路10之1號3樓,"[""檢出甜味劑「蔗糖素」惟未於成分內容物標示。""]",2026-05-03T00:48:46.175674+08:00
2026-05-03T00:48:46.175674+08:00,2024,蜜餞食品,信義,不符合規定,陳Ο君,陳Ο君/桃園市中壢區青峰路2段,"[""1.檢驗結果檢出防腐劑「己二烯酸」、著色劑「食用色素紅色六號」、甜味劑「紐甜」及「甜菊糖」，惟未於成分內容物標示。"", ""2.產品外包裝未標示「製造廠商或國內負責廠商名稱、電話號碼及地址」及「淨重、容量或數量」，且營養標示未標示「每一份量（或每一份、每份）」。""]",2026-05-03T00:48:46.175674+08:00
2026-05-03T00:48:46.175674+08:00,2024,蜜餞食品,信義,不符合規定,陳Ο君,陳Ο君/桃園市中壢區青峰路2段,"[""產品外包裝未標示「製造廠商或國內負責廠商名稱、電話號碼及地址」及「淨重、容量或數量」，且營養標示未標示「每一份量（或每一份、每份）」。""]",2026-05-03T00:48:46.175674+08:00
2026-05-03T00:48:46.175674+08:00,2024,蜜餞食品,信義,不符合規定,陳Ο君,陳Ο君/桃園市中壢區青峰路2段,"[""產品外包裝未標示「製造廠商或國內負責廠商名稱、電話號碼及地址」及「淨重、容量或數量」，且營養標示未標示「每一份量（或每一份、每份）」。""]",2026-05-03T00:48:46.175674+08:00
2026-05-03T00:48:46.175674+08:00,2024,醃漬蔬菜,信義,不符合規定,澤鋐實業有限公司,澤鋐實業有限公司/嘉義縣梅山鄉梅北村三美庄17號附6,"[""檢出防腐劑「苯甲酸」惟未於成分內容物標示。""]",2026-05-03T00:48:46.175674+08:00
2026-05-03T00:48:46.175674+08:00,2024,蜜餞食品,信義,不符合規定,新百果山蜜餞專賣店,新百果山蜜餞專賣店/彰化縣員林市出水巷15-30號,"[""檢出甜味劑「醋磺內酯鉀」及「蔗糖素」，惟未於成分內容物標示。""]",2026-05-03T00:48:46.175674+08:00
2026-05-03T00:48:46.175674+08:00,2024,蜜餞食品,信義,不符合規定,新百果山蜜餞專賣店,新百果山蜜餞專賣店/彰化縣員林市出水巷15-30號,"[""檢出甜味劑「紐甜」及「蔗糖素」，惟未於成分內容物標示。""]",2026-05-03T00:48:46.175674+08:00
2026-05-03T00:48:46.175674+08:00,2024,蜜餞食品,信義,不符合規定,甜園小舖,甜園小舖/臺中市南屯區文昌街222號,"[""檢出甜味劑「醋磺內酯鉀」及「蔗糖素」，惟未於成分內容物標示。""]",2026-05-03T00:48:46.175674+08:00
2026-05-03T00:48:46.175674+08:00,2024,八仙果,信義,不符合規定,甜園小舖,甜園小舖/臺中市南屯區文昌街222號,"[""檢出甜味劑「醋磺內酯鉀」惟未於成分內容物標示。""]",2026-05-03T00:48:46.175674+08:00
2026-05-03T00:48:46.175674+08:00,2024,其他糖漬鹽漬果類,信義,不符合規定,甜園小舖,甜園小舖/臺中市南屯區文昌街222號,"[""檢出甜味劑「蔗糖素」惟未於成分內容物標示。""]",2026-05-03T00:48:46.175674+08:00
2026-05-03T00:48:46.175674+08:00,2024,鮮奶油,大同,不符合規定,燈燦食品有限公司,燈燦食品有限公司/臺北市大同區民樂街125號1樓,"[""營養標示反式脂肪含量為「每份：0公克/每100公克：0公克」，惟檢出每100公克反式脂肪酸含量0.41公克，依據「包裝食品營養標示應遵行事項」，每100公克固體（半固體）反式脂肪酸含量不超過0.3公克得標示為0，案內產品應依實際數值標示。""]",2026-05-03T00:48:46.175674+08:00
2026-05-03T00:48:46.175674+08:00,2024,沙拉醬,大安,不符合規定,喜之坊食品有限公司(光復店),喜之坊食品有限公司(光復店)/臺北市大安區光復南路422號,"[""營養標示反式脂肪含量為「每份：0公克/每100公克：0公克」，惟檢出每100公克反式脂肪酸含量0.40公克，依據「包裝食品營養標示應遵行事項」，每100公克固體（半固體）反式脂肪酸含量不超過0.3公克得標示為0，案內產品應依實際數值標示。""]",2026-05-03T00:48:46.175674+08:00
2026-05-03T00:48:46.175674+08:00,2024,香辛植物及其他草木本植物,內湖,不符合規定,萬日蔬果行,萬日蔬果行/臺北市內湖區五分街臨16之10號,"[""殺草劑Ametryn 草殺淨0."", ""殺蟲劑 Chlorpyrifos 陶斯松0."", ""殺蟲劑Fenitrothion 撲滅松0."", ""殺草劑Pendimethalin 施得圃0.""]",2026-05-03T00:48:46.175674+08:00
2026-05-03T00:48:46.175674+08:00,2024,香辛植物及其他草木本植物,南港,不符合規定,黃O玉,黃O玉/臺北市萬華區萬大路533號地號928,"[""殺蟲劑Chlorpyrifos 陶斯松0."", ""殺蟲劑Fenitrothion 撲滅松0."", ""殺草劑Oxadiazon 樂滅草0."", ""殺草劑Pendimethalin 施得圃0.""]",2026-05-03T00:48:46.175674+08:00
2026-05-03T00:48:46.175674+08:00,2024,小葉菜類,士林,不符合規定,御鼎屋食品股份有限公司,御鼎屋食品股份有限公司/臺北市士林區中山北路6段711號,"[""殺蟲劑Chlorfenapyr 克凡派4."", ""生長調節劑Paclobutrazol 巴克素0."", ""殺蟲劑Pyriproxyfen 百利普芬0.""]",2026-05-03T00:48:46.175674+08:00
2026-05-03T00:48:46.175674+08:00,2024,大漿果類,南山,不符合規定,菓之鄉水果專賣店,菓之鄉水果專賣店/臺北市南港區同德路60號,"[""殺蟲劑Cyromazine 賽滅淨0."", ""殺蟎劑Pyridaben 畢達本0.""]",2026-05-03T00:48:46.175674+08:00
2026-05-03T00:48:46.175674+08:00,2024,香辛植物及其他草木本植物,大安,不符合規定,王O鴻,王O鴻/臺北市大安區臨江街70號前,"[""殺草劑Linuron 理有龍0."", ""殺菌劑Thifluzamide 賽氟滅0.""]",2026-05-03T00:48:46.175674+08:00
2026-05-03T00:48:46.175674+08:00,2024,小葉菜類,南港,不符合規定,輝哥蔬菜批發行,輝哥蔬菜批發行/臺北市萬華區環河南路2段245號環南市場蔬菜區第184號,"[""殺草劑Ametryn 草殺淨0."", ""殺蟲劑Indoxacarb 因得克0.""]",2026-05-03T00:48:46.175674+08:00
2026-05-03T00:48:46.175674+08:00,2024,小葉菜類,南港,不符合規定,茂盛蔬菜商行,茂盛蔬菜商行/臺北市萬華區環河南路2段245號環南市場第198號攤,"[""殺草劑Ametryn 草殺淨0."", ""殺蟲劑Indoxacarb 因得克0.""]",2026-05-03T00:48:46.175674+08:00
2026-05-03T00:48:46.175674+08:00,2024,果菜類,大安,不符合規定,台灣產健股份有限公司台北2店(良食生活),台灣產健股份有限公司台北2店(良食生活)/臺北市大安區敦化南路1段233巷68號,"[""殺蟲劑Imidacloprid 益達胺0."", ""殺菌劑Thifluzamide 賽氟滅0.""]",2026-05-03T00:48:46.175674+08:00
2026-05-03T00:48:46.175674+08:00,2024,根莖菜類,士林,不符合規定,御鼎屋食品股份有限公司,御鼎屋食品股份有限公司/臺北市士林區中山北路6段711號,"[""殺蟲劑Clothianidin 可尼丁0."", ""殺蟲劑Lufenuron 祿芬隆0.""]",2026-05-03T00:48:46.175674+08:00
2026-05-03T00:48:46.175674+08:00,2024,香辛植物及其他草木本植物,北投,不符合規定,果菜俗賣,果菜俗賣/臺北市北投區自強街119號,"[""殺菌劑Dimethomorph 達滅芬0."", ""殺菌劑Procymidone 撲滅寧0.""]",2026-05-03T00:48:46.175674+08:00
2026-05-03T00:48:46.175674+08:00,2024,果菜類,中山,不符合規定,唐龍國際餐飲股份有限公司(龍軒傳承),唐龍國際餐飲股份有限公司(龍軒傳承)/臺北市中山區長春路90號2樓,"[""殺菌劑Difenoconazole 待克利2."", ""殺蟎劑Pyridaben 畢達本0.""]",2026-05-03T00:48:46.175674+08:00
2026-05-03T00:48:46.175674+08:00,2024,香辛植物及其他草木本植物,中山,不符合規定,吉晟蔬果行,吉晟蔬果行/臺北市中山區錦州街222號松江市場69,"[""殺蟲劑Fenitrothion 撲滅松0."", ""殺菌劑Procymidone 撲滅寧0.""]",2026-05-03T00:48:46.175674+08:00
2026-05-03T00:48:46.175674+08:00,2024,大漿果類,南山,不符合規定,菓之鄉水果專賣店,菓之鄉水果專賣店/臺北市南港區同德路60號,"[""殺蟲劑Pyriproxyfen 百利普芬0.""]",2026-05-03T00:48:46.175674+08:00
2026-05-03T00:48:46.175674+08:00,2024,小葉菜類,中山,不符合規定,全聯實業股份有限公司中山吉林分公司,全聯實業股份有限公司中山吉林分公司/臺北市中山區吉林路213、215、217、219號1樓,"[""殺蟲劑Fipronil-sulfone芬普尼代謝物0.""]",2026-05-03T00:48:46.175674+08:00
2026-05-03T00:48:46.175674+08:00,2024,小葉菜類,士林,不符合規定,御鼎屋食品股份有限公司,御鼎屋食品股份有限公司/臺北市士林區中山北路6段711號,"[""殺蟲劑Tolfenpyrad 脫芬瑞1.""]",2026-05-03T00:48:46.175674+08:00
2026-05-03T00:48:46.175674+08:00,2024,大漿果類,內湖,不符合規定,東和蔬果行,東和蔬果行/臺北市內湖區五分街16號1樓,"[""殺菌劑Famoxadone 凡殺同0.""]",2026-05-03T00:48:46.175674+08:00
2026-05-03T00:48:46.175674+08:00,2024,小葉菜類,中山,不符合規定,統康生活事業股份有限公司台北農安二店分公司（家樂福超市）,統康生活事業股份有限公司台北農安二店分公司（家樂福超市）/臺北市中山區農安街26號、26-1號,"[""殺草劑Oxadiazon 樂滅草0.""]",2026-05-03T00:48:46.175674+08:00
2026-05-03T00:48:46.175674+08:00,2024,香辛植物及其他草木本植物,中山,不符合規定,臺北市第二果菜批發市場20-14攤,臺北市第二果菜批發市場20-14攤/臺北市中山區民族東路336號1樓,"[""殺蟲劑Fenitrothion 撲滅松0.""]",2026-05-03T00:48:46.175674+08:00
2026-05-03T00:48:46.175674+08:00,2024,根莖菜類,南港,不符合規定,茂盛蔬菜商行,茂盛蔬菜商行/臺北市萬華區環河南路2段245號環南市場第198號攤,"[""殺蟲劑Fipronil-sulfone芬普尼代謝物0.""]",2026-05-03T00:48:46.175674+08:00
2026-05-03T00:48:46.175674+08:00,2024,鮮果蔬菜類及其加工品,信義,不符合規定,昕殿有限公司（辛殿麻辣鍋信義店）,昕殿有限公司（辛殿麻辣鍋信義店）/臺北市信義區松壽路28號1樓,"[""1.殺蟲劑滅芬諾""]",2026-05-03T00:48:46.175674+08:00
2026-05-03T00:48:46.175674+08:00,2024,鮮果蔬菜類及其加工品,信義,不符合規定,旨王開發有限公司（王鍋屋新京都風味鍋物）,旨王開發有限公司（王鍋屋新京都風味鍋物）/臺北市信義區松壽路12號5樓,"[""1.殺蟲劑克凡派"", ""2.殺蟲劑賽安勃""]",2026-05-03T00:48:46.175674+08:00
2026-05-03T00:48:46.175674+08:00,2024,鮮果蔬菜類及其加工品,南山,不符合規定,三澧企業股份有限公司（Mo- Mo-Paradise南港潤泰牧場）,三澧企業股份有限公司（Mo- Mo-Paradise南港潤泰牧場）/臺北市南港區忠孝東路7段369號C棟10樓,"[""1.殺蟲劑克凡派"", ""2.殺蟲劑賽安勃""]",2026-05-03T00:48:46.175674+08:00
2026-05-03T00:48:46.175674+08:00,2024,鮮果蔬菜類及其加工品,南港,不符合規定,格萊思美國際餐飲股份有限公司(心心麻辣鍋),格萊思美國際餐飲股份有限公司(心心麻辣鍋)/臺北市萬華區成都路141號,"[""1.殺蟲劑芬普尼"", ""2.殺蟲劑托福松""]",2026-05-03T00:48:46.175674+08:00
2026-05-03T00:48:46.175674+08:00,2024,鮮果蔬菜類及其加工品,南港,不符合規定,辣之王麻辣火鍋店(夯麻辣火鍋燒肉),辣之王麻辣火鍋店(夯麻辣火鍋燒肉)/臺北市萬華區昆明街76號2樓,"[""1.殺蟲劑賽洛寧""]",2026-05-03T00:48:46.175674+08:00
2026-05-03T00:48:46.175674+08:00,2024,鮮果蔬菜類及其加工品,北投,不符合規定,明煬四方有限公司（丰明殿）,明煬四方有限公司（丰明殿）/臺北市北投區東華街1段362號1樓,"[""1.殺菌劑賽氟滅""]",2026-05-03T00:48:46.175674+08:00
2026-05-03T00:48:46.175674+08:00,2024,花生粉,北投,不符合規定,寒順企業社（寒聚精緻鍋物）,寒順企業社（寒聚精緻鍋物）/臺北市北投區石牌路2段97巷8號1樓,"[""1.黃麴毒素B1：19.0 μg/kg（標準：2 μg/kg以下）"", ""2.總黃麴毒素B1+B2+G1+G2：21.7μg/kg（標準：4 μg/kg以下）""]",2026-05-03T00:48:46.175674+08:00
2026-05-03T00:48:46.175674+08:00,2024,鮮果蔬菜類及其加工品,北投,不符合規定,百世佳興業有限公司石牌分公司（火鍋世家）,百世佳興業有限公司石牌分公司（火鍋世家）/臺北市北投區石牌路2段335號,"[""1.殺菌劑四克利""]",2026-05-03T00:48:46.175674+08:00
2026-05-03T00:48:46.175674+08:00,2024,鮮果蔬菜類及其加工品,士林,不符合規定,富樂台式有限公司(富樂台式涮涮鍋),富樂台式有限公司(富樂台式涮涮鍋)/臺北市士林區承德路4段 75-1號,"[""1.殺蟲劑克凡派""]",2026-05-03T00:48:46.175674+08:00
2026-05-03T00:48:46.175674+08:00,2024,豆腐,士林,不符合規定,富樂台式有限公司(富樂台式涮涮鍋),富樂台式有限公司(富樂台式涮涮鍋)/臺北市士林區承德路4段 75-1號,"[""1.苯甲酸：0.5 g/kg""]",2026-05-03T00:48:46.175674+08:00
2026-05-03T00:48:46.175674+08:00,2024,小葉菜類,信義,不符合規定,同學の店,同學の店/臺北市信義區仁愛路4段496巷19號,"[""殺蟲劑Emamectin benzoate 因滅汀總量0."", ""殺蟲劑Fenvalerate 芬化利5."", ""殺蟲劑Methomyl 納乃得5."", ""殺蟲劑Profenophos 佈飛松1."", ""殺菌劑Pyraclostrobin 百克敏3."", ""殺蟲劑Pyriproxyfen 百利普芬0."", ""殺蟲劑Thiodicarb 硫敵克4.""]",2026-05-03T00:48:46.175674+08:00
2026-05-03T00:48:46.175674+08:00,2024,小葉菜類,信義,不符合規定,丰明殿涮涮鍋殿堂信義店(丰明殿),丰明殿涮涮鍋殿堂信義店(丰明殿)/臺北市信義區信義路4段393號,"[""殺蟲劑Acetamiprid 亞滅培9."", ""殺菌劑Carbendazim 貝芬替1."", ""殺蟲劑Chlorfenapyr 克凡派3."", ""殺蟲劑Cyantraniliprole 賽安勃0."", ""殺蟲劑Fipronil 芬普尼0.002ppm及芬普尼代謝物Fipronil-sulfone0.002ppm，合計共0."", ""殺菌劑Propamocarb hydrochloride 普拔克10.""]",2026-05-03T00:48:46.175674+08:00
2026-05-03T00:48:46.175674+08:00,2024,香辛植物及其他草木本植物,中正,不符合規定,阿萬青菜號,阿萬青菜號/臺北市中正區羅斯福路1段8號南門市場B1-17、63、64號攤,"[""殺蟲劑Fenitrothion 撲滅松0."", ""殺蟲劑Imidacloprid 益達胺0."", ""殺菌劑Iprodione 依普同0."", ""殺菌劑Mandipropamid 曼普胺0.""]",2026-05-03T00:48:46.175674+08:00
2026-05-03T00:48:46.175674+08:00,2024,小葉菜類,內湖,不符合規定,三軍總醫院營養部,三軍總醫院營養部/臺北市內湖區成功路2段325號B1,"[""殺蟲劑Chlorfenapyr 克凡派2."", ""殺蟲劑Fipronil 芬普尼0.435ppm及芬普尼代謝物Fipronil-sulfone0.083ppm，合計共0."", ""殺蟲劑Indoxacarb 因得克3."", ""殺蟲劑Pyriproxyfen 百利普芬1.""]",2026-05-03T00:48:46.175674+08:00
2026-05-03T00:48:46.175674+08:00,2024,小葉菜類,士林,不符合規定,統康生活事業股份有限公司天母分公司（Mia C'bon）,統康生活事業股份有限公司天母分公司（Mia C'bon）/臺北市士林區天母西路3號2樓,"[""殺蟲劑Chlorfenapyr 克凡派2."", ""殺蟲劑Indoxacarb 因得克2.""]",2026-05-03T00:48:46.175674+08:00
2026-05-03T00:48:46.175674+08:00,2024,小葉菜類,南港,不符合規定,灃群物流有限公司,灃群物流有限公司/臺北市萬華區環河南路3段117、119號,"[""殺菌劑Flutolanil福多寧2.9ppm（標準：2.0ppm以下）"", ""殺蟲劑Methomyl納乃得5.8ppm（標準：3.0ppm以下）""]",2026-05-03T00:48:46.175674+08:00
2026-05-03T00:48:46.175674+08:00,2024,香辛植物及其他草木本植物,中山,不符合規定,蔬菜攤(程O明),蔬菜攤(程O明)/臺北市中山區錦西街26號,"[""殺草劑Linuron 理有龍0.""]",2026-05-03T00:48:46.175674+08:00
2026-05-03T00:48:46.175674+08:00,2024,小葉菜類,中山,不符合規定,人杰老四川餐飲管理顧問股份有限公司台北南京東分公司（老四川巴蜀麻辣燙）,人杰老四川餐飲管理顧問股份有限公司台北南京東分公司（老四川巴蜀麻辣燙）/臺北市中山區南京東路2段45號1-2樓、47號1-3樓,"[""殺菌劑Thifluzamide賽氟滅0.02ppm（標準：不得檢出）""]",2026-05-03T00:48:46.175674+08:00
2026-05-03T00:48:46.175674+08:00,2024,香辛植物及其他草木本植物,士林,不符合規定,全聯實業股份有限公司天母天玉分公司(全聯福利中心),全聯實業股份有限公司天母天玉分公司(全聯福利中心)/臺北市士林區天母西路3號地下,"[""殺草劑Linuron理有龍0.02ppm（標準：不得檢出）""]",2026-05-03T00:48:46.175674+08:00
2026-05-03T00:48:46.175674+08:00,2024,香辛植物及其他草木本植物,松山,不符合規定,尚揚蔬果行,尚揚蔬果行/臺北市松山區南京東路5段291巷30號1樓,"[""殺蟲劑Diazinon 大利松0.""]",2026-05-03T00:48:46.175674+08:00
2026-05-03T00:48:46.175674+08:00,2024,小葉菜類,中山,不符合規定,第二果菜批發市場18-08號攤,第二果菜批發市場18-08號攤/臺北市中山區民族東路336號,"[""殺蟎劑Spirodiclofen 賜派芬0.""]",2026-05-03T00:48:46.175674+08:00
2026-05-03T00:48:46.175674+08:00,2024,根莖菜類,南港,不符合規定,景O文,景O文/臺北市萬華區環河南路2段245號115號攤,"[""殺蟲劑Fipronil芬普尼0.001ppm、Fipronil-sulfone芬普尼代謝物0.003ppm，合計共0.004ppm（標準：0.001ppm以下）""]",2026-05-03T00:48:46.175674+08:00
2026-05-03T00:48:46.175674+08:00,2024,小葉菜類,南港,不符合規定,景O文,景O文/臺北市萬華區環河南路2段245號115號攤,"[""殺草劑Oxadiazon 樂滅草0.""]",2026-05-03T00:48:46.175674+08:00
2026-05-03T00:48:46.175674+08:00,2024,果菜類,中山,不符合規定,第二果菜批發市場19-09號攤,第二果菜批發市場19-09號攤/臺北市中山區民族東路336號1樓,"[""殺蟲劑Profenophos 佈飛松1.""]",2026-05-03T00:48:46.175674+08:00
2026-05-03T00:48:46.175674+08:00,2024,小葉菜類,信義,不符合規定,同學の店,同學の店/臺北市信義區仁愛路4段496巷19號,"[""殺蟲劑Imidacloprid益達胺1.7pm（標準：1.0ppm以下）""]",2026-05-03T00:48:46.175674+08:00
2026-05-03T00:48:46.175674+08:00,2024,小葉菜類,中正,不符合規定,三商家購股份有限公司中正汀州分公司（美廉社中正汀州店）,三商家購股份有限公司中正汀州分公司（美廉社中正汀州店）/臺北市中正區汀州路1段220號,"[""殺菌劑Flutolanil 福多寧2.""]",2026-05-03T00:48:46.175674+08:00
2026-05-03T00:48:46.175674+08:00,2024,小葉菜類,信義,不符合規定,築間餐飲事業股份有限公司信義世貿營業所(築間幸福鍋物),築間餐飲事業股份有限公司信義世貿營業所(築間幸福鍋物)/臺北市信義區基隆路1段426號1樓,"[""殺蟲劑Chlorfenapyr 克凡派1.""]",2026-05-03T00:48:46.175674+08:00
2026-05-03T00:48:46.175674+08:00,2024,根莖菜類,南港,不符合規定,捷達農產企業社,捷達農產企業社/臺北市萬華區萬大路424巷151號環南市場甲棟1樓第121號攤,"[""殺蟲劑Clothianidin可尼丁0.15 ppm（標準：0.02 ppm以下）"", ""殺蟲劑Thiamethoxam賽速安0.91 ppm（標準：0."", ""以下）"", ""殺蟲劑Trichlorfon三氯松0.08 ppm（標準：0.01 ppm以下）"", ""殺蟲劑Cyhalothrin賽洛寧0.08 ppm（標準：0.01 ppm以下）""]",2026-05-03T00:48:46.175674+08:00
2026-05-03T00:48:46.175674+08:00,2024,根莖菜類,內湖,不符合規定,純香食品行,純香食品行/臺北市內湖區南京東路6段330巷18弄15號2樓,"[""殺蟲劑Chlorfenapyr克凡派0.08 ppm（標準：0.05 ppm以下）"", ""殺蟲劑Chlorpyrifos陶斯松0.01 ppm（標準：不得檢出）殺蟲劑Fipronil-sulfone芬普尼代謝物0.004 ppm（標準： 0.001ppm以下）""]",2026-05-03T00:48:46.175674+08:00
2026-05-03T00:48:46.175674+08:00,2024,包葉菜類,信義,不符合規定,吉米蔬果行,吉米蔬果行/臺北市信義區中坡南路257號及261號,"[""殺蟲劑Acetamiprid亞滅培2.5 ppm（標準：2.0 ppm以下）"", ""殺菌劑Dimethomorph達滅芬3.7 ppm（標準：2.5ppm以下）"", ""殺菌劑Tebuconazole得克利1.47 ppm（標準：0.05ppm以下）""]",2026-05-03T00:48:46.175674+08:00
2026-05-03T00:48:46.175674+08:00,2024,包葉菜類,南港,不符合規定,第一果菜批發市場,第一果菜批發市場/臺北市萬華區萬大路533號地號1209,"[""殺菌劑Propamocarb hydrochloride普拔克6.6ppm（標準： 5.0ppm以下）"", ""殺菌劑Tebuconazole得克利0.23ppm（標準：0.05 ppm以下）""]",2026-05-03T00:48:46.175674+08:00
2026-05-03T00:48:46.175674+08:00,2024,小葉菜類,中山,不符合規定,謝O壹,謝O壹/臺北市中山區民族東路410巷2弄O號前,"[""殺菌劑Propam ocarb hydrochloride普拔克11.6ppm（標準：5.0ppm以下）"", ""殺菌劑Tebuconazole得克利0.16ppm（標準：0.05ppm以下）""]",2026-05-03T00:48:46.175674+08:00
2026-05-03T00:48:46.175674+08:00,2024,根莖菜類,大安,不符合規定,台北市農會蔬果舖子,台北市農會蔬果舖子/臺北市大安區復興南路1段340巷旁空地,"[""殺蟲劑Thiamethoxam賽速安0.52ppm（標準：0.25ppm以下）""]",2026-05-03T00:48:46.175674+08:00
2026-05-03T00:48:46.175674+08:00,2024,果菜類,南港,不符合規定,3499林O鴦,3499林O鴦/臺北市萬華區萬大路533號第一果菜批發市場地號2215,"[""殺菌劑Cyprodinil賽普洛0.8ppm（標準：0.5ppm以下）""]",2026-05-03T00:48:46.175674+08:00
2026-05-03T00:48:46.175674+08:00,2024,竹笙,信義,不符合規定,蝦皮購物-台瑞格(美食&日用品),蝦皮購物-台瑞格(美食&日用品),"[""1.殺蟲劑克凡派0.09ppm（標準：0.05ppm以下）"", ""2.產品外包裝未依規定以中文標示""]",2026-05-03T00:48:46.175674+08:00
2026-05-03T00:48:46.175674+08:00,2024,竹笙,信義,不符合規定,鼎昌雜糧行(易順興雜糧行),鼎昌雜糧行(易順興雜糧行)/臺北市信義區仁愛路4段452巷21號,"[""重金屬鎘5mg/kg""]",2026-05-03T00:48:46.175674+08:00
2026-05-03T00:48:46.175674+08:00,2024,竹笙,信義,不符合規定,蝦皮購物-台瑞格(美食&日用品),蝦皮購物-台瑞格(美食&日用品),"[""1.重金屬鎘5mg/kg（標準：2mg/kg以下）"", ""2.產品屬包裝食品惟未依規定以中文標示""]",2026-05-03T00:48:46.175674+08:00
2026-05-03T00:48:46.175674+08:00,2024,竹笙,大安,不符合規定,鼎旺麻辣有限公司(鼎旺麻辣鍋),鼎旺麻辣有限公司(鼎旺麻辣鍋)/臺北市大安區大安路1段 251號,"[""重金屬鎘3mg/kg""]",2026-05-03T00:48:46.175674+08:00
2026-05-03T00:48:46.175674+08:00,2024,豆乾類,大同,不符合規定,八玖食小食樂趣,八玖食小食樂趣/臺北市大同區迪化街1段21號永樂市場 1019攤,"[""1.防腐劑苯甲酸1.0g/kg（標準：0.6g/kg以下）、己二烯酸4.0g/kg（標準：2.0g/kg以下）"", ""2.產品屬包裝食品惟未依規定以中文標示""]",2026-05-03T00:48:46.175674+08:00
2026-05-03T00:48:46.175674+08:00,2024,豆乾類,南港,不符合規定,正祥食品行（黃日香豆干台北總店）,正祥食品行（黃日香豆干台北總店）/臺北市萬華區中華路2段66號1樓/實際抽驗地址為64號,"[""防腐劑己二烯酸2.3g/kg（標準：2.0g/kg以下）""]",2026-05-03T00:48:46.175674+08:00
2026-05-03T00:48:46.175674+08:00,2024,蕈菜類,南港,不符合規定,大福慧素食食品商行,大福慧素食食品商行/臺北市萬華區西藏路293號1樓,"[""生長調節劑Chlormequat克美素0.13ppm（標準：不得檢出）""]",2026-05-03T00:48:46.175674+08:00
2026-05-03T00:48:46.175674+08:00,2024,巴西蘑菇,大同,不符合規定,勝隆南北雜貨行,勝隆南北雜貨行/臺北市大同區迪化街1段258號1樓,"[""重金屬鎘9mg/kg（標準：2mg/kg以下）""]",2026-05-03T00:48:46.175674+08:00
2026-05-03T00:48:46.175674+08:00,2024,香辛植物類,信義,不符合規定,興長生蔘藥行,興長生蔘藥行/臺北市信義區吳興街197號,"[""殺蟲劑Acetamiprid亞滅培1.08ppm（標準：0.05ppm以下）"", ""殺蟲劑Bifenthrin畢芬寧0.07ppm（標準：0.03ppm以下）"", ""殺蟲劑Carbofuran加保扶0.82ppm（標準：不得檢出）殺蟲劑Chlorpyrifos陶斯松0.35ppm（標準：不得檢出）殺蟲劑Clothianidin可尼丁0.08ppm（標準：0.03ppm以下）"", ""殺菌劑Difenoconazole待克利0.32ppm（標準：0.05ppm以下）"", ""殺蟲劑Imidacloprid益達胺0.27ppm（標準：0.05ppm以下）"", ""殺菌劑Pyraclostrobin百克敏0.57ppm（標準：0.05ppm以下）"", ""殺菌劑Tebuconazole得克利0.85ppm（標準：0.05ppm以下"", ""殺蟲劑Cyhalothrin賽洛寧0.08ppm（標準：0.03ppm以下）""]",2026-05-03T00:48:46.175674+08:00
2026-05-03T00:48:46.175674+08:00,2024,木耳,中正,不符合規定,趙不金號(協盛福州商店),趙不金號(協盛福州商店)/臺北市中正區羅斯福路1段8號 1樓南門市場1F-20,"[""殺蟲劑Imidacloprid益達胺0."", ""殺蟲劑Phoxim巴賽松0.""]",2026-05-03T00:48:46.175674+08:00
2026-05-03T00:48:46.175674+08:00,2024,花生製品,信義,不符合規定,彼娜滋,彼娜滋,"[""1.黃麴毒素B1：27.3µg/kg（標準：2µg/kg以下）及總黃麴毒素：33.5µg/kg（標準：4µg/kg以下）"", ""2.產品外包裝未標示「內容物名稱」、「淨重、容量或數量」、「製造廠商或國內負責廠商名稱」、「原產地"", ""（國）」、「營養標示」，且未標示「有效日期」字樣""]",2026-05-03T00:48:46.175674+08:00
2026-05-03T00:48:46.175674+08:00,2024,竹笙,內湖,不符合規定,萬年興商行,萬年興商行/臺北市內湖區內湖路3段107號1樓,"[""產品屬包裝食品惟未依規定以中文標示""]",2026-05-03T00:48:46.175674+08:00
2026-05-03T00:48:46.175674+08:00,2024,花生製品,信義,不符合規定,蝦皮-巧巧精品冷凍食品團購窩,蝦皮-巧巧精品冷凍食品團購窩,"[""產品外包裝未標示「品名」、「內容物名稱」、「淨 重、容量或數量」、「原產地（國）」及「有效日期」且營養標示未標示「每100公克（或毫升）」""]",2026-05-03T00:48:46.175674+08:00
2026-05-03T00:48:46.175674+08:00,2024,水產及其加工品,內湖,不符合規定,三允有限公司(米特肉舖),三允有限公司(米特肉舖)/臺北市內湖區成功路4段30巷 10號,"[""檢出防腐劑己二烯酸0.24g/kg（標準：2.0g/kg以下），惟外包裝未標示該食品添加物名稱，及標示「不添加防腐劑」字樣，標示不實""]",2026-05-03T00:48:46.175674+08:00
