data_time,city,district,name,address,latitude,longitude,phone,certification_level,eco_attributes,data_source
2026-05-03T00:11:42.407505+08:00,臺北市,松山區,《扶風堂》披薩。義麵。吉拉朵,臺北市松山區敦化北路165巷5號,25.054834776118,121.550306697167,(02)27153377,認證中,[],臺北市環保局
2026-05-03T00:11:42.407505+08:00,臺北市,大安區,6：35 Brunch & Dinner(大安旗艦店),臺北市大安區復興南路二段288號,25.024049135402,121.54323723239,(02)23770100,認證中,[],臺北市環保局
2026-05-03T00:11:42.407505+08:00,臺北市,內湖區,88號樂章-88 La Plaza,臺北市內湖區民善街88號,25.060140688466,121.575364899624,(02)27943800,認證中,[],臺北市環保局
2026-05-03T00:11:42.407505+08:00,臺北市,大安區,Aunt Stella 詩特莉,臺北市大安區忠孝東路三段300號,25.041211752706,121.543057105291,(02)87721638,認證中,[],臺北市環保局
2026-05-03T00:11:42.407505+08:00,臺北市,信義區,AW Cafe Wine Bistro,臺北市信義區信義路四段115-2號,25.033471274671,121.548295375681,(02)27012498,認證中,[],臺北市環保局
2026-05-03T00:11:42.407505+08:00,臺北市,信義區,BaganHood 蔬食餐酒館,臺北市信義區忠孝東路四段553巷46弄11號,25.044283091577,121.563477265445,(02)37622557,認證中,[],臺北市環保局
2026-05-03T00:11:42.407505+08:00,臺北市,大安區,Bar. Tender 八天餐酒館,臺北市大安區復興南路一段107巷5弄2號,25.043907456586,121.54462066551,(02)27782105,認證中,[],臺北市環保局
2026-05-03T00:11:42.407505+08:00,臺北市,大安區,Bea's Bistro 美式餐館,臺北市大安區潮州街133號,25.0285387342,121.528938962859,(02)23918827,認證中,[],臺北市環保局
2026-05-03T00:11:42.407505+08:00,臺北市,松山區,Blooming 花漾蒔光,臺北市松山區復興北路313巷38號,25.058831141823,121.546784118538,(02)25460909,認證中,[],臺北市環保局
2026-05-03T00:11:42.407505+08:00,臺北市,萬華區,Blue磚塊義法廚房,臺北市萬華區武昌街二段83之8號,25.045224580449,121.504980941224,(02)23110070,認證中,[],臺北市環保局
2026-05-03T00:11:42.407505+08:00,臺北市,大安區,Camo咖啡,臺北市大安區和平東路一段129號,25.026879829833,121.528411573511,(02)33433931,認證中,[],臺北市環保局
2026-05-03T00:11:42.407505+08:00,臺北市,士林區,Capricciosa卡布里喬莎(天母SOGO店),臺北市士林區中山北路六段77號8F,25.105007004507,121.52427803796,(02)28332558,認證中,[],臺北市環保局
2026-05-03T00:11:42.407505+08:00,臺北市,大安區,Chao?炒炒蔬食熱炒,臺北市大安區大安路一段52巷21號,25.043241765836,121.545125926633,(02)27753005,認證中,[],臺北市環保局
2026-05-03T00:11:42.407505+08:00,臺北市,大安區,Chinese Whispers 悄悄話餐酒館,臺北市大安區仁愛路四段345巷2弄11號,25.038592910878,121.553550326058,(02)27783988,認證中,[],臺北市環保局
2026-05-03T00:11:42.407505+08:00,臺北市,大安區,COFFEE LOVER's PLANET,臺北市大安區敦化南路一段246號,25.040146203265,121.548441975167,(02)27524157,認證中,[],臺北市環保局
2026-05-03T00:11:42.407505+08:00,臺北市,松山區,Coming Bistro,臺北市松山區光復南路55號,25.045992161634,121.557929116095,(02)27479225,認證中,[],臺北市環保局
2026-05-03T00:11:42.407505+08:00,臺北市,大安區,CYCLO 洛城 忠孝門市,臺北市大安區大安路一段75巷9號,25.042302950771,121.546765343075,(02)27782569,認證中,[],臺北市環保局
2026-05-03T00:11:42.407505+08:00,臺北市,大安區,EN和食(復興SOGO店),臺北市大安區忠孝東路三段300號,25.041211752706,121.543057105291,(02)77450796,認證中,[],臺北市環保局
2026-05-03T00:11:42.407505+08:00,臺北市,大安區,EN壽司．和食,臺北市大安區敦化南路一段246號,25.040146203265,121.548441975167,(02)27730246,認證中,[],臺北市環保局
2026-05-03T00:11:42.407505+08:00,臺北市,松山區,Fun 心 caf?,臺北市松山區敦化北路244巷29號,25.06100000118,121.548091779253,(02)27125565,認證中,[],臺北市環保局
2026-05-03T00:11:42.407505+08:00,臺北市,大安區,GUSTOSO,臺北市大安區敦化南路一段331號,25.034060564374,121.549229622609,(02)77269099,認證中,[],臺北市環保局
2026-05-03T00:11:42.407505+08:00,臺北市,大安區,inn cafe x 台北師大店,臺北市大安區龍泉街7號,25.025843281777,121.529353783247,(02)23690055,認證中,[],臺北市環保局
2026-05-03T00:11:42.407505+08:00,臺北市,大安區,JeeWoo吉屋,臺北市大安區金華街145號,25.030565017383,121.525141876901,(02)23918563,認證中,[],臺北市環保局
2026-05-03T00:11:42.407505+08:00,臺北市,士林區,KANPAI CLASSIC 天母店,臺北市士林區台北市士林區忠誠路二段 200 號 2 樓,25.117079794927,121.534037339284,(02)28771550,認證中,[],臺北市環保局
2026-05-03T00:11:42.407505+08:00,臺北市,大安區,Lady nara台北忠孝SOGO店,臺北市大安區忠孝東路四段45號,25.041902421527,121.544882767622,(02)27712585,認證中,[],臺北市環保局
2026-05-03T00:11:42.407505+08:00,臺北市,內湖區,LIFE KITCHEN,臺北市內湖區新湖三路134號,25.064401503217,121.577834208299,(02)27931818,認證中,[],臺北市環保局
2026-05-03T00:11:42.407505+08:00,臺北市,北投區,Los TOAST 洛城吐司,臺北市北投區實踐街82巷6號,25.115033856181,121.510690218541,(02)28208206,認證中,[],臺北市環保局
2026-05-03T00:11:42.407505+08:00,臺北市,中山區,Machikaka 智允餐飲,臺北市中山區南京東路三段216巷4號一樓,25.051396896621,121.543375366155,(02)27772777,認證中,[],臺北市環保局
2026-05-03T00:11:42.407505+08:00,臺北市,大安區,Mama Inca印加媽媽 秘魯餐館,臺北市大安區瑞安街31巷1-1號,25.030760357636,121.543950783808,(02)27092832,認證中,[],臺北市環保局
2026-05-03T00:11:42.407505+08:00,臺北市,中山區,Maya Bistro 瑪亞餐酒,臺北市中山區雙城街46巷1號,25.067566342218,121.524150549213,(02)25850305,認證中,[],臺北市環保局
2026-05-03T00:11:42.407505+08:00,臺北市,中正區,meet蘋果咖啡館,臺北市中正區博愛路86號,25.044447376879,121.511384659219,(02)23820025,認證中,[],臺北市環保局
2026-05-03T00:11:42.407505+08:00,臺北市,中正區,Mentari萌太利(微風台大醫院商場),臺北市中正區中山南路77號,25.036788965075,121.517213353785,(02)23952298,認證中,[],臺北市環保局
2026-05-03T00:11:42.407505+08:00,臺北市,大安區,Miso微笑韓國料理,臺北市大安區金山南路二段6號,25.033675164466,121.527032750438,(02)23670281,認證中,[],臺北市環保局
2026-05-03T00:11:42.407505+08:00,臺北市,萬華區,mister donut,臺北市萬華區台北市萬華區桂林路1號,25.037675427756,121.506303549514,(02)23816949,認證中,[],臺北市環保局
2026-05-03T00:11:42.407505+08:00,臺北市,北投區,Mos摩斯漢堡(北榮美食街),臺北市北投區石牌路二段201號生活廣場,25.118886737357,121.520675945258,(02)28710185,認證中,[],臺北市環保局
2026-05-03T00:11:42.407505+08:00,臺北市,中正區,Mos摩斯漢堡(微風台大醫院商場),臺北市中正區中山南路77號,25.036788965075,121.517213353785,(02)23952298,認證中,[],臺北市環保局
2026-05-03T00:11:42.407505+08:00,臺北市,大安區,N° 168 PRIME,臺北市大安區敦化南路一段246號7F,25.040146203265,121.548441975167,(02)66176168,認證中,[],臺北市環保局
2026-05-03T00:11:42.407505+08:00,臺北市,大安區,Nara Thai Cuisine 台北忠孝SOGO 店,臺北市大安區忠孝東路四段45號,25.041902421527,121.544882767622,(02)27718939,認證中,[],臺北市環保局
2026-05-03T00:11:42.407505+08:00,臺北市,中正區,OEC蚌麵,臺北市中正區台北市中正區中山南路8號,25.044343147913,121.518750591911,(02)23117819,認證中,[],臺北市環保局
2026-05-03T00:11:42.407505+08:00,臺北市,士林區,omo cafe （天母SOGO店）,臺北市士林區中山北路六段77號,25.105007004507,121.52427803796,(02)28341668,認證中,[],臺北市環保局
2026-05-03T00:11:42.407505+08:00,臺北市,中正區,Oohchacha自然食(古亭店),臺北市中正區南昌路二段207號,25.025023070641,121.523421155998,(02)23677133,認證中,[],臺北市環保局
2026-05-03T00:11:42.407505+08:00,臺北市,松山區,PAI CAF? & LIFE,臺北市松山區八德路二段366巷11號,25.047587656904,121.546035614585,,認證中,[],臺北市環保局
2026-05-03T00:11:42.407505+08:00,臺北市,中山區,PAI Coffee,臺北市中山區民生東路二段147巷6弄1號,25.05924524975,121.534741000056,(02)25179787,認證中,[],臺北市環保局
2026-05-03T00:11:42.407505+08:00,臺北市,大安區,PARADE 和巴黎人吃一樣的日常,臺北市大安區忠孝東路四段170巷11號,25.040522089713,121.550903237216,(02)27110800,認證中,[],臺北市環保局
2026-05-03T00:11:42.407505+08:00,臺北市,大安區,pd by petit doux 忠孝SOGO店,臺北市大安區台北市大安區忠孝東路四段45號,25.041902421527,121.544882767622,(02)27213008,認證中,[],臺北市環保局
2026-05-03T00:11:42.407505+08:00,臺北市,大安區,petit doux 微兜  永康店,臺北市大安區台北市大安區信義路二段 198 巷 7-3 號,25.033558385686,121.530198440635,(02)23951336,認證中,[],臺北市環保局
2026-05-03T00:11:42.407505+08:00,臺北市,大同區,petit doux 微兜  京站店,臺北市大同區台北市大同區承德路一段1號,25.049090071139,121.516784113607,(02)77290009,認證中,[],臺北市環保局
2026-05-03T00:11:42.407505+08:00,臺北市,信義區,PINK SALT｜披薩｜義麵,臺北市信義區忠孝東路五段423巷28號,25.042385680155,121.575456010911,(02)27564233,認證中,[],臺北市環保局
2026-05-03T00:11:42.407505+08:00,臺北市,大安區,Plants,臺北市大安區復興南路1段253巷10號,25.036750610469,121.544189165134,(02)27845677,認證中,[],臺北市環保局
2026-05-03T00:11:42.407505+08:00,臺北市,中正區,PRIME ONE 牛排館,臺北市中正區中華路二段1號,25.036455609387,121.506864550294,(02)23143300,認證中,[],臺北市環保局
2026-05-03T00:11:42.407505+08:00,臺北市,士林區,Q Burger士林大南店,臺北市士林區大南路315號,25.088781525888,121.518258741832,(02)28820058,認證中,[],臺北市環保局
2026-05-03T00:11:42.407505+08:00,臺北市,士林區,Q Burger士林延平店,臺北市士林區延平北路五段179號,25.083091931922,121.510030143666,(02)28110658,認證中,[],臺北市環保局
2026-05-03T00:11:42.407505+08:00,臺北市,士林區,Q Burger士林忠義店,臺北市士林區忠義街113-1號一樓,25.107074987659,121.532665054096,(02)28343148,認證中,[],臺北市環保局
2026-05-03T00:11:42.407505+08:00,臺北市,士林區,Q Burger士林社子店,臺北市士林區社子街36號,25.087436900981,121.507658819439,(02)28168058,認證中,[],臺北市環保局
2026-05-03T00:11:42.407505+08:00,臺北市,士林區,Q Burger士林通河店,臺北市士林區通河街125號,25.080739592705,121.521261810102,(02)28853848,認證中,[],臺北市環保局
2026-05-03T00:11:42.407505+08:00,臺北市,信義區,Q Burger大同大龍店,臺北市信義區大龍街150號,25.067776225073,121.515838970205,(02)25996128,認證中,[],臺北市環保局
2026-05-03T00:11:42.407505+08:00,臺北市,大安區,Q Burger大安樂業店,臺北市大安區樂業街153號,25.019634680366,121.55366960054,(02)27360209,認證中,[],臺北市環保局
2026-05-03T00:11:42.407505+08:00,臺北市,信義區,Q Burger大橋頭店,臺北市信義區民權西路226號,25.062797206949,121.513242424239,(02)25500147,認證中,[],臺北市環保局
2026-05-03T00:11:42.407505+08:00,臺北市,中山區,Q Burger中山中原店,臺北市中山區中原街41號,25.056967299924,121.528940471601,(02)25232521,認證中,[],臺北市環保局
2026-05-03T00:11:42.407505+08:00,臺北市,中山區,Q Burger中山天祥店,臺北市中山區天祥路22號,25.061153683374,121.520960480683,(02)25311238,認證中,[],臺北市環保局
2026-05-03T00:11:42.407505+08:00,臺北市,士林區,Q Burger中山吉林店,臺北市士林區吉林路397號,25.065791977134,121.530505289105,(02)25910182,認證中,[],臺北市環保局
2026-05-03T00:11:42.407505+08:00,臺北市,中山區,Q Burger中山復興店,臺北市中山區復興北路514巷34號一樓,25.065887991835,121.54269358215,(02)25090565,認證中,[],臺北市環保局
2026-05-03T00:11:42.407505+08:00,臺北市,中山區,Q Burger中山農安店,臺北市中山區農安街170號,25.064584983077,121.534458949014,(02)25150024,認證中,[],臺北市環保局
2026-05-03T00:11:42.407505+08:00,臺北市,中山區,Q Burger中山榮星店,臺北市中山區行仁里五常街63號,25.064385577601,121.539991508024,(02)25016190,認證中,[],臺北市環保局
2026-05-03T00:11:42.407505+08:00,臺北市,中山區,Q Burger中山錦州店,臺北市中山區吉林路205號,25.060113070095,121.530363802579,(02)25222997,認證中,[],臺北市環保局
2026-05-03T00:11:42.407505+08:00,臺北市,中正區,Q Burger中正寧波店,臺北市中正區寧波西街100號,25.029555752422,121.51451404277,(02)23325085,認證中,[],臺北市環保局
2026-05-03T00:11:42.407505+08:00,臺北市,內湖區,Q Burger內湖金龍店,臺北市內湖區金龍路74號,25.084944919257,121.592370523881,(02)27928292,認證中,[],臺北市環保局
2026-05-03T00:11:42.407505+08:00,臺北市,內湖區,Q Burger內湖星雲店,臺北市內湖區星雲街14號,25.077784175555,121.590517452727,(02)27922009,認證中,[],臺北市環保局
2026-05-03T00:11:42.407505+08:00,臺北市,內湖區,Q Burger內湖達人店,臺北市內湖區內湖路二段326號,25.081545261238,121.588763288031,(02)27909865,認證中,[],臺北市環保局
2026-05-03T00:11:42.407505+08:00,臺北市,內湖區,Q Burger內湖麗山店,臺北市內湖區內湖路一段629巷41號,25.081579668951,121.575040771428,(02)26276424,認證中,[],臺北市環保局
2026-05-03T00:11:42.407505+08:00,臺北市,文山區,Q Burger文山木新店,臺北市文山區木新路二段229號,24.983356043223,121.56727376467,(02)29396817,認證中,[],臺北市環保局
2026-05-03T00:11:42.407505+08:00,臺北市,文山區,Q Burger文山世新店,臺北市文山區木柵路一段101號,24.987155224656,121.547615268057,(02)22369201,認證中,[],臺北市環保局
2026-05-03T00:11:42.407505+08:00,臺北市,文山區,Q Burger文山景福店,臺北市文山區景福街234號,24.993631669783,121.539380048187,(02)89351881,認證中,[],臺北市環保局
2026-05-03T00:11:42.407505+08:00,臺北市,文山區,Q Burger文山景興店,臺北市文山區景興路99號,24.995333657132,121.544821244453,(02)29320217,認證中,[],臺北市環保局
2026-05-03T00:11:42.407505+08:00,臺北市,文山區,Q Burger文山萬隆店,臺北市文山區萬隆里景福街4號,24.999627748038,121.539496221365,(02)29331380,認證中,[],臺北市環保局
2026-05-03T00:11:42.407505+08:00,臺北市,文山區,Q Burger文山福興店,臺北市文山區福興路45號,25.003121199553,121.550664185337,(02)29308228,認證中,[],臺北市環保局
2026-05-03T00:11:42.407505+08:00,臺北市,文山區,Q Burger文山興隆店,臺北市文山區興隆路四段112號,24.983037237536,121.562082349119,(02)29371568,認證中,[],臺北市環保局
2026-05-03T00:11:42.407505+08:00,臺北市,文山區,Q Burger文山興德店,臺北市文山區興隆路二段215之2號,25.001117758006,121.550156988891,(02)29343805,認證中,[],臺北市環保局
2026-05-03T00:11:42.407505+08:00,臺北市,北投區,Q Burger北投大興店,臺北市北投區大興街48號,25.130107284118,121.499485122738,(02)28941027,認證中,[],臺北市環保局
2026-05-03T00:11:42.407505+08:00,臺北市,北投區,Q Burger北投中和店,臺北市北投區中和街402號,25.1435658965,121.49816220696,(02)28915262,認證中,[],臺北市環保局
2026-05-03T00:11:42.407505+08:00,臺北市,北投區,Q Burger北投立農店,臺北市北投區立農街二段259號,25.118900763392,121.514464840998,(02)28236017,認證中,[],臺北市環保局
2026-05-03T00:11:42.407505+08:00,臺北市,北投區,Q Burger北投知行店,臺北市北投區知行路249號,25.120835935288,121.46708948606,(02)28585885,認證中,[],臺北市環保局
2026-05-03T00:11:42.407505+08:00,臺北市,北投區,Q Burger北投致遠店,臺北市北投區致遠一路一段95號,25.109373012143,121.515206136515,(02)28250606,認證中,[],臺北市環保局
2026-05-03T00:11:42.407505+08:00,臺北市,北投區,Q Burger北投實踐店,臺北市北投區實踐街61號,25.115294407641,121.509812214184,(02)28250909,認證中,[],臺北市環保局
2026-05-03T00:11:42.407505+08:00,臺北市,北投區,Q Burger北投懷德店,臺北市北投區建民路161-5號,25.111066282313,121.519605210759,(02)28202320,認證中,[],臺北市環保局
2026-05-03T00:11:42.407505+08:00,臺北市,松山區,Q Burger松山民生店,臺北市松山區民生東路四段103號,25.058168384739,121.552521950357,(02)25471072,認證中,[],臺北市環保局
2026-05-03T00:11:42.407505+08:00,臺北市,松山區,Q Burger松山南京五店,臺北市松山區南京東路五段250巷18弄2-1號,25.050048499857,121.566223428383,(02)27565258,認證中,[],臺北市環保局
2026-05-03T00:11:42.407505+08:00,臺北市,松山區,Q Burger松山撫遠店,臺北市松山區撫遠街352號,25.062741634931,121.565930732324,(02)27533262,認證中,[],臺北市環保局
2026-05-03T00:11:42.407505+08:00,臺北市,信義區,Q Burger信義永吉店,臺北市信義區永吉路120巷1號,25.045445284362,121.570416223989,(02)27653337,認證中,[],臺北市環保局
2026-05-03T00:11:42.407505+08:00,臺北市,信義區,Q Burger信義吳興店,臺北市信義區吳興街281巷59號,25.026563999721,121.565778181686,(02)27200965,認證中,[],臺北市環保局
2026-05-03T00:11:42.407505+08:00,臺北市,信義區,Q Burger信義松山店,臺北市信義區松山路465巷2號,25.039514584951,121.578491433327,(02)27279620,認證中,[],臺北市環保局
2026-05-03T00:11:42.407505+08:00,臺北市,信義區,Q Burger信義松仁店,臺北市信義區松仁路227號,25.026309315593,121.568693742887,(02)27208119,認證中,[],臺北市環保局
2026-05-03T00:11:42.407505+08:00,臺北市,信義區,Q Burger信義虎林店,臺北市信義區信義路六段106號,25.035876042692,121.577795483907,(02)27279868,認證中,[],臺北市環保局
2026-05-03T00:11:42.407505+08:00,臺北市,信義區,Q Burger信義信安店,臺北市信義區信安街127號,25.024213714071,121.55593765972,(02)87321008,認證中,[],臺北市環保局
2026-05-03T00:11:42.407505+08:00,臺北市,南港區,Q Burger南港福德店,臺北市南港區福德街312號,25.039387892484,121.587649416918,(02)26519876,認證中,[],臺北市環保局
2026-05-03T00:11:42.407505+08:00,臺北市,萬華區,Q Burger萬華青年店,臺北市萬華區青年路140號,25.021824704028,121.502456088319,(02)23070701,認證中,[],臺北市環保局
2026-05-03T00:11:42.407505+08:00,臺北市,萬華區,Q Burger萬華國興店,臺北市萬華區國興路98號,25.027209657723,121.505611036674,(02)23056683,認證中,[],臺北市環保局
2026-05-03T00:11:42.407505+08:00,臺北市,萬華區,Q Burger萬華雙園店,臺北市萬華區雙園街15號,25.029171274523,121.495013880308,(02)23087655,認證中,[],臺北市環保局
2026-05-03T00:11:42.407505+08:00,臺北市,萬華區,Q Burger萬華寶興店,臺北市萬華區寶興街149號,25.024438055709,121.495162407633,(02)23010052,認證中,[],臺北市環保局
2026-05-03T00:11:42.407505+08:00,臺北市,大安區,SAISON du SOLEIL,臺北市大安區敦化南路一段246號,25.040146203265,121.548441975167,(02)27310258,認證中,[],臺北市環保局
2026-05-03T00:11:42.407505+08:00,臺北市,大安區,Sarabeth's,臺北市大安區敦化南路一段246號,25.040146203265,121.548441975167,(02)27526998,認證中,[],臺北市環保局
2026-05-03T00:11:42.407505+08:00,臺北市,士林區,Sarabeth's 天母店,臺北市士林區中山北路六段77號,25.105007004507,121.52427803796,(02)28335669,認證中,[],臺北市環保局
2026-05-03T00:11:42.407505+08:00,臺北市,士林區,SKYLARK加州風洋食館-士林中山北店,臺北市士林區台北市士林區中山北路5段565號,25.095191083427,121.527780500021,(02)28837742,認證中,[],臺北市環保局
2026-05-03T00:11:42.407505+08:00,臺北市,內湖區,SKYLARK加州風洋食館-內湖大潤發2店,臺北市內湖區台北市內湖區舊宗路188號,25.0695059,121.5888703,(02)27966280,認證中,[],臺北市環保局
2026-05-03T00:11:42.407505+08:00,臺北市,中正區,SKYLARK加州風洋食館-和平公園店,臺北市中正區台北市中正區懷寧街90號,25.042784994022,121.513982965385,(02)23756364,認證中,[],臺北市環保局
2026-05-03T00:11:42.407505+08:00,臺北市,內湖區,SKYLARK加州風洋食館-東湖康寧店,臺北市內湖區台北市內湖區康寧路3段72號,25.070210204027,121.61127364338,(02)26332850,認證中,[],臺北市環保局
2026-05-03T00:11:42.407505+08:00,臺北市,中正區,SKYLARK加州風洋食館-寶慶遠百店,臺北市中正區台北市中正區寶慶路32號,25.041688305811,121.509114001649,(02)23754730,認證中,[],臺北市環保局
2026-05-03T00:11:42.407505+08:00,臺北市,萬華區,Twinkle Twinkle Cafe & Brunch 小星星 早午餐&輕食,臺北市萬華區中華路二段416巷84號,25.026938880341,121.503370051041,(02)23039889,認證中,[],臺北市環保局
2026-05-03T00:11:42.407505+08:00,臺北市,士林區,UCC Caf? Mercado (天母SOGO店),臺北市士林區中山北路六段77號,25.105007004507,121.52427803796,(02)28350652,認證中,[],臺北市環保局
2026-05-03T00:11:42.407505+08:00,臺北市,大安區,UCC Caf? Mercado (忠孝SOGO店),臺北市大安區忠孝東路四段45號,25.041902421527,121.544882767622,(02)27416800,認證中,[],臺北市環保局
2026-05-03T00:11:42.407505+08:00,臺北市,中正區,一雙牛肉麵,臺北市中正區台北市中正區中山南路8號,25.044343147913,121.518750591911,(02)23117819,認證中,[],臺北市環保局
2026-05-03T00:11:42.407505+08:00,臺北市,中山區,九湯屋日本拉麵(台北南京店),臺北市中山區南京東路一段132巷33號,25.050589593617,121.52698153701,(02)25813100,認證中,[],臺北市環保局
2026-05-03T00:11:42.407505+08:00,臺北市,大安區,二本餐廳,臺北市大安區忠孝東路四段101巷27號,25.04286743004,121.548282970464,(02)87737033,認證中,[],臺北市環保局
2026-05-03T00:11:42.407505+08:00,臺北市,松山區,十八廚,臺北市松山區興安街212號,25.055994160965,121.545865042855,(02)27547890,認證中,[],臺北市環保局
2026-05-03T00:11:42.407505+08:00,臺北市,大安區,十六饗雀-泰式酸辣湯,臺北市大安區師大路106號,25.022083788655,121.528174365651,(02)33651606,認證中,[],臺北市環保局
2026-05-03T00:11:42.407505+08:00,臺北市,內湖區,十里安?手麵 瑞光旗艦店,臺北市內湖區台北市內湖區瑞光路413號,25.078489847983,121.571471589418,(02)87975398,認證中,[],臺北市環保局
2026-05-03T00:11:42.407505+08:00,臺北市,北投區,十勝石燒(北榮美食街),臺北市北投區石牌路二段201號生活廣場,25.118886737357,121.520675945258,,認證中,[],臺北市環保局
2026-05-03T00:11:42.407505+08:00,臺北市,中山區,三友拉麵(龍江店),臺北市中山區龍江路93號,25.051352891629,121.540570194619,(02)8772997,認證中,[],臺北市環保局
2026-05-03T00:11:42.407505+08:00,臺北市,大安區,三合院 (忠孝SOGO店),臺北市大安區忠孝東路四段45號11F,25.041902421527,121.544882767622,(02)27816667,認證中,[],臺北市環保局
2026-05-03T00:11:42.407505+08:00,臺北市,大安區,下港老麵攤(台師大店),臺北市大安區和平東路一段162號,25.026455244527,121.527570617165,,認證中,[],臺北市環保局
2026-05-03T00:11:42.407505+08:00,臺北市,內湖區,大井屋(微風．三總商店街),臺北市內湖區成功路二段325號,25.071800418697,121.591982106488,(02)87923311,認證中,[],臺北市環保局
2026-05-03T00:11:42.407505+08:00,臺北市,士林區,大心新泰式麵食（天母SOGO店）,臺北市士林區中山北路六段77號,25.105007004507,121.52427803796,(02)28325366,認證中,[],臺北市環保局
2026-05-03T00:11:42.407505+08:00,臺北市,大安區,大戶屋大安店,臺北市大安區復興南路一段323號,25.03376049224,121.543808207635,(02)89782668,認證中,[],臺北市環保局
2026-05-03T00:11:42.407505+08:00,臺北市,士林區,大戶屋大葉?島屋店,臺北市士林區忠誠路二段55號,25.11181105632,121.531438194928,(02)28326050,認證中,[],臺北市環保局
2026-05-03T00:11:42.407505+08:00,臺北市,中正區,大戶屋台北凱撒店,臺北市中正區忠孝西路一段38號,25.046214533526,121.516436264625,(02)23612377,認證中,[],臺北市環保局
2026-05-03T00:11:42.407505+08:00,臺北市,中山區,大戶屋民權東路一段店,臺北市中山區民權東路一段9號,25.062943219702,121.523327194864,(02)25958663,認證中,[],臺北市環保局
2026-05-03T00:11:42.407505+08:00,臺北市,中山區,大戶屋行天宮站店,臺北市中山區松江路276號,25.059809351833,121.532950541718,(02)25625811,認證中,[],臺北市環保局
2026-05-03T00:11:42.407505+08:00,臺北市,大同區,大戶屋京站店,臺北市大同區承德路一段1號,25.049090071139,121.516784113607,(02)25553255,認證中,[],臺北市環保局
2026-05-03T00:11:42.407505+08:00,臺北市,大安區,大戶屋忠孝復興店,臺北市大安區忠孝東路四段52號,25.041391628348,121.545059374322,(02)27785077,認證中,[],臺北市環保局
2026-05-03T00:11:42.407505+08:00,臺北市,內湖區,大戶屋東湖店,臺北市內湖區康寧路三段187號,25.069969978682,121.611974035209,(02)26338839,認證中,[],臺北市環保局
2026-05-03T00:11:42.407505+08:00,臺北市,信義區,大戶屋松山車站店,臺北市信義區松山路11號,25.048455854435,121.578252465268,(02)25287775,認證中,[],臺北市環保局
2026-05-03T00:11:42.407505+08:00,臺北市,松山區,大戶屋南京復興店,臺北市松山區南京東路三段258號,25.051629997348,121.544829207261,(02)27715337,認證中,[],臺北市環保局
2026-05-03T00:11:42.407505+08:00,臺北市,南港區,大戶屋南港車站店,臺北市南港區忠孝東路7段369號,25.052670191532,121.607208336521,(02)26512778,認證中,[],臺北市環保局
2026-05-03T00:11:42.407505+08:00,臺北市,中山區,大戶屋美麗華店,臺北市中山區敬業三路20號,25.08292588642,121.556711979935,(02)85012772,認證中,[],臺北市環保局
2026-05-03T00:11:42.407505+08:00,臺北市,信義區,大戶屋統一時代店,臺北市信義區忠孝東路五段8號,25.040864616186,121.565417005478,(02)89780886,認證中,[],臺北市環保局
2026-05-03T00:11:42.407505+08:00,臺北市,中正區,大戶屋微風台北車站店,臺北市中正區北平西路3號,25.04717593782,121.517057698926,(02)23319337,認證中,[],臺北市環保局
2026-05-03T00:11:42.407505+08:00,臺北市,松山區,大戶屋微風廣場店,臺北市松山區復興南路一段39號GF,25.046129415299,121.544125546489,(02)87720835,認證中,[],臺北市環保局
2026-05-03T00:11:42.407505+08:00,臺北市,北投區,大戶屋新北投店,臺北市北投區中心里泉源路１２號,25.137092468858,121.504342687085,(02)28951255,認證中,[],臺北市環保局
2026-05-03T00:11:42.407505+08:00,臺北市,中山區,大戶屋誠品南西店,臺北市中山區南京西路14號,25.052433277039,121.520663509853,(02)25311808,認證中,[],臺北市環保局
2026-05-03T00:11:42.407505+08:00,臺北市,北投區,大地酒店-月兒彎彎,臺北市北投區奇岩路1號,25.134627895958,121.507277694301,(02)55518888,認證中,[],臺北市環保局
2026-05-03T00:11:42.407505+08:00,臺北市,北投區,大地酒店-奇岩一號,臺北市北投區奇岩路1號,25.134627895958,121.507277694301,(02)55518888,認證中,[],臺北市環保局
2026-05-03T00:11:42.407505+08:00,臺北市,北投區,大地酒店-喜歡廳,臺北市北投區奇岩路一號,25.134627895958,121.507277694301,(02)55518888,認證中,[],臺北市環保局
2026-05-03T00:11:42.407505+08:00,臺北市,中山區,大根日本料亭,臺北市中山區中山北路二段39巷14-1號,25.053887243873,121.524054157326,(02)25817776,認證中,[],臺北市環保局
2026-05-03T00:11:42.407505+08:00,臺北市,士林區,大衛小小羊,臺北市士林區國泰街9號,25.136655478336,121.542538265485,(02)28619668,認證中,[],臺北市環保局
2026-05-03T00:11:42.407505+08:00,臺北市,萬華區,小小蔬房,臺北市萬華區漢口街二段125號,25.046447382796,121.503945720151,(02)23111168,認證中,[],臺北市環保局
2026-05-03T00:11:42.407505+08:00,臺北市,中正區,小南門(微風台大醫院商場),臺北市中正區中山南路77號,25.036788965075,121.517213353785,(02)23952298,認證中,[],臺北市環保局
2026-05-03T00:11:42.407505+08:00,臺北市,北投區,小南門/小南門點心世界(北榮美食街),臺北市北投區石牌路二段201號生活廣場,25.118886737357,121.520675945258,(02)28751220,認證中,[],臺北市環保局
2026-05-03T00:11:42.407505+08:00,臺北市,內湖區,小南門傳統豆花(微風．三總商店街),臺北市內湖區成功路二段325號,25.071800418697,121.591982106488,(02)87923311,認證中,[],臺北市環保局
2026-05-03T00:11:42.407505+08:00,臺北市,大安區,小拾聚 餐食館,臺北市大安區復興南路二段325號,25.023876719654,121.543569239575,(02)27388980,認證中,[],臺北市環保局
2026-05-03T00:11:42.407505+08:00,臺北市,信義區,小醉好(信義店)|法式下午茶Day Drink & 小餐酒館,臺北市信義區忠孝東路五段61號,25.041359735206,121.566719888508,(02)27566629,認證中,[],臺北市環保局
2026-05-03T00:11:42.407505+08:00,臺北市,北投區,山?咖啡,臺北市北投區溫泉路110-1號,25.136215302691,121.511031697277,(02)28939325,認證中,[],臺北市環保局
2026-05-03T00:11:42.407505+08:00,臺北市,士林區,中東人的私房菜,臺北市士林區忠義街117-3號,25.107447353707,121.532738814844,(02)28330117,認證中,[],臺北市環保局
2026-05-03T00:11:42.407505+08:00,臺北市,松山區,中國人壽總部員工餐廳(自有),臺北市松山區敦化北路135號,25.052964228696,121.549764974764,(02)27196678,認證中,[],臺北市環保局
2026-05-03T00:11:42.407505+08:00,臺北市,內湖區,中國信託內湖行政大樓員工餐廳,臺北市內湖區安康路22巷33號,25.061401578161,121.594060315562,(02)81787777,認證中,[],臺北市環保局
2026-05-03T00:11:42.407505+08:00,臺北市,南港區,中國信託金融園區員工餐廳,臺北市南港區經貿二路168號,25.058917223969,121.616179236032,(02)33277777,認證中,[],臺北市環保局
2026-05-03T00:11:42.407505+08:00,臺北市,松山區,中崙涼麵,臺北市松山區八德路三段12巷5弄30號,25.047550650801,121.551538920752,(02)27188177,認證中,[],臺北市環保局
2026-05-03T00:11:42.407505+08:00,臺北市,大同區,天下奇冰,臺北市大同區重慶北路三段232號,25.070416231207,121.513518272673,(02)25867867,認證中,[],臺北市環保局
2026-05-03T00:11:42.407505+08:00,臺北市,中山區,天下食堂,臺北市中山區安東街4之5號,25.046563170434,121.541681376653,(02)27771163,認證中,[],臺北市環保局
2026-05-03T00:11:42.407505+08:00,臺北市,大安區,日本橋海鮮丼?半Tsujihan( SOGO復興店),臺北市大安區忠孝東路3段300號,25.041211752706,121.543057105291,(02)77553346,認證中,[],臺北市環保局
2026-05-03T00:11:42.407505+08:00,臺北市,萬華區,王品餐飲股份有限公禾七台北家樂福桂林店,臺北市萬華區桂林路1號,25.037675427756,121.506303549514,(02)77074941,認證中,[],臺北市環保局
2026-05-03T00:11:42.407505+08:00,臺北市,信義區,王鍋屋逸仙創始總店,臺北市信義區逸仙路50巷20號,25.040452603735,121.562601188925,(02)27588380,認證中,[],臺北市環保局
2026-05-03T00:11:42.407505+08:00,臺北市,中正區,功夫肉圓(微風台大醫院商場),臺北市中正區中山南路77號,25.036788965075,121.517213353785,(02)23952298,認證中,[],臺北市環保局
2026-05-03T00:11:42.407505+08:00,臺北市,中正區,包家小鎮(微風台大醫院商場),臺北市中正區中山南路77號,25.036788965075,121.517213353785,(02)23952298,認證中,[],臺北市環保局
2026-05-03T00:11:42.407505+08:00,臺北市,中山區,古拉爵 義式屋-欣欣百貨店,臺北市中山區台北市中山區林森北路247號,25.054131199165,121.525560050051,(02)25427680,認證中,[],臺北市環保局
2026-05-03T00:11:42.407505+08:00,臺北市,南港區,古拉爵 義式屋-南港中信店,臺北市南港區台北市南港區經貿二路166號,25.058395282858,121.616124837481,(02)27892688,認證中,[],臺北市環保局
2026-05-03T00:11:42.407505+08:00,臺北市,中正區,台北花園大酒店-花園thai thai,臺北市中正區中華路二段1號,25.036455609387,121.506864550294,(02)23121000,認證中,[],臺北市環保局
2026-05-03T00:11:42.407505+08:00,臺北市,大安區,永和樓中華料理店,臺北市大安區和平東路二段118巷52弄3號,25.022392284601,121.542641195256,(02)23772077,認證中,[],臺北市環保局
2026-05-03T00:11:42.407505+08:00,臺北市,松山區,玉山銀行(第二總部大樓)員工餐廳,臺北市松山區敦化北路315號,25.05935517841,121.550272331364,(02)21751313,認證中,[],臺北市環保局
2026-05-03T00:11:42.407505+08:00,臺北市,松山區,玉山銀行員工餐廳,臺北市松山區民生東路三段117號,25.058065245421,121.546431156595,(02)21751313,認證中,[],臺北市環保局
2026-05-03T00:11:42.407505+08:00,臺北市,萬華區,甘物家 x 甘物日飲(桂林家樂福店),臺北市萬華區萬華區桂林路1號,25.037666078767,121.506343037961,(02)23816607,認證中,[],臺北市環保局
2026-05-03T00:11:42.407505+08:00,臺北市,北投區,甲大鴻港式燒臘(北榮美食街),臺北市北投區石牌路二段201號生活廣場,25.118886737357,121.520675945258,,認證中,[],臺北市環保局
2026-05-03T00:11:42.407505+08:00,臺北市,大安區,立馬吃一鍋。有機水產火鍋專賣,臺北市大安區仁愛路四段27巷9號,25.039541909955,121.545312004883,(02)27417668,認證中,[],臺北市環保局
2026-05-03T00:11:42.407505+08:00,臺北市,中山區,丼賞和食??物vs刺身丼丼專門店,臺北市中山區南京東路二段140號,25.051828690363,121.533856960728,(02)25175526,認證中,[],臺北市環保局
2026-05-03T00:11:42.407505+08:00,臺北市,大安區,伊勢路勝勢日式豬排(復興 SOGO店),臺北市大安區忠孝東路三段300號,25.041211752706,121.543057105291,(02)87729822,認證中,[],臺北市環保局
2026-05-03T00:11:42.407505+08:00,臺北市,大安區,再見 麵,臺北市大安區忠孝東路三段205之1號,25.041792461706,121.539153414868,(02)87730086,認證中,[],臺北市環保局
2026-05-03T00:11:42.407505+08:00,臺北市,大安區,吉 天婦羅 (忠孝SOGO店),臺北市大安區忠孝東路四段45號11F,25.041902421527,121.544882767622,(02)27312518,認證中,[],臺北市環保局
2026-05-03T00:11:42.407505+08:00,臺北市,大同區,向樂達工房(Caf? Chat Leopard 豹紋喵喵),臺北市大同區蘭州街蘭州街14號,25.062337936671,121.51437599352,(02)26256499,認證中,[],臺北市環保局
2026-05-03T00:11:42.407505+08:00,臺北市,大同區,在她家,臺北市大同區貴德街47－2號,25.054666467502,121.50832870114,,認證中,[],臺北市環保局
2026-05-03T00:11:42.407505+08:00,臺北市,內湖區,好好吃大餛飩(微風．三總商店街),臺北市內湖區成功路二段325號,25.071800418697,121.591982106488,(02)879233111,認證中,[],臺北市環保局
2026-05-03T00:11:42.407505+08:00,臺北市,中正區,好好吃大餛飩(微風台大醫院商場),臺北市中正區中山南路77號,25.036788965075,121.517213353785,(02)239522988,認證中,[],臺北市環保局
2026-05-03T00:11:42.407505+08:00,臺北市,北投區,安永鮮食(北榮美食街),臺北市北投區石牌路二段201號生活廣場,25.118886737357,121.520675945258,,認證中,[],臺北市環保局
2026-05-03T00:11:42.407505+08:00,臺北市,中正區,安永鮮食(微風台大醫院商場),臺北市中正區中山南路77號,25.036788965075,121.517213353785,(02)239522988,認證中,[],臺北市環保局
2026-05-03T00:11:42.407505+08:00,臺北市,文山區,成家小館,臺北市文山區木新路三段154號,24.981937280382,121.56128145827,(02)29374611,認證中,[],臺北市環保局
2026-05-03T00:11:42.407505+08:00,臺北市,士林區,成家小館(天母店),臺北市士林區忠義街84號,25.106262445965,121.531861145763,(02)28366668,認證中,[],臺北市環保局
2026-05-03T00:11:42.407505+08:00,臺北市,士林區,成真咖啡（天母SOGO店）,臺北市士林區士林區中山北路六段77號,25.105007004507,121.52427803796,(02)28368881,認證中,[],臺北市環保局
2026-05-03T00:11:42.407505+08:00,臺北市,大安區,成真咖啡台北sogo復興店,臺北市大安區忠孝東路三段300號,25.041211752706,121.543057105291,(02)87723722,認證中,[],臺北市環保局
2026-05-03T00:11:42.407505+08:00,臺北市,信義區,有之和牛台北忠孝,臺北市信義區110臺北市信義區忠孝東路五段497號,25.04132997945,121.578422198807,(02)87851117,認證中,[],臺北市環保局
2026-05-03T00:11:42.407505+08:00,臺北市,萬華區,有點辣正宗麻辣串串鍋,臺北市萬華區西寧南路285號,25.038865071274,121.506369012178,(02)23111085,認證中,[],臺北市環保局
2026-05-03T00:11:42.407505+08:00,臺北市,士林區,朱記餡餅粥(天母SOGO店),臺北市士林區中山北路6段77號,25.105007004507,121.52427803796,(02)28353619,認證中,[],臺北市環保局
2026-05-03T00:11:42.407505+08:00,臺北市,中正區,朱記餡餅粥(微風台大醫院商場),臺北市中正區中山南路77號,25.036788965075,121.517213353785,(02)239522988,認證中,[],臺北市環保局
2026-05-03T00:11:42.407505+08:00,臺北市,南港區,朱記餡餅粥店,臺北市南港區忠孝東路七段371號,25.052571117437,121.607496254895,(02)26510264,認證中,[],臺北市環保局
2026-05-03T00:11:42.407505+08:00,臺北市,信義區,老乾杯 信義店,臺北市信義區台北市信義區松壽路9號,25.036081608867,121.566662304833,(02)27253311,認證中,[],臺北市環保局
2026-05-03T00:11:42.407505+08:00,臺北市,松山區,老乾杯 慶城店,臺北市松山區台北市松山區慶城街29號,25.05400438097,121.545605203857,(02)27139000,認證中,[],臺北市環保局
2026-05-03T00:11:42.407505+08:00,臺北市,大安區,老乾杯(復興SOGO店),臺北市大安區忠孝東路三段300號,25.041211752706,121.543057105291,(02)27316555,認證中,[],臺北市環保局
2026-05-03T00:11:42.407505+08:00,臺北市,中山區,老乾杯大直忠泰店,臺北市中山區樂群三路200號,25.082541827617,121.556959832812,(02)85025551,認證中,[],臺北市環保局
2026-05-03T00:11:42.407505+08:00,臺北市,中山區,老乾杯南西店,臺北市中山區台北市中山區南京西路12號號,25.052327204054,121.521244878658,(02)25215255,認證中,[],臺北市環保局
2026-05-03T00:11:42.407505+08:00,臺北市,信義區,老莫派咖哩,臺北市信義區忠孝東路四段553巷2弄7號,25.041991856434,121.563149197755,(02)66039032,認證中,[],臺北市環保局
2026-05-03T00:11:42.407505+08:00,臺北市,松山區,老舅的家鄉味,臺北市松山區復興北路307號,25.058583582313,121.544403741855,(02)27181122,認證中,[],臺北市環保局
2026-05-03T00:11:42.407505+08:00,臺北市,內湖區,老董(微風．三總商店街),臺北市內湖區成功路二段325號,25.071800418697,121.591982106488,(02)879233111,認證中,[],臺北市環保局
2026-05-03T00:11:42.407505+08:00,臺北市,中正區,老董牛肉麵(微風台大醫院商場),臺北市中正區中山南路77號,25.036788965075,121.517213353785,(02)239522988,認證中,[],臺北市環保局
2026-05-03T00:11:42.407505+08:00,臺北市,北投區,西雅圖極品咖啡(北榮美食街),臺北市北投區石牌路二段201號生活廣場,25.118886737357,121.520675945258,(02)28760276,認證中,[],臺北市環保局
2026-05-03T00:11:42.407505+08:00,臺北市,內湖區,西雅圖極品咖啡(微風．三總商店街),臺北市內湖區成功路二段325號,25.071800418697,121.591982106488,(02)879233111,認證中,[],臺北市環保局
2026-05-03T00:11:42.407505+08:00,臺北市,信義區,吾家可歸朝食販賣部,臺北市信義區大道路42巷21號,25.041245867052,121.581023690096,(02)27599075,認證中,[],臺北市環保局
2026-05-03T00:11:42.407505+08:00,臺北市,內湖區,李記中式餐廳(微風．三總商店街),臺北市內湖區成功路二段325號,25.071800418697,121.591982106488,(02)879233111,認證中,[],臺北市環保局
2026-05-03T00:11:42.407505+08:00,臺北市,中正區,李記港式燒臘,臺北市中正區台北市中正區中山南路8號,25.044343147913,121.518750591911,(02)82872296,認證中,[],臺北市環保局
2026-05-03T00:11:42.407505+08:00,臺北市,中山區,沙渡垂陽碳烤(錦州店),臺北市中山區錦州街241巷1弄20號,25.060642177733,121.534692049741,,認證中,[],臺北市環保局
2026-05-03T00:11:42.407505+08:00,臺北市,信義區,芋品苑．先森吃麵,臺北市信義區吳興街26號一樓,25.03139977112,121.559718652423,(02)87333373,認證中,[],臺北市環保局
2026-05-03T00:11:42.407505+08:00,臺北市,大安區,谷炭燒肉(市民店),臺北市大安區市民大道四段12之2號,25.044734086428,121.54434361244,(02)27119500,認證中,[],臺北市環保局
2026-05-03T00:11:42.407505+08:00,臺北市,北投區,味?屋,臺北市北投區實踐街67號,25.11530140653,121.510035424265,(02)28283230,認證中,[],臺北市環保局
2026-05-03T00:11:42.407505+08:00,臺北市,中正區,咖食堂,臺北市中正區八德路1段82巷9弄13號,25.043581023367,121.531432327596,(02)23965252,認證中,[],臺北市環保局
2026-05-03T00:11:42.407505+08:00,臺北市,士林區,咖啡弄(士林店),臺北市士林區台北市士林區中正路253號,25.094958778981,121.52501556162,(02)28883322,認證中,[],臺北市環保局
2026-05-03T00:11:42.407505+08:00,臺北市,中正區,咖啡弄(站前店),臺北市中正區館前路18號,25.045402704294,121.514893742984,(02)23883000,認證中,[],臺北市環保局
2026-05-03T00:11:42.407505+08:00,臺北市,大安區,咖啡弄(敦化店),臺北市大安區台北市大安區敦化南路一段187巷42號,25.042391840854,121.551533137239,(02)27111910,認證中,[],臺北市環保局
2026-05-03T00:11:42.407505+08:00,臺北市,中正區,呷米蔬食 / 素食餐廳 Rice revolution vegetarian restaurant,臺北市中正區衡陽路9號,25.042414178626,121.513697477762,(02)23319662,認證中,[],臺北市環保局
2026-05-03T00:11:42.407505+08:00,臺北市,中正區,幸福時光廚房,臺北市中正區台北市中正區濟南路一段321號,25.041946971343,121.525531886856,(02)23930255,認證中,[],臺北市環保局
2026-05-03T00:11:42.407505+08:00,臺北市,中正區,幸福道小籠包(微風台大醫院商場),臺北市中正區中山南路77號,25.036788965075,121.517213353785,(02)239522988,認證中,[],臺北市環保局
2026-05-03T00:11:42.407505+08:00,臺北市,信義區,府宴餐廳,臺北市信義區市府路1號,25.037523002847,121.563783791644,(02)27588950,認證中,[],臺北市環保局
2026-05-03T00:11:42.407505+08:00,臺北市,內湖區,怡來養生食舖(微風．三總商店街),臺北市內湖區成功路二段325號,25.071800418697,121.591982106488,(02)879233111,認證中,[],臺北市環保局
2026-05-03T00:11:42.407505+08:00,臺北市,大安區,房間餐酒 The Room Bistro,臺北市大安區敦化南路一段160巷56號,25.043492761926,121.546733659481,(02)27731665,認證中,[],臺北市環保局
2026-05-03T00:11:42.407505+08:00,臺北市,北投區,明德素食園(北榮美食街),臺北市北投區石牌路二段201號生活廣場,25.118886737357,121.520675945258,(02)28739465,認證中,[],臺北市環保局
2026-05-03T00:11:42.407505+08:00,臺北市,內湖區,明德素食園(微風．三總商店街),臺北市內湖區成功路二段325號,25.071800418697,121.591982106488,(02)879233111,認證中,[],臺北市環保局
2026-05-03T00:11:42.407505+08:00,臺北市,中正區,明德素食園(微風台大醫院商場),臺北市中正區中山南路77號,25.036788965075,121.517213353785,(02)239522988,認證中,[],臺北市環保局
2026-05-03T00:11:42.407505+08:00,臺北市,松山區,杭州小籠湯包-民生店,臺北市松山區民生東路三段118號,25.057464682058,121.545328265776,(02)66130666,認證中,[],臺北市環保局
2026-05-03T00:11:42.407505+08:00,臺北市,大同區,東方饌黔天下(迪化),臺北市大同區迪化街一段358-2號,25.062833332952,121.509131352189,(02)25577872,認證中,[],臺北市環保局
2026-05-03T00:11:42.407505+08:00,臺北市,中正區,欣豐自助餐(微風台大醫院商場),臺北市中正區中山南路77號,25.036788965075,121.517213353785,(02)239522988,認證中,[],臺北市環保局
2026-05-03T00:11:42.407505+08:00,臺北市,萬華區,爭鮮迴轉壽司,臺北市萬華區台北市萬華區桂林路1號,25.037675427756,121.506303549514,(02)23812806,認證中,[],臺北市環保局
2026-05-03T00:11:42.407505+08:00,臺北市,文山區,芽米早午餐(木柵店),臺北市文山區秀明路二段16號,24.99161837855,121.574385893333,(02)29393166,認證中,[],臺北市環保局
2026-05-03T00:11:42.407505+08:00,臺北市,內湖區,花蓮扁食(微風．三總商店街),臺北市內湖區成功路二段325號,25.071800418697,121.591982106488,(02)879233111,認證中,[],臺北市環保局
2026-05-03T00:11:42.407505+08:00,臺北市,中正區,花蓮扁食(微風台大醫院商場),臺北市中正區中山南路77號,25.036788965075,121.517213353785,(02)239522988,認證中,[],臺北市環保局
2026-05-03T00:11:42.407505+08:00,臺北市,中山區,初點良食 Dim sum shop,臺北市中山區龍江路394巷2號,25.067122436625,121.540887868749,,認證中,[],臺北市環保局
2026-05-03T00:11:42.407505+08:00,臺北市,信義區,金色三麥 UMAMI微風南山店,臺北市信義區台北市信義區松智路17號,25.034435319265,121.565774493649,(02)27291229,認證中,[],臺北市環保局
2026-05-03T00:11:42.407505+08:00,臺北市,大同區,金色三麥 台北京站店,臺北市大同區台北市大同區承德路1段1號,25.049090071139,121.516784113607,(02)77370909,認證中,[],臺北市環保局
2026-05-03T00:11:42.407505+08:00,臺北市,中山區,金色三麥 台北美麗華店,臺北市中山區台北市中山區敬業3路20號,25.08292588642,121.556711979935,(02)21753739,認證中,[],臺北市環保局
2026-05-03T00:11:42.407505+08:00,臺北市,信義區,金色三麥 信義誠品店,臺北市信義區台北市信義區松高路11號,25.039515129775,121.565242326616,(02)87895911,認證中,[],臺北市環保局
2026-05-03T00:11:42.407505+08:00,臺北市,南港區,金色三麥南港CITYLINK店,臺北市南港區台北市南港區忠孝東路七段299號C棟,25.052363497695,121.604792504387,(02)27827000,認證中,[],臺北市環保局
2026-05-03T00:11:42.407505+08:00,臺北市,南港區,金春發牛肉店(昆陽店),臺北市南港區忠孝東路六段372號,25.049736986426,121.591736684363,(02)26538189,認證中,[],臺北市環保局
2026-05-03T00:11:42.407505+08:00,臺北市,中山區,金春發牛肉店(復北店),臺北市中山區復興北路202號,25.055616556227,121.543806195978,(02)25026806,認證中,[],臺北市環保局
2026-05-03T00:11:42.407505+08:00,臺北市,大安區,金澤美味壽司 (忠孝SOGO店),臺北市大安區忠孝東路四段45號11F,25.041902421527,121.544882767622,(02)87717770,認證中,[],臺北市環保局
2026-05-03T00:11:42.407505+08:00,臺北市,大安區,阿瑪迪斯咖啡館,臺北市大安區忠孝東路三段300號,25.041211752706,121.543057105291,(02)87728679,認證中,[],臺北市環保局
2026-05-03T00:11:42.407505+08:00,臺北市,士林區,青青食尚花園會館,臺北市士林區至善路二段266巷32號,25.099445013516,121.551310245009,(02)284119963,認證中,[],臺北市環保局
2026-05-03T00:11:42.407505+08:00,臺北市,士林區,非常泰（天母sogo 店）,臺北市士林區中山北路六段77號,25.105007004507,121.52427803796,(02)28310188,認證中,[],臺北市環保局
2026-05-03T00:11:42.407505+08:00,臺北市,中山區,侯黑鍋物 酸菜小火鍋 Ho Hey Hot Pot,臺北市中山區四平街19號,25.053725515052,121.531068552998,(02)25677889,認證中,[],臺北市環保局
2026-05-03T00:11:42.407505+08:00,臺北市,大安區,恬園餐廳,臺北市大安區新生南路三段30號,25.023168281197,121.534296340092,(02)771223232,認證中,[],臺北市環保局
2026-05-03T00:11:42.407505+08:00,臺北市,萬華區,星巴克,臺北市萬華區台北市萬華區桂林路1號,25.037675427756,121.506303549514,(02)23616931,認證中,[],臺北市環保局
2026-05-03T00:11:42.407505+08:00,臺北市,大安區,星辰牛排,臺北市大安區光復南路180巷16號,25.042508768403,121.556896717081,(02)27217512,認證中,[],臺北市環保局
2026-05-03T00:11:42.407505+08:00,臺北市,北投區,洪祖師擔仔麵(北榮美食街),臺北市北投區石牌路二段201號生活廣場,25.118886737357,121.520675945258,,認證中,[],臺北市環保局
2026-05-03T00:11:42.407505+08:00,臺北市,大安區,洗心壽司割烹,臺北市大安區敦化南路一段295巷9號,25.035584101004,121.549889278389,,認證中,[],臺北市環保局
2026-05-03T00:11:42.407505+08:00,臺北市,萬華區,炸雞大獅,臺北市萬華區台北市萬華區桂林路1號,25.037675427756,121.506303549514,(02)23813607,認證中,[],臺北市環保局
2026-05-03T00:11:42.407505+08:00,臺北市,內湖區,珍珠?子喫茶屋,臺北市內湖區內湖路二段103巷38號,25.081781547089,121.581039867169,(02)27973972,認證中,[],臺北市環保局
2026-05-03T00:11:42.407505+08:00,臺北市,大安區,皇家哥本哈根咖啡輕食複合店 (忠孝SOGO店),臺北市大安區忠孝東路四段45號4F,25.041902421527,121.544882767622,(02)27113362,認證中,[],臺北市環保局
2026-05-03T00:11:42.407505+08:00,臺北市,北投區,皇家傳承(北榮美食街),臺北市北投區石牌路二段201號生活廣場,25.118886737357,121.520675945258,(02)28747328,認證中,[],臺北市環保局
2026-05-03T00:11:42.407505+08:00,臺北市,士林區,紅瓦厝懷舊風味餐坊,臺北市士林區天母東路8巷67號,25.115350350137,121.530916849444,(02)28767407,認證中,[],臺北市環保局
2026-05-03T00:11:42.407505+08:00,臺北市,大安區,紅豆食府,臺北市大安區敦化南路一段246號,25.040146203265,121.548441975167,(02)87715511,認證中,[],臺北市環保局
2026-05-03T00:11:42.407505+08:00,臺北市,士林區,紅豆食府(天母SOGO店),臺北市士林區中山北路六段77號8F,25.105007004507,121.52427803796,(02)28332208,認證中,[],臺北市環保局
2026-05-03T00:11:42.407505+08:00,臺北市,北投區,紅豆食府(北榮美食街),臺北市北投區石牌路二段201號生活廣場,25.118886737357,121.520675945258,(02)28713068,認證中,[],臺北市環保局
2026-05-03T00:11:42.407505+08:00,臺北市,大安區,紅花鐵板燒(復興SOGO店),臺北市大安區忠孝東路三段300號,25.041211752706,121.543057105291,(02)27316555,認證中,[],臺北市環保局
2026-05-03T00:11:42.407505+08:00,臺北市,大安區,美術系壽司(台北大安店),臺北市大安區仁愛路四段300巷9弄4號,25.036935389525,121.554881120825,(02)27017989,認證中,[],臺北市環保局
2026-05-03T00:11:42.407505+08:00,臺北市,北投區,美華閣湯包麵食館,臺北市北投區大興街58號,25.130396878873,121.500452897279,(02)28977288,認證中,[],臺北市環保局
2026-05-03T00:11:42.407505+08:00,臺北市,中正區,美樂家速食坊,臺北市中正區常德街1號,25.04140013598,121.517171525172,(02)23111298,認證中,[],臺北市環保局
2026-05-03T00:11:42.407505+08:00,臺北市,大安區,風尚咖啡廳,臺北市大安區新生南路3段30號,25.023168281197,121.534296340092,(02)881223232,認證中,[],臺北市環保局
2026-05-03T00:11:42.407505+08:00,臺北市,萬華區,食光/此拾此客,臺北市萬華區昆明街214號,25.040743791052,121.504298346818,(02)23147302,認證中,[],臺北市環保局
2026-05-03T00:11:42.407505+08:00,臺北市,南港區,宮保王食品有限公司,臺北市南港區南港路三段149巷49弄12號,25.052175114421,121.585287815698,(02)26519947,認證中,[],臺北市環保局
2026-05-03T00:11:42.407505+08:00,臺北市,松山區,島津和牛咖哩 (民生店),臺北市松山區民生東路四段97巷1弄2號,25.058523609796,121.551933708392,(02)27171007,認證中,[],臺北市環保局
2026-05-03T00:11:42.407505+08:00,臺北市,中正區,徐州路2號庭園會館,臺北市中正區徐州路2號,25.040939835931,121.522296605761,(02)23928888,認證中,[],臺北市環保局
2026-05-03T00:11:42.407505+08:00,臺北市,信義區,捌伍添第,臺北市信義區信義路五段7號85號樓B側,25.03352416448,121.56460396087,(02)81010085,認證中,[],臺北市環保局
2026-05-03T00:11:42.407505+08:00,臺北市,大安區,書屋花甲(台大店),臺北市大安區羅斯福路三段283巷20號,25.018638072078,121.531700129403,(02)23680824,認證中,[],臺北市環保局
2026-05-03T00:11:42.407505+08:00,臺北市,大安區,泰迪農園咖哩,臺北市大安區忠孝東路三段300號,25.041211752706,121.543057105291,(02)87726099,認證中,[],臺北市環保局
2026-05-03T00:11:42.407505+08:00,臺北市,萬華區,海底撈,臺北市萬華區台北市萬華區桂林路1號,25.037675427756,121.506303549514,(02)23146868,認證中,[],臺北市環保局
2026-05-03T00:11:42.407505+08:00,臺北市,信義區,海底撈火鍋,臺北市信義區松智路17號2B,25.034435319265,121.565774493649,(02)87801855,認證中,[],臺北市環保局
2026-05-03T00:11:42.407505+08:00,臺北市,大安區,烤肉工廠,臺北市大安區忠孝東路四段216巷27弄2號,25.039798354283,121.553231478461,(02)87717345,認證中,[],臺北市環保局
2026-05-03T00:11:42.407505+08:00,臺北市,大安區,真飽餐盒,臺北市大安區延吉街70巷6弄3號,25.042727829443,121.553524258339,(02)27720506,認證中,[],臺北市環保局
2026-05-03T00:11:42.407505+08:00,臺北市,大安區,神樂家（忠孝SOGO店）,臺北市大安區忠孝東路四段45號,25.041902421527,121.544882767622,(02)89785666,認證中,[],臺北市環保局
2026-05-03T00:11:42.407505+08:00,臺北市,大安區,秘徑小食光,臺北市大安區羅斯福路三段283巷3號,25.018229412389,121.531515308438,(02)33651995,認證中,[],臺北市環保局
2026-05-03T00:11:42.407505+08:00,臺北市,北投區,財團法人福祿文化基金會北投文物館,臺北市北投區幽雅路32號,25.138335504416,121.514527531817,(02)289123181,認證中,[],臺北市環保局
2026-05-03T00:11:42.407505+08:00,臺北市,中山區,鬥牛士(長安店),臺北市中山區長安東路二段169之12號,25.048384296867,121.542182534649,(02)27406660,認證中,[],臺北市環保局
2026-05-03T00:11:42.407505+08:00,臺北市,中正區,乾杯列車台北總站,臺北市中正區北平西路3號,25.04717593782,121.517057698926,(02)23618000,認證中,[],臺北市環保局
2026-05-03T00:11:42.407505+08:00,臺北市,大同區,乾杯燒肉居酒屋 中山店,臺北市大同區台北市大同區南京西路25巷2-1號,25.053097500956,121.520241900124,(02)25556110,認證中,[],臺北市環保局
2026-05-03T00:11:42.407505+08:00,臺北市,大安區,乾杯燒肉居酒屋 本店,臺北市大安區台北市大安區敦化南路一段236巷17號,25.040659301468,121.547007831534,(02)87731150,認證中,[],臺北市環保局
2026-05-03T00:11:42.407505+08:00,臺北市,信義區,乾杯燒肉居酒屋 信義 ATT 店,臺北市信義區台北市信義區松壽路12號,25.035668087674,121.566020921602,(02)87860808,認證中,[],臺北市環保局
2026-05-03T00:11:42.407505+08:00,臺北市,南港區,乾杯燒肉居酒屋 南港中信店,臺北市南港區台北市南港區經貿二路186-1號,25.058742880383,121.614968805395,(02)27866066,認證中,[],臺北市環保局
2026-05-03T00:11:42.407505+08:00,臺北市,松山區,基督復臨安息日會醫療財團法人臺安醫院 嗎哪天然之味餐廳,臺北市松山區八德路二段424號,25.048053145897,121.547277142083,(02)277181513,認證中,[],臺北市環保局
2026-05-03T00:11:42.407505+08:00,臺北市,南港區,敘日全日餐廳,臺北市南港區忠孝東路七段359號,25.052512444115,121.606055824834,(02)66156526,認證中,[],臺北市環保局
2026-05-03T00:11:42.407505+08:00,臺北市,士林區,梅居休閒農場,臺北市士林區平菁街43巷99號,25.141111172336,121.574810772005,,認證中,[],臺北市環保局
2026-05-03T00:11:42.407505+08:00,臺北市,中山區,涮乃葉-欣欣百貨店,臺北市中山區台北市中山區林森北路247號,25.054131199165,121.525560050051,(02)25416320,認證中,[],臺北市環保局
2026-05-03T00:11:42.407505+08:00,臺北市,信義區,涮乃葉-信義遠百店,臺北市信義區台北市信義區松仁路58號,25.036731960735,121.567967870072,(02)27230698,認證中,[],臺北市環保局
2026-05-03T00:11:42.407505+08:00,臺北市,南港區,涮乃葉-南港中信店,臺北市南港區台北市南港區經貿二路188-1號,25.058843253673,121.614663787938,(02)26530155,認證中,[],臺北市環保局
2026-05-03T00:11:42.407505+08:00,臺北市,信義區,涮乃葉-統一時代市府店,臺北市信義區台北市信義區忠孝東路5段8號,25.040864616186,121.565417005478,(02)27230646,認證中,[],臺北市環保局
2026-05-03T00:11:42.407505+08:00,臺北市,中正區,涮乃葉-寶慶遠百店,臺北市中正區台北市中正區寶慶路32號,25.041688305811,121.509114001649,(02)23611258,認證中,[],臺北市環保局
2026-05-03T00:11:42.407505+08:00,臺北市,大安區,深紅鍋物,臺北市大安區敦化南路一段246號,25.040146203265,121.548441975167,(02)87730035,認證中,[],臺北市環保局
2026-05-03T00:11:42.407505+08:00,臺北市,中正區,第一佳(微風台大醫院商場),臺北市中正區中山南路77號,25.036788965075,121.517213353785,(02)239522988,認證中,[],臺北市環保局
2026-05-03T00:11:42.407505+08:00,臺北市,中正區,第一銀行總行大樓員工餐廳,臺北市中正區重慶南路一段30號,25.045571934919,121.513107727055,(02)23481520,認證中,[],臺北市環保局
2026-05-03T00:11:42.407505+08:00,臺北市,大安區,荷李活茶街 (忠孝SOGO店),臺北市大安區忠孝東路四段45號2F,25.041902421527,121.544882767622,(02)27780369,認證中,[],臺北市環保局
2026-05-03T00:11:42.407505+08:00,臺北市,大安區,莆田 (忠孝SOGO店),臺北市大安區忠孝東路四段45號12F,25.041902421527,121.544882767622,(02)87710767,認證中,[],臺北市環保局
2026-05-03T00:11:42.407505+08:00,臺北市,大安區,野橙咖啡,臺北市大安區羅斯福路三段269巷6之1號,25.019241443379,121.530523477835,(02)27025522,認證中,[],臺北市環保局
2026-05-03T00:11:42.407505+08:00,臺北市,士林區,魚君 ????? 天母SOGO店,臺北市士林區中山北路六段77號,25.105007004507,121.52427803796,(02)88661170,認證中,[],臺北市環保局
2026-05-03T00:11:42.407505+08:00,臺北市,信義區,鳥作洋食,臺北市信義區忠孝東路四段553巷16弄2號,25.042648117543,121.563059176115,(02)27567966,認證中,[],臺北市環保局
2026-05-03T00:11:42.407505+08:00,臺北市,士林區,麥味登士林葫東,臺北市士林區葫東街28-1號,25.083541788665,121.511072265688,(02)28112112,認證中,[],臺北市環保局
2026-05-03T00:11:42.407505+08:00,臺北市,中山區,麥味登大直北安羅伯,臺北市中山區北安路595巷19號,25.082216651683,121.54750940462,(02)85092968,認證中,[],臺北市環保局
2026-05-03T00:11:42.407505+08:00,臺北市,內湖區,麥味登內湖文湖,臺北市內湖區文湖街49號,25.08677732902,121.562148482335,(02)87516996,認證中,[],臺北市環保局
2026-05-03T00:11:42.407505+08:00,臺北市,內湖區,麥味登內湖光寶,臺北市內湖區瑞光路392號,25.077800645995,121.571259359629,,認證中,[],臺北市環保局
2026-05-03T00:11:42.407505+08:00,臺北市,內湖區,麥味登內湖波士店,臺北市內湖區內湖路一段411巷9弄4號,25.082135598679,121.571294228347,(02)26277311,認證中,[],臺北市環保局
2026-05-03T00:11:42.407505+08:00,臺北市,內湖區,麥味登內湖星雲,臺北市內湖區星雲街10號1F,25.077658405098,121.590382084991,(02)87920660,認證中,[],臺北市環保局
2026-05-03T00:11:42.407505+08:00,臺北市,內湖區,麥味登內湖園區,臺北市內湖區內湖路一段323巷30號,25.084231577387,121.567937024668,(02)26275822,認證中,[],臺北市環保局
2026-05-03T00:11:42.407505+08:00,臺北市,內湖區,麥味登內湖新明,臺北市內湖區新明路198號,25.057258612969,121.585003082447,(02)27960603,認證中,[],臺北市環保局
2026-05-03T00:11:42.407505+08:00,臺北市,內湖區,麥味登內湖新湖,臺北市內湖區新湖三路118號,25.064081398334,121.577454759543,(02)27956995,認證中,[],臺北市環保局
2026-05-03T00:11:42.407505+08:00,臺北市,內湖區,麥味登內湖葫洲,臺北市內湖區民權東路六段296巷67號,25.071091519236,121.607585270706,(02)26333323,認證中,[],臺北市環保局
2026-05-03T00:11:42.407505+08:00,臺北市,內湖區,麥味登內湖旗艦,臺北市內湖區文德路90巷43號,25.07722363578,121.583158728472,(02)26272227,認證中,[],臺北市環保局
2026-05-03T00:11:42.407505+08:00,臺北市,內湖區,麥味登內湖碧湖,臺北市內湖區金龍路107號,25.085592588915,121.591044171523,(02)87916778,認證中,[],臺北市環保局
2026-05-03T00:11:42.407505+08:00,臺北市,士林區,麥味登天母士東,臺北市士林區士東路71號,25.112098304141,121.528215017881,(02)28712828,認證中,[],臺北市環保局
2026-05-03T00:11:42.407505+08:00,臺北市,文山區,麥味登文山木星好運,臺北市文山區木新路三段315號,24.980590979094,121.556735030169,(02)29360988,認證中,[],臺北市環保局
2026-05-03T00:11:42.407505+08:00,臺北市,文山區,麥味登文山木新,臺北市文山區木新路二段277號,24.982898181762,121.565953782557,(02)29398080,認證中,[],臺北市環保局
2026-05-03T00:11:42.407505+08:00,臺北市,文山區,麥味登文山世新,臺北市文山區景興路288號,24.989274253598,121.542172814506,(02)29350818,認證中,[],臺北市環保局
2026-05-03T00:11:42.407505+08:00,臺北市,文山區,麥味登文山辛亥,臺北市文山區辛亥路五段5號,25.000527796801,121.554549197459,(02)29315015,認證中,[],臺北市環保局
2026-05-03T00:11:42.407505+08:00,臺北市,文山區,麥味登文山政大,臺北市文山區萬壽路25巷3號,24.98857465805,121.576049449656,(02)29381314,認證中,[],臺北市環保局
2026-05-03T00:11:42.407505+08:00,臺北市,文山區,麥味登文山滬江,臺北市文山區羅斯福路六段455巷21號,24.99013113556,121.540505570146,(02)29351157,認證中,[],臺北市環保局
2026-05-03T00:11:42.407505+08:00,臺北市,文山區,麥味登文山興隆,臺北市文山區興隆路四段119號,24.985749747132,121.561419256759,(02)29392619,認證中,[],臺北市環保局
2026-05-03T00:11:42.407505+08:00,臺北市,文山區,麥味登文山饗食大亨,臺北市文山區羅斯福路五段218巷25號,25.002022373957,121.537569054187,(02)29301098,認證中,[],臺北市環保局
2026-05-03T00:11:42.407505+08:00,臺北市,大安區,麥味登北市大安,臺北市大安區大安路二段134號,25.029787092949,121.545949867715,(02)27017080,認證中,[],臺北市環保局
2026-05-03T00:11:42.407505+08:00,臺北市,信義區,麥味登北市大道,臺北市信義區大道路50號,25.041380689964,121.582117863736,(02)27598668,認證中,[],臺北市環保局
2026-05-03T00:11:42.407505+08:00,臺北市,大安區,麥味登北市仁愛,臺北市大安區仁愛路三段24巷1-6號,25.036729655711,121.535709528968,(02)27037182,認證中,[],臺北市環保局
2026-05-03T00:11:42.407505+08:00,臺北市,信義區,麥味登北市六張犁店,臺北市信義區基隆路二段183號,25.024897551641,121.553382436537,(02)27323011,認證中,[],臺北市環保局
2026-05-03T00:11:42.407505+08:00,臺北市,信義區,麥味登北市天秤獅,臺北市信義區光復南路473巷29號,25.033712380116,121.558948271702,(02)27589477,認證中,[],臺北市環保局
2026-05-03T00:11:42.407505+08:00,臺北市,文山區,麥味登北市文山木柵店,臺北市文山區木柵路三段55號,24.988669122098,121.566370614602,(02)86617903,認證中,[],臺北市環保局
2026-05-03T00:11:42.407505+08:00,臺北市,信義區,麥味登北市世貿莊敬店,臺北市信義區莊敬路203號,25.030588444802,121.561566191521,(02)87861811,認證中,[],臺北市環保局
2026-05-03T00:11:42.407505+08:00,臺北市,中正區,麥味登北市台大,臺北市中正區羅斯福路四段118號,25.013266613247,121.535572065756,(02)23657279,認證中,[],臺北市環保局
2026-05-03T00:11:42.407505+08:00,臺北市,松山區,麥味登北市台視店,臺北市松山區八德路三段12巷5弄6號,25.047556224767,121.550877923868,(02)25795877,認證中,[],臺北市環保局
2026-05-03T00:11:42.407505+08:00,臺北市,松山區,麥味登北市民生,臺北市松山區民生東路五段153-5號,25.059171782368,121.562355347705,(02)27607148,認證中,[],臺北市環保局
2026-05-03T00:11:42.407505+08:00,臺北市,松山區,麥味登北市民生延壽店,臺北市松山區延壽街173號,25.05684379258,121.5619783297,(02)27476967,認證中,[],臺北市環保局
2026-05-03T00:11:42.407505+08:00,臺北市,大同區,麥味登北市民權,臺北市大同區民權西路234號,25.062786184746,121.51298694383,(02)25506676,認證中,[],臺北市環保局
2026-05-03T00:11:42.407505+08:00,臺北市,信義區,麥味登北市永春,臺北市信義區忠孝東路五段372巷27弄77-1號,25.03984793324,121.576542808477,(02)27220602,認證中,[],臺北市環保局
2026-05-03T00:11:42.407505+08:00,臺北市,南港區,麥味登北市同德,臺北市南港區同德路54號,25.045452702346,121.584797977277,(02)27855330,認證中,[],臺北市環保局
2026-05-03T00:11:42.407505+08:00,臺北市,萬華區,麥味登北市成功,臺北市萬華區萬大路177號,25.028187825823,121.500633527292,(02)23075752,認證中,[],臺北市環保局
2026-05-03T00:11:42.407505+08:00,臺北市,信義區,麥味登北市百勝,臺北市信義區吳興街281巷14號,25.026440534287,121.564448057471,(02)27584827,認證中,[],臺北市環保局
2026-05-03T00:11:42.407505+08:00,臺北市,松山區,麥味登北市西松,臺北市松山區健康路325巷6弄2號,25.054853258214,121.567367977261,(02)85095201,認證中,[],臺北市環保局
2026-05-03T00:11:42.407505+08:00,臺北市,萬華區,麥味登北市西門,臺北市萬華區西寧南路24號,25.046097396429,121.506795986326,(02)23717288,認證中,[],臺北市環保局
2026-05-03T00:11:42.407505+08:00,臺北市,中正區,麥味登北市和平,臺北市中正區廈門街75號,25.024844913289,121.51750755567,(02)23652299,認證中,[],臺北市環保局
2026-05-03T00:11:42.407505+08:00,臺北市,信義區,麥味登北市府捷運店,臺北市信義區基隆路1段147巷12號,25.042332622708,121.566185709818,(02)27491801,認證中,[],臺北市環保局
2026-05-03T00:11:42.407505+08:00,臺北市,信義區,麥味登北市忠孝店,臺北市信義區忠孝東路5段524巷6號,25.040906399973,121.579455771288,(02)23463923,認證中,[],臺北市環保局
2026-05-03T00:11:42.407505+08:00,臺北市,文山區,麥味登北市忠順,臺北市文山區忠順街2段25號,24.984820696984,121.563141151128,(02)29399358,認證中,[],臺北市環保局
2026-05-03T00:11:42.407505+08:00,臺北市,大同區,麥味登北市昌吉,臺北市大同區昌吉街27號,25.065963931878,121.517056190184,(02)25996761,認證中,[],臺北市環保局
2026-05-03T00:11:42.407505+08:00,臺北市,南港區,麥味登北市昆陽,臺北市南港區昆陽街94號,25.051699022321,121.593473582339,(02)27883965,認證中,[],臺北市環保局
2026-05-03T00:11:42.407505+08:00,臺北市,信義區,麥味登北市松山,臺北市信義區松山路241號,25.044471768217,121.577969073121,(02)27682899,認證中,[],臺北市環保局
2026-05-03T00:11:42.407505+08:00,臺北市,信義區,麥味登北市松仁,臺北市信義區松仁路232號,25.025177339569,121.569071096167,(02)27585197,認證中,[],臺北市環保局
2026-05-03T00:11:42.407505+08:00,臺北市,信義區,麥味登北市松德,臺北市信義區松德路193號,25.035477399377,121.574778501678,(02)27260169,認證中,[],臺北市環保局
2026-05-03T00:11:42.407505+08:00,臺北市,中山區,麥味登北市長安東,臺北市中山區長安東路二段72號,25.048342321556,121.533683958246,(02)25065763,認證中,[],臺北市環保局
2026-05-03T00:11:42.407505+08:00,臺北市,中山區,麥味登北市長春,臺北市中山區長春路238號,25.054619528844,121.538162576751,(02)25071770,認證中,[],臺北市環保局
2026-05-03T00:11:42.407505+08:00,臺北市,信義區,麥味登北市信義基隆店,臺北市信義區基隆路二段131-2號,25.028112430604,121.556802085394,(02)27327880,認證中,[],臺北市環保局
2026-05-03T00:11:42.407505+08:00,臺北市,松山區,麥味登北市南京三民(togo外賣專門店),臺北市松山區南京東路五段186號,25.051213500579,121.563704750297,(02)27489768,認證中,[],臺北市環保局
2026-05-03T00:11:42.407505+08:00,臺北市,大同區,麥味登北市重慶,臺北市大同區重慶北路一段61號1F,25.051255703462,121.514005428885,(02)25593866,認證中,[],臺北市環保局
2026-05-03T00:11:42.407505+08:00,臺北市,中山區,麥味登北市神通,臺北市中山區新生北路三段69-1號,25.066399120291,121.528066490557,(02)25866260,認證中,[],臺北市環保局
2026-05-03T00:11:42.407505+08:00,臺北市,松山區,麥味登北市健康店,臺北市松山區健康路15巷13號,25.054641112245,121.552819591739,(02)25148117,認證中,[],臺北市環保局
2026-05-03T00:11:42.407505+08:00,臺北市,松山區,麥味登北市參食,臺北市松山區光復北路60巷19-4號,25.049678019737,121.556777442599,(02)25782800,認證中,[],臺北市環保局
2026-05-03T00:11:42.407505+08:00,臺北市,中山區,麥味登北市國王,臺北市中山區民生東路一段5號,25.058131672003,121.523518637532,(02)25115091,認證中,[],臺北市環保局
2026-05-03T00:11:42.407505+08:00,臺北市,中山區,麥味登北市國王二,臺北市中山區長春路147-2號,25.054950739748,121.532397000833,(02)25312636,認證中,[],臺北市環保局
2026-05-03T00:11:42.407505+08:00,臺北市,大安區,麥味登北市通化,臺北市大安區通安街54號,25.031196929063,121.553181689956,(02)27065066,認證中,[],臺北市環保局
2026-05-03T00:11:42.407505+08:00,臺北市,松山區,麥味登北市敦北,臺北市松山區敦化北路222巷11號,25.059240723522,121.548308283812,(02)27120158,認證中,[],臺北市環保局
2026-05-03T00:11:42.407505+08:00,臺北市,大安區,麥味登北市敦南遠企店,臺北市大安區敦化南路二段63巷5號,25.031090185526,121.549416958145,(02)27035003,認證中,[],臺北市環保局
2026-05-03T00:11:42.407505+08:00,臺北市,中正區,麥味登北市新生店,臺北市中正區忠孝東路二段116號,25.042544307673,121.531264773352,(02)23919493,認證中,[],臺北市環保局
2026-05-03T00:11:42.407505+08:00,臺北市,松山區,麥味登北市新東興,臺北市松山區八德路四段245巷36號,25.050053990004,121.56440916544,(02)27476080,認證中,[],臺北市環保局
2026-05-03T00:11:42.407505+08:00,臺北市,大安區,麥味登北市瑞安,臺北市大安區瑞安街208巷26號,25.02883566312,121.540493332567,(02)27077551,認證中,[],臺北市環保局
2026-05-03T00:11:42.407505+08:00,臺北市,中山區,麥味登北市實踐,臺北市中山區大直街70號,25.083586548028,121.546234181871,(02)25336934,認證中,[],臺北市環保局
2026-05-03T00:11:42.407505+08:00,臺北市,中山區,麥味登北市榮星花園,臺北市中山區五常街85號,25.064413195972,121.540676980065,(02)25082251,認證中,[],臺北市環保局
2026-05-03T00:11:42.407505+08:00,臺北市,中山區,麥味登北市龍江1店,臺北市中山區龍江路244號,25.058980633066,121.540614367249,(02)77292550,認證中,[],臺北市環保局
2026-05-03T00:11:42.407505+08:00,臺北市,北投區,麥味登北投奇岩,臺北市北投區三合街二段463號,25.126355460438,121.50178679335,(02)28985212,認證中,[],臺北市環保局
2026-05-03T00:11:42.407505+08:00,臺北市,北投區,麥味登北投陽明,臺北市北投區立農街二段275號,25.118821889683,121.515171016341,(02)28220198,認證中,[],臺北市環保局
2026-05-03T00:11:42.407505+08:00,臺北市,北投區,麥味登北投實踐,臺北市北投區實踐街62號,25.115194034351,121.509796707663,(02)28201888,認證中,[],臺北市環保局
2026-05-03T00:11:42.407505+08:00,臺北市,大同區,麥味登北門塔城,臺北市大同區塔城街48號,25.05243059483,121.510284618246,(02)25522215,認證中,[],臺北市環保局
2026-05-03T00:11:42.407505+08:00,臺北市,大安區,麥味登台北科大to-go 專門店,臺北市大安區新生南路一段1號,25.044205894249,121.533176853104,(02)87729001,認證中,[],臺北市環保局
2026-05-03T00:11:42.407505+08:00,臺北市,信義區,麥味登台北陽光店,臺北市信義區信安街155號,25.02284080024,121.555345226803,(02)27339595,認證中,[],臺北市環保局
2026-05-03T00:11:42.407505+08:00,臺北市,文山區,麥味登台北萬隆,臺北市文山區羅斯福路五段233號,25.00173030654,121.539263623552,(02)29356080,認證中,[],臺北市環保局
2026-05-03T00:11:42.407505+08:00,臺北市,信義區,麥味登信義福德,臺北市信義區福德街246號,25.038683938346,121.585181114071,(02)27271825,認證中,[],臺北市環保局
2026-05-03T00:11:42.407505+08:00,臺北市,南港區,麥味登南軟園區,臺北市南港區新民街81號,25.055634996414,121.611107597878,(02)27833313,認證中,[],臺北市環保局
2026-05-03T00:11:42.407505+08:00,臺北市,文山區,麥味登景興饗食大亨,臺北市文山區景興路40號,24.997093228156,121.544587054078,(02)29325657,認證中,[],臺北市環保局
2026-05-03T00:11:42.407505+08:00,臺北市,萬華區,麥味登萬華雙園,臺北市萬華區雙園街148號,25.031637146618,121.491893884489,(02)22123484,認證中,[],臺北市環保局
2026-05-03T00:11:42.407505+08:00,臺北市,萬華區,麥味登萬華寶興,臺北市萬華區寶興街109號,25.025494343147,121.494683214228,(02)23395976,認證中,[],臺北市環保局
2026-05-03T00:11:42.407505+08:00,臺北市,信義區,麻辣45 本店,臺北市信義區台北市信義區忠孝東路五段 68 號 45 樓,25.040647776351,121.566693820789,(02)27253358,認證中,[],臺北市環保局
2026-05-03T00:11:42.407505+08:00,臺北市,大安區,凱林鐵板燒,臺北市大安區忠孝東路三段300號,25.041211752706,121.543057105291,(02)87728551,認證中,[],臺北市環保局
2026-05-03T00:11:42.407505+08:00,臺北市,中山區,凱基證券總公司員工餐廳(自有),臺北市中山區成功里明水路700號,25.084982847369,121.55163003204,(02)21818888,認證中,[],臺北市環保局
2026-05-03T00:11:42.407505+08:00,臺北市,中山區,勝利廚房,臺北市中山區八德路二段174巷28號1-,25.045326303246,121.538170623378,(02)27766603,認證中,[],臺北市環保局
2026-05-03T00:11:42.407505+08:00,臺北市,信義區,博多天麩羅山海,臺北市信義區忠孝東路五段8號,25.040864616186,121.565417005478,(02)27231885,認證中,[],臺北市環保局
2026-05-03T00:11:42.407505+08:00,臺北市,內湖區,喜陽鮮食(微風．三總商店街),臺北市內湖區成功路二段325號,25.071800418697,121.591982106488,(02)879233111,認證中,[],臺北市環保局
2026-05-03T00:11:42.407505+08:00,臺北市,信義區,帽哥海味,臺北市信義區忠孝東路四段559巷16弄8號,25.042276589685,121.564089144377,,認證中,[],臺北市環保局
2026-05-03T00:11:42.407505+08:00,臺北市,大安區,晶湯匙泰式主題餐廳,臺北市大安區忠孝東路四段300號,25.041155342497,121.556279892827,(02)87725006,認證中,[],臺北市環保局
2026-05-03T00:11:42.407505+08:00,臺北市,中山區,港都熱炒 中山旗艦店,臺北市中山區民生東路一段52號,25.057936122202,121.524835937435,(02)25221918,認證中,[],臺北市環保局
2026-05-03T00:11:42.407505+08:00,臺北市,大安區,無二會所,臺北市大安區杭州南路二段61巷12號,25.030129661332,121.522979010606,(02)23917599,認證中,[],臺北市環保局
2026-05-03T00:11:42.407505+08:00,臺北市,松山區,發肉燒肉餐酒(敦化本店),臺北市松山區敦化北路4巷56號,25.050290694949,121.544865668539,(02)27113331,認證中,[],臺北市環保局
2026-05-03T00:11:42.407505+08:00,臺北市,信義區,華南銀行員工餐廳,臺北市信義區松仁路123號,25.034519305934,121.56878091468,(02)237131113,認證中,[],臺北市環保局
2026-05-03T00:11:42.407505+08:00,臺北市,萬華區,貴陽柳州螺螄粉,臺北市萬華區貴陽街二段36號,25.039523679316,121.505091610134,(02)23612627,認證中,[],臺北市環保局
2026-05-03T00:11:42.407505+08:00,臺北市,大安區,開飯川食堂,臺北市大安區敦化南路一段246號,25.040146203265,121.548441975167,(02)27515618,認證中,[],臺北市環保局
2026-05-03T00:11:42.407505+08:00,臺北市,士林區,陽明山春天書食創作料理士林店,臺北市士林區?山路119-1號,25.0928568,121.5198273,(02)28620178,認證中,[],臺北市環保局
2026-05-03T00:11:42.407505+08:00,臺北市,中正區,雲泰小鎮泰式料理,臺北市中正區羅斯福路四段90巷2-2號,25.013889388653,121.534768576517,(02)23675625,認證中,[],臺北市環保局
2026-05-03T00:11:42.407505+08:00,臺北市,信義區,黑毛屋 信義 ATT 店,臺北市信義區台北市信義區松壽路 12 號 4 樓,25.035668087674,121.566020921602,(02)77362698,認證中,[],臺北市環保局
2026-05-03T00:11:42.407505+08:00,臺北市,南港區,黑毛屋 南港中信店,臺北市南港區台北市南港區經貿二路 186-1 號 2 樓,25.058742880383,121.614968805395,(02)27865669,認證中,[],臺北市環保局
2026-05-03T00:11:42.407505+08:00,臺北市,中正區,黑毛屋大直忠泰店,臺北市中正區樂群三路200號,25.082541827617,121.556959832812,(02)85025991,認證中,[],臺北市環保局
2026-05-03T00:11:42.407505+08:00,臺北市,士林區,黑毛屋天母SOGO店,臺北市士林區中山北路6段77號,25.105007004507,121.52427803796,(02)28366018,認證中,[],臺北市環保局
2026-05-03T00:11:42.407505+08:00,臺北市,信義區,黑毛屋本家 信義店,臺北市信義區台北市信義區松高路 19 號 6 樓,25.039359058737,121.56666691488,(02)27237722,認證中,[],臺北市環保局
2026-05-03T00:11:42.407505+08:00,臺北市,大安區,黑毛屋本家(復興SOGO店),臺北市大安區忠孝東路三段300號,25.041211752706,121.543057105291,(02)27315199,認證中,[],臺北市環保局
2026-05-03T00:11:42.407505+08:00,臺北市,中正區,黑毛屋微風台北車站店,臺北市中正區北平西路 3 號 2 樓,25.047752777237,121.518269734478,(02)23751511,認證中,[],臺北市環保局
2026-05-03T00:11:42.407505+08:00,臺北市,文山區,愛加倍餐廳,臺北市文山區萬美街一段19巷5之1,25.001994462219,121.5694024328,(02)22303518,認證中,[],臺北市環保局
2026-05-03T00:11:42.407505+08:00,臺北市,中正區,新盛員工餐廳,臺北市中正區忠孝東路一段12號,25.044912321048,121.52207141813,,認證中,[],臺北市環保局
2026-05-03T00:11:42.407505+08:00,臺北市,士林區,新葡苑（天母SOGO店）,臺北市士林區中山北路6段77號,25.105007004507,121.52427803796,(02)28366628,認證中,[],臺北市環保局
2026-05-03T00:11:42.407505+08:00,臺北市,大安區,新葡苑(復興SOGO店),臺北市大安區忠孝東路三段300號,25.041211752706,121.543057105291,(02)87720177,認證中,[],臺北市環保局
2026-05-03T00:11:42.407505+08:00,臺北市,內湖區,楊記(微風．三總商店街),臺北市內湖區成功路二段325號,25.071800418697,121.591982106488,(02)879233111,認證中,[],臺北市環保局
2026-05-03T00:11:42.407505+08:00,臺北市,松山區,萬芳冰室-南京店,臺北市松山區台北市松山區南京東路五段66巷16號,25.050286629726,121.560698832181,(02)27494069,認證中,[],臺北市環保局
2026-05-03T00:11:42.407505+08:00,臺北市,北投區,義美見學餐廳(北榮美食街),臺北市北投區石牌路二段201號生活廣場,25.118886737357,121.520675945258,(02)28749302,認證中,[],臺北市環保局
2026-05-03T00:11:42.407505+08:00,臺北市,松山區,蜂蜜窩桌遊咖啡館,臺北市松山區光復北路103巷38號,25.050795117882,121.559775733184,(02)27425922,認證中,[],臺北市環保局
2026-05-03T00:11:42.407505+08:00,臺北市,大安區,詩特莉 Aunt Stella (忠孝SOGO店),臺北市大安區忠孝東路四段45號,25.041902421527,121.544882767622,(02)27403072,認證中,[],臺北市環保局
2026-05-03T00:11:42.407505+08:00,臺北市,中正區,頌丹樂泰式伊善料理,臺北市中正區北平西路3號,25.04717593782,121.517057698926,(02)23882968,認證中,[],臺北市環保局
2026-05-03T00:11:42.407505+08:00,臺北市,中山區,彰化商業銀行員工餐廳,臺北市中山區中山北路二段57號,25.055317573741,121.522940621489,,認證中,[],臺北市環保局
2026-05-03T00:11:42.407505+08:00,臺北市,大安區,漢來名人坊,臺北市大安區敦化南路一段246號,25.040146203265,121.548441975167,(02)87732111,認證中,[],臺北市環保局
2026-05-03T00:11:42.407505+08:00,臺北市,士林區,漢來海港-天母店,臺北市士林區中山北路六段77號7F,25.105007004507,121.52427803796,(07)4128068,認證中,[],臺北市環保局
2026-05-03T00:11:42.407505+08:00,臺北市,大安區,漢來海港-敦化店,臺北市大安區敦化南路一段246號,25.040146203265,121.548441975167,(07)4128068,認證中,[],臺北市環保局
2026-05-03T00:11:42.407505+08:00,臺北市,大安區,漢來蔬食 (忠孝SOGO店),臺北市大安區忠孝東路四段45號11F,25.041902421527,121.544882767622,(02)27311128,認證中,[],臺北市環保局
2026-05-03T00:11:42.407505+08:00,臺北市,松山區,綠帶純植物烘焙,臺北市松山區民生東路五段36巷8弄64號,25.057164190829,121.560498420876,(02)27477668,認證中,[],臺北市環保局
2026-05-03T00:11:42.407505+08:00,臺北市,大安區,翟記牛肉麵食館,臺北市大安區通安街80號,25.030287576388,121.553122513719,(02)87717195,認證中,[],臺北市環保局
2026-05-03T00:11:42.407505+08:00,臺北市,大安區,聚 北海道鍋物 (忠孝SOGO店),臺北市大安區忠孝東路四段45號11F,25.041902421527,121.544882767622,(02)27218787,認證中,[],臺北市環保局
2026-05-03T00:11:42.407505+08:00,臺北市,松山區,聚寶員工餐廳,臺北市松山區敦化北路158號,25.055343515731,121.548393779224,(02)27156888,認證中,[],臺北市環保局
2026-05-03T00:11:42.407505+08:00,臺北市,大同區,臺灣企銀總行大樓員工餐廳,臺北市大同區塔城街30號,25.05117016614,121.51028780337,(02)25597171,認證中,[],臺北市環保局
2026-05-03T00:11:42.407505+08:00,臺北市,大安區,蓋子普拉斯小餐館,臺北市大安區忠孝東路三段10巷22號,25.04075866893,121.53334943649,(02)27118571,認證中,[],臺北市環保局
2026-05-03T00:11:42.407505+08:00,臺北市,大安區,遠東SOGO忠孝店員工餐廳,臺北市大安區忠孝東路四段45號,25.041902421527,121.544882767622,(02)27765555,認證中,[],臺北市環保局
2026-05-03T00:11:42.407505+08:00,臺北市,中正區,廟口蚵仔煎(微風台大醫院商場),臺北市中正區中山南路77號,25.036788965075,121.517213353785,(02)23952298,認證中,[],臺北市環保局
2026-05-03T00:11:42.407505+08:00,臺北市,士林區,摩斯漢堡(天母SOGO店),臺北市士林區中山北路六段77號,25.105007004507,121.52427803796,(02)28343204,認證中,[],臺北市環保局
2026-05-03T00:11:42.407505+08:00,臺北市,大安區,樂檸漢堡（忠孝敦化門市）,臺北市大安區忠孝東路四段223巷47號,25.04290464569,121.552874325566,(02)87720607,認證中,[],臺北市環保局
2026-05-03T00:11:42.407505+08:00,臺北市,信義區,樂檸漢堡（信義遠百門市）,臺北市信義區松仁路58號,25.036731960735,121.567967870072,(02)27255260,認證中,[],臺北市環保局
2026-05-03T00:11:42.407505+08:00,臺北市,松山區,樂檸漢堡（南京三民門市）,臺北市松山區光復北路11巷99-1號,25.050500535895,121.562433131767,(02)27620398,認證中,[],臺北市環保局
2026-05-03T00:11:42.407505+08:00,臺北市,大安區,蔬店手作鍋物復興店,臺北市大安區復興南路一段107巷2號,25.043566480765,121.54430123118,(02)27311008,認證中,[],臺北市環保局
2026-05-03T00:11:42.407505+08:00,臺北市,信義區,蔬漫小姐Miss Shumaan.house,臺北市信義區永吉路120巷82號1F,25.042614045107,121.570113804922,(02)27662386,認證中,[],臺北市環保局
2026-05-03T00:11:42.407505+08:00,臺北市,大安區,醉美餐酒水煙館 Drunk Night,臺北市大安區文昌街128號,25.032546918389,121.552695874848,,認證中,[],臺北市環保局
2026-05-03T00:11:42.407505+08:00,臺北市,中山區,養心茶樓,臺北市中山區松江路128號,25.052511312558,121.532780389084,(02)25428828,認證中,[],臺北市環保局
2026-05-03T00:11:42.407505+08:00,臺北市,大安區,曉鹿鳴樓上海菜,臺北市大安區羅斯福路四段85號,25.012893199461,121.536484687373,(02)23688994,認證中,[],臺北市環保局
2026-05-03T00:11:42.407505+08:00,臺北市,松山區,橫濱牛排-微風南京店,臺北市松山區南京東路3段337號,25.05196309418,121.547994632995,(02)87125575,認證中,[],臺北市環保局
2026-05-03T00:11:42.407505+08:00,臺北市,大安區,燒肉Smile大安忠孝店,臺北市大安區台北市大安區忠孝東路四段104號號,25.041361621135,121.546620084693,(02)27522000,認證中,[],臺北市環保局
2026-05-03T00:11:42.407505+08:00,臺北市,內湖區,燒肉Smile台北內湖店,臺北市內湖區台北市內湖區內湖路一段320號,25.081682011989,121.569761429713,(02)26599555,認證中,[],臺北市環保局
2026-05-03T00:11:42.407505+08:00,臺北市,信義區,燒肉Smile台北忠孝,臺北市信義區忠孝東路五段497號,25.04132997945,121.578422198807,(02)87852227,認證中,[],臺北市環保局
2026-05-03T00:11:42.407505+08:00,臺北市,內湖區,築間幸福鍋物內湖成功,臺北市內湖區114臺北市內湖區成功路4段34號,25.081786199045,121.591733834516,(02)27952275,認證中,[],臺北市環保局
2026-05-03T00:11:42.407505+08:00,臺北市,北投區,築間幸福鍋物北投石牌,臺北市北投區112臺北市北投區石牌路一段160號,25.114333045256,121.513300594647,(02)28289366,認證中,[],臺北市環保局
2026-05-03T00:11:42.407505+08:00,臺北市,松山區,築間幸福鍋物台北三民,臺北市松山區105臺北市松山區三民路25號,25.054561693712,121.563650435565,(02)25289191,認證中,[],臺北市環保局
2026-05-03T00:11:42.407505+08:00,臺北市,內湖區,築間幸福鍋物台北內湖,臺北市內湖區114台北市內湖區內湖路一段318號,25.081698943433,121.569701163829,(02)26561277,認證中,[],臺北市環保局
2026-05-03T00:11:42.407505+08:00,臺北市,萬華區,築間幸福鍋物台北西門町,臺北市萬華區108臺北市萬華區昆明街92-1號,25.044967934976,121.505291686163,(02)23310003,認證中,[],臺北市環保局
2026-05-03T00:11:42.407505+08:00,臺北市,信義區,築間幸福鍋物台北忠孝一,臺北市信義區110臺北市信義區忠孝東路五段695號,25.04228220556,121.579993721833,(02)87852222,認證中,[],臺北市環保局
2026-05-03T00:11:42.407505+08:00,臺北市,大安區,築間幸福鍋物台北忠孝二,臺北市大安區106臺北市大安區忠孝東路四段120號,25.041352820136,121.54724193809,(02)27732727,認證中,[],臺北市環保局
2026-05-03T00:11:42.407505+08:00,臺北市,中山區,築間幸福鍋物台北松江,臺北市中山區104臺北市中山區松江路27號,25.047240604203,121.533155395432,(02)25068633,認證中,[],臺北市環保局
2026-05-03T00:11:42.407505+08:00,臺北市,中山區,築間幸福鍋物台北南京一,臺北市中山區104臺北市中山區南京東路一段138號,25.051881496353,121.527338438447,(02)25429099,認證中,[],臺北市環保局
2026-05-03T00:11:42.407505+08:00,臺北市,中山區,築間幸福鍋物台北南京二,臺北市中山區104臺北市中山區南京東路一段138號,25.051881496353,121.527338438447,(02)25429199,認證中,[],臺北市環保局
2026-05-03T00:11:42.407505+08:00,臺北市,南港區,築間幸福鍋物台北南港,臺北市南港區115臺北市南港區興中路56巷3號,25.056501391836,121.606743140894,(02)26516268,認證中,[],臺北市環保局
2026-05-03T00:11:42.407505+08:00,臺北市,松山區,築間幸福鍋物台北復興南,臺北市松山區105臺北市松山區復興南路一段1之1號,25.047346090454,121.544139544267,(02)27525568,認證中,[],臺北市環保局
2026-05-03T00:11:42.407505+08:00,臺北市,中山區,築間幸福鍋物台北農安,臺北市中山區104臺北市中山區農安街57號,25.06498643433,121.527055633034,(02)25911717,認證中,[],臺北市環保局
2026-05-03T00:11:42.407505+08:00,臺北市,中山區,築間幸福鍋物台北雙城,臺北市中山區104臺北市中山區雙城街34號,25.066493458611,121.524238559196,(02)25960707,認證中,[],臺北市環保局
2026-05-03T00:11:42.407505+08:00,臺北市,信義區,築間幸福鍋物信義世貿店,臺北市信義區台北市信義區基隆路一段426號,25.033876623508,121.559832646307,(02)27201555,認證中,[],臺北市環保局
2026-05-03T00:11:42.407505+08:00,臺北市,大安區,隨意吧(公企店),臺北市大安區金華街187號,25.030129367965,121.527627865564,(02)23416777,認證中,[],臺北市環保局
2026-05-03T00:11:42.407505+08:00,臺北市,士林區,靜岡勝政日式豬排,臺北市士林區中山北路六段77號8F,25.105007004507,121.52427803796,(02)28363899,認證中,[],臺北市環保局
2026-05-03T00:11:42.407505+08:00,臺北市,南港區,靜岡勝政豬排 南港環球店,臺北市南港區忠孝東路七段371號,25.052571117437,121.607496254895,(02)27865589,認證中,[],臺北市環保局
2026-05-03T00:11:42.407505+08:00,臺北市,中山區,餡老滿(台北吉林店),臺北市中山區松江路90巷23號,25.050614990783,121.53033002351,(02)25672028,認證中,[],臺北市環保局
2026-05-03T00:11:42.407505+08:00,臺北市,南港區,餡老滿(南港旗艦店),臺北市南港區經貿二路66號,25.057141811148,121.616198682048,(02)27893423,認證中,[],臺北市環保局
2026-05-03T00:11:42.407505+08:00,臺北市,信義區,默爾Pasta Pizza(信義誠品店),臺北市信義區松高路11號,25.039515129775,121.565242326616,(02)27224660,認證中,[],臺北市環保局
2026-05-03T00:11:42.407505+08:00,臺北市,中山區,龍江涼麵,臺北市中山區龍江路356巷5號,25.066096365948,121.540657617869,(02)25062623,認證中,[],臺北市環保局
2026-05-03T00:11:42.407505+08:00,臺北市,內湖區,龍凰號(微風．三總商店街),臺北市內湖區成功路二段325號,25.071800418697,121.591982106488,(02)87923311,認證中,[],臺北市環保局
2026-05-03T00:11:42.407505+08:00,臺北市,內湖區,優米自助餐(微風．三總商店街),臺北市內湖區成功路二段325號,25.071800418697,121.591982106488,(02)87923311,認證中,[],臺北市環保局
2026-05-03T00:11:42.407505+08:00,臺北市,信義區,優喜-鍋物專門店,臺北市信義區基隆路一段147巷5弄5號,25.042705910766,121.566073979049,(02)27493636,認證中,[],臺北市環保局
2026-05-03T00:11:42.407505+08:00,臺北市,中正區,戲台酒館 Theater Trattoria,臺北市中正區中山南路21-1號,25.035539215913,121.51834289614,(02)23971920,認證中,[],臺北市環保局
2026-05-03T00:11:42.407505+08:00,臺北市,中山區,禪風茶樓 Zen Tea Restaurant,臺北市中山區松江路182號,25.056298298322,121.532882061569,(02)25678977,認證中,[],臺北市環保局
2026-05-03T00:11:42.407505+08:00,臺北市,中山區,韓宮韓式料理,臺北市中山區長安東路二段49之1號,25.048570602689,121.532300944222,(02)25235380,認證中,[],臺北市環保局
2026-05-03T00:11:42.407505+08:00,臺北市,大安區,點水樓(復興SOGO店),臺北市大安區忠孝東路三段300號,25.041211752706,121.543057105291,(02)87725089,認證中,[],臺北市環保局
2026-05-03T00:11:42.407505+08:00,臺北市,萬華區,薆悅精品inn cafe x 台北成都會館,臺北市萬華區成都路27巷8號,25.04298607588,121.506775283025,(02)23751212,認證中,[],臺北市環保局
2026-05-03T00:11:42.407505+08:00,臺北市,士林區,藏粵閣,臺北市士林區格致路237號,25.143440754685,121.548863920173,(02)28616661,認證中,[],臺北市環保局
2026-05-03T00:11:42.407505+08:00,臺北市,中山區,藏壽司 大直ATT店,臺北市中山區敬業三路123號,25.081795461048,121.555540022233,(02)77520835,認證中,[],臺北市環保局
2026-05-03T00:11:42.407505+08:00,臺北市,大同區,藏壽司 中山南西店,臺北市大同區南京西路57號,25.053083964183,121.519353837482,(02)25565289,認證中,[],臺北市環保局
2026-05-03T00:11:42.407505+08:00,臺北市,中正區,藏壽司 台北館前店,臺北市中正區館前路12號,25.045615269358,121.514896592831,(02)23316029,認證中,[],臺北市環保局
2026-05-03T00:11:42.407505+08:00,臺北市,中山區,藏壽司 松江南京店,臺北市中山區南京東路二段101號,25.052241373366,121.53263705854,(02)25681519,認證中,[],臺北市環保局
2026-05-03T00:11:42.407505+08:00,臺北市,信義區,藏壽司 信義ATT店,臺北市信義區松壽路12號,25.035668087674,121.566020921602,(02)77340800,認證中,[],臺北市環保局
2026-05-03T00:11:42.407505+08:00,臺北市,南港區,藏壽司 南港CITYLINK店,臺北市南港區忠孝東路七段369號,25.052670191532,121.607208336521,(02)26510266,認證中,[],臺北市環保局
2026-05-03T00:11:42.407505+08:00,臺北市,信義區,藏壽司 微風松高店,臺北市信義區松高路16號,25.038728823438,121.567277033612,(02)27206900,認證中,[],臺北市環保局
2026-05-03T00:11:42.407505+08:00,臺北市,士林區,藝食知選,臺北市士林區臺北市士林區天玉街81巷2號,25.122856560686,121.531067630989,(02)28762882,認證中,[],臺北市環保局
2026-05-03T00:11:42.407505+08:00,臺北市,大安區,麵工坊大安店,臺北市大安區和平東路二段118巷2弄1號,25.024458507553,121.542793494436,(02)23776186,認證中,[],臺北市環保局
2026-05-03T00:11:42.407505+08:00,臺北市,中正區,魔法咖哩,臺北市中正區許昌街30號,25.04545236707,121.515879035702,(02)23886298,認證中,[],臺北市環保局
2026-05-03T00:11:42.407505+08:00,臺北市,大安區,鰻將劍持屋,臺北市大安區忠孝東路三段300號,25.041211752706,121.543057105291,(02)87728551,認證中,[],臺北市環保局
2026-05-03T00:11:42.407505+08:00,臺北市,大安區,靈感咖啡,臺北市大安區新生南路三段84-6號,25.018856294928,121.533494108139,(02)23631371,認證中,[],臺北市環保局
2026-05-03T00:11:42.407505+08:00,臺北市,大同區,讚豆工坊,臺北市大同區大龍街60號,25.065141583358,121.51597098518,,認證中,[],臺北市環保局
2026-05-03T00:11:42.407505+08:00,臺北市,萬華區,?陸伍貳懷舊港式冰室,臺北市萬華區昆明街99號,25.042403282152,121.504781982631,,認證中,[],臺北市環保局
2026-05-03T00:11:42.407505+08:00,新北市,蘆洲區,31早午餐,新北市蘆洲區和平路171號,25.080995995123,121.466501998467,02-82861790,認證中,['認證中'],新北市環保局
2026-05-03T00:11:42.407505+08:00,新北市,板橋區,57黃燜雞(板橋大遠百),新北市板橋區新站路28號,25.013677997055,121.466619009835,0988754052,認證中,['認證中'],新北市環保局
2026-05-03T00:11:42.407505+08:00,新北市,板橋區,Alessi Cafe,新北市板橋區新站路28號,25.013677997055,121.466619009835,02-29566768,認證中,['認證中'],新北市環保局
2026-05-03T00:11:42.407505+08:00,新北市,中和區,Apple203早午餐店-中和遠東,新北市中和區中正路738號,24.998090004082,121.48555096308,02-82261077,認證中,['認證中'],新北市環保局
2026-05-03T00:11:42.407505+08:00,新北市,板橋區,B & G德國農莊複合式茶館,新北市板橋區新站路28號,25.013677997055,121.466619009835,02-77054168,認證中,['認證中'],新北市環保局
2026-05-03T00:11:42.407505+08:00,新北市,板橋區,BarAku,新北市板橋區縣民大道一段269號,25.009860628521,121.460396483858,02-29698058,認證中,['認證中'],新北市環保局
2026-05-03T00:11:42.407505+08:00,新北市,三重區,bb.q三重三和店,新北市三重區三和路四段３９８之１號一樓,25.079325984735,121.481494038124,02-22861069,認證中,['認證中'],新北市環保局
2026-05-03T00:11:42.407505+08:00,新北市,中和區,bb.q中和中漢店,新北市中和區中山路三段186號,25.006584015212,121.47231996128,02-82282057,認證中,['認證中'],新北市環保局
2026-05-03T00:11:42.407505+08:00,新北市,板橋區,bb.q板橋板農店,新北市板橋區府中路29之1號,25.008633013353,121.45875996978,02-22710016,認證中,['認證中'],新北市環保局
2026-05-03T00:11:42.407505+08:00,新北市,中和區,Bellini Pasta Pasta 中和環球,新北市中和區中山路三段122號,25.006077203437,121.475688899623,0988629682,認證中,['認證中'],新北市環保局
2026-05-03T00:11:42.407505+08:00,新北市,板橋區,BinB書? Bar in Book,新北市板橋區民生路三段140號,25.027207394609,121.466328493071,02-82510325,認證中,['認證中'],新北市環保局
2026-05-03T00:11:42.407505+08:00,新北市,中和區,cama 中和環球,新北市中和區中山路三段122號,25.006077203437,121.475688899623,02-22230612,認證中,['認證中'],新北市環保局
2026-05-03T00:11:42.407505+08:00,新北市,中和區,Cold Stone 中和環球,新北市中和區中山路三段122號,25.006077203437,121.475688899623,02-22211807,認證中,['認證中'],新北市環保局
2026-05-03T00:11:42.407505+08:00,新北市,新店區,Dear 40 Cafe,新北市新店區寶興路40號,24.973995008028,121.548726959875,02-29177171,認證中,['認證中'],新北市環保局
2026-05-03T00:11:42.407505+08:00,新北市,板橋區,DRIP CAFE好滴咖啡-環球板橋車站店,新北市板橋區縣民大道二段七號2F,25.013858920435,121.464032019239,02-29609288,認證中,['認證中'],新北市環保局
2026-05-03T00:11:42.407505+08:00,新北市,三重區,House.好食早餐店,新北市三重區福德里成功路106之1號,25.05146101818,121.487228098087,02-29703375,認證中,['認證中'],新北市環保局
2026-05-03T00:11:42.407505+08:00,新北市,板橋區,Kali Chimaek 韓式炸雞,新北市板橋區中山路一段158巷21號,25.011417900683,121.466429327366,02-29647777,認證中,['認證中'],新北市環保局
2026-05-03T00:11:42.407505+08:00,新北市,中和區,Mami Cooking 中和環球店,新北市中和區中山路三段122號,25.006077203437,121.475688899623,0986750260,認證中,['認證中'],新北市環保局
2026-05-03T00:11:42.407505+08:00,新北市,中和區,MOMO PARADISE 中和環球,新北市中和區中山路三段122號,25.006077203437,121.475688899623,02-82286002,認證中,['認證中'],新北市環保局
2026-05-03T00:11:42.407505+08:00,新北市,新店區,Mrs. Mapo麻婆豆腐 新店家樂福店,新北市新店區中興路三段1號1F,24.978301476467,121.545289751781,02-29115569,認證中,['認證中'],新北市環保局
2026-05-03T00:11:42.407505+08:00,新北市,永和區,Party創作美食茶房,新北市永和區竹林路222號,25.007936016194,121.520681028031,02-89211103,認證中,['認證中'],新北市環保局
2026-05-03T00:11:42.407505+08:00,新北市,新店區,petit doux 微兜  小碧潭店,新北市新店區新北市新店區中央路157號,24.972507010667,121.530558011276,02-29115998,認證中,['認證中'],新北市環保局
2026-05-03T00:11:42.407505+08:00,新北市,烏來區,Psyaq  Cikay Ma食坊,新北市烏來區福山里卡拉模基26號,24.778502,121.499621,0916127010,認證中,['認證中'],新北市環保局
2026-05-03T00:11:42.407505+08:00,新北市,新莊區,Q Burger（總店）,新北市新莊區頭前路24號,25.0530400011,121.467800019992,02-89913667,認證中,['認證中'],新北市環保局
2026-05-03T00:11:42.407505+08:00,新北市,八里區,Q Burger八里中山店,新北市八里區中山路二段363號,25.146983994705,121.398889041226,02-26194767,認證中,['認證中'],新北市環保局
2026-05-03T00:11:42.407505+08:00,新北市,三重區,Q Burger三重力行店,新北市三重區力行路一段160號一樓及地下一樓,25.071012980803,121.482156040837,02-29879488,認證中,['認證中'],新北市環保局
2026-05-03T00:11:42.407505+08:00,新北市,三重區,Q Burger三重三民店,新北市三重區三民街298號,25.0688949996,121.477929969075,02-29869285,認證中,['認證中'],新北市環保局
2026-05-03T00:11:42.407505+08:00,新北市,三重區,Q Burger三重大智店,新北市三重區大智街55號,25.0678379997,121.492757974888,02-29883200,認證中,['認證中'],新北市環保局
2026-05-03T00:11:42.407505+08:00,新北市,三重區,Q Burger三重中正店,新北市三重區中正北路180號,25.066862010894,121.483178968301,02-29856668,認證中,['認證中'],新北市環保局
2026-05-03T00:11:42.407505+08:00,新北市,三重區,Q Burger三重中正南店,新北市三重區中正南路49號,25.059539999375,121.493809987555,02-29746343,認證中,['認證中'],新北市環保局
2026-05-03T00:11:42.407505+08:00,新北市,三重區,Q Burger三重仁政店,新北市三重區溪美里仁愛街349號,25.079756018277,121.492179958845,02-29886667,認證中,['認證中'],新北市環保局
2026-05-03T00:11:42.407505+08:00,新北市,三重區,Q Burger三重仁愛店,新北市三重區溪尾街269號,25.082392001097,121.487633027829,02-29860322,認證中,['認證中'],新北市環保局
2026-05-03T00:11:42.407505+08:00,新北市,三重區,Q Burger三重永福店,新北市三重區永福街172號,25.074492015445,121.480945023466,02-82878666,認證中,['認證中'],新北市環保局
2026-05-03T00:11:42.407505+08:00,新北市,三重區,Q Burger三重田安店,新北市三重區三民街71號,25.062865016546,121.485947008005,02-29840181,認證中,['認證中'],新北市環保局
2026-05-03T00:11:42.407505+08:00,新北市,三重區,Q Burger三重光復店,新北市三重區光復路一段68巷22號,25.04917301007,121.471071979716,02-29990935,認證中,['認證中'],新北市環保局
2026-05-03T00:11:42.407505+08:00,新北市,三重區,Q Burger三重光興店,新北市三重區正義南路103號,25.059255685219,121.49845398101,02-29740006,認證中,['認證中'],新北市環保局
2026-05-03T00:11:42.407505+08:00,新北市,三重區,Q Burger三重自強店,新北市三重區自強路二段7號,25.069057985707,121.490327977338,02-29882918,認證中,['認證中'],新北市環保局
2026-05-03T00:11:42.407505+08:00,新北市,三重區,Q Burger三重忠孝店,新北市三重區忠孝路二段46號,25.070399006396,121.485198001138,02-29846788,認證中,['認證中'],新北市環保局
2026-05-03T00:11:42.407505+08:00,新北市,三重區,Q Burger三重長安店,新北市三重區長安街73號,25.067299001416,121.501503987937,02-29762393,認證中,['認證中'],新北市環保局
2026-05-03T00:11:42.407505+08:00,新北市,三重區,Q Burger三重重陽店,新北市三重區重陽路43巷31號,25.061008,121.4885336,02-89881667,認證中,['認證中'],新北市環保局
2026-05-03T00:11:42.407505+08:00,新北市,三重區,Q Burger三重頂崁店,新北市三重區頂崁街188號,25.066399120291,121.477416409868,02-29843557,認證中,['認證中'],新北市環保局
2026-05-03T00:11:42.407505+08:00,新北市,三重區,Q Burger三重菜寮店,新北市三重區重新路三段93號,25.060117093409,121.49157436634,02-29880901,認證中,['認證中'],新北市環保局
2026-05-03T00:11:42.407505+08:00,新北市,三重區,Q Burger三重集成店,新北市三重區集成路42號,25.052748981422,121.488898024656,02-29776785,認證中,['認證中'],新北市環保局
2026-05-03T00:11:42.407505+08:00,新北市,三重區,Q Burger三重慈愛店,新北市三重區慈愛街46號,25.079186803233,121.485858662746,02-22808853,認證中,['認證中'],新北市環保局
2026-05-03T00:11:42.407505+08:00,新北市,三重區,Q Burger三重福德南店,新北市三重區福德南路40號,25.062635017122,121.503005019158,02-29755550,認證中,['認證中'],新北市環保局
2026-05-03T00:11:42.407505+08:00,新北市,三重區,Q Burger三重龍門店,新北市三重區龍門路40號,25.072444987051,121.495962041195,02-29772611,認證中,['認證中'],新北市環保局
2026-05-03T00:11:42.407505+08:00,新北市,三峽區,Q Burger三峽大同店,新北市三峽區介壽里大同路1-4號,24.929529011682,121.378232008488,02-26740031,認證中,['認證中'],新北市環保局
2026-05-03T00:11:42.407505+08:00,新北市,三峽區,Q Burger三峽中華店,新北市三峽區安溪里中華路46-2號,24.930459989668,121.371980030728,02-86719007,認證中,['認證中'],新北市環保局
2026-05-03T00:11:42.407505+08:00,新北市,三峽區,Q Burger三峽文化店,新北市三峽區文化路266之13號,24.935843015525,121.366674034561,02-26738182,認證中,['認證中'],新北市環保局
2026-05-03T00:11:42.407505+08:00,新北市,三峽區,Q Burger三峽北大店,新北市三峽區國際二街37號,24.94293251305,121.372168372093,02-26737288,認證中,['認證中'],新北市環保局
2026-05-03T00:11:42.407505+08:00,新北市,三峽區,Q Burger三峽復興店,新北市三峽區復興路30號,24.936172005225,121.374443974986,02-86717069,認證中,['認證中'],新北市環保局
2026-05-03T00:11:42.407505+08:00,新北市,土城區,Q Burger土城永豐店,新北市土城區永豐路135巷10號,24.983343009364,121.467246982021,02-22707050,認證中,['認證中'],新北市環保局
2026-05-03T00:11:42.407505+08:00,新北市,土城區,Q Burger土城立德店,新北市土城區延和路54號,24.988758012182,121.465576971632,02-22632929,認證中,['認證中'],新北市環保局
2026-05-03T00:11:42.407505+08:00,新北市,土城區,Q Burger土城延吉店,新北市土城區延吉街312號,24.984142014284,121.463871002879,02-82610582,認證中,['認證中'],新北市環保局
2026-05-03T00:11:42.407505+08:00,新北市,土城區,Q Burger土城延和店,新北市土城區延和路115號,24.990458993702,121.468011998324,02-22631515,認證中,['認證中'],新北市環保局
2026-05-03T00:11:42.407505+08:00,新北市,土城區,Q Burger土城青雲店,新北市土城區青雲路238號,24.98054630355,121.45897203193,02-22730363,認證中,['認證中'],新北市環保局
2026-05-03T00:11:42.407505+08:00,新北市,土城區,Q Burger土城員林店,新北市土城區員林街10之2號一樓,24.977904998221,121.442927979605,02-82610003,認證中,['認證中'],新北市環保局
2026-05-03T00:11:42.407505+08:00,新北市,土城區,Q Burger土城廣興店,新北市土城區廣興街33號,24.991471988611,121.455468983136,02-89661116,認證中,['認證中'],新北市環保局
2026-05-03T00:11:42.407505+08:00,新北市,土城區,Q Burger土城學成店,新北市土城區學成路47號,24.987480107223,121.452222504398,02-82731862,認證中,['認證中'],新北市環保局
2026-05-03T00:11:42.407505+08:00,新北市,中和區,Q Burger中和大仁店,新北市中和區大仁街19巷6號,24.993282018692,121.517437985874,02-86680138,認證中,['認證中'],新北市環保局
2026-05-03T00:11:42.407505+08:00,新北市,中和區,Q Burger中和中山店,新北市中和區員山路454號,25.00618600054,121.480070958603,02-82211126,認證中,['認證中'],新北市環保局
2026-05-03T00:11:42.407505+08:00,新北市,中和區,Q Burger中和中興店,新北市中和區中興街163號,24.990772979795,121.500044028042,02-22429011,認證中,['認證中'],新北市環保局
2026-05-03T00:11:42.407505+08:00,新北市,中和區,Q Burger中和仁愛店,新北市中和區仁愛街102號,24.987078991247,121.511461018357,02-29436889,認證中,['認證中'],新北市環保局
2026-05-03T00:11:42.407505+08:00,新北市,中和區,Q Burger中和民生店,新北市中和區民生街85巷1弄2號,25.004566994032,121.469075997113,02-29550810,認證中,['認證中'],新北市環保局
2026-05-03T00:11:42.407505+08:00,新北市,中和區,Q Burger中和民享店,新北市中和區民享街86巷3號,25.000809009653,121.474341005773,02-82282005,認證中,['認證中'],新北市環保局
2026-05-03T00:11:42.407505+08:00,新北市,中和區,Q Burger中和自立店,新北市中和區自立路76號一樓,24.991219986692,121.524089026043,02-29488588,認證中,['認證中'],新北市環保局
2026-05-03T00:11:42.407505+08:00,新北市,中和區,Q Burger中和秀朗店,新北市中和區秀朗路三段48號,24.99558398267,121.526367394964,02-29222380,認證中,['認證中'],新北市環保局
2026-05-03T00:11:42.407505+08:00,新北市,中和區,Q Burger中和秀福店,新北市中和區更生街7號,24.996350004802,121.521781991013,02-29430512,認證中,['認證中'],新北市環保局
2026-05-03T00:11:42.407505+08:00,新北市,中和區,Q Burger中和宜安店,新北市中和區宜安路25號,24.995887994299,121.512791980762,02-29470125,認證中,['認證中'],新北市環保局
2026-05-03T00:11:42.407505+08:00,新北市,中和區,Q Burger中和板南店,新北市中和區連城路219巷1號,24.996857752104,121.494730867389,02-22466351,認證中,['認證中'],新北市環保局
2026-05-03T00:11:42.407505+08:00,新北市,中和區,Q Burger中和保健店,新北市中和區景安路22號,24.998726986814,121.507348018469,02-22460690,認證中,['認證中'],新北市環保局
2026-05-03T00:11:42.407505+08:00,新北市,中和區,Q Burger中和南山店,新北市中和區南山路161號,24.995434994342,121.502753981158,02-22439007,認證中,['認證中'],新北市環保局
2026-05-03T00:11:42.407505+08:00,新北市,中和區,Q Burger中和南勢角店,新北市中和區南山路174-2號,24.991283982522,121.504919026748,02-29470520,認證中,['認證中'],新北市環保局
2026-05-03T00:11:42.407505+08:00,新北市,中和區,Q Burger中和建一店,新北市中和區建一路157號,24.9992770073,121.488258988358,02-82282132,認證中,['認證中'],新北市環保局
2026-05-03T00:11:42.407505+08:00,新北市,中和區,Q Burger中和員山店,新北市中和區員山路395號,25.002845979763,121.481077960451,02-82286062,認證中,['認證中'],新北市環保局
2026-05-03T00:11:42.407505+08:00,新北市,中和區,Q Burger中和泰和店,新北市中和區泰和街22號,25.000669995789,121.499584029196,02-22466060,認證中,['認證中'],新北市環保局
2026-05-03T00:11:42.407505+08:00,新北市,中和區,Q Burger中和連城店,新北市中和區連城路469巷17號,24.995229009071,121.483666040694,02-22219606,認證中,['認證中'],新北市環保局
2026-05-03T00:11:42.407505+08:00,新北市,中和區,Q Burger中和復興店,新北市中和區復興路54號,24.990314992606,121.50402199547,02-29462197,認證中,['認證中'],新北市環保局
2026-05-03T00:11:42.407505+08:00,新北市,中和區,Q Burger中和景安店,新北市中和區景新街175號,24.995535996275,121.506748963849,02-86682175,認證中,['認證中'],新北市環保局
2026-05-03T00:11:42.407505+08:00,新北市,中和區,Q Burger中和景新店,新北市中和區景平路111巷61弄21號,24.989908009297,121.514946968069,02-86689008,認證中,['認證中'],新北市環保局
2026-05-03T00:11:42.407505+08:00,新北市,中和區,Q Burger中和景德店,新北市中和區景德街43號,24.991300704419,121.517915335259,02-29402661,認證中,['認證中'],新北市環保局
2026-05-03T00:11:42.407505+08:00,新北市,中和區,Q Burger中和華順店,新北市中和區華順街120號,24.996541992294,121.465145974171,02-29620685,認證中,['認證中'],新北市環保局
2026-05-03T00:11:42.407505+08:00,新北市,中和區,Q Burger中和圓通店,新北市中和區圓通路112號,24.996534993405,121.49922696012,02-22427298,認證中,['認證中'],新北市環保局
2026-05-03T00:11:42.407505+08:00,新北市,中和區,Q Burger中和福美店,新北市中和區福善里福美路313號,25.004669001794,121.496790005591,02-22490131,認證中,['認證中'],新北市環保局
2026-05-03T00:11:42.407505+08:00,新北市,中和區,Q Burger中和廣福店,新北市中和區廣福路82號,25.001572014299,121.502867975041,02-82458286,認證中,['認證中'],新北市環保局
2026-05-03T00:11:42.407505+08:00,新北市,中和區,Q Burger中和興南店,新北市中和區興南路二段69號,24.985072279808,121.506858096228,02-86683877,認證中,['認證中'],新北市環保局
2026-05-03T00:11:42.407505+08:00,新北市,中和區,Q Burger中和環球店,新北市中和區民享街6號,25.004699009007,121.473918976949,02-82215555,認證中,['認證中'],新北市環保局
2026-05-03T00:11:42.407505+08:00,新北市,五股區,Q Burger五股工商店,新北市五股區工商路193號,25.087007998995,121.433615014625,02-22941002,認證中,['認證中'],新北市環保局
2026-05-03T00:11:42.407505+08:00,新北市,五股區,Q Burger五股成洲店,新北市五股區成泰路三段577巷43號,25.102991994984,121.450899001887,02-22918228,認證中,['認證中'],新北市環保局
2026-05-03T00:11:42.407505+08:00,新北市,五股區,Q Burger五股成泰店,新北市五股區成泰路一段47號,25.067299001416,121.434134022069,02-29096663,認證中,['認證中'],新北市環保局
2026-05-03T00:11:42.407505+08:00,新北市,五股區,Q Burger五股西雲店,新北市五股區西雲路241號,25.097712988545,121.449128995393,02-22935777,認證中,['認證中'],新北市環保局
2026-05-03T00:11:42.407505+08:00,新北市,五股區,Q Burger五股洲子洋店,新北市五股區成泰路三段201號,25.092647008175,121.445715968239,02-22921599,認證中,['認證中'],新北市環保局
2026-05-03T00:11:42.407505+08:00,新北市,五股區,Q Burger五股國小店,新北市五股區成泰路二段108號,25.083173990754,121.437924989237,02-82922183,認證中,['認證中'],新北市環保局
2026-05-03T00:11:42.407505+08:00,新北市,永和區,Q Burger永和永元店,新北市永和區永元路124號,25.002853020561,121.522894018108,02-29265857,認證中,['認證中'],新北市環保局
2026-05-03T00:11:42.407505+08:00,新北市,永和區,Q Burger永和永平店,新北市永和區永平路250號,25.011235007556,121.5084949981,02-29295009,認證中,['認證中'],新北市環保局
2026-05-03T00:11:42.407505+08:00,新北市,永和區,Q Burger永和永亨店,新北市永和區永亨路107號,25.004789994566,121.523469016665,02-29202227,認證中,['認證中'],新北市環保局
2026-05-03T00:11:42.407505+08:00,新北市,永和區,Q Burger永和永利店,新北市永和區永利路3號,25.006176989994,121.517387023902,02-22320310,認證中,['認證中'],新北市環保局
2026-05-03T00:11:42.407505+08:00,新北市,永和區,Q Burger永和永貞店,新北市永和區永貞路355巷2號,25.007586993746,121.508936975854,02-29262971,認證中,['認證中'],新北市環保局
2026-05-03T00:11:42.407505+08:00,新北市,永和區,Q Burger永和信義店,新北市永和區信義路93號,25.013863991487,121.512256963883,02-29214352,認證中,['認證中'],新北市環保局
2026-05-03T00:11:42.407505+08:00,新北市,永和區,Q Burger永和得和店,新北市永和區得和路172號,24.999991983641,121.519720964841,02-86681921,認證中,['認證中'],新北市環保局
2026-05-03T00:11:42.407505+08:00,新北市,汐止區,Q Burger汐止秀峰店,新北市汐止區仁愛路26號,25.062814012665,121.659973003743,02-26430098,認證中,['認證中'],新北市環保局
2026-05-03T00:11:42.407505+08:00,新北市,汐止區,Q Burger汐止明峰店,新北市汐止區明峰街125-3號,25.07094399774,121.630532993763,02-26932023,認證中,['認證中'],新北市環保局
2026-05-03T00:11:42.407505+08:00,新北市,汐止區,Q Burger汐止連興店,新北市汐止區連興街73號,25.062846995454,121.654105000968,02-26919516,認證中,['認證中'],新北市環保局
2026-05-03T00:11:42.407505+08:00,新北市,汐止區,Q Burger汐止福德店,新北市汐止區福德二路140號,25.065244010214,121.630732985973,02-26957300,認證中,['認證中'],新北市環保局
2026-05-03T00:11:42.407505+08:00,新北市,汐止區,Q Burger汐止綠多店,新北市汐止區仁愛路162號,25.064948003304,121.664199997515,02-26430058,認證中,['認證中'],新北市環保局
2026-05-03T00:11:42.407505+08:00,新北市,汐止區,Q Burger汐止樟樹店,新北市汐止區樟樹一路130號,25.06455099446,121.642250978221,02-86916631,認證中,['認證中'],新北市環保局
2026-05-03T00:11:42.407505+08:00,新北市,林口區,Q Burger林口中山店,新北市林口區中山路3號,25.077990999016,121.396545964012,02-26026033,認證中,['認證中'],新北市環保局
2026-05-03T00:11:42.407505+08:00,新北市,林口區,Q Burger林口仁愛店,新北市林口區西林里仁愛路二段150號,25.074361006298,121.3819430123,02-26016558,認證中,['認證中'],新北市環保局
2026-05-03T00:11:42.407505+08:00,新北市,林口區,Q Burger林口國小店,新北市林口區中山路156-1號一樓,25.07890999088,121.390810982041,02-26012712,認證中,['認證中'],新北市環保局
2026-05-03T00:11:42.407505+08:00,新北市,板橋區,Q Burger板橋大仁店,新北市板橋區大仁街26號,25.017012988691,121.455513993956,02-29666587,認證中,['認證中'],新北市環保局
2026-05-03T00:11:42.407505+08:00,新北市,板橋區,Q Burger板橋中山店,新北市板橋區東丘里中山路２段９０巷１２號,25.015884784523,121.475419002341,02-29552958,認證中,['認證中'],新北市環保局
2026-05-03T00:11:42.407505+08:00,新北市,板橋區,Q Burger板橋介壽店,新北市板橋區介壽街17號,25.020259090243,121.467594411908,02-22553597,認證中,['認證中'],新北市環保局
2026-05-03T00:11:42.407505+08:00,新北市,板橋區,Q Burger板橋文聖店,新北市板橋區文聖街142號,25.027876982944,121.478421986791,02-22500123,認證中,['認證中'],新北市環保局
2026-05-03T00:11:42.407505+08:00,新北市,板橋區,Q Burger板橋四維店,新北市板橋區四維路308號,25.029859009678,121.462657973851,02-22551055,認證中,['認證中'],新北市環保局
2026-05-03T00:11:42.407505+08:00,新北市,板橋區,Q Burger板橋民治店,新北市板橋區民治街63號,25.033017981347,121.479642978627,02-22502901,認證中,['認證中'],新北市環保局
2026-05-03T00:11:42.407505+08:00,新北市,板橋區,Q Burger板橋永豐店,新北市板橋區永豐街115號,25.019717996484,121.474244027154,02-29580337,認證中,['認證中'],新北市環保局
2026-05-03T00:11:42.407505+08:00,新北市,板橋區,Q Burger板橋吳鳳店,新北市板橋區吳鳳路68號,25.030879003476,121.467477987272,02-22572358,認證中,['認證中'],新北市環保局
2026-05-03T00:11:42.407505+08:00,新北市,板橋區,Q Burger板橋金園店,新北市板橋區金門街171號,24.990117012053,121.43257398225,02-26818787,認證中,['認證中'],新北市環保局
2026-05-03T00:11:42.407505+08:00,新北市,板橋區,Q Burger板橋長安店,新北市板橋區長安街210之1號,25.012094990822,121.474574022682,02-29590700,認證中,['認證中'],新北市環保局
2026-05-03T00:11:42.407505+08:00,新北市,板橋區,Q Burger板橋英士店,新北市板橋區英士路70號,25.024648986303,121.460453030402,02-22580533,認證中,['認證中'],新北市環保局
2026-05-03T00:11:42.407505+08:00,新北市,板橋區,Q Burger板橋重慶店,新北市板橋區重慶路108號,25.005477981179,121.461930005561,02-89523866,認證中,['認證中'],新北市環保局
2026-05-03T00:11:42.407505+08:00,新北市,板橋區,Q Burger板橋海山店,新北市板橋區漢生東路193巷7號,25.011907990562,121.470291037797,02-29546666,認證中,['認證中'],新北市環保局
2026-05-03T00:11:42.407505+08:00,新北市,板橋區,Q Burger板橋國光店,新北市板橋區國光路183號,25.018622984653,121.46091202342,02-29684685,認證中,['認證中'],新北市環保局
2026-05-03T00:11:42.407505+08:00,新北市,板橋區,Q Burger板橋國慶店,新北市板橋區國慶路161之5號,24.996210110838,121.461816263134,02-29511321,認證中,['認證中'],新北市環保局
2026-05-03T00:11:42.407505+08:00,新北市,板橋區,Q Burger板橋莊敬店,新北市板橋區莊敬路134號,25.023522709973,121.470937198713,02-22555663,認證中,['認證中'],新北市環保局
2026-05-03T00:11:42.407505+08:00,新北市,板橋區,Q Burger板橋華興店,新北市板橋區華興街40號,25.0048650126,121.45850800977,02-29522710,認證中,['認證中'],新北市環保局
2026-05-03T00:11:42.407505+08:00,新北市,板橋區,Q Burger板橋僑中店,新北市板橋區僑中一街90號,25.011805018881,121.44710099392,02-82752908,認證中,['認證中'],新北市環保局
2026-05-03T00:11:42.407505+08:00,新北市,板橋區,Q Burger板橋廣和店,新北市板橋區廣和街73號,24.992665990718,121.462661997165,02-29646679,認證中,['認證中'],新北市環保局
2026-05-03T00:11:42.407505+08:00,新北市,板橋區,Q Burger板橋龍泉店,新北市板橋區龍泉街83號,25.025013012358,121.456770022147,02-22570118,認證中,['認證中'],新北市環保局
2026-05-03T00:11:42.407505+08:00,新北市,板橋區,Q Burger板橋懷德店,新北市板橋區懷德街160號,25.030631988789,121.478877040315,02-22563030,認證中,['認證中'],新北市環保局
2026-05-03T00:11:42.407505+08:00,新北市,泰山區,Q Burger泰山全興店,新北市泰山區全興路105號,25.056954014607,121.433838979077,02-22970930,認證中,['認證中'],新北市環保局
2026-05-03T00:11:42.407505+08:00,新北市,泰山區,Q Burger泰山明志店,新北市泰山區明志路2段353號,25.044364982771,121.425482975983,02-29081667,認證中,['認證中'],新北市環保局
2026-05-03T00:11:42.407505+08:00,新北市,泰山區,Q Burger泰山泰林店,新北市泰山區泰林路二段475號,25.063874993969,121.425160021253,02-29090097,認證中,['認證中'],新北市環保局
2026-05-03T00:11:42.407505+08:00,新北市,泰山區,Q Burger泰山泰高店,新北市泰山區明志路一段433號一樓,25.056482406825,121.43087036043,02-22960737,認證中,['認證中'],新北市環保局
2026-05-03T00:11:42.407505+08:00,新北市,泰山區,Q Burger泰山義學店,新北市泰山區明志路2段101號,25.051844993165,121.4283589746,02-29002131,認證中,['認證中'],新北市環保局
2026-05-03T00:11:42.407505+08:00,新北市,三重區,Q Burger國隆總店店,新北市三重區國隆路26號,25.064230302844,121.492479611883,02-89837007,認證中,['認證中'],新北市環保局
2026-05-03T00:11:42.407505+08:00,新北市,淡水區,Q Burger淡水中山北店,新北市淡水區中山北路一段149巷28號,25.178130979267,121.442992017345,02-26201186,認證中,['認證中'],新北市環保局
2026-05-03T00:11:42.407505+08:00,新北市,淡水區,Q Burger淡水新民店,新北市淡水區新民街65號,25.176347687457,121.438420108258,02-26262060,認證中,['認證中'],新北市環保局
2026-05-03T00:11:42.407505+08:00,新北市,淡水區,Q Burger淡水學府店,新北市淡水區學府路85號,25.170241009989,121.448565982957,02-86315056,認證中,['認證中'],新北市環保局
2026-05-03T00:11:42.407505+08:00,新北市,三重區,Q Burger創英店,新北市三重區中興北街236號,25.060862998972,121.468911963268,02-29999589,認證中,['認證中'],新北市環保局
2026-05-03T00:11:42.407505+08:00,新北市,新莊區,Q Burger新北五工店,新北市新莊區五工二路95號,25.066717884069,121.459200187334,02-22981080,認證中,['認證中'],新北市環保局
2026-05-03T00:11:42.407505+08:00,新北市,新店區,Q Burger新店三民店,新北市新店區三民路121號,24.972177979058,121.534708981186,02-89110352,認證中,['認證中'],新北市環保局
2026-05-03T00:11:42.407505+08:00,新北市,新店區,Q Burger新店大豐店,新北市新店區大豐路16巷2號,24.980433986047,121.540893987539,02-89146488,認證中,['認證中'],新北市環保局
2026-05-03T00:11:42.407505+08:00,新北市,新店區,Q Burger新店中正店,新北市新店區中正路546號,24.986409989645,121.533721006258,02-86673625,認證中,['認證中'],新北市環保局
2026-05-03T00:11:42.407505+08:00,新北市,新店區,Q Burger新店中華店,新北市新店區中華路39號,24.967595005858,121.540253023403,02-29120298,認證中,['認證中'],新北市環保局
2026-05-03T00:11:42.407505+08:00,新北市,新店區,Q Burger新店安民店,新北市新店區安民街300號一樓,24.973700006946,121.517706961146,02-22120652,認證中,['認證中'],新北市環保局
2026-05-03T00:11:42.407505+08:00,新北市,新店區,Q Burger新店安康店,新北市新店區安康路二段107巷1號,24.96215498306,121.512730960507,02-86663040,認證中,['認證中'],新北市環保局
2026-05-03T00:11:42.407505+08:00,新北市,新店區,Q Burger新店玫瑰店,新北市新店區安康路三段30號一樓,24.953281984177,121.493087970416,02-22126673,認證中,['認證中'],新北市環保局
2026-05-03T00:11:42.407505+08:00,新北市,新店區,Q Burger新店建國店,新北市新店區建國路189號,24.979685985008,121.537983036385,02-22188372,認證中,['認證中'],新北市環保局
2026-05-03T00:11:42.407505+08:00,新北市,新店區,Q Burger新店建興店,新北市新店區建國路72號,24.976151001163,121.540653007822,02-29115618,認證中,['認證中'],新北市環保局
2026-05-03T00:11:42.407505+08:00,新北市,新莊區,Q Burger新莊中平店,新北市新莊區中平路82巷10號,25.044785586672,121.445343560281,02-29979188,認證中,['認證中'],新北市環保局
2026-05-03T00:11:42.407505+08:00,新北市,新莊區,Q Burger新莊中信店,新北市新莊區中信街18號,25.050926797581,121.450853907247,02-29902295,認證中,['認證中'],新北市環保局
2026-05-03T00:11:42.407505+08:00,新北市,新莊區,Q Burger新莊中美店,新北市新莊區中港路179號,25.041545017176,121.454865989021,02-29961570,認證中,['認證中'],新北市環保局
2026-05-03T00:11:42.407505+08:00,新北市,新莊區,Q Burger新莊中港店,新北市新莊區中港路419號,25.047616993565,121.452155030077,02-22791117,認證中,['認證中'],新北市環保局
2026-05-03T00:11:42.407505+08:00,新北市,新莊區,Q Burger新莊中華店,新北市新莊區中華路一段45巷2號,25.038311991393,121.451941040089,02-29963313,認證中,['認證中'],新北市環保局
2026-05-03T00:11:42.407505+08:00,新北市,新莊區,Q Burger新莊中榮店,新北市新莊區中榮街58號,25.052841014719,121.449125977908,02-29918006,認證中,['認證中'],新北市環保局
2026-05-03T00:11:42.407505+08:00,新北市,新莊區,Q Burger新莊化成店,新北市新莊區化成路31號,25.043925016673,121.465001973074,02-29906004,認證中,['認證中'],新北市環保局
2026-05-03T00:11:42.407505+08:00,新北市,新莊區,Q Burger新莊民本店,新北市新莊區民本街22號,25.019677008977,121.428180020968,02-22081229,認證中,['認證中'],新北市環保局
2026-05-03T00:11:42.407505+08:00,新北市,新莊區,Q Burger新莊民安店,新北市新莊區民安路35號,25.02680300969,121.423663013346,02-22020252,認證中,['認證中'],新北市環保局
2026-05-03T00:11:42.407505+08:00,新北市,新莊區,Q Burger新莊立信店,新北市新莊區立信三街12巷12號,25.050974993525,121.444282578977,02-22777909,認證中,['認證中'],新北市環保局
2026-05-03T00:11:42.407505+08:00,新北市,新莊區,Q Burger新莊光明店,新北市新莊區民安西路256號,25.013455708983,121.42595152437,02-22035686,認證中,['認證中'],新北市環保局
2026-05-03T00:11:42.407505+08:00,新北市,新莊區,Q Burger新莊成德店,新北市新莊區成德街8號,25.019415996512,121.422743015654,02-22080936,認證中,['認證中'],新北市環保局
2026-05-03T00:11:42.407505+08:00,新北市,新莊區,Q Burger新莊自立店,新北市新莊區自立街190號,25.045320980738,121.456404990263,02-29927886,認證中,['認證中'],新北市環保局
2026-05-03T00:11:42.407505+08:00,新北市,新莊區,Q Burger新莊昌明店,新北市新莊區昌明街28號,25.052411987005,121.45683900521,02-89921802,認證中,['認證中'],新北市環保局
2026-05-03T00:11:42.407505+08:00,新北市,新莊區,Q Burger新莊建中店,新北市新莊區建中街86號,25.036757986544,121.447085990313,02-29922626,認證中,['認證中'],新北市環保局
2026-05-03T00:11:42.407505+08:00,新北市,新莊區,Q Burger新莊建安店,新北市新莊區建安街45號,25.025431981788,121.428779997597,02-22012300,認證中,['認證中'],新北市環保局
2026-05-03T00:11:42.407505+08:00,新北市,新莊區,Q Burger新莊國小店,新北市新莊區中港路50號,25.038430092409,121.455435287885,02-22771516,認證中,['認證中'],新北市環保局
2026-05-03T00:11:42.407505+08:00,新北市,新莊區,Q Burger新莊新豐店,新北市新莊區新豐街25號,25.034169487205,121.448081173677,02-22010220,認證中,['認證中'],新北市環保局
2026-05-03T00:11:42.407505+08:00,新北市,新莊區,Q Burger新莊裕民店,新北市新莊區裕民街128號,25.022432014822,121.417901963656,02-29015532,認證中,['認證中'],新北市環保局
2026-05-03T00:11:42.407505+08:00,新北市,新莊區,Q Burger新莊輔大店,新北市新莊區福營路93號,25.032228992801,121.434549010095,02-29015291,認證中,['認證中'],新北市環保局
2026-05-03T00:11:42.407505+08:00,新北市,新莊區,Q Burger新莊頭前店,新北市新莊區頭前里化成路319號,25.05579198946,121.465793979105,02-85213381,認證中,['認證中'],新北市環保局
2026-05-03T00:11:42.407505+08:00,新北市,新莊區,Q Burger新莊雙鳳店,新北市新莊區雙鳳路23號,25.026983681613,121.416634116981,02-29081680,認證中,['認證中'],新北市環保局
2026-05-03T00:11:42.407505+08:00,新北市,樹林區,Q Burger樹林三福店,新北市樹林區三福街144號,25.016077694025,121.40583923152,02-26880015,認證中,['認證中'],新北市環保局
2026-05-03T00:11:42.407505+08:00,新北市,樹林區,Q Burger樹林千歲店,新北市樹林區千歲街12號,24.995761008466,121.425135965191,02-26851910,認證中,['認證中'],新北市環保局
2026-05-03T00:11:42.407505+08:00,新北市,樹林區,Q Burger樹林大有店,新北市樹林區大有路118號,24.9495610059,121.383869006012,02-26800083,認證中,['認證中'],新北市環保局
2026-05-03T00:11:42.407505+08:00,新北市,樹林區,Q Burger樹林太順店,新北市樹林區太順街47號,24.979223010586,121.418001959761,02-86860151,認證中,['認證中'],新北市環保局
2026-05-03T00:11:42.407505+08:00,新北市,樹林區,Q Burger樹林日新店,新北市樹林區日新街67號,24.990997991986,121.422201963804,02-26852697,認證中,['認證中'],新北市環保局
2026-05-03T00:11:42.407505+08:00,新北市,樹林區,Q Burger樹林育英店,新北市樹林區育英街146號,24.989537990181,121.41918196409,02-26851719,認證中,['認證中'],新北市環保局
2026-05-03T00:11:42.407505+08:00,新北市,樹林區,Q Burger樹林保安店,新北市樹林區保安街二段115號,25.00153299654,121.415484036047,02-26889990,認證中,['認證中'],新北市環保局
2026-05-03T00:11:42.407505+08:00,新北市,蘆洲區,Q Burger蘆洲三民店,新北市蘆洲區民族路429號,25.089097984642,121.468092967508,02-28480213,認證中,['認證中'],新北市環保局
2026-05-03T00:11:42.407505+08:00,新北市,蘆洲區,Q Burger蘆洲中山店,新北市蘆洲區中山二路179號,25.080905009564,121.471015988603,02-22885811,認證中,['認證中'],新北市環保局
2026-05-03T00:11:42.407505+08:00,新北市,蘆洲區,Q Burger蘆洲中原店,新北市蘆洲區中原路24號,25.082872996611,121.460207021544,02-22831717,認證中,['認證中'],新北市環保局
2026-05-03T00:11:42.407505+08:00,新北市,蘆洲區,Q Burger蘆洲中興店,新北市蘆洲區中興街181號,25.090003984557,121.48185798036,02-82857757,認證中,['認證中'],新北市環保局
2026-05-03T00:11:42.407505+08:00,新北市,蘆洲區,Q Burger蘆洲民族店,新北市蘆洲區民族路357號,25.091680784287,121.471922491431,02-22888383,認證中,['認證中'],新北市環保局
2026-05-03T00:11:42.407505+08:00,新北市,蘆洲區,Q Burger蘆洲永平店,新北市蘆洲區永平街32巷15號一樓,25.091483013281,121.458975971424,02-82828616,認證中,['認證中'],新北市環保局
2026-05-03T00:11:42.407505+08:00,新北市,蘆洲區,Q Burger蘆洲光華店,新北市蘆洲區中正路185巷31弄1號,25.084267996756,121.46639697322,02-22853131,認證中,['認證中'],新北市環保局
2026-05-03T00:11:42.407505+08:00,新北市,蘆洲區,Q Burger蘆洲成功店,新北市蘆洲區長安街268號,25.086790991522,121.457507964902,02-22880695,認證中,['認證中'],新北市環保局
2026-05-03T00:11:42.407505+08:00,新北市,蘆洲區,Q Burger蘆洲長安店,新北市蘆洲區長安街53號,25.079614992756,121.463187961589,02-22882985,認證中,['認證中'],新北市環保局
2026-05-03T00:11:42.407505+08:00,新北市,蘆洲區,Q Burger蘆洲長興店,新北市蘆洲區長興路265號,25.088067010552,121.460189000452,02-22882835,認證中,['認證中'],新北市環保局
2026-05-03T00:11:42.407505+08:00,新北市,蘆洲區,Q Burger蘆洲信義店,新北市蘆洲區信義路245號,25.084293016737,121.479025986734,02-28487578,認證中,['認證中'],新北市環保局
2026-05-03T00:11:42.407505+08:00,新北市,蘆洲區,Q Burger蘆洲復興店,新北市蘆洲區復興路83號,25.087493981741,121.47636096062,02-82859155,認證中,['認證中'],新北市環保局
2026-05-03T00:11:42.407505+08:00,新北市,蘆洲區,Q Burger蘆洲鷺江店,新北市蘆洲區鷺江街95號,25.083825013174,121.476828000265,02-22880500,認證中,['認證中'],新北市環保局
2026-05-03T00:11:42.407505+08:00,新北市,鶯歌區,Q Burger鶯歌南雅店,新北市鶯歌區南雅路447號,24.954145990756,121.346584959583,02-86776886,認證中,['認證中'],新北市環保局
2026-05-03T00:11:42.407505+08:00,新北市,新店區,SKYLARK加州風洋食館-新店家樂福店,新北市新店區中興路3段1號,24.975877918757,121.546235439156,-,認證中,['認證中'],新北市環保局
2026-05-03T00:11:42.407505+08:00,新北市,中和區,TGIFridays環球餐廳 中和環球,新北市中和區中山路三段122號,25.006077203437,121.475688899623,02-22253578,認證中,['認證中'],新北市環保局
2026-05-03T00:11:42.407505+08:00,新北市,鶯歌區,TINA廚房－鶯歌店,新北市鶯歌區尖山路5號,24.949868998933,121.351550985757,02-26772859,認證中,['認證中'],新北市環保局
2026-05-03T00:11:42.407505+08:00,新北市,板橋區,YAYOI彌生軒-環球板橋車站店,新北市板橋區縣民大道二段7號,25.013858920435,121.464032019239,02-89693056,認證中,['認證中'],新北市環保局
2026-05-03T00:11:42.407505+08:00,新北市,板橋區,一幻拉麵/胡同居酒屋-環球板橋車站店,新北市板橋區縣民大道二段7號2F,25.013858920435,121.464032019239,02-89693132,認證中,['認證中'],新北市環保局
2026-05-03T00:11:42.407505+08:00,新北市,中和區,九如-中和環球,新北市中和區中山路三段122號,25.006077203437,121.475688899623,02-22218223,認證中,['認證中'],新北市環保局
2026-05-03T00:11:42.407505+08:00,新北市,三重區,八方雲集三重三民店,新北市三重區三民街285號,25.068440993814,121.478903024215,02-29887158,認證中,['認證中'],新北市環保局
2026-05-03T00:11:42.407505+08:00,新北市,板橋區,八王子,新北市板橋區新站路28號,25.013677997055,121.466619009835,02-77054168,認證中,['認證中'],新北市環保局
2026-05-03T00:11:42.407505+08:00,新北市,中和區,八色烤肉mini 中和環球,新北市中和區中山路三段122號,25.006077203437,121.475688899623,02-22235005,認證中,['認證中'],新北市環保局
2026-05-03T00:11:42.407505+08:00,新北市,板橋區,八町目燒肉丼定食-板橋大遠百,新北市板橋區新站路28號,25.013677997055,121.466619009835,0910409716,認證中,['認證中'],新北市環保局
2026-05-03T00:11:42.407505+08:00,新北市,中和區,八番赤野 中和環球,新北市中和區中山路三段122號,25.006077203437,121.475688899623,0989799741,認證中,['認證中'],新北市環保局
2026-05-03T00:11:42.407505+08:00,新北市,石碇區,三才靈芝生態農場民宿,新北市石碇區中民村十八重溪52-1號,25.012807,121.677156,02-26633995,認證中,['認證中'],新北市環保局
2026-05-03T00:11:42.407505+08:00,新北市,新店區,三合院。早午餐,新北市新店區安康路一段227號,24.963014002407,121.525504980947,02-86666087,認證中,['認證中'],新北市環保局
2026-05-03T00:11:42.407505+08:00,新北市,中和區,三年五班 中和環球,新北市中和區中山路三段122號,25.006077203437,121.475688899623,0902356950,認證中,['認證中'],新北市環保局
2026-05-03T00:11:42.407505+08:00,新北市,萬里區,三葉活海鮮餐廳,新北市萬里區港東路74-16號,25.204931695575,121.689250488621,02-24923132,認證中,['認證中'],新北市環保局
2026-05-03T00:11:42.407505+08:00,新北市,新莊區,下港老麵攤,新北市新莊區中港路457號,25.048701486107,121.452420820227,02-29919292,認證中,['認證中'],新北市環保局
2026-05-03T00:11:42.407505+08:00,新北市,永和區,上環茶餐廳,新北市永和區中山路一段126號,25.010200010152,121.510522999573,02-29202088,認證中,['認證中'],新北市環保局
2026-05-03T00:11:42.407505+08:00,新北市,板橋區,上癮河粉(板橋大遠百),新北市板橋區新站路28號,25.013677997055,121.466619009835,02-77553567,認證中,['認證中'],新北市環保局
2026-05-03T00:11:42.407505+08:00,新北市,中和區,丸?製麵 中和環球,新北市中和區中山路三段122號,25.006077203437,121.475688899623,0800000063,認證中,['認證中'],新北市環保局
2026-05-03T00:11:42.407505+08:00,新北市,板橋區,土司工坊,新北市板橋區新站路28號,25.013677997055,121.466619009835,02-29589671,認證中,['認證中'],新北市環保局
2026-05-03T00:11:42.407505+08:00,新北市,中和區,大心 中和環球店,新北市中和區中山路三段122號,25.006077203437,121.475688899623,02-22216389,認證中,['認證中'],新北市環保局
2026-05-03T00:11:42.407505+08:00,新北市,中和區,大戶屋中和環球店,新北市中和區中山路三段122號,25.006077203437,121.475688899623,02-22216266,認證中,['認證中'],新北市環保局
2026-05-03T00:11:42.407505+08:00,新北市,永和區,大戶屋永和比漾店,新北市永和區中山路一段238號,25.007836481094,121.507646078946,02-22315658,認證中,['認證中'],新北市環保局
2026-05-03T00:11:42.407505+08:00,新北市,板橋區,大戶屋板橋愛買店,新北市板橋區貴興路101號,25.00257700449,121.456198041074,02-29513303,認證中,['認證中'],新北市環保局
2026-05-03T00:11:42.407505+08:00,新北市,板橋區,大戶屋板橋遠百中山店,新北市板橋區中山路一段152號,25.011040002578,121.464423035022,02-29561238,認證中,['認證中'],新北市環保局
2026-05-03T00:11:42.407505+08:00,新北市,新店區,大戶屋新店小碧潭店,新北市新店區中央路157號,24.972507010667,121.530558011276,02-89137968,認證中,['認證中'],新北市環保局
2026-05-03T00:11:42.407505+08:00,新北市,新店區,大戶屋新店家樂福店,新北市新店區中興路三段1號,24.975877918757,121.546235439156,02-29113199,認證中,['認證中'],新北市環保局
2026-05-03T00:11:42.407505+08:00,新北市,新莊區,大戶屋新莊佳瑪店,新北市新莊區幸福路736號,25.049259217945,121.448643012647,02-29920355,認證中,['認證中'],新北市環保局
2026-05-03T00:11:42.407505+08:00,新北市,三重區,大戶屋蘆洲家樂福店,新北市三重區五華街282號,25.087995387189,121.486479929409,02-82871080,認證中,['認證中'],新北市環保局
2026-05-03T00:11:42.407505+08:00,新北市,三重區,大吃一斤活蝦餐廳,新北市三重區自強路一段222號,25.066682680075,121.493884586493,0975147848,認證中,['認證中'],新北市環保局
2026-05-03T00:11:42.407505+08:00,新北市,萬里區,女皇餐廳,新北市萬里區港東路163號,25.204555012847,121.68983227652,02-24922049,認證中,['認證中'],新北市環保局
2026-05-03T00:11:42.407505+08:00,新北市,中和區,小南門傳統美食 中和環球,新北市中和區中山路三段122號,25.006077203437,121.475688899623,02-77313631,認證中,['認證中'],新北市環保局
2026-05-03T00:11:42.407505+08:00,新北市,蘆洲區,小食聊聊 Brunch,新北市蘆洲區中山二路147號,25.081424017009,121.471701963559,02-82851231,認證中,['認證中'],新北市環保局
2026-05-03T00:11:42.407505+08:00,新北市,新店區,小倆口麵線王(新店店),新北市新店區中正路189巷8號,24.972012017375,121.54025503506,02-29134839,認證中,['認證中'],新北市環保局
2026-05-03T00:11:42.407505+08:00,新北市,中和區,小福利麻辣鍋 中和環球,新北市中和區中山路三段122號,25.006077203437,121.475688899623,02-22263686,認證中,['認證中'],新北市環保局
2026-05-03T00:11:42.407505+08:00,新北市,板橋區,山野居蔬食-板橋大遠百,新北市板橋區新站路28號,25.013677997055,121.466619009835,0916970870,認證中,['認證中'],新北市環保局
2026-05-03T00:11:42.407505+08:00,新北市,中和區,山間倉房,新北市中和區興南路二段399巷124號,24.975365921398,121.501167772343,02-29406696,認證中,['認證中'],新北市環保局
2026-05-03T00:11:42.407505+08:00,新北市,板橋區,山頭火板橋大遠百店,新北市板橋區新站路28號,25.013677997055,121.466619009835,02-77054168,認證中,['認證中'],新北市環保局
2026-05-03T00:11:42.407505+08:00,新北市,板橋區,中華電信學院員工餐廳,新北市板橋區民族路168號,25.00817100285,121.466270993215,02-29639318,認證中,['認證中'],新北市環保局
2026-05-03T00:11:42.407505+08:00,新北市,林口區,中環茶餐廳,新北市林口區文化三路二段185號,25.082503187043,121.375847859949,02-26095308,認證中,['認證中'],新北市環保局
2026-05-03T00:11:42.407505+08:00,新北市,新店區,六堆文山新客家料理,新北市新店區湖子內路100號,24.930831825149,121.540954510994,02-26669369,認證中,['認證中'],新北市環保局
2026-05-03T00:11:42.407505+08:00,新北市,瑞芳區,友信海鮮餐廳,新北市瑞芳區深澳路189之7號,25.134417719736,121.821398568256,02-24977777,認證中,['認證中'],新北市環保局
2026-05-03T00:11:42.407505+08:00,新北市,中和區,天仁茗茶 中和環球,新北市中和區中山路三段122號,25.006077203437,121.475688899623,02-77317377,認證中,['認證中'],新北市環保局
2026-05-03T00:11:42.407505+08:00,新北市,淡水區,天空小品,新北市淡水區忠寮里竹圍子8-17號,25.194973,121.482137,02-26257366,認證中,['認證中'],新北市環保局
2026-05-03T00:11:42.407505+08:00,新北市,汐止區,天然茶莊,新北市汐止區汐碇路380巷30號,25.03326101463,121.638837029058,02-26603762,認證中,['認證中'],新北市環保局
2026-05-03T00:11:42.407505+08:00,新北市,新莊區,心心精緻早午餐,新北市新莊區瓊泰路158號,25.032500985559,121.443251018153,02-22049135,認證中,['認證中'],新北市環保局
2026-05-03T00:11:42.407505+08:00,新北市,永和區,文昌小老弟糟粕醋火鍋,新北市永和區中山路一段13號,25.010271004872,121.513938038384,02-29276999,認證中,['認證中'],新北市環保局
2026-05-03T00:11:42.407505+08:00,新北市,樹林區,文林早餐店,新北市樹林區千歲街61巷40弄2號,24.998749995138,121.425950015628,02-26873339,認證中,['認證中'],新北市環保局
2026-05-03T00:11:42.407505+08:00,新北市,中和區,日出茶太,新北市中和區中山路三段122號3F,25.006077203437,121.475688899623,02-82213316,認證中,['認證中'],新北市環保局
2026-05-03T00:11:42.407505+08:00,新北市,中和區,日出茶太 中和環球,新北市中和區中山路三段122號,25.006077203437,121.475688899623,02-82213316,認證中,['認證中'],新北市環保局
2026-05-03T00:11:42.407505+08:00,新北市,中和區,牛丼快餐,新北市中和區中山路二段40號,25.005175017289,121.504331958249,02-22482482,認證中,['認證中'],新北市環保局
2026-05-03T00:11:42.407505+08:00,新北市,中和區,牛角燒肉專門店-中和環球店,新北市中和區中山路三段122號,25.006077203437,121.475688899623,02-22226599,認證中,['認證中'],新北市環保局
2026-05-03T00:11:42.407505+08:00,新北市,板橋區,牛魔王牛排館(板橋大遠百),新北市板橋區新站路28號,25.013677997055,121.466619009835,02-33652366,認證中,['認證中'],新北市環保局
2026-05-03T00:11:42.407505+08:00,新北市,深坑區,王水成,新北市深坑區深坑街118號,25.001338787843,121.613551006472,02-26629118,認證中,['認證中'],新北市環保局
2026-05-03T00:11:42.407505+08:00,新北市,unknown,主悅海鮮料理,新北市石門區崁子腳41之2號,25.286794,121.531397,02-26381749,認證中,['認證中'],新北市環保局
2026-05-03T00:11:42.407505+08:00,新北市,金山區,兄弟食堂,新北市金山區金包里街2號,25.220559083494,121.640574765224,02-24986458,認證中,['認證中'],新北市環保局
2026-05-03T00:11:42.407505+08:00,新北市,烏來區,加納富魚食坊,新北市烏來區信賢里信福路12號之3,24.83726600876,121.526034968684,02-26616560,認證中,['認證中'],新北市環保局
2026-05-03T00:11:42.407505+08:00,新北市,淡水區,北投國華高爾夫俱樂部餐廳,新北市淡水區坪頂里小坪頂23-1號,25.156223,121.485974,02-86261281,認證中,['認證中'],新北市環保局
2026-05-03T00:11:42.407505+08:00,新北市,板橋區,占元府新台式潮鍋,新北市板橋區新站路28號,25.013677997055,121.466619009835,02-26931539,認證中,['認證中'],新北市環保局
2026-05-03T00:11:42.407505+08:00,新北市,蘆洲區,可口188複合式早午餐,新北市蘆洲區永平街18巷8號1F,25.091134996662,121.45897203193,02-22833342,認證中,['認證中'],新北市環保局
2026-05-03T00:11:42.407505+08:00,新北市,林口區,古拉爵 義式屋-林口三井店,新北市林口區文化三路1段356號,25.071241094298,121.363547165582,02-26069130,認證中,['認證中'],新北市環保局
2026-05-03T00:11:42.407505+08:00,新北市,板橋區,古拉爵 義式屋-板橋大遠百新站店,新北市板橋區新站路28號,25.013677997055,121.466619009835,02-29511606,認證中,['認證中'],新北市環保局
2026-05-03T00:11:42.407505+08:00,新北市,板橋區,古拉爵 義式屋-板橋愛買店,新北市板橋區貴興路101號,25.00257700449,121.456198041074,02-29644886,認證中,['認證中'],新北市環保局
2026-05-03T00:11:42.407505+08:00,新北市,三重區,古拉爵 義式屋-家樂福重新店,新北市三重區重新路5段654號,25.043069685364,121.467123097492,02-85124712,認證中,['認證中'],新北市環保局
2026-05-03T00:11:42.407505+08:00,新北市,新店區,古拉爵 義式屋-新店家樂福店,新北市新店區中興路3段1號,24.975877918757,121.546235439156,02-29144822,認證中,['認證中'],新北市環保局
2026-05-03T00:11:42.407505+08:00,新北市,土城區,古都餐廳,新北市土城區中華路2段257號,24.971819485059,121.437701192423,02-22709535,認證中,['認證中'],新北市環保局
2026-05-03T00:11:42.407505+08:00,新北市,中和區,台灣壽司郎股份有限公司-新北中和環球店,新北市中和區中山路三段122號,25.006077203437,121.475688899623,02-22212010,認證中,['認證中'],新北市環保局
2026-05-03T00:11:42.407505+08:00,新北市,萬里區,四姊妹海鮮餐廳,新北市萬里區野柳村港東路160號,25.204793980906,121.689928081674,02-24921602,認證中,['認證中'],新北市環保局
2026-05-03T00:11:42.407505+08:00,新北市,板橋區,巧滋小廚早午餐,新北市板橋區莒光路8號,25.024718011275,121.469558962374,0965731905,認證中,['認證中'],新北市環保局
2026-05-03T00:11:42.407505+08:00,新北市,中和區,布拉德施維根廚房 Brother Su Vegan Kitchen,新北市中和區南華路29號,24.996019296812,121.502999738559,-,認證中,['認證中'],新北市環保局
2026-05-03T00:11:42.407505+08:00,新北市,新莊區,弘爺漢堡-新莊信義店,新北市新莊區公園一路98號,25.037368985376,121.443557963447,02-29908418,認證中,['認證中'],新北市環保局
2026-05-03T00:11:42.407505+08:00,新北市,板橋區,本田食堂,新北市板橋區新站路28號,25.013677997055,121.466619009835,02-77054168,認證中,['認證中'],新北市環保局
2026-05-03T00:11:42.407505+08:00,新北市,三重區,玉山銀行(希望大樓)員工餐廳,新北市三重區中興北街42巷17弄10號,25.050327281957,121.468847506432,02-217513138181,認證中,['認證中'],新北市環保局
2026-05-03T00:11:42.407505+08:00,新北市,中和區,瓦城 中和環球,新北市中和區中山路三段122號,25.006077203437,121.475688899623,02-77317778,認證中,['認證中'],新北市環保局
2026-05-03T00:11:42.407505+08:00,新北市,板橋區,瓦城泰國料理板橋遠百店,新北市板橋區中山路一段152號,25.011040002578,121.464423035022,02-29589133,認證中,['認證中'],新北市環保局
2026-05-03T00:11:42.407505+08:00,新北市,三峽區,甘樂食堂,新北市三峽區清水街317號,24.934470981795,121.372416979341,02-26731857,認證中,['認證中'],新北市環保局
2026-05-03T00:11:42.407505+08:00,新北市,金山區,田中芳園養生食坊,新北市金山區清水路53號,25.234635986963,121.629184010266,02-24982385,認證中,['認證中'],新北市環保局
2026-05-03T00:11:42.407505+08:00,新北市,unknown,白日夢Tea & Cafe,新北市石門區阿里荖47-2號,25.2912319,121.5678418,02-26380045,認證中,['認證中'],新北市環保局
2026-05-03T00:11:42.407505+08:00,新北市,樹林區,仨食三餐,新北市樹林區千歲街61巷36-1號,24.998565006535,121.425867034786,02-26823823,認證中,['認證中'],新北市環保局
2026-05-03T00:11:42.407505+08:00,新北市,unknown,伊莎貝拉海灘咖啡館,新北市石門區15號,25.2912319,121.5678418,02-86352262,認證中,['認證中'],新北市環保局
2026-05-03T00:11:42.407505+08:00,新北市,深坑區,光復樓小吃店,新北市深坑區深坑街137號,25.001199983527,121.613374986506,02-26621508,認證中,['認證中'],新北市環保局
2026-05-03T00:11:42.407505+08:00,新北市,永和區,全 壽司丼飯煮物(永和店),新北市永和區中興街55號,25.011849987792,121.516669030076,02-89215959,認證中,['認證中'],新北市環保局
2026-05-03T00:11:42.407505+08:00,新北市,永和區,再一塊吧ing永和店,新北市永和區得和路20號,25.000343017746,121.515320968589,0936931262,認證中,['認證中'],新北市環保局
2026-05-03T00:11:42.407505+08:00,新北市,樹林區,吉可堡早餐店,新北市樹林區俊英街113-1號,25.010017997124,121.424727012135,02-26763998,認證中,['認證中'],新北市環保局
2026-05-03T00:11:42.407505+08:00,新北市,板橋區,吉得堡早餐店-和平店,新北市板橋區和平路66號,24.994360979178,121.461213017563,0920388655,認證中,['認證中'],新北市環保局
2026-05-03T00:11:42.407505+08:00,新北市,樹林區,吉得堡東興店,新北市樹林區東興街12之1號,24.978584016198,121.409770008833,02-86845389,認證中,['認證中'],新北市環保局
2026-05-03T00:11:42.407505+08:00,新北市,新店區,吉得堡-錦秀店,新北市新店區錦秀路22號,24.944450014711,121.479220027793,02-22154682,認證中,['認證中'],新北市環保局
2026-05-03T00:11:42.407505+08:00,新北市,坪林區,合歡茶宴風味餐廳,新北市坪林區水聳淒坑28號,24.9361756,121.7116927,02-26656424,認證中,['認證中'],新北市環保局
2026-05-03T00:11:42.407505+08:00,新北市,永和區,在哪裡Cafe?Deli,新北市永和區秀朗路一段233號,25.003184985837,121.520085996725,02-89210023,認證中,['認證中'],新北市環保局
2026-05-03T00:11:42.407505+08:00,新北市,樹林區,多米葉漢堡,新北市樹林區佳園路2段104號,24.957625989317,121.389878998226,02-26802008,認證中,['認證中'],新北市環保局
2026-05-03T00:11:42.407505+08:00,新北市,林口區,好好時光公益咖啡館,新北市林口區文化一路一段207之1號,25.075553918758,121.378451195256,02-26012485,認證中,['認證中'],新北市環保局
2026-05-03T00:11:42.407505+08:00,新北市,永和區,好味道 排骨大王(永和店),新北市永和區中正路548之2號,25.005512759478,121.517029525113,02-29226166,認證中,['認證中'],新北市環保局
2026-05-03T00:11:42.407505+08:00,新北市,深坑區,好家園,新北市深坑區深坑街141號,25.001140011009,121.613258980966,02-26648779,認證中,['認證中'],新北市環保局
2026-05-03T00:11:42.407505+08:00,新北市,坪林區,好茶饌茶館,新北市坪林區北宜路八段218號,24.934739118877,121.708711507595,02-26658000,認證中,['認證中'],新北市環保局
2026-05-03T00:11:42.407505+08:00,新北市,深坑區,好鄰居小吃店,新北市深坑區深坑街147號一樓,25.001106986311,121.613140963769,02-26623229,認證中,['認證中'],新北市環保局
2026-05-03T00:11:42.407505+08:00,新北市,中和區,好餓早餐,新北市中和區連城路403號,24.996076000387,121.486081034637,02-82217996,認證中,['認證中'],新北市環保局
2026-05-03T00:11:42.407505+08:00,新北市,中和區,宇禾田宴會館,新北市中和區中山路二段311號3~,25.000952801202,121.495440686818,02-22433339,認證中,['認證中'],新北市環保局
2026-05-03T00:11:42.407505+08:00,新北市,中和區,宇禾田鐵板燒,新北市中和區中山路二段311號,25.002072581557,121.494871136497,02-22433339,認證中,['認證中'],新北市環保局
2026-05-03T00:11:42.407505+08:00,新北市,永和區,早上好早午餐,新北市永和區竹林路101號,25.012065989437,121.519765975661,0937513435,認證中,['認證中'],新北市環保局
2026-05-03T00:11:42.407505+08:00,新北市,土城區,早安公雞農場晨食(土城店),新北市土城區明德路二段106號,24.984262001228,121.445241971614,02-82616068,認證中,['認證中'],新北市環保局
2026-05-03T00:11:42.407505+08:00,新北市,新莊區,早安公雞農場晨食(新莊民安店),新北市新莊區民安西路277號,25.012433996896,121.426359806874,02-22042606,認證中,['認證中'],新北市環保局
2026-05-03T00:11:42.407505+08:00,新北市,蘆洲區,早到甜早午餐,新北市蘆洲區長安街108巷5弄2號,25.081941012797,121.46129901589,02-28472461,認證中,['認證中'],新北市環保局
2026-05-03T00:11:42.407505+08:00,新北市,三重區,早饗食,新北市三重區中正北路272號,25.068278007707,121.480844021533,02-29800660,認證中,['認證中'],新北市環保局
2026-05-03T00:11:42.407505+08:00,新北市,板橋區,有汁牛麵食,新北市板橋區三民路二段153巷4號一樓,25.01489299583,121.479676003326,02-29622221,認證中,['認證中'],新北市環保局
2026-05-03T00:11:42.407505+08:00,新北市,坪林區,有種,新北市坪林區漁光里坪雙路2段11號之5,24.965419985804,121.733614980119,0954077879,認證中,['認證中'],新北市環保局
2026-05-03T00:11:42.407505+08:00,新北市,樹林區,朴庶韓國銅盤烤肉 樹林秀泰店,新北市樹林區樹新路40-6號七樓,24.995446687096,121.428337936023,02-26863377,認證中,['認證中'],新北市環保局
2026-05-03T00:11:42.407505+08:00,新北市,中和區,朱記餡餅粥 中和環球,新北市中和區中山路三段122號,25.006077203437,121.475688899623,02-82211233,認證中,['認證中'],新北市環保局
2026-05-03T00:11:42.407505+08:00,新北市,新莊區,米可廚房,新北市新莊區新樹路625號一樓,25.003789614422,121.433481993821,02-22076010,認證中,['認證中'],新北市環保局
2026-05-03T00:11:42.407505+08:00,新北市,新莊區,米炭火燒肉小酒館 迴龍店,新北市新莊區新北市新莊區中正路891-17號,25.022308004565,121.412939960795,02-29088787,認證中,['認證中'],新北市環保局
2026-05-03T00:11:42.407505+08:00,新北市,新莊區,米勒卡早午餐,新北市新莊區建安街9巷12號,25.026594006934,121.429366982276,02-22084480,認證中,['認證中'],新北市環保局
2026-05-03T00:11:42.407505+08:00,新北市,深坑區,老地方豆腐美食,新北市深坑區深坑街143號,25.001125007403,121.613216987631,02-26623323,認證中,['認證中'],新北市環保局
2026-05-03T00:11:42.407505+08:00,新北市,板橋區,老乾杯板橋大遠百店,新北市板橋區新北市板橋區新站路28號,25.013677997055,121.466619009835,02-29526466,認證中,['認證中'],新北市環保局
2026-05-03T00:11:42.407505+08:00,新北市,瑞芳區,老礦工食堂,新北市瑞芳區金瓜石祈堂路72-1號,25.109834980736,121.858981010438,02-29314996,認證中,['認證中'],新北市環保局
2026-05-03T00:11:42.407505+08:00,新北市,板橋區,肉劇場大食代板橋店,新北市板橋區新站路28號,25.013677997055,121.466619009835,02-29626262,認證中,['認證中'],新北市環保局
2026-05-03T00:11:42.407505+08:00,新北市,新莊區,妞蛋吐司早午餐,新北市新莊區民安東路176號,25.020246014474,121.433347967189,02-22027707,認證中,['認證中'],新北市環保局
2026-05-03T00:11:42.407505+08:00,新北市,板橋區,沙巴家 新北板橋店,新北市板橋區懷德街65號,25.032433008325,121.477541970777,0926656376,認證中,['認證中'],新北市環保局
2026-05-03T00:11:42.407505+08:00,新北市,萬里區,汪汪地瓜園產業故事館,新北市萬里區大鵬里加投197-6號,25.1780809,121.6894295,02-24986763,認證中,['認證中'],新北市環保局
2026-05-03T00:11:42.407505+08:00,新北市,樹林區,私嚐吃飯-北大店,新北市樹林區學勤路322號,24.94748598195,121.379380999775,02-26689700,認證中,['認證中'],新北市環保局
2026-05-03T00:11:42.407505+08:00,新北市,中和區,豆司苑咖啡,新北市中和區南山路320巷3號,24.986513003235,121.507709362315,02-29497910,認證中,['認證中'],新北市環保局
2026-05-03T00:11:42.407505+08:00,新北市,中和區,豆韻,新北市中和區安平路218號,24.999990013894,121.51394700702,0968297838,認證中,['認證中'],新北市環保局
2026-05-03T00:11:42.407505+08:00,新北市,板橋區,邑朵早午餐,新北市板橋區中山路二段89巷12號,25.004118520303,121.503547915026,02-29578182,認證中,['認證中'],新北市環保局
2026-05-03T00:11:42.407505+08:00,新北市,中和區,亞尼克-環球中和店,新北市中和區中山路三段122號,25.006077203437,121.475688899623,02-82214837,認證中,['認證中'],新北市環保局
2026-05-03T00:11:42.407505+08:00,新北市,板橋區,亞瑟蘭印度料理,新北市板橋區新站路28號,25.013677997055,121.466619009835,02-28343303,認證中,['認證中'],新北市環保局
2026-05-03T00:11:42.407505+08:00,新北市,淡水區,享健康食坊,新北市淡水區民生路45號,25.137990194712,121.46200395093,02-280946613014,認證中,['認證中'],新北市環保局
2026-05-03T00:11:42.407505+08:00,新北市,板橋區,京都勝牛-環球板橋車站店,新北市板橋區縣民大道二段7號,25.013858920435,121.464032019239,02-29665589,認證中,['認證中'],新北市環保局
2026-05-03T00:11:42.407505+08:00,新北市,板橋區,咖哩樹-板橋環球店,新北市板橋區縣民大道二段七號,25.013858920435,121.464032019239,02-29602727,認證中,['認證中'],新北市環保局
2026-05-03T00:11:42.407505+08:00,新北市,中和區,呷尚寶-華順店,新北市中和區華順街133號,24.996264006475,121.465210011911,021-29535252,認證中,['認證中'],新北市環保局
2026-05-03T00:11:42.407505+08:00,新北市,永和區,和王日式炭火燒肉,新北市永和區中山路一段13號,25.010271004872,121.513938038384,02-29276999,認證中,['認證中'],新北市環保局
2026-05-03T00:11:42.407505+08:00,新北市,板橋區,周廚牛肉麵(板橋大遠百),新北市板橋區新站路28號,25.013677997055,121.466619009835,02-23611999894,認證中,['認證中'],新北市環保局
2026-05-03T00:11:42.407505+08:00,新北市,坪林區,坪感覺,新北市坪林區坪林街12號,24.937701544081,121.711577973544,02-26657210,認證中,['認證中'],新北市環保局
2026-05-03T00:11:42.407505+08:00,新北市,三重區,帕彼手作早餐坊,新北市三重區三和路三段188號,25.073550979175,121.491943002442,02-29881313,認證中,['認證中'],新北市環保局
2026-05-03T00:11:42.407505+08:00,新北市,蘆洲區,幸福時光-蘆洲店,新北市蘆洲區信義路222巷20號,25.085290002211,121.47999501856,0952176277,認證中,['認證中'],新北市環保局
2026-05-03T00:11:42.407505+08:00,新北市,新莊區,幸福讚精品飯店,新北市新莊區思源路332巷9號,25.05108098269,121.46069996127,02-29976688,認證中,['認證中'],新北市環保局
2026-05-03T00:11:42.407505+08:00,新北市,板橋區,府城台南美食,新北市板橋區新站路28號,25.013677997055,121.466619009835,02-29596739,認證中,['認證中'],新北市環保局
2026-05-03T00:11:42.407505+08:00,新北市,泰山區,明志科大第二餐廳,新北市泰山區工專路84號,25.040594006442,121.422251500852,02-26890808,認證中,['認證中'],新北市環保局
2026-05-03T00:11:42.407505+08:00,新北市,泰山區,明志科技大學學生餐廳,新北市泰山區工專路84號,25.040594006442,121.422251500852,02-29083309,認證中,['認證中'],新北市環保局
2026-05-03T00:11:42.407505+08:00,新北市,五股區,明緯員工餐廳,新北市五股區五權三路28號,25.06522100189,121.454342958263,02-22996100118,認證中,['認證中'],新北市環保局
2026-05-03T00:11:42.407505+08:00,新北市,三峽區,東道飲食亭,新北市三峽區仁愛街7號,24.93407749335,121.368550239768,0928350605,認證中,['認證中'],新北市環保局
2026-05-03T00:11:42.407505+08:00,新北市,板橋區,果然匯-板橋遠百店,新北市板橋區中山路一段152號,25.011040002578,121.464423035022,02-29562888,認證中,['認證中'],新北市環保局
2026-05-03T00:11:42.407505+08:00,新北市,林口區,林口康橋學生餐廳,新北市林口區興林路55號,25.074636812822,121.389767770371,02-26015442,認證中,['認證中'],新北市環保局
2026-05-03T00:11:42.407505+08:00,新北市,板橋區,板大八番小雞,新北市板橋區新站路28號,25.013677997055,121.466619009835,02-77054168,認證中,['認證中'],新北市環保局
2026-05-03T00:11:42.407505+08:00,新北市,板橋區,板大八番赤野,新北市板橋區新站路28號,25.013677997055,121.466619009835,02-77054168,認證中,['認證中'],新北市環保局
2026-05-03T00:11:42.407505+08:00,新北市,板橋區,板橋凱撒大飯店(大廳酒吧),新北市板橋區縣民大道二段8號,25.01522240631,121.466260503804,02-89539777,認證中,['認證中'],新北市環保局
2026-05-03T00:11:42.407505+08:00,新北市,板橋區,板橋凱撒大飯店(卡拉拉餐廳),新北市板橋區縣民大道二段8號,25.01522240631,121.466260503804,02-89539777,認證中,['認證中'],新北市環保局
2026-05-03T00:11:42.407505+08:00,新北市,板橋區,板橋凱撒大飯店(家宴中餐廳),新北市板橋區縣民大道二段8號,25.01522240631,121.466260503804,02-89539777,認證中,['認證中'],新北市環保局
2026-05-03T00:11:42.407505+08:00,新北市,中和區,欣葉小聚中和環球店,新北市中和區中山路三段122號,25.006077203437,121.475688899623,02-32345858,認證中,['認證中'],新北市環保局
2026-05-03T00:11:42.407505+08:00,新北市,中和區,欣葉小聚餐廳 中和環球,新北市中和區中山路三段122號,25.006077203437,121.475688899623,02-32345858,認證中,['認證中'],新北市環保局
2026-05-03T00:11:42.407505+08:00,新北市,雙溪區,注腳雙溪,新北市雙溪區泰昌街27號,25.034749011991,121.864062036324,02-24931158,認證中,['認證中'],新北市環保局
2026-05-03T00:11:42.407505+08:00,新北市,板橋區,河內老街河粉,新北市板橋區新站路28號,25.013677997055,121.466619009835,02-77054168,認證中,['認證中'],新北市環保局
2026-05-03T00:11:42.407505+08:00,新北市,三重區,法華素食餐廳,新北市三重區仁美街24號,25.077270993533,121.488196962275,02-22860768,認證中,['認證中'],新北市環保局
2026-05-03T00:11:42.407505+08:00,新北市,板橋區,肥熊早早午餐,新北市板橋區廣和街33之6號,24.993637788572,121.462697620253,02-29551057,認證中,['認證中'],新北市環保局
2026-05-03T00:11:42.407505+08:00,新北市,中和區,肥熊早早午餐(中和店),新北市中和區中山路三段118之3號,25.006852319933,121.475550262945,02-22289997,認證中,['認證中'],新北市環保局
2026-05-03T00:11:42.407505+08:00,新北市,八里區,芭達桑原住民主題餐廳,新北市八里區觀海大道111號,25.161779017729,121.425566962653,02-26105300,認證中,['認證中'],新北市環保局
2026-05-03T00:11:42.407505+08:00,新北市,中和區,花月嵐拉麵 中環環球,新北市中和區中山路三段122號,25.006077203437,121.475688899623,02-22232128,認證中,['認證中'],新北市環保局
2026-05-03T00:11:42.407505+08:00,新北市,板橋區,金色三麥,新北市板橋區新站路28號,25.013677997055,121.466619009835,02-77054168,認證中,['認證中'],新北市環保局
2026-05-03T00:11:42.407505+08:00,新北市,板橋區,金色三麥 板橋大遠百店,新北市板橋區新站路28號,25.013677997055,121.466619009835,02-77385911,認證中,['認證中'],新北市環保局
2026-05-03T00:11:42.407505+08:00,新北市,新莊區,金色三麥 新莊晶冠店,新北市新莊區新北市新莊區五工路66號,25.06381770366,121.458702134648,02-85228989,認證中,['認證中'],新北市環保局
2026-05-03T00:11:42.407505+08:00,新北市,中和區,金春喜韓廚 中和環球,新北市中和區中山路三段122號,25.006077203437,121.475688899623,02-22265568,認證中,['認證中'],新北市環保局
2026-05-03T00:11:42.407505+08:00,新北市,板橋區,金煲銀煲仔飯,新北市板橋區新站路28號,25.013677997055,121.466619009835,02-77054168,認證中,['認證中'],新北市環保局
2026-05-03T00:11:42.407505+08:00,新北市,深坑區,金寶電子深坑廠員工餐廳,新北市深坑區北深路3段147號,25.002651184333,121.602802389116,02-26622660,認證中,['認證中'],新北市環保局
2026-05-03T00:11:42.407505+08:00,新北市,中和區,長?魚屋 中和環球,新北市中和區中山路三段122號,25.006077203437,121.475688899623,0958279136,認證中,['認證中'],新北市環保局
2026-05-03T00:11:42.407505+08:00,新北市,萬里區,阿杰萬里蟹,新北市萬里區港東路162號,25.204128499704,121.690167217371,0987844838,認證中,['認證中'],新北市環保局
2026-05-03T00:11:42.407505+08:00,新北市,板橋區,非常泰,新北市板橋區新站路28號,25.013677997055,121.466619009835,02-77054168,認證中,['認證中'],新北市環保局
2026-05-03T00:11:42.407505+08:00,新北市,永和區,芡芳石頭火鍋 新北永和店,新北市永和區永和路二段116號,25.012055009143,121.515214015504,02-29218889,認證中,['認證中'],新北市環保局
2026-05-03T00:11:42.407505+08:00,新北市,樹林區,芡芳石頭火鍋 樹林秀泰店,新北市樹林區樹新路40-6號,24.995446687096,121.428337936023,02-26862999,認證中,['認證中'],新北市環保局
2026-05-03T00:11:42.407505+08:00,新北市,新莊區,侯黑鍋物 冠軍酸菜個人鍋物 (新莊民安店),新北市新莊區民安東路6號,25.020851020245,121.427900987411,02-22068977,認證中,['認證中'],新北市環保局
2026-05-03T00:11:42.407505+08:00,新北市,樹林區,南亞光電員工餐廳,新北市樹林區味王街55號,24.973496494337,121.40451991996,02-268063115582,認證中,['認證中'],新北市環保局
2026-05-03T00:11:42.407505+08:00,新北市,中和區,威剛科技(股)公司員工餐廳,新北市中和區258號,24.998512,121.5008581,02-8228088612952,認證中,['認證中'],新北市環保局
2026-05-03T00:11:42.407505+08:00,新北市,三峽區,客家美食主藝餐廳,新北市三峽區隆恩街239號,24.94170930001,121.359823421277,02-86722255,認證中,['認證中'],新北市環保局
2026-05-03T00:11:42.407505+08:00,新北市,深坑區,故鄉的口味小吃店,新北市深坑區深坑街146號,25.001229613554,121.613189997903,02-26629501,認證中,['認證中'],新北市環保局
2026-05-03T00:11:42.407505+08:00,新北市,板橋區,春日食堂-板橋大遠百,新北市板橋區新站路28號,25.013677997055,121.466619009835,0987212244,認證中,['認證中'],新北市環保局
2026-05-03T00:11:42.407505+08:00,新北市,中和區,春水堂-人文茶館 中和環球,新北市中和區中山路三段122號,25.006077203437,121.475688899623,02-22217037,認證中,['認證中'],新北市環保局
2026-05-03T00:11:42.407505+08:00,新北市,中和區,星巴克-環球門市,新北市中和區中山路三段122號,25.006077203437,121.475688899623,02-32340635,認證中,['認證中'],新北市環保局
2026-05-03T00:11:42.407505+08:00,新北市,新店區,星馬快餐 新北新店裕隆城百貨門市,新北市新店區中興路三段70號6F20櫃,24.97774930437,121.546363430818,0926656376,認證中,['認證中'],新北市環保局
2026-05-03T00:11:42.407505+08:00,新北市,新莊區,星馬快餐 新北新莊門市,新北市新莊區中平路138號1F,25.04691798475,121.444939971643,0926656376,認證中,['認證中'],新北市環保局
2026-05-03T00:11:42.407505+08:00,新北市,土城區,星誼美而美,新北市土城區日新街9巷1號,24.986993998749,121.445375998246,02-82616104,認證中,['認證中'],新北市環保局
2026-05-03T00:11:42.407505+08:00,新北市,萬里區,柏榕美食活海鮮,新北市萬里區港東路151之2號,25.204683088327,121.688698959392,02-24924798,認證中,['認證中'],新北市環保局
2026-05-03T00:11:42.407505+08:00,新北市,中和區,皇廚一品牛排 中和環球,新北市中和區中山路三段122號,25.006077203437,121.475688899623,02-77312719,認證中,['認證中'],新北市環保局
2026-05-03T00:11:42.407505+08:00,新北市,新莊區,美津素食漢堡,新北市新莊區中和街63號,25.047154983062,121.447469881478,02-29907859,認證中,['認證中'],新北市環保局
2026-05-03T00:11:42.407505+08:00,新北市,新莊區,美香早餐店,新北市新莊區後港一路28巷4弄8號,25.025568020076,121.425161027082,02-22019802,認證中,['認證中'],新北市環保局
2026-05-03T00:11:42.407505+08:00,新北市,萬里區,美觀園,新北市萬里區港東路156號,25.205005079138,121.689794641775,0932262403,認證中,['認證中'],新北市環保局
2026-05-03T00:11:42.407505+08:00,新北市,烏來區,食在森林,新北市烏來區福山里3鄰卡拉模基21號,24.778502,121.499621,0955658845,認證中,['認證中'],新北市環保局
2026-05-03T00:11:42.407505+08:00,新北市,汐止區,食家安飲食文化股份有限公司,新北市汐止區福德一路328巷1號,25.063107505004,121.630202914416,02-27925757,認證中,['認證中'],新北市環保局
2026-05-03T00:11:42.407505+08:00,新北市,蘆洲區,香港奶茶王,新北市蘆洲區三民路279-1號,25.089723987081,121.467743023051,02-82835502,認證中,['認證中'],新北市環保局
2026-05-03T00:11:42.407505+08:00,新北市,新店區,原粹蔬食作,新北市新店區北新路三段206巷1弄7號一樓,24.984539987047,121.541529000523,02-89147185,認證中,['認證中'],新北市環保局
2026-05-03T00:11:42.407505+08:00,新北市,中和區,厝內食堂 中和環球,新北市中和區中山路三段122號,25.006077203437,121.475688899623,0906368895,認證中,['認證中'],新北市環保局
2026-05-03T00:11:42.407505+08:00,新北市,永和區,哩賀涼麵,新北市永和區秀朗路一段169號,25.003971501721,121.516939178816,0985177944,認證中,['認證中'],新北市環保局
2026-05-03T00:11:42.407505+08:00,新北市,三重區,哪次不吃早午餐店,新北市三重區大同南路152號,25.057753606261,121.496568304252,02-29750970,認證中,['認證中'],新北市環保局
2026-05-03T00:11:42.407505+08:00,新北市,三重區,娜?泰式燒烤,新北市三重區河邊北街100巷35號,25.070228015571,121.502473019763,02-29766633,認證中,['認證中'],新北市環保局
2026-05-03T00:11:42.407505+08:00,新北市,新莊區,峰精緻鍋物餐酒,新北市新莊區新泰路322號,25.041893620529,121.445069136771,02-29940898,認證中,['認證中'],新北市環保局
2026-05-03T00:11:42.407505+08:00,新北市,永和區,恩典早午餐,新北市永和區安樂路294號,25.004786013162,121.514472971444,02-29288688,認證中,['認證中'],新北市環保局
2026-05-03T00:11:42.407505+08:00,新北市,中和區,時時香 中和環球,新北市中和區中山路三段122號,25.006077203437,121.475688899623,02-82267386,認證中,['認證中'],新北市環保局
2026-05-03T00:11:42.407505+08:00,新北市,八里區,桃樂絲森林餐廳,新北市八里區荖阡村荖阡坑路34之5號,25.129382207584,121.402206933779,02-86303356,認證中,['認證中'],新北市環保局
2026-05-03T00:11:42.407505+08:00,新北市,永和區,泰雅田泰式小館(永和店),新北市永和區民有街21巷2號,24.996578998396,121.516686967349,02-86689228,認證中,['認證中'],新北市環保局
2026-05-03T00:11:42.407505+08:00,新北市,淡水區,海角阿鄉海產店,新北市淡水區觀海路26號,25.181553980886,121.418077983622,02-28053411,認證中,['認證中'],新北市環保局
2026-05-03T00:11:42.407505+08:00,新北市,新莊區,海底撈,新北市新莊區新北市新北市新莊區新北大道四段3號,25.059944007108,121.449451028113,02-85219292,認證中,['認證中'],新北市環保局
2026-05-03T00:11:42.407505+08:00,新北市,板橋區,海底撈火鍋板橋店,新北市板橋區新站路28號,25.013677997055,121.466619009835,02-29641328,認證中,['認證中'],新北市環保局
2026-05-03T00:11:42.407505+08:00,新北市,三峽區,海宴日式和風涮涮屋,新北市三峽區中正路一段75號,24.92989798306,121.374934986874,02-26712348,認證中,['認證中'],新北市環保局
2026-05-03T00:11:42.407505+08:00,新北市,板橋區,海釣族海鮮小館,新北市板橋區文化路二段126號,25.026191254424,121.469985560027,02-22529999,認證中,['認證中'],新北市環保局
2026-05-03T00:11:42.407505+08:00,新北市,土城區,海霸王餐廳股份有限公司海山分公司,新北市土城區中央路一段22號,24.991210096046,121.448314022947,02-22664835,認證中,['認證中'],新北市環保局
2026-05-03T00:11:42.407505+08:00,新北市,永和區,留香園,新北市永和區永貞路283號,25.00515829591,121.511360380962,02-29228998,認證中,['認證中'],新北市環保局
2026-05-03T00:11:42.407505+08:00,新北市,板橋區,真不同酸菜魚(板橋大遠百),新北市板橋區新站路28號,25.013677997055,121.466619009835,02-25115233,認證中,['認證中'],新北市環保局
2026-05-03T00:11:42.407505+08:00,新北市,深坑區,茴味,新北市深坑區深坑街110號,25.001379984897,121.613612026728,02-26648207,認證中,['認證中'],新北市環保局
2026-05-03T00:11:42.407505+08:00,新北市,中和區,迷客夏PLUS 新北中和環球店,新北市中和區中山路三段122號,25.006077203437,121.475688899623,02-22236462,認證中,['認證中'],新北市環保局
2026-05-03T00:11:42.407505+08:00,新北市,新店區,馬克廚房 Rocky Pizza,新北市新店區新店區碧潭風景區A01-03,24.9673073,121.5416094,02-29127765,認證中,['認證中'],新北市環保局
2026-05-03T00:11:42.407505+08:00,新北市,烏來區,馬岸泰雅美食,新北市烏來區福山村大羅蘭25號,24.778502,121.499621,02-26616105,認證中,['認證中'],新北市環保局
2026-05-03T00:11:42.407505+08:00,新北市,永和區,馬蹄圈圈,新北市永和區秀朗路一段114號,25.003766983284,121.516795010081,02-23611999894,認證中,['認證中'],新北市環保局
2026-05-03T00:11:42.407505+08:00,新北市,坪林區,高益發茶行,新北市坪林區北宜路8段217號,24.934983996178,121.708701030216,02-26656268,認證中,['認證中'],新北市環保局
2026-05-03T00:11:42.407505+08:00,新北市,板橋區,鬼匠拉麵2（板橋永豐店）,新北市板橋區永豐街77號,25.018823982691,121.473582024441,02-29551196,認證中,['認證中'],新北市環保局
2026-05-03T00:11:42.407505+08:00,新北市,板橋區,乾杯列車 板橋站,新北市板橋區新北市板橋區縣民大道2段7號,25.013858920435,121.464032019239,02-89693333,認證中,['認證中'],新北市環保局
2026-05-03T00:11:42.407505+08:00,新北市,林口區,乾杯燒肉居酒屋 林口店,新北市林口區新北市林口區文化三路一段356號,25.071241094298,121.363547165582,02-26068522,認證中,['認證中'],新北市環保局
2026-05-03T00:11:42.407505+08:00,新北市,新莊區,乾杯燒肉居酒屋 新莊宏匯店,新北市新莊區新北市新莊區新北大道四段3號,25.059944007108,121.449451028113,02-85216277,認證中,['認證中'],新北市環保局
2026-05-03T00:11:42.407505+08:00,新北市,淡水區,將捷金鬱金香酒店,新北市淡水區中正路一段2-1號,25.175926999737,121.42677571691,02-26210333,認證中,['認證中'],新北市環保局
2026-05-03T00:11:42.407505+08:00,新北市,三重區,悠樂間 Shalom Cafe,新北市三重區自強路五段39號,25.081249002871,121.493872013639,0925595853,認證中,['認證中'],新北市環保局
2026-05-03T00:11:42.407505+08:00,新北市,板橋區,教堂小廚,新北市板橋區仁愛路12號,24.999282916542,121.458466016435,0900111444,認證中,['認證中'],新北市環保局
2026-05-03T00:11:42.407505+08:00,新北市,萬里區,望海亭海鮮餐廳,新北市萬里區野柳村港東路162之15號,25.204128499704,121.690167217371,02-24921605,認證中,['認證中'],新北市環保局
2026-05-03T00:11:42.407505+08:00,新北市,板橋區,添好運板橋遠百店,新北市板橋區新站路28號Ｂ1,25.013677997055,121.466619009835,02-29557978,認證中,['認證中'],新北市環保局
2026-05-03T00:11:42.407505+08:00,新北市,汐止區,涮乃葉-汐止遠雄店,新北市汐止區新台五路一段99號,25.061621980305,121.648248984315,-,認證中,['認證中'],新北市環保局
2026-05-03T00:11:42.407505+08:00,新北市,板橋區,涮乃葉-板橋遠百中山店,新北市板橋區中山路1段152號,25.011040002578,121.464423035022,-,認證中,['認證中'],新北市環保局
2026-05-03T00:11:42.407505+08:00,新北市,深坑區,深坑大團園餐廳,新北市深坑區阿柔里阿柔洋25之1號,24.9989378,121.6097731,02-26625328,認證中,['認證中'],新北市環保局
2026-05-03T00:11:42.407505+08:00,新北市,永和區,猛港海鮮餐廳,新北市永和區永和路一段62號,25.005901979751,121.513127005432,02-29286383,認證中,['認證中'],新北市環保局
2026-05-03T00:11:42.407505+08:00,新北市,中和區,統一多拿滋-新中環門市,新北市中和區中山路三段122號,25.006077203437,121.475688899623,02-22218130,認證中,['認證中'],新北市環保局
2026-05-03T00:11:42.407505+08:00,新北市,永和區,覓糖Mi Tang(永和中正店),新北市永和區中正路39之1號,24.996137020642,121.514338022803,02-86681249,認證中,['認證中'],新北市環保局
2026-05-03T00:11:42.407505+08:00,新北市,三重區,豚將拉麵重陽店,新北市三重區重陽路四段8號,25.068963605477,121.490664007836,02-89832058,認證中,['認證中'],新北市環保局
2026-05-03T00:11:42.407505+08:00,新北市,板橋區,速芝堡早餐店,新北市板橋區大觀路2段174巷102弄32號,25.001180998516,121.441927012728,02-29601462,認證中,['認證中'],新北市環保局
2026-05-03T00:11:42.407505+08:00,新北市,萬里區,野柳珠海餐廳,新北市萬里區港東路162-13號,25.203983995693,121.69050408606,02-24922540,認證中,['認證中'],新北市環保局
2026-05-03T00:11:42.407505+08:00,新北市,中和區,雪嶽山 中和環球,新北市中和區中山路三段122號,25.006077203437,121.475688899623,02-77313499,認證中,['認證中'],新北市環保局
2026-05-03T00:11:42.407505+08:00,新北市,萬里區,魚村活海鮮,新北市萬里區港東路74之6號,25.204900892081,121.688346416544,02-24921046,認證中,['認證中'],新北市環保局
2026-05-03T00:11:42.407505+08:00,新北市,貢寮區,魚佳餚餐廳,新北市貢寮區東興街36號,25.018061983873,121.949152016057,02-24992265,認證中,['認證中'],新北市環保局
2026-05-03T00:11:42.407505+08:00,新北市,蘆洲區,魚缸珈琲館,新北市蘆洲區三民路78號,25.084144992327,121.475208029838,02-82828350,認證中,['認證中'],新北市環保局
2026-05-03T00:11:42.407505+08:00,新北市,板橋區,鹿兒島燒肉專賣店-板橋新板店,新北市板橋區中山路一段164-1號,25.012256007182,121.466683969585,02-29625099,認證中,['認證中'],新北市環保局
2026-05-03T00:11:42.407505+08:00,新北市,新莊區,鹿兒島燒肉專賣店-新莊中華店,新北市新莊區中華路二段65號,25.047234988328,121.452918034723,02-29909950,認證中,['認證中'],新北市環保局
2026-05-03T00:11:42.407505+08:00,新北市,八里區,麥味登八里小麥,新北市八里區中山路二段542號,25.146532293943,121.39740577964,02-26195768,認證中,['認證中'],新北市環保局
2026-05-03T00:11:42.407505+08:00,新北市,八里區,麥味登八里禾渼,新北市八里區頂寮五街7號,25.126302989724,121.451883959329,02-26188007,認證中,['認證中'],新北市環保局
2026-05-03T00:11:42.407505+08:00,新北市,unknown,麥味登三芝公正,新北市三芝區公正街9號,25.257680018087,121.49983297172,02-26369969,認證中,['認證中'],新北市環保局
2026-05-03T00:11:42.407505+08:00,新北市,三重區,麥味登三重三和,新北市三重區三和路四段145巷153號,25.079051016401,121.487578964554,02-22800682,認證中,['認證中'],新北市環保局
2026-05-03T00:11:42.407505+08:00,新北市,三重區,麥味登三重三賢101,新北市三重區三賢街101號,25.088746489533,121.488062097453,02-28579101,認證中,['認證中'],新北市環保局
2026-05-03T00:11:42.407505+08:00,新北市,三重區,麥味登三重大同,新北市三重區大同北路97號,25.063793982875,121.494549019958,02-89855749,認證中,['認證中'],新北市環保局
2026-05-03T00:11:42.407505+08:00,新北市,三重區,麥味登三重中興橋,新北市三重區成功路38號,25.05041789033,121.488925265842,02-29768838,認證中,['認證中'],新北市環保局
2026-05-03T00:11:42.407505+08:00,新北市,三重區,麥味登三重木澄找餐,新北市三重區永福街179號,25.075216714793,121.478919536564,02-22870179,認證中,['認證中'],新北市環保局
2026-05-03T00:11:42.407505+08:00,新北市,三重區,麥味登三重正義,新北市三重區正義南路79號,25.059891620213,121.498301933286,02-89762827,認證中,['認證中'],新北市環保局
2026-05-03T00:11:42.407505+08:00,新北市,三重區,麥味登三重車路頭,新北市三重區車路頭街87號,25.074118014925,121.484468188828,02-22860136,認證中,['認證中'],新北市環保局
2026-05-03T00:11:42.407505+08:00,新北市,三重區,麥味登三重佳德,新北市三重區三民街305號,25.068941980167,121.478267005402,02-89825825,認證中,['認證中'],新北市環保局
2026-05-03T00:11:42.407505+08:00,新北市,三重區,麥味登三重忠孝,新北市三重區忠孝路三段25號,25.067253906777,121.48141130874,02-89850138,認證中,['認證中'],新北市環保局
2026-05-03T00:11:42.407505+08:00,新北市,三重區,麥味登三重忠孝橋,新北市三重區中正南路131號,25.057042988509,121.493907972003,02-29749888,認證中,['認證中'],新北市環保局
2026-05-03T00:11:42.407505+08:00,新北市,三重區,麥味登三重美福,新北市三重區重陽路三段162號,25.067882004691,121.489638984897,02-29801388,認證中,['認證中'],新北市環保局
2026-05-03T00:11:42.407505+08:00,新北市,三重區,麥味登三重國小,新北市三重區仁愛街23號,25.071032007724,121.496973988366,02-89762738,認證中,['認證中'],新北市環保局
2026-05-03T00:11:42.407505+08:00,新北市,三重區,麥味登三重國隆,新北市三重區國隆路29號,25.064411016677,121.492585978234,02-29818809,認證中,['認證中'],新北市環保局
2026-05-03T00:11:42.407505+08:00,新北市,三重區,麥味登三重捷運,新北市三重區捷運路37巷14號,25.056667018242,121.484209020382,02-29877007,認證中,['認證中'],新北市環保局
2026-05-03T00:11:42.407505+08:00,新北市,三重區,麥味登三重善解,新北市三重區力行路一段176號,25.071576999068,121.481984966193,02-29850176,認證中,['認證中'],新北市環保局
2026-05-03T00:11:42.407505+08:00,新北市,三重區,麥味登三重進安,新北市三重區自強路五段100號,25.083314010447,121.496703001436,02-82879992,認證中,['認證中'],新北市環保局
2026-05-03T00:11:42.407505+08:00,新北市,三重區,麥味登三重感恩,新北市三重區三陽路61號,25.059031008305,121.4844169754,02-29896559,認證中,['認證中'],新北市環保局
2026-05-03T00:11:42.407505+08:00,新北市,三峽區,麥味登三峽大同,新北市三峽區大同路196-2號,24.927208020784,121.371045029429,02-86741909,認證中,['認證中'],新北市環保局
2026-05-03T00:11:42.407505+08:00,新北市,三峽區,麥味登三峽北大,新北市三峽區大德路190號,24.945441007123,121.375877028972,02-26724567,認證中,['認證中'],新北市環保局
2026-05-03T00:11:42.407505+08:00,新北市,三峽區,麥味登三峽恩主公,新北市三峽區中山路234號,24.937378999282,121.362699000799,02-86723234,認證中,['認證中'],新北市環保局
2026-05-03T00:11:42.407505+08:00,新北市,土城區,麥味登土城日月光,新北市土城區中央路二段61巷42號,24.978287003459,121.443900028916,02-22707168,認證中,['認證中'],新北市環保局
2026-05-03T00:11:42.407505+08:00,新北市,土城區,麥味登土城光明,新北市土城區光明街63號,24.973271691694,121.442338480354,02-22706879,認證中,['認證中'],新北市環保局
2026-05-03T00:11:42.407505+08:00,新北市,土城區,麥味登土城延平,新北市土城區延平街七號,24.990729980632,121.46820101024,02-82610041,認證中,['認證中'],新北市環保局
2026-05-03T00:11:42.407505+08:00,新北市,土城區,麥味登土城明德,新北市土城區明德路一段240巷2號,24.977563980491,121.460162010724,02-82620030,認證中,['認證中'],新北市環保局
2026-05-03T00:11:42.407505+08:00,新北市,土城區,麥味登土城青雲,新北市土城區青雲路215號,24.981943315352,121.459223824301,02-22660768,認證中,['認證中'],新北市環保局
2026-05-03T00:11:42.407505+08:00,新北市,土城區,麥味登土城海山,新北市土城區明德路二段199號,24.983430013519,121.44677803919,02-82621058,認證中,['認證中'],新北市環保局
2026-05-03T00:11:42.407505+08:00,新北市,土城區,麥味登土城清高,新北市土城區明德路一段73號,24.978468332691,121.462868674945,02-22602220,認證中,['認證中'],新北市環保局
2026-05-03T00:11:42.407505+08:00,新北市,土城區,麥味登土城裕民,新北市土城區裕民路259巷24號,24.982929991085,121.455378039486,02-82601899,認證中,['認證中'],新北市環保局
2026-05-03T00:11:42.407505+08:00,新北市,土城區,麥味登土城學成,新北市土城區學成路9號,24.986490204458,121.453243168748,02-82732522,認證中,['認證中'],新北市環保局
2026-05-03T00:11:42.407505+08:00,新北市,中和區,麥味登中和民德,新北市中和區民德路155號,25.000053003896,121.46875597605,02-29628388,認證中,['認證中'],新北市環保局
2026-05-03T00:11:42.407505+08:00,新北市,中和區,麥味登中和吉仁,新北市中和區大仁街19巷1號,24.993131982625,121.51766597364,02-86680256,認證中,['認證中'],新北市環保局
2026-05-03T00:11:42.407505+08:00,新北市,中和區,麥味登中和秀朗,新北市中和區秀朗路３段128巷2號,24.99247798463,121.524706017936,02-29435788,認證中,['認證中'],新北市環保局
2026-05-03T00:11:42.407505+08:00,新北市,中和區,麥味登中和和平,新北市中和區和平街15-1號,24.990468507163,121.50915197167,02-86680428,認證中,['認證中'],新北市環保局
2026-05-03T00:11:42.407505+08:00,新北市,中和區,麥味登中和泉日青,新北市中和區連城路89巷7-2號,24.999236983712,121.497367015806,02-82458368,認證中,['認證中'],新北市環保局
2026-05-03T00:11:42.407505+08:00,新北市,中和區,麥味登中和英雄,新北市中和區興南路二段79號,24.984825013664,121.506580990509,02-89434686,認證中,['認證中'],新北市環保局
2026-05-03T00:11:42.407505+08:00,新北市,中和區,麥味登中和復興,新北市中和區復興路50號,24.990269017867,121.504200027093,02-29488698,認證中,['認證中'],新北市環保局
2026-05-03T00:11:42.407505+08:00,新北市,中和區,麥味登中和景安,新北市中和區景安路13號,24.99923979165,121.508199116917,02-89432800,認證中,['認證中'],新北市環保局
2026-05-03T00:11:42.407505+08:00,新北市,中和區,麥味登中和景新,新北市中和區景新街35號,24.999204000923,121.503932979658,02-22450559,認證中,['認證中'],新北市環保局
2026-05-03T00:11:42.407505+08:00,新北市,中和區,麥味登中和華新,新北市中和區華新街150號,24.982523007776,121.507665022047,02-86680570,認證中,['認證中'],新北市環保局
2026-05-03T00:11:42.407505+08:00,新北市,中和區,麥味登中和陽光,新北市中和區中山路二段2巷45弄12號,25.00688199187,121.501938002883,02-82453053,認證中,['認證中'],新北市環保局
2026-05-03T00:11:42.407505+08:00,新北市,中和區,麥味登中和新生,新北市中和區民樂路54號,25.001085989643,121.483306037953,02-22229635,認證中,['認證中'],新北市環保局
2026-05-03T00:11:42.407505+08:00,新北市,中和區,麥味登中和壽德,新北市中和區壽德街21號,24.995331016833,121.465908978817,02-29526863,認證中,['認證中'],新北市環保局
2026-05-03T00:11:42.407505+08:00,新北市,中和區,麥味登中和福澤,新北市中和區保健路47號,24.997523010242,121.509223972219,02-89419688,認證中,['認證中'],新北市環保局
2026-05-03T00:11:42.407505+08:00,新北市,中和區,麥味登中和遠東世紀,新北市中和區建一路188號,24.996669397222,121.487619281508,02-82271800,認證中,['認證中'],新北市環保局
2026-05-03T00:11:42.407505+08:00,新北市,中和區,麥味登中和德光,新北市中和區德光路14號,25.004621979317,121.471250011339,02-29620233,認證中,['認證中'],新北市環保局
2026-05-03T00:11:42.407505+08:00,新北市,五股區,麥味登五股中興,新北市五股區中興路四段48巷1號,25.083143983541,121.438212991431,02-22951720,認證中,['認證中'],新北市環保局
2026-05-03T00:11:42.407505+08:00,新北市,五股區,麥味登五股四維,新北市五股區四維路116-1號,25.074433006847,121.467929017482,02-29889279,認證中,['認證中'],新北市環保局
2026-05-03T00:11:42.407505+08:00,新北市,五股區,麥味登五股自強,新北市五股區自強路72號,25.073309999459,121.433093492609,02-22935789,認證中,['認證中'],新北市環保局
2026-05-03T00:11:42.407505+08:00,新北市,五股區,麥味登五股洲子洋,新北市五股區成泰路三段165號,25.091936013238,121.445144992995,02-22930223,認證中,['認證中'],新北市環保局
2026-05-03T00:11:42.407505+08:00,新北市,五股區,麥味登五股福臨,新北市五股區五福路93號,25.090484016151,121.432266031128,02-22916863,認證中,['認證中'],新北市環保局
2026-05-03T00:11:42.407505+08:00,新北市,三重區,麥味登仁愛旗艦,新北市三重區仁愛街660號,25.08054789858,121.482631797661,02-22862203,認證中,['認證中'],新北市環保局
2026-05-03T00:11:42.407505+08:00,新北市,樹林區,麥味登北大大成,新北市樹林區大成路11號,24.944887005233,121.382327993113,02-26689550,認證中,['認證中'],新北市環保局
2026-05-03T00:11:42.407505+08:00,新北市,樹林區,麥味登北大學林,新北市樹林區學林路85號,24.949307704786,121.378815472768,02-26684881,認證中,['認證中'],新北市環保局
2026-05-03T00:11:42.407505+08:00,新北市,永和區,麥味登永和仁愛,新北市永和區仁愛路145號,25.012855983811,121.511356998939,02-29250236,認證中,['認證中'],新北市環保局
2026-05-03T00:11:42.407505+08:00,新北市,永和區,麥味登永和仁愛公園,新北市永和區永平路320號,25.013168000157,121.506659026028,02-89213076,認證中,['認證中'],新北市環保局
2026-05-03T00:11:42.407505+08:00,新北市,永和區,麥味登永和保平,新北市永和區保平路266號,25.00519999536,121.508750981423,02-29225899,認證中,['認證中'],新北市環保局
2026-05-03T00:11:42.407505+08:00,新北市,永和區,麥味登永和得和,新北市永和區得和路328號,24.999470503535,121.523279082739,02-29439796,認證中,['認證中'],新北市環保局
2026-05-03T00:11:42.407505+08:00,新北市,永和區,麥味登永和福和,新北市永和區福和路343號,25.007124019324,121.515468992999,02-29219297,認證中,['認證中'],新北市環保局
2026-05-03T00:11:42.407505+08:00,新北市,永和區,麥味登永和選手,新北市永和區永貞路152號,25.004468003756,121.517816009707,02-29229929,認證中,['認證中'],新北市環保局
2026-05-03T00:11:42.407505+08:00,新北市,永和區,麥味登永和環河,新北市永和區環河西路2段213號,25.010345980995,121.50137297879,02-29233833,認證中,['認證中'],新北市環保局
2026-05-03T00:11:42.407505+08:00,新北市,汐止區,麥味登汐止仁愛,新北市汐止區仁愛路23號,25.063869000908,121.659409991307,02-26492558,認證中,['認證中'],新北市環保局
2026-05-03T00:11:42.407505+08:00,新北市,汐止區,麥味登汐止名城店,新北市汐止區新昌路37-1號,25.068137820376,121.662482377916,02-86910234,認證中,['認證中'],新北市環保局
2026-05-03T00:11:42.407505+08:00,新北市,汐止區,麥味登汐止玖達,新北市汐止區樟樹二路296號,25.069164980701,121.641229978596,02-26427171,認證中,['認證中'],新北市環保局
2026-05-03T00:11:42.407505+08:00,新北市,汐止區,麥味登汐止長江,新北市汐止區長江街65號,25.071968014851,121.656657039028,02-26482088,認證中,['認證中'],新北市環保局
2026-05-03T00:11:42.407505+08:00,新北市,汐止區,麥味登汐止建成,新北市汐止區建成路59巷49號,25.072447417803,121.661115289508,02-86422575,認證中,['認證中'],新北市環保局
2026-05-03T00:11:42.407505+08:00,新北市,汐止區,麥味登汐止皇家,新北市汐止區仁愛路166號,25.065114006896,121.664283984184,02-26433078,認證中,['認證中'],新北市環保局
2026-05-03T00:11:42.407505+08:00,新北市,汐止區,麥味登汐止茄苳,新北市汐止區茄苳路42-1號,25.07064799083,121.665979978473,02-86477766,認證中,['認證中'],新北市環保局
2026-05-03T00:11:42.407505+08:00,新北市,汐止區,麥味登汐止福氣,新北市汐止區福德一路201巷6號,25.065333989945,121.635442022996,02-26925177,認證中,['認證中'],新北市環保局
2026-05-03T00:11:42.407505+08:00,新北市,汐止區,麥味登汐止福德,新北市汐止區福德一路20號,25.069354202165,121.638590433467,02-26922316,認證中,['認證中'],新北市環保局
2026-05-03T00:11:42.407505+08:00,新北市,淡水區,麥味登竹圍米路,新北市淡水區民族路43號,25.135470989689,121.462786971341,02-28081276,認證中,['認證中'],新北市環保局
2026-05-03T00:11:42.407505+08:00,新北市,林口區,麥味登林口中山,新北市林口區中山路526號-1,25.083813990971,121.378781023146,02-26020858,認證中,['認證中'],新北市環保局
2026-05-03T00:11:42.407505+08:00,新北市,林口區,麥味登林口仁愛,新北市林口區仁愛路一段384號,25.076980015764,121.387813026732,02-26011390,認證中,['認證中'],新北市環保局
2026-05-03T00:11:42.407505+08:00,新北市,林口區,麥味登林口公園,新北市林口區公園路69號,25.069641159349,121.36841648129,02-26080267,認證中,['認證中'],新北市環保局
2026-05-03T00:11:42.407505+08:00,新北市,林口區,麥味登林口文化,新北市林口區文化三路二段36-1號,25.079447019417,121.373993028595,02-26018032,認證中,['認證中'],新北市環保局
2026-05-03T00:11:42.407505+08:00,新北市,林口區,麥味登林口民有,新北市林口區民有街68號,25.077084999102,121.372887036471,02-26081872,認證中,['認證中'],新北市環保局
2026-05-03T00:11:42.407505+08:00,新北市,林口區,麥味登林口民族,新北市林口區民族路22號,25.07396001605,121.364366999531,0986811956,認證中,['認證中'],新北市環保局
2026-05-03T00:11:42.407505+08:00,新北市,林口區,麥味登林口民視,新北市林口區信義路154號,25.080033291634,121.379803363876,02-26019062,認證中,['認證中'],新北市環保局
2026-05-03T00:11:42.407505+08:00,新北市,林口區,麥味登林口名巧園,新北市林口區仁愛路二段121號,25.074804995709,121.383660967175,02-26015862,認證中,['認證中'],新北市環保局
2026-05-03T00:11:42.407505+08:00,新北市,林口區,麥味登林口南勢,新北市林口區南勢一街17巷51號,25.076958013269,121.361524025612,02-26000275,認證中,['認證中'],新北市環保局
2026-05-03T00:11:42.407505+08:00,新北市,林口區,麥味登林口香悅,新北市林口區文化三路一段555巷50號,25.076836014668,121.369772237432,02-26082729,認證中,['認證中'],新北市環保局
2026-05-03T00:11:42.407505+08:00,新北市,林口區,麥味登林口貳貳五,新北市林口區文化三路一段225巷13號,25.07097601661,121.362203965598,02-26099585,認證中,['認證中'],新北市環保局
2026-05-03T00:11:42.407505+08:00,新北市,林口區,麥味登林口感恩,新北市林口區文化二路一段20巷23號,25.067081754006,121.365284362999,02-26006228,認證中,['認證中'],新北市環保局
2026-05-03T00:11:42.407505+08:00,新北市,林口區,麥味登林口源泉,新北市林口區源泉街36號,25.072486980386,121.357669020704,02-26092339,認證中,['認證中'],新北市環保局
2026-05-03T00:11:42.407505+08:00,新北市,林口區,麥味登林口歐園,新北市林口區麗園二街2-4號,25.069315016768,121.377154011921,02-26009889,認證中,['認證中'],新北市環保局
2026-05-03T00:11:42.407505+08:00,新北市,板橋區,麥味登板橋三民,新北市板橋區三民路二段202-13號,25.013888005639,121.478791963998,02-29630916,認證中,['認證中'],新北市環保局
2026-05-03T00:11:42.407505+08:00,新北市,板橋區,麥味登板橋大崙,新北市板橋區長安街331巷89號,25.012626990216,121.472123992384,02-29581685,認證中,['認證中'],新北市環保局
2026-05-03T00:11:42.407505+08:00,新北市,板橋區,麥味登板橋中正,新北市板橋區中正路216巷57號,25.019079002095,121.457492961296,02-22720613,認證中,['認證中'],新北市環保局
2026-05-03T00:11:42.407505+08:00,新北市,板橋區,麥味登板橋文聖,新北市板橋區文聖街182號,25.026961008565,121.479137968961,02-22542777,認證中,['認證中'],新北市環保局
2026-05-03T00:11:42.407505+08:00,新北市,板橋區,麥味登板橋永豐,新北市板橋區永豐街171號,25.02060471802,121.475775065588,02-29512885,認證中,['認證中'],新北市環保局
2026-05-03T00:11:42.407505+08:00,新北市,板橋區,麥味登板橋光武,新北市板橋區光武街63號,25.025827020884,121.467387965632,02-22541266,認證中,['認證中'],新北市環保局
2026-05-03T00:11:42.407505+08:00,新北市,板橋區,麥味登板橋光環,新北市板橋區光環路二段76號,25.014934003247,121.481678383669,02-29627677,認證中,['認證中'],新北市環保局
2026-05-03T00:11:42.407505+08:00,新北市,板橋區,麥味登板橋合安,新北市板橋區合宜路115號,24.997843282762,121.446250817481,02-29691688,認證中,['認證中'],新北市環保局
2026-05-03T00:11:42.407505+08:00,新北市,板橋區,麥味登板橋松江,新北市板橋區松江街86號,25.028218000675,121.468712976886,02-22507050,認證中,['認證中'],新北市環保局
2026-05-03T00:11:42.407505+08:00,新北市,板橋區,麥味登板橋金世紀錄,新北市板橋區長江路二段47號,25.031464395594,121.464383723896,02-22541831,認證中,['認證中'],新北市環保局
2026-05-03T00:11:42.407505+08:00,新北市,板橋區,麥味登板橋金門,新北市板橋區金門街147號,24.990760993674,121.432834994715,02-86871568,認證中,['認證中'],新北市環保局
2026-05-03T00:11:42.407505+08:00,新北市,板橋區,麥味登板橋金鑽,新北市板橋區金門街324巷7號,24.985264015843,121.428031996557,02-26860901,認證中,['認證中'],新北市環保局
2026-05-03T00:11:42.407505+08:00,新北市,板橋區,麥味登板橋長安,新北市板橋區長安街349號,25.012564000214,121.47488499129,02-29519353,認證中,['認證中'],新北市環保局
2026-05-03T00:11:42.407505+08:00,新北市,板橋區,麥味登板橋長江,新北市板橋區長江路一段150號,25.030148981619,121.460992992605,02-22597039,認證中,['認證中'],新北市環保局
2026-05-03T00:11:42.407505+08:00,新北市,板橋區,麥味登板橋致理,新北市板橋區文化路一段311-2號,25.020647088541,121.465746286076,02-22566222,認證中,['認證中'],新北市環保局
2026-05-03T00:11:42.407505+08:00,新北市,板橋區,麥味登板橋重慶,新北市板橋區重慶路308巷14號,24.998091167327,121.463708751979,02-29558858,認證中,['認證中'],新北市環保局
2026-05-03T00:11:42.407505+08:00,新北市,板橋區,麥味登板橋校前,新北市板橋區校前街76號,25.003318719102,121.462016003887,02-29615889,認證中,['認證中'],新北市環保局
2026-05-03T00:11:42.407505+08:00,新北市,板橋區,麥味登板橋國光,新北市板橋區國光路187號,25.01864398132,121.461020988161,02-29682628,認證中,['認證中'],新北市環保局
2026-05-03T00:11:42.407505+08:00,新北市,板橋區,麥味登板橋莒光,新北市板橋區莒光路188號,25.022574004262,121.47409373963,02-22566826,認證中,['認證中'],新北市環保局
2026-05-03T00:11:42.407505+08:00,新北市,板橋區,麥味登板橋莊敬,新北市板橋區莊敬路162號,25.022561012312,121.471415973022,02-22581447,認證中,['認證中'],新北市環保局
2026-05-03T00:11:42.407505+08:00,新北市,板橋區,麥味登板橋貴興,新北市板橋區貴興路109號,25.002455005889,121.455962006681,02-29649695,認證中,['認證中'],新北市環保局
2026-05-03T00:11:42.407505+08:00,新北市,板橋區,麥味登板橋實踐,新北市板橋區實踐路38號,25.006784007422,121.463558022614,02-29597877,認證中,['認證中'],新北市環保局
2026-05-03T00:11:42.407505+08:00,新北市,板橋區,麥味登板橋廣和,新北市板橋區廣和街52號,24.994277998337,121.462196969177,02-29555560,認證中,['認證中'],新北市環保局
2026-05-03T00:11:42.407505+08:00,新北市,板橋區,麥味登板橋龍泉,新北市板橋區龍泉街120號,25.024245481484,121.457013684072,02-22542268,認證中,['認證中'],新北市環保局
2026-05-03T00:11:42.407505+08:00,新北市,板橋區,麥味登板橋懷德,新北市板橋區懷德街181巷23號,25.030350985485,121.480131978858,02-22500350,認證中,['認證中'],新北市環保局
2026-05-03T00:11:42.407505+08:00,新北市,板橋區,麥味登板橋藝文,新北市板橋區莊敬路99號,25.026129984775,121.472620033413,02-82570520,認證中,['認證中'],新北市環保局
2026-05-03T00:11:42.407505+08:00,新北市,板橋區,麥味登板橋體育館,新北市板橋區中正路17號,25.012445019098,121.456010034986,02-22727177,認證中,['認證中'],新北市環保局
2026-05-03T00:11:42.407505+08:00,新北市,板橋區,麥味登板橋體育館2,新北市板橋區南雅西路二段143號,25.011687001685,121.452099960974,02-22727977,認證中,['認證中'],新北市環保局
2026-05-03T00:11:42.407505+08:00,新北市,泰山區,麥味登泰山仁義,新北市泰山區仁義路143號,25.054664204388,121.432752684426,02-22962828,認證中,['認證中'],新北市環保局
2026-05-03T00:11:42.407505+08:00,新北市,泰山區,麥味登泰山全興,新北市泰山區福興二街30號,25.057960010626,121.433146969151,02-29000283,認證中,['認證中'],新北市環保局
2026-05-03T00:11:42.407505+08:00,新北市,泰山區,麥味登泰山信華,新北市泰山區信華三街171號,25.045720868552,121.44036605015,02-29009091,認證中,['認證中'],新北市環保局
2026-05-03T00:11:42.407505+08:00,新北市,泰山區,麥味登泰山泰林,新北市泰山區泰林路二段513號,25.063702997316,121.424243963055,02-29000565,認證中,['認證中'],新北市環保局
2026-05-03T00:11:42.407505+08:00,新北市,貢寮區,麥味登貢寮福隆,新北市貢寮區興隆街20號,25.01657331596,121.945145885435,02-24991035,認證中,['認證中'],新北市環保局
2026-05-03T00:11:42.407505+08:00,新北市,淡水區,麥味登淡水水源,新北市淡水區水源街一段78號,25.172226012299,121.445601974356,02-26234139,認證中,['認證中'],新北市環保局
2026-05-03T00:11:42.407505+08:00,新北市,淡水區,麥味登淡水北新,新北市淡水區北新路153號,25.179178004702,121.449795021419,02-26235211,認證中,['認證中'],新北市環保局
2026-05-03T00:11:42.407505+08:00,新北市,淡水區,麥味登淡水台北灣,新北市淡水區新市一路一段99巷17號,25.187391389714,121.430822332125,02-26292238,認證中,['認證中'],新北市環保局
2026-05-03T00:11:42.407505+08:00,新北市,淡水區,麥味登淡水宇峰,新北市淡水區學府路45號,25.169198007867,121.447838014666,02-26235201,認證中,['認證中'],新北市環保局
2026-05-03T00:11:42.407505+08:00,新北市,淡水區,麥味登淡水紅樹林,新北市淡水區坪頂路51-1號,25.16270601431,121.458285973155,02-86263339,認證中,['認證中'],新北市環保局
2026-05-03T00:11:42.407505+08:00,新北市,淡水區,麥味登淡水真理,新北市淡水區新民街180巷2號,25.178994985846,121.437191991805,02-26205135,認證中,['認證中'],新北市環保局
2026-05-03T00:11:42.407505+08:00,新北市,淡水區,麥味登淡水淡大,新北市淡水區水源街二段56號,25.173883994657,121.450862037694,02-26295836,認證中,['認證中'],新北市環保局
2026-05-03T00:11:42.407505+08:00,新北市,淡水區,麥味登淡水淡江,新北市淡水區北新路182巷37號,25.177260015708,121.448556008492,02-26250018,認證中,['認證中'],新北市環保局
2026-05-03T00:11:42.407505+08:00,新北市,淡水區,麥味登淡水淡海,新北市淡水區淡海路72巷1號,25.181031726861,121.42313959352,02-28050511,認證中,['認證中'],新北市環保局
2026-05-03T00:11:42.407505+08:00,新北市,淡水區,麥味登淡水新市,新北市淡水區新市一路三段108號,25.182798986874,121.446696231815,02-86315511,認證中,['認證中'],新北市環保局
2026-05-03T00:11:42.407505+08:00,新北市,淡水區,麥味登淡水新春,新北市淡水區新春街97號,25.182561611376,121.439874787554,02-26212553,認證中,['認證中'],新北市環保局
2026-05-03T00:11:42.407505+08:00,新北市,板橋區,麥味登新北新海,新北市板橋區新海路117號,25.022858402237,121.461013612086,02-22568688,認證中,['認證中'],新北市環保局
2026-05-03T00:11:42.407505+08:00,新北市,新店區,麥味登新店大坪林,新北市新店區北新路三段70號,24.980331014367,121.542134006294,02-29129555,認證中,['認證中'],新北市環保局
2026-05-03T00:11:42.407505+08:00,新北市,新店區,麥味登新店光華,新北市新店區光華街10號,24.9690630962,121.517774686924,02-22119009,認證中,['認證中'],新北市環保局
2026-05-03T00:11:42.407505+08:00,新北市,新店區,麥味登新店安康,新北市新店區安康路三段25號,24.953137983081,121.493319981496,02-22156557,認證中,['認證中'],新北市環保局
2026-05-03T00:11:42.407505+08:00,新北市,新店區,麥味登新店安德,新北市新店區安德街34號,24.96278601464,121.511618011404,02-22124693,認證中,['認證中'],新北市環保局
2026-05-03T00:11:42.407505+08:00,新北市,新店區,麥味登新店佳燁,新北市新店區安和路3段134號,24.986028990236,121.516383961549,02-86683580,認證中,['認證中'],新北市環保局
2026-05-03T00:11:42.407505+08:00,新北市,新店區,麥味登新店建國,新北市新店區建國路236號,24.981814988415,121.537839035288,02-29118958,認證中,['認證中'],新北市環保局
2026-05-03T00:11:42.407505+08:00,新北市,新店區,麥味登新店順聯,新北市新店區復興路16號,24.986920992372,121.53960401264,02-29141418,認證中,['認證中'],新北市環保局
2026-05-03T00:11:42.407505+08:00,新北市,新店區,麥味登新店綠野香坡,新北市新店區安祥路139號,24.955888085512,121.474579806195,02-22001700,認證中,['認證中'],新北市環保局
2026-05-03T00:11:42.407505+08:00,新北市,新店區,麥味登新店寶興,新北市新店區寶興路47-1號,24.973263519338,121.549306736118,02-89193100,認證中,['認證中'],新北市環保局
2026-05-03T00:11:42.407505+08:00,新北市,新莊區,麥味登新莊中平,新北市新莊區中平路121號,25.046722015853,121.444650041612,02-22771508,認證中,['認證中'],新北市環保局
2026-05-03T00:11:42.407505+08:00,新北市,新莊區,麥味登新莊中信,新北市新莊區中信街2號,25.050920511154,121.451500403439,02-89927177,認證中,['認證中'],新北市環保局
2026-05-03T00:11:42.407505+08:00,新北市,新莊區,麥味登新莊中原,新北市新莊區中原路138號,25.05453679946,121.455378123305,02-85212006,認證中,['認證中'],新北市環保局
2026-05-03T00:11:42.407505+08:00,新北市,新莊區,麥味登新莊中華,新北市新莊區中華路二段172號,25.051713397285,121.453273511237,02-29900759,認證中,['認證中'],新北市環保局
2026-05-03T00:11:42.407505+08:00,新北市,新莊區,麥味登新莊五工,新北市新莊區五工二路86巷2號,25.066404987623,121.459831009367,02-22993799,認證中,['認證中'],新北市環保局
2026-05-03T00:11:42.407505+08:00,新北市,新莊區,麥味登新莊五工二,新北市新莊區建中街85號,25.036526017374,121.44710099392,02-29922522,認證中,['認證中'],新北市環保局
2026-05-03T00:11:42.407505+08:00,新北市,新莊區,麥味登新莊天祥,新北市新莊區天祥街26-1號,25.02766001738,121.417512959529,02-29084674,認證中,['認證中'],新北市環保局
2026-05-03T00:11:42.407505+08:00,新北市,新莊區,麥味登新莊民安,新北市新莊區民安路45號,25.02646798502,121.423882032476,02-22025530,認證中,['認證中'],新北市環保局
2026-05-03T00:11:42.407505+08:00,新北市,新莊區,麥味登新莊米娜,新北市新莊區中原東路30號,25.054639980688,121.464769961994,02-85229700,認證中,['認證中'],新北市環保局
2026-05-03T00:11:42.407505+08:00,新北市,新莊區,麥味登新莊自立,新北市新莊區自立街115號,25.045556009303,121.455676016144,02-29980115,認證中,['認證中'],新北市環保局
2026-05-03T00:11:42.407505+08:00,新北市,新莊區,麥味登新莊西盛,新北市新莊區西盛街196號,25.018455011313,121.428025961587,02-22010970,認證中,['認證中'],新北市環保局
2026-05-03T00:11:42.407505+08:00,新北市,新莊區,麥味登新莊幸福,新北市新莊區幸福路834號,25.04917301007,121.445153961631,02-22771234,認證中,['認證中'],新北市環保局
2026-05-03T00:11:42.407505+08:00,新北市,新莊區,麥味登新莊昌明,新北市新莊區昌明街22號,25.052451004764,121.457036985763,02-29905398,認證中,['認證中'],新北市環保局
2026-05-03T00:11:42.407505+08:00,新北市,新莊區,麥味登新莊玥萱,新北市新莊區雙鳳路88號,25.027992988484,121.41488296977,02-29015928,認證中,['認證中'],新北市環保局
2026-05-03T00:11:42.407505+08:00,新北市,新莊區,麥味登新莊建安,新北市新莊區建安街46號,25.024942017638,121.427449119011,02-22044018,認證中,['認證中'],新北市環保局
2026-05-03T00:11:42.407505+08:00,新北市,新莊區,麥味登新莊星品,新北市新莊區中和街12號,25.043155013138,121.448433465068,02-89910985,認證中,['認證中'],新北市環保局
2026-05-03T00:11:42.407505+08:00,新北市,新莊區,麥味登新莊星誠,新北市新莊區中誠街15號,25.048022007126,121.451725960454,02-29931989,認證中,['認證中'],新北市環保局
2026-05-03T00:11:42.407505+08:00,新北市,新莊區,麥味登新莊星榮,新北市新莊區中榮街60號,25.052843990295,121.449013995681,02-29960669,認證中,['認證中'],新北市環保局
2026-05-03T00:11:42.407505+08:00,新北市,新莊區,麥味登新莊福興,新北市新莊區公園路238號,25.040616008938,121.457446022638,02-22761918,認證中,['認證中'],新北市環保局
2026-05-03T00:11:42.407505+08:00,新北市,新莊區,麥味登新莊歐洲村,新北市新莊區立信三街7巷1號,25.050330006075,121.444265982809,02-29966927,認證中,['認證中'],新北市環保局
2026-05-03T00:11:42.407505+08:00,新北市,新莊區,麥味登新莊頭前公園,新北市新莊區頭成街163號,25.052087020619,121.461927993904,02-29909163,認證中,['認證中'],新北市環保局
2026-05-03T00:11:42.407505+08:00,新北市,新莊區,麥味登新莊龍安,新北市新莊區中正路新建巷55號,25.021426982722,121.414713990602,02-29017665,認證中,['認證中'],新北市環保局
2026-05-03T00:11:42.407505+08:00,新北市,瑞芳區,麥味登瑞芳明燈,新北市瑞芳區明燈路三段81號,25.108236006977,121.805174221194,02-24976263,認證中,['認證中'],新北市環保局
2026-05-03T00:11:42.407505+08:00,新北市,樹林區,麥味登樹林中華,新北市樹林區中華路39號,24.983407005194,121.423811959766,02-86868651,認證中,['認證中'],新北市環保局
2026-05-03T00:11:42.407505+08:00,新北市,樹林區,麥味登樹林日新,新北市樹林區日新街185號,24.987571008963,121.419967013141,02-26862525,認證中,['認證中'],新北市環保局
2026-05-03T00:11:42.407505+08:00,新北市,樹林區,麥味登樹林光榮,新北市樹林區光榮街53號,25.003493020778,121.412084000843,02-26888936,認證中,['認證中'],新北市環保局
2026-05-03T00:11:42.407505+08:00,新北市,板橋區,麥味登樹林秀泰,新北市板橋區大觀路三段160巷46號,24.994176996403,121.429701001118,02-26860822,認證中,['認證中'],新北市環保局
2026-05-03T00:11:42.407505+08:00,新北市,樹林區,麥味登樹林東榮,新北市樹林區東榮街121號,24.981926006722,121.415092014435,02-86860063,認證中,['認證中'],新北市環保局
2026-05-03T00:11:42.407505+08:00,新北市,樹林區,麥味登樹林國凱,新北市樹林區國凱街19號之1,24.97837601927,121.41911096937,02-86853291,認證中,['認證中'],新北市環保局
2026-05-03T00:11:42.407505+08:00,新北市,樹林區,麥味登樹林復興,新北市樹林區復興路37號,24.993660419711,121.422389969892,02-26851566,認證中,['認證中'],新北市環保局
2026-05-03T00:11:42.407505+08:00,新北市,樹林區,麥味登樹林會贏,新北市樹林區國凱街102號,24.979698013039,121.422138931892,02-86868732,認證中,['認證中'],新北市環保局
2026-05-03T00:11:42.407505+08:00,新北市,中和區,麥味登雙和圓通,新北市中和區圓通路242號,24.992233987428,121.494424967791,02-22421165,認證中,['認證中'],新北市環保局
2026-05-03T00:11:42.407505+08:00,新北市,蘆洲區,麥味登蘆洲中心,新北市蘆洲區民權路188-7號,25.091012998061,121.471539019361,02-82866513,認證中,['認證中'],新北市環保局
2026-05-03T00:11:42.407505+08:00,新北市,蘆洲區,麥味登蘆洲正和,新北市蘆洲區正和街79號,25.080763984044,121.46840100245,02-82867980,認證中,['認證中'],新北市環保局
2026-05-03T00:11:42.407505+08:00,新北市,蘆洲區,麥味登蘆洲長興,新北市蘆洲區長興路50巷3號,25.08399499817,121.463757008996,02-22829933,認證中,['認證中'],新北市環保局
2026-05-03T00:11:42.407505+08:00,新北市,蘆洲區,麥味登蘆洲康佑,新北市蘆洲區長安街343號,25.086944003164,121.457216023215,02-82868137,認證中,['認證中'],新北市環保局
2026-05-03T00:11:42.407505+08:00,新北市,蘆洲區,麥味登蘆洲復興,新北市蘆洲區復興路181號,25.08940199627,121.478959015328,02-82827200,認證中,['認證中'],新北市環保局
2026-05-03T00:11:42.407505+08:00,新北市,蘆洲區,麥味登蘆洲鷺江99,新北市蘆洲區鷺江街99號,25.083983012049,121.476754993888,02-22859299,認證中,['認證中'],新北市環保局
2026-05-03T00:11:42.407505+08:00,新北市,鶯歌區,麥味登鶯歌天囍,新北市鶯歌區尖山路136號,24.948759193043,121.346852761389,02-86776850,認證中,['認證中'],新北市環保局
2026-05-03T00:11:42.407505+08:00,新北市,三重區,荳荳早午餐店,新北市三重區文化南路31之1號,25.061787019978,121.500105970306,02-89731966,認證中,['認證中'],新北市環保局
2026-05-03T00:11:42.407505+08:00,新北市,中和區,勝博殿 中和環球分店,新北市中和區中山路三段122號,25.006077203437,121.475688899623,02-66377718,認證中,['認證中'],新北市環保局
2026-05-03T00:11:42.407505+08:00,新北市,板橋區,勝勢豬排(板橋大遠百),新北市板橋區新站路28號,25.013677997055,121.466619009835,02-29506628,認證中,['認證中'],新北市環保局
2026-05-03T00:11:42.407505+08:00,新北市,三峽區,喜徠珍古井餐廳,新北市三峽區中山路40號,24.934509999554,121.368741011884,02-86711798894,認證中,['認證中'],新北市環保局
2026-05-03T00:11:42.407505+08:00,新北市,新店區,喔嗨呦早餐屋,新北市新店區北宜路2段36號,24.951355990465,121.548526967665,02-22178530,認證中,['認證中'],新北市環保局
2026-05-03T00:11:42.407505+08:00,新北市,中和區,喬MAMA,新北市中和區興南路二段6號,24.986163016868,121.507847998993,02-29400048,認證中,['認證中'],新北市環保局
2026-05-03T00:11:42.407505+08:00,新北市,貢寮區,富士海鮮餐廳,新北市貢寮區東興街8號,25.01986199758,121.950561013981,02-24991001,認證中,['認證中'],新北市環保局
2026-05-03T00:11:42.407505+08:00,新北市,淡水區,富群休閒農園,新北市淡水區北新路一段129-1號,25.182340042389,121.458434179441,02-26282899,認證中,['認證中'],新北市環保局
2026-05-03T00:11:42.407505+08:00,新北市,板橋區,彭園婚宴會館(新板店),新北市板橋區中山路一段161號,25.012078981387,121.465593986896,02-29527666,認證中,['認證中'],新北市環保局
2026-05-03T00:11:42.407505+08:00,新北市,三重區,復盛員工餐廳,新北市三重區光復路二段60號,25.055849615045,121.471872619107,02-29951411,認證中,['認證中'],新北市環保局
2026-05-03T00:11:42.407505+08:00,新北市,板橋區,惠比壽烏龍麵,新北市板橋區新站路28號,25.013677997055,121.466619009835,02-77054168,認證中,['認證中'],新北市環保局
2026-05-03T00:11:42.407505+08:00,新北市,板橋區,棉 早+午餐廳,新北市板橋區大觀路二段93號,25.001888095868,121.446388113055,02-29660282,認證中,['認證中'],新北市環保局
2026-05-03T00:11:42.407505+08:00,新北市,中和區,港都熱炒,新北市中和區大勇街10號,24.992584979624,121.517246040291,02-29406751,認證中,['認證中'],新北市環保局
2026-05-03T00:11:42.407505+08:00,新北市,中和區,粥太郎 粥品·麵食,新北市中和區南山路49號,24.998582985717,121.502137827455,02-22426628,認證中,['認證中'],新北市環保局
2026-05-03T00:11:42.407505+08:00,新北市,新莊區,紫緹麵食館,新北市新莊區民安東路37號,25.021008013292,121.428869013409,02-22029635,認證中,['認證中'],新北市環保局
2026-05-03T00:11:42.407505+08:00,新北市,中和區,華漾 DIM SUM 中和環球,新北市中和區中山路三段122號,25.006077203437,121.475688899623,02-22252088,認證中,['認證中'],新北市環保局
2026-05-03T00:11:42.407505+08:00,新北市,中和區,開丼 燒肉vs丼飯 中和環球,新北市中和區中山路三段122號,25.006077203437,121.475688899623,02-82281266,認證中,['認證中'],新北市環保局
2026-05-03T00:11:42.407505+08:00,新北市,中和區,開飯川食堂 中和環球店,新北市中和區中山路三段122號,25.006077203437,121.475688899623,02-22238218,認證中,['認證中'],新北市環保局
2026-05-03T00:11:42.407505+08:00,新北市,淡水區,閑恬Mydeli手作美味坊,新北市淡水區坪頂路22號,25.161593484302,121.456642114304,02-86263159,認證中,['認證中'],新北市環保局
2026-05-03T00:11:42.407505+08:00,新北市,瑞芳區,雲山水小築民宿,新北市瑞芳區金瓜石石山里山尖路72-1號,25.114863996913,121.854004003971,02-24962201,認證中,['認證中'],新北市環保局
2026-05-03T00:11:42.407505+08:00,新北市,烏來區,雲仙大飯店,新北市烏來區烏來里瀑布路1-1號,24.848585332064,121.551768215635,02-26616383,認證中,['認證中'],新北市環保局
2026-05-03T00:11:42.407505+08:00,新北市,烏來區,雲仙樂園中餐廳,新北市烏來區瀑布路1-1,24.848585332064,121.551768215635,02-26616510,認證中,['認證中'],新北市環保局
2026-05-03T00:11:42.407505+08:00,新北市,新莊區,順哥?坊早餐店,新北市新莊區新北大道7段630號,25.028291007051,121.411893983098,02-29088861,認證中,['認證中'],新北市環保局
2026-05-03T00:11:42.407505+08:00,新北市,中和區,黃到即食鍋燒麵(中和店),新北市中和區國光街107巷4弄30號,24.99896100955,121.469619982629,0909670810,認證中,['認證中'],新北市環保局
2026-05-03T00:11:42.407505+08:00,新北市,新莊區,黑毛屋 新莊宏匯店,新北市新莊區新北市新莊區新北大道四段 3 號 7 樓,25.060115122343,121.449384532813,02-85222611,認證中,['認證中'],新北市環保局
2026-05-03T00:11:42.407505+08:00,新北市,板橋區,黑毛屋本家 板橋大遠百店,新北市板橋區新北市板橋區新站路 28 號,25.013677997055,121.466619009835,02-29524088,認證中,['認證中'],新北市環保局
2026-05-03T00:11:42.407505+08:00,新北市,三峽區,黑沃咖啡-三峽大學店,新北市三峽區新北市三峽區大學路120號,24.943973000601,121.374814036011,04-22624040,認證中,['認證中'],新北市環保局
2026-05-03T00:11:42.407505+08:00,新北市,永和區,黑沃咖啡-永和竹林店,新北市永和區新北市永和區竹林路178號,25.009931705431,121.520367628671,04-22624040,認證中,['認證中'],新北市環保局
2026-05-03T00:11:42.407505+08:00,新北市,汐止區,黑沃咖啡-汐止白天鵝店,新北市汐止區新北市汐止區康寧街169巷8之1號,25.067136979227,121.622822983946,04-22624040,認證中,['認證中'],新北市環保局
2026-05-03T00:11:42.407505+08:00,新北市,林口區,黑沃咖啡-林口文化店,新北市林口區新北市林口區文化三路一段225巷6號,25.071076012715,121.362618031615,04-22624040,認證中,['認證中'],新北市環保局
2026-05-03T00:11:42.407505+08:00,新北市,板橋區,黑沃咖啡-板橋南門店,新北市板橋區新北市板橋區南門街73號,25.007945990659,121.457074033775,04-22624040,認證中,['認證中'],新北市環保局
2026-05-03T00:11:42.407505+08:00,新北市,淡水區,黑沃咖啡-淡水新市店,新北市淡水區新北市淡水區中山北路二段163號,25.184176007837,121.444204962554,04-22624040,認證中,['認證中'],新北市環保局
2026-05-03T00:11:42.407505+08:00,新北市,新莊區,黑沃咖啡-新北輔大店,新北市新莊區新北市新莊區中正路595號,25.031968986165,121.432871958908,04-22624040,認證中,['認證中'],新北市環保局
2026-05-03T00:11:42.407505+08:00,新北市,新莊區,勤誠興業-員工餐廳,新北市新莊區中原路558號,25.054608003727,121.445017001333,02-82265500,認證中,['認證中'],新北市環保局
2026-05-03T00:11:42.407505+08:00,新北市,板橋區,嗑厚班早午餐,新北市板橋區龍興街11號,24.999633992556,121.442630002947,02-89699525,認證中,['認證中'],新北市環保局
2026-05-03T00:11:42.407505+08:00,新北市,中和區,微星員工餐廳,新北市中和區立德街69號,25.00761000207,121.48750998149,02-323455991088,認證中,['認證中'],新北市環保局
2026-05-03T00:11:42.407505+08:00,新北市,萬里區,意芳飯店,新北市萬里區港東路155號,25.205053107443,121.689774525207,0932500750,認證中,['認證中'],新北市環保局
2026-05-03T00:11:42.407505+08:00,新北市,新店區,新店活蝦大王,新北市新店區建國路200號,24.980677983249,121.537852027238,02-29110986,認證中,['認證中'],新北市環保局
2026-05-03T00:11:42.407505+08:00,新北市,板橋區,新馬辣經典麻辣鍋板橋遠百店,新北市板橋區中山路一段152號、遠東百貨11F櫃號-1103號,25.011185738785,121.464403870391,02-29512456,認證中,['認證中'],新北市環保局
2026-05-03T00:11:42.407505+08:00,新北市,板橋區,新葡苑(板橋遠百店),新北市板橋區新站路28號,25.013677997055,121.466619009835,02-89510388,認證中,['認證中'],新北市環保局
2026-05-03T00:11:42.407505+08:00,新北市,板橋區,楚門咖啡．餐館,新北市板橋區新海路5號,25.020507990858,121.462540962483,0906381747,認證中,['認證中'],新北市環保局
2026-05-03T00:11:42.407505+08:00,新北市,新店區,楊記運滷熬鮮小館,新北市新店區中正路183巷6號,24.971930000452,121.540470030876,02-23611999894,認證中,['認證中'],新北市環保局
2026-05-03T00:11:42.407505+08:00,新北市,深坑區,源春小吃店,新北市深坑區深坑街119號,25.001285017934,121.61373297759,02-26647116,認證中,['認證中'],新北市環保局
2026-05-03T00:11:42.407505+08:00,新北市,新莊區,萬佳鄉-新展店,新北市新莊區龍安路66-42號,25.0214409805,121.415227968905,02-29063230,認證中,['認證中'],新北市環保局
2026-05-03T00:11:42.407505+08:00,新北市,淡水區,義利不窯-碳烤牛排-窯烤披薩-義式料理,新北市淡水區淡金路二段608之2號,25.192725507167,121.446943497959,02-26206699,認證中,['認證中'],新北市環保局
2026-05-03T00:11:42.407505+08:00,新北市,板橋區,義饗屋板橋大遠百店,新北市板橋區新站路28號,25.013677997055,121.466619009835,02-77054168,認證中,['認證中'],新北市環保局
2026-05-03T00:11:42.407505+08:00,新北市,新莊區,肆六巷,新北市新莊區中誠街46巷5號,25.048416291852,121.451171581378,0918309905,認證中,['認證中'],新北市環保局
2026-05-03T00:11:42.407505+08:00,新北市,板橋區,跳舞香水板橋大遠百,新北市板橋區新站路28號,25.013677997055,121.466619009835,02-29612323,認證中,['認證中'],新北市環保局
2026-05-03T00:11:42.407505+08:00,新北市,中和區,達客魷魚 中和環球,新北市中和區中山路三段122號,25.006077203437,121.475688899623,0906221183,認證中,['認證中'],新北市環保局
2026-05-03T00:11:42.407505+08:00,新北市,板橋區,零居Zero Living,新北市板橋區文化路一段188巷7弄27號,25.019686815804,121.467879061339,02-22565109,認證中,['認證中'],新北市環保局
2026-05-03T00:11:42.407505+08:00,新北市,新莊區,頑童茶館,新北市新莊區四維路97巷16號,25.023391994193,121.423828975029,02-82015788,認證中,['認證中'],新北市環保局
2026-05-03T00:11:42.407505+08:00,新北市,板橋區,鼎泰豐板橋店,新北市板橋區新站路28號,25.013677997055,121.466619009835,02-222678905105,認證中,['認證中'],新北市環保局
2026-05-03T00:11:42.407505+08:00,新北市,蘆洲區,鉦富咖哩屋,新北市蘆洲區永平街32巷22弄4號,25.092151009055,121.459886665204,02-82853047,認證中,['認證中'],新北市環保局
2026-05-03T00:11:42.407505+08:00,新北市,永和區,熊賀呷早午餐,新北市永和區竹林路52號,25.014020984533,121.51779840771,02-29266942,認證中,['認證中'],新北市環保局
2026-05-03T00:11:42.407505+08:00,新北市,金山區,福華海鮮餐廳,新北市金山區民生路51巷1號,25.220418979982,121.642256007363,02-24986259,認證中,['認證中'],新北市環保局
2026-05-03T00:11:42.407505+08:00,新北市,深坑區,福園中餐廳,新北市深坑區北深路三段236號,25.004168015441,121.600444978848,02-26620088122,認證中,['認證中'],新北市環保局
2026-05-03T00:11:42.407505+08:00,新北市,板橋區,餃勁腦汁(板橋大遠百),新北市板橋區新站路28號,25.013677997055,121.466619009835,02-77522516,認證中,['認證中'],新北市環保局
2026-05-03T00:11:42.407505+08:00,新北市,板橋區,蒔朵日式舒芙蕾厚鬆餅,新北市板橋區南雅西路二段124號,25.012538980233,121.452166010371,02-89697605,認證中,['認證中'],新北市環保局
2026-05-03T00:11:42.407505+08:00,新北市,板橋區,億長御坊,新北市板橋區新站路28號,25.013677997055,121.466619009835,02-77054168,認證中,['認證中'],新北市環保局
2026-05-03T00:11:42.407505+08:00,新北市,深坑區,劉的臭豆腐,新北市深坑區深坑街46號,25.001779005398,121.614969978861,02-26621140,認證中,['認證中'],新北市環保局
2026-05-03T00:11:42.407505+08:00,新北市,林口區,慕谷慕魚蔬食原住民人文餐廳,新北市林口區仁愛路一段338號,25.076592017466,121.390992031149,0912537590,認證中,['認證中'],新北市環保局
2026-05-03T00:11:42.407505+08:00,新北市,新莊區,樂玩精品咖啡新北新莊店,新北市新莊區中平路439號,25.056016414918,121.444002791049,02-85214396,認證中,['認證中'],新北市環保局
2026-05-03T00:11:42.407505+08:00,新北市,中和區,樂起司 中和環球,新北市中和區中山路三段122號,25.006077203437,121.475688899623,0952233031,認證中,['認證中'],新北市環保局
2026-05-03T00:11:42.407505+08:00,新北市,新莊區,樂檸漢堡（新北新莊棒球場門市）,新北市新莊區新泰路232號,25.039572000988,121.446622973982,02-29946215,認證中,['認證中'],新北市環保局
2026-05-03T00:11:42.407505+08:00,新北市,中和區,樂?牛排(中和店),新北市中和區中和路350巷1號,25.001366992947,121.510310015413,02-29220089,認證中,['認證中'],新北市環保局
2026-05-03T00:11:42.407505+08:00,新北市,深坑區,歐里人文空間,新北市深坑區深坑街48號,25.001768192743,121.614921531461,02-26644525,認證中,['認證中'],新北市環保局
2026-05-03T00:11:42.407505+08:00,新北市,深坑區,蔬植純素料理,新北市深坑區北深路二段214號,25.001460995991,121.612694040692,02-26642386,認證中,['認證中'],新北市環保局
2026-05-03T00:11:42.407505+08:00,新北市,板橋區,豬豬的拉麵屋,新北市板橋區溪北路41號,24.990230000108,121.427497985506,0937528511,認證中,['認證中'],新北市環保局
2026-05-03T00:11:42.407505+08:00,新北市,永和區,勳牛肉麵(永和店),新北市永和區安樂路194巷3號,25.001343020704,121.515256008839,02-29290588,認證中,['認證中'],新北市環保局
2026-05-03T00:11:42.407505+08:00,新北市,板橋區,橙易食堂-板橋大遠百,新北市板橋區新站路28號,25.013677997055,121.466619009835,0983379801,認證中,['認證中'],新北市環保局
2026-05-03T00:11:42.407505+08:00,新北市,中和區,燒肉LIKE 中和環球店,新北市中和區中山路三段122號,25.006077203437,121.475688899623,02-22281497,認證中,['認證中'],新北市環保局
2026-05-03T00:11:42.407505+08:00,新北市,林口區,燒肉Smile 林口文化店,新北市林口區文化二路一段76號,25.069180990136,121.366152009632,02-26087728,認證中,['認證中'],新北市環保局
2026-05-03T00:11:42.407505+08:00,新北市,三重區,燒肉Smile 新北三重店,新北市三重區重新路二段100號,25.06178429586,121.496863598701,02-89721118,認證中,['認證中'],新北市環保局
2026-05-03T00:11:42.407505+08:00,新北市,樹林區,燒肉Smile 樹林秀泰店,新北市樹林區樹新路40-6號,24.995446687096,121.428337936023,02-26878522,認證中,['認證中'],新北市環保局
2026-05-03T00:11:42.407505+08:00,新北市,板橋區,燒肉哦爺-日韓燒肉吃到飽(板橋府中店),新北市板橋區館前東路48號2.,25.007148997396,121.460810015658,02-89538153,認證中,['認證中'],新北市環保局
2026-05-03T00:11:42.407505+08:00,新北市,三峽區,築間幸福鍋物 三峽大學店,新北市三峽區大學路198號,24.946789697254,121.372547317935,02-26722226,認證中,['認證中'],新北市環保局
2026-05-03T00:11:42.407505+08:00,新北市,土城區,築間幸福鍋物 土城中央店,新北市土城區中央路二段21巷128號,24.979227411085,121.445151614698,02-22601555,認證中,['認證中'],新北市環保局
2026-05-03T00:11:42.407505+08:00,新北市,土城區,築間幸福鍋物 土城裕民店,新北市土城區新北市土城區學士路23號,24.982458006117,121.45332170718,02-22645577,認證中,['認證中'],新北市環保局
2026-05-03T00:11:42.407505+08:00,新北市,新莊區,築間幸福鍋物 士林承德店,新北市新莊區中平路402號,25.05464500983,121.444923962208,02-28828558,認證中,['認證中'],新北市環保局
2026-05-03T00:11:42.407505+08:00,新北市,新店區,築間幸福鍋物 京站小碧潭店,新北市新店區中央路157號5 樓,24.972507010667,121.530558011276,02-89136177,認證中,['認證中'],新北市環保局
2026-05-03T00:11:42.407505+08:00,新北市,林口區,築間幸福鍋物 林口三井店,新北市林口區文化二路一段72號,25.069127014573,121.365974537771,02-26085533,認證中,['認證中'],新北市環保局
2026-05-03T00:11:42.407505+08:00,新北市,板橋區,築間幸福鍋物 板橋館前店,新北市板橋區館前東路96號,25.007412398703,121.462169141258,02-29596199,認證中,['認證中'],新北市環保局
2026-05-03T00:11:42.407505+08:00,新北市,板橋區,築間幸福鍋物 板橋雙十店,新北市板橋區雙十路三段8號,25.030390003245,121.471907990739,02-82595577,認證中,['認證中'],新北市環保局
2026-05-03T00:11:42.407505+08:00,新北市,淡水區,築間幸福鍋物 淡水新市店,新北市淡水區新市一路一段8號,25.186830388935,121.429569489057,02-26229933,認證中,['認證中'],新北市環保局
2026-05-03T00:11:42.407505+08:00,新北市,三重區,築間幸福鍋物 新北三重店,新北市三重區重新路二段92號,25.061745990562,121.497046994743,02-29785222,認證中,['認證中'],新北市環保局
2026-05-03T00:11:42.407505+08:00,新北市,永和區,築間幸福鍋物 新北永和店,新北市永和區永和路二段116號,25.012055009143,121.515214015504,02-29217588,認證中,['認證中'],新北市環保局
2026-05-03T00:11:42.407505+08:00,新北市,汐止區,築間幸福鍋物 新北汐止店,新北市汐止區新台五路二段12號,25.064971388814,121.660397128044,02-26487779,認證中,['認證中'],新北市環保局
2026-05-03T00:11:42.407505+08:00,新北市,新莊區,築間幸福鍋物 新莊中正店,新北市新莊區中正路72號,25.038107011951,121.458858038047,02-22767522,認證中,['認證中'],新北市環保局
2026-05-03T00:11:42.407505+08:00,新北市,新莊區,築間幸福鍋物 新莊中悅廣場店,新北市新莊區中平路402號,25.05464500983,121.444923962208,02-89956561,認證中,['認證中'],新北市環保局
2026-05-03T00:11:42.407505+08:00,新北市,新莊區,築間幸福鍋物 新莊福海店,新北市新莊區中正路340巷1號,25.034655008947,121.444852967488,02-29931555,認證中,['認證中'],新北市環保局
2026-05-03T00:11:42.407505+08:00,新北市,樹林區,築間幸福鍋物 樹林秀泰店,新北市樹林區樹新路40-6號號,24.995446687096,121.428337936023,02-26860667,認證中,['認證中'],新北市環保局
2026-05-03T00:11:42.407505+08:00,新北市,中和區,築間幸福鍋物 雙和中和店,新北市中和區中和路262號,24.999508012552,121.50851402502,02-29262255,認證中,['認證中'],新北市環保局
2026-05-03T00:11:42.407505+08:00,新北市,蘆洲區,築間幸福鍋物 蘆洲三民店,新北市蘆洲區三民路248號,25.089909981512,121.468102019964,02-22887337,認證中,['認證中'],新北市環保局
2026-05-03T00:11:42.407505+08:00,新北市,中和區,築間酸菜魚 中和環球店,新北市中和區中山路三段122號,25.006077203437,121.475688899623,02-22221555,認證中,['認證中'],新北市環保局
2026-05-03T00:11:42.407505+08:00,新北市,永和區,築間燒肉本命 新北永和店,新北市永和區永和路二段116號,25.012055009143,121.515214015504,02-29218255,認證中,['認證中'],新北市環保局
2026-05-03T00:11:42.407505+08:00,新北市,中和區,貓樂貓咖啡-環球中和,新北市中和區中山路三段122號,25.006077203437,121.475688899623,02-22217108,認證中,['認證中'],新北市環保局
2026-05-03T00:11:42.407505+08:00,新北市,萬里區,錦園魚夫海鮮,新北市萬里區野柳村港東路159號,25.204826209324,121.689901175764,02-24924950,認證中,['認證中'],新北市環保局
2026-05-03T00:11:42.407505+08:00,新北市,板橋區,鴨香飽 當歸豬腳當歸鴨(板橋店),新北市板橋區新海路385巷28弄12號,25.026073993661,121.457453985446,02-82570080,認證中,['認證中'],新北市環保局
2026-05-03T00:11:42.407505+08:00,新北市,板橋區,鍋賣局(板橋新板店),新北市板橋區中山路一段130號,25.010639012331,121.463495996531,-,認證中,['認證中'],新北市環保局
2026-05-03T00:11:42.407505+08:00,新北市,板橋區,韓本家,新北市板橋區新站路28號,25.013677997055,121.466619009835,02-27512588,認證中,['認證中'],新北市環保局
2026-05-03T00:11:42.407505+08:00,新北市,板橋區,韓國旬彩料理,新北市板橋區新站路28號,25.013677997055,121.466619009835,02-77054168,認證中,['認證中'],新北市環保局
2026-05-03T00:11:42.407505+08:00,新北市,板橋區,韓鶴亭(板橋大遠百),新北市板橋區新站路28號,25.013677997055,121.466619009835,02-86933002,認證中,['認證中'],新北市環保局
2026-05-03T00:11:42.407505+08:00,新北市,萬里區,鮮滿樓海鮮餐廳,新北市萬里區港東153號,25.1780809,121.6894295,02-24926180,認證中,['認證中'],新北市環保局
2026-05-03T00:11:42.407505+08:00,新北市,土城區,鴻心堡早午餐,新北市土城區清水路256號,24.983043901149,121.461502360861,02-22655106,認證中,['認證中'],新北市環保局
2026-05-03T00:11:42.407505+08:00,新北市,土城區,鴻海精密民生廠員工餐廳,新北市土城區土城工業區民生街4號,24.960690999851,121.414613994497,02-22683466501011040,認證中,['認證中'],新北市環保局
2026-05-03T00:11:42.407505+08:00,新北市,土城區,鴻海精密虎躍廠員工餐廳,新北市土城區自由街2號,24.966136009882,121.421795022405,02-22683466501011040,認證中,['認證中'],新北市環保局
2026-05-03T00:11:42.407505+08:00,新北市,土城區,鴻海精密頂埔廠員工餐廳,新北市土城區中央路四段53號,24.958973003067,121.418918017959,02-22683466501011040,認證中,['認證中'],新北市環保局
2026-05-03T00:11:42.407505+08:00,新北市,中和區,點點心 中和環球店,新北市中和區中山路三段122號,25.006077203437,121.475688899623,02-22226628,認證中,['認證中'],新北市環保局
2026-05-03T00:11:42.407505+08:00,新北市,中和區,璐璐早餐店,新北市中和區泰和街23號,25.00014700694,121.499534995062,02-22460928,認證中,['認證中'],新北市環保局
2026-05-03T00:11:42.407505+08:00,新北市,萬里區,薆悅酒店野柳渡假館-FISHERMAN’S KITCHEN漁人廚房,新北市萬里區野柳里港東路162之2號,25.204128499704,121.690167217371,02-77035700,認證中,['認證中'],新北市環保局
2026-05-03T00:11:42.407505+08:00,新北市,三重區,藏壽司 三重捷運路店,新北市三重區重明里18鄰捷運路1號,25.056703018517,121.486341963283,02-29886680,認證中,['認證中'],新北市環保局
2026-05-03T00:11:42.407505+08:00,新北市,三重區,藏壽司 三重集賢路店,新北市三重區集賢路99號,25.089119987138,121.490602987581,02-82877177,認證中,['認證中'],新北市環保局
2026-05-03T00:11:42.407505+08:00,新北市,三峽區,藏壽司 三峽學成店,新北市三峽區學成路398號,24.944205305047,121.378306104512,02-26717262,認證中,['認證中'],新北市環保局
2026-05-03T00:11:42.407505+08:00,新北市,土城區,藏壽司 土城金城路店,新北市土城區金城路二段80號,24.980434991876,121.453339979729,02-22607775,認證中,['認證中'],新北市環保局
2026-05-03T00:11:42.407505+08:00,新北市,中和區,藏壽司 中和橋和店,新北市中和區橋和路5號,25.005189015067,121.488175001688,02-82266313,認證中,['認證中'],新北市環保局
2026-05-03T00:11:42.407505+08:00,新北市,永和區,藏壽司 永和比漾店,新北市永和區中山路一段238號,25.007836481094,121.507646078946,02-22311881,認證中,['認證中'],新北市環保局
2026-05-03T00:11:42.407505+08:00,新北市,林口區,藏壽司 林口三井Outlet店,新北市林口區文化三路一段356號,25.071241094298,121.363547165582,02-26069852,認證中,['認證中'],新北市環保局
2026-05-03T00:11:42.407505+08:00,新北市,板橋區,藏壽司 板橋中山遠百店,新北市板橋區中山路一段152號,25.011040002578,121.464423035022,02-29582868,認證中,['認證中'],新北市環保局
2026-05-03T00:11:42.407505+08:00,新北市,板橋區,藏壽司 板橋遠科店,新北市板橋區遠東路62之3號,24.998862983193,121.457537972116,02-29640432,認證中,['認證中'],新北市環保局
2026-05-03T00:11:42.407505+08:00,新北市,淡水區,藏壽司 淡水站前店,新北市淡水區中山路8號,25.169375997581,121.444694968613,02-26263577,認證中,['認證中'],新北市環保局
2026-05-03T00:11:42.407505+08:00,新北市,新店區,藏壽司 新店威秀裕隆店,新北市新店區中興路三段70號,24.97774930437,121.546363430818,02-89147904,認證中,['認證中'],新北市環保局
2026-05-03T00:11:42.407505+08:00,新北市,新莊區,藏壽司 新莊宏匯店,新北市新莊區新北大道四段3號,25.059944007108,121.449451028113,02-85213102,認證中,['認證中'],新北市環保局
2026-05-03T00:11:42.407505+08:00,新北市,新莊區,藏壽司 新莊思源路店,新北市新莊區思源路168號,25.048911997606,121.460343981842,02-29901755,認證中,['認證中'],新北市環保局
2026-05-03T00:11:42.407505+08:00,新北市,板橋區,藍屋-板橋大遠百新站店,新北市板橋區新站路28號,25.013677997055,121.466619009835,02-23611999894,認證中,['認證中'],新北市環保局
2026-05-03T00:11:42.407505+08:00,新北市,中和區,雙和醫院員工餐廳,新北市中和區中正路291號,24.993095814713,121.493774699743,02-224900888837,認證中,['認證中'],新北市環保局
2026-05-03T00:11:42.407505+08:00,新北市,雙溪區,雙溪平林休閒農場,新北市雙溪區平林里外平林35號,25.033837,121.8655773,02-4934016,認證中,['認證中'],新北市環保局
2026-05-03T00:11:42.407505+08:00,新北市,樹林區,雙翼食品,新北市樹林區忠愛街三號,25.016330458016,121.409196509244,02-26895506,認證中,['認證中'],新北市環保局
2026-05-03T00:11:42.407505+08:00,新北市,新莊區,雙醬咖哩(新莊中港店),新北市新莊區中港路503號,25.050434486498,121.452036007052,02-2770051,認證中,['認證中'],新北市環保局
2026-05-03T00:11:42.407505+08:00,新北市,板橋區,寶島冰果室,新北市板橋區新站路28號,25.013677997055,121.466619009835,02-77054168,認證中,['認證中'],新北市環保局
2026-05-03T00:11:42.407505+08:00,新北市,深坑區,寶桂的店,新北市深坑區深坑街 114號,25.001359994058,121.613524016744,02-26645399,認證中,['認證中'],新北市環保局
2026-05-03T00:11:42.407505+08:00,新北市,中和區,繼光香香雞 中和環球,新北市中和區中山路三段122號,25.006077203437,121.475688899623,02-22233417,認證中,['認證中'],新北市環保局
2026-05-03T00:11:42.407505+08:00,新北市,板橋區,繼光香香雞-板橋大遠百,新北市板橋區新站路28號,25.013677997055,121.466619009835,02-23611999894,認證中,['認證中'],新北市環保局
2026-05-03T00:11:42.407505+08:00,新北市,雙溪區,蘇義興餐廳,新北市雙溪區中華路77號,25.038350212871,121.865716540192,02-24931027,認證中,['認證中'],新北市環保局
2026-05-03T00:11:42.407505+08:00,新北市,板橋區,麵食主義 Kirin pasta新板店,新北市板橋區縣民大道1段310號,25.010736996779,121.461599004204,02-29643968,認證中,['認證中'],新北市環保局
2026-05-03T00:11:42.407505+08:00,新北市,中和區,麵家三士 中和環球,新北市中和區中山路三段122號,25.006077203437,121.475688899623,02-32343669,認證中,['認證中'],新北市環保局
2026-05-03T00:11:42.407505+08:00,新北市,板橋區,蘭姐大排檔,新北市板橋區新站路28號,25.013677997055,121.466619009835,02-26931539,認證中,['認證中'],新北市環保局
2026-05-03T00:11:42.407505+08:00,新北市,板橋區,響燒鐵板燒,新北市板橋區新站路28號,25.013677997055,121.466619009835,02-77054168,認證中,['認證中'],新北市環保局
2026-05-03T00:11:42.407505+08:00,新北市,新莊區,饗爍早午餐,新北市新莊區建中街125號,25.03638000462,121.445529973808,02-29909839,認證中,['認證中'],新北市環保局
2026-05-03T00:11:42.407505+08:00,新北市,淡水區,魔法咖哩,新北市淡水區中山路8號,25.169375997581,121.444694968613,02-26206123,認證中,['認證中'],新北市環保局
2026-05-03T00:11:42.407505+08:00,新北市,永和區,蘿蔔蹲 Farmers Tasty,新北市永和區安樂路136號,25.000214984175,121.514228974243,02-29427711,認證中,['認證中'],新北市環保局
2026-05-03T00:11:42.407505+08:00,新北市,蘆洲區,鑫丼,新北市蘆洲區中山二路42號,25.082165983078,121.474222988577,0983102512,認證中,['認證中'],新北市環保局
2026-05-03T00:11:42.407505+08:00,新北市,三峽區,?鳥食趣義大利洋食 X 烤泡芙專賣,新北市三峽區大觀路7號,24.943681813285,121.375609394803,02-86710208,認證中,['認證中'],新北市環保局
2026-05-03T00:11:42.407505+08:00,新北市,板橋區,?泰泰泰式料理,新北市板橋區四川路2段47巷4弄6號,24.994721987748,121.453895029358,02-89660308,認證中,['認證中'],新北市環保局
