data_time,id,name,address,telephone,longitude,latitude,district,city,nhi,pharmacy_per_10k
2026-05-02 20:24:15,1,南昌大藥局,臺北市中正區南昌路一段８６號一樓,(02)23510322,121.5173744,25.0308592,中正區,臺北市,True,4.56
2026-05-02 20:24:15,2,仁杏藥局,臺北市中正區汀州路一段３８４號,(02)23013621,121.5135504,25.02623632,中正區,臺北市,True,4.56
2026-05-02 20:24:15,3,永興藥局,臺北市中正區汀州路一段９２巷２８號,(02)23050986,121.5067622,25.02999357,中正區,臺北市,True,4.56
2026-05-02 20:24:15,4,華大藥局,臺北市中正區金門街８號,(02)23682425,121.5243315,25.02275147,中正區,臺北市,True,4.56
2026-05-02 20:24:15,5,怡誠藥局,臺北市中正區汀州路二段二一二號,(02)23625100,121.5237191,25.02236086,中正區,臺北市,True,4.56
2026-05-02 20:24:15,6,建祥武昌藥局,臺北市中正區武昌街1段29號1樓,(02)23314038,121.512123,25.04415718,中正區,臺北市,True,4.56
2026-05-02 20:24:15,7,日生大藥局,臺北市中正區汀州路一段５３號１樓,(02)23031393,121.5076476,25.03025745,中正區,臺北市,True,4.56
2026-05-02 20:24:15,8,三元藥局,臺北市中正區三元街１５８號,(02)23052839,121.5108721,25.02800107,中正區,臺北市,True,4.56
2026-05-02 20:24:15,9,大安藥局,臺北市中正區新生南路1段56巷2號(1樓),(02)23213186,121.5325212,25.0411213,中正區,臺北市,True,4.56
2026-05-02 20:24:15,10,上海聯合藥局,臺北市中正區衡陽路３２號１樓,(02)23714797,121.5126292,25.04220631,中正區,臺北市,True,4.56
2026-05-02 20:24:15,11,中心藥局,臺北市中正區汀州路三段１２１號,(02)23689889,121.5302985,25.01654511,中正區,臺北市,True,4.56
2026-05-02 20:24:15,12,楊藥局,臺北市中正區臨沂街２９巷１８號,(02)23414449,121.530796,25.03984849,中正區,臺北市,True,4.56
2026-05-02 20:24:15,13,和康大藥局,臺北市中正區忠孝東路一段７８號１樓,(02)23958181,121.5239625,25.04446127,中正區,臺北市,True,4.56
2026-05-02 20:24:15,14,古亭藥局,臺北市中正區汀州路三段１１７號,,121.5301226,25.01666815,中正區,臺北市,True,4.56
2026-05-02 20:24:15,15,新獻安藥局,臺北市中正區羅斯福路一段１５號,(02)23519891,121.5182188,25.03316149,中正區,臺北市,True,4.56
2026-05-02 20:24:15,16,國杏藥師示範藥局,臺北市中正區延平南路１７１巷３號,(02)23811322,121.5078466,25.0348694,中正區,臺北市,True,4.56
2026-05-02 20:24:15,17,東華藥局,臺北市中正區汀州路三段一一三號,(02)23640852,121.5300303,25.01673271,中正區,臺北市,True,4.56
2026-05-02 20:24:15,18,連雲藥局,臺北市中正區連雲街79號,(02)23410504,121.5301606,25.03436039,中正區,臺北市,True,4.56
2026-05-02 20:24:15,19,合泰大藥局,臺北市中正區衡陽路26號,(02)23899977,121.512863,25.04220736,中正區,臺北市,True,4.56
2026-05-02 20:24:15,20,吉星藥局,臺北市中正區襄陽路１９號１樓,(02)23117779,121.5153922,25.04349251,中正區,臺北市,True,4.56
2026-05-02 20:24:15,21,丞良藥局,臺北市中正區南昌路一段７８號地下一樓,(02)33938868,121.517267,25.030983,中正區,臺北市,True,4.56
2026-05-02 20:24:15,22,慶安藥局,臺北市中正區徐州路26號,(02)23582385,121.5234096,25.04061204,中正區,臺北市,True,4.56
2026-05-02 20:24:15,23,達昌藥局,臺北市中正區汀州路一段207號,(02)23390109,121.5116217,25.0269163,中正區,臺北市,True,4.56
2026-05-02 20:24:15,24,大愛生活藥局,臺北市中正區汀州路二段232號,(02)23661155,121.5242627,25.02189463,中正區,臺北市,True,4.56
2026-05-02 20:24:15,25,台醫藥局,臺北市中正區公園路30巷4號,(02)23141202,121.5165555,25.04416104,中正區,臺北市,True,4.56
2026-05-02 20:24:15,26,佑康大藥局,臺北市中正區汀州路2段115號1樓,(02)23683602,121.5189322,25.02520581,中正區,臺北市,True,4.56
2026-05-02 20:24:15,27,佳和藥局,臺北市中正區黎明里公園路30號,,121.5168566,25.0444824,中正區,臺北市,True,4.56
2026-05-02 20:24:15,28,正康藥局,臺北市中正區漢口街1段22號,(02)23712831,121.5142319,25.04507378,中正區,臺北市,True,4.56
2026-05-02 20:24:15,29,進達健保藥局,臺北市中正區中華路二段453號,(02)23039829,121.5096102,25.02490113,中正區,臺北市,True,4.56
2026-05-02 20:24:15,30,活力健康藥妝藥局,臺北市中正區中華路二段315巷1號,(02)23392625,121.5061962,25.02794934,中正區,臺北市,True,4.56
2026-05-02 20:24:15,31,信康藥局,臺北市中正區南昌路一段143號,(02)23961979,121.5185922,25.0295324,中正區,臺北市,True,4.56
2026-05-02 20:24:15,32,保德中華藥局,臺北市中正區中華路二段159號,(02)23027720,121.5042504,25.03101283,中正區,臺北市,True,4.56
2026-05-02 20:24:15,33,71恩典藥局,臺北市中正區信義路二段71號,(02)23223371,121.5263958,25.034666,中正區,臺北市,True,4.56
2026-05-02 20:24:15,34,豐仁藥局,臺北市中正區寧波西街161號,(02)23033908,121.5109466,25.02735594,中正區,臺北市,True,4.56
2026-05-02 20:24:15,35,立赫健保藥局,臺北市中正區新生南路一段16之2號,(02)33223231,121.5326126,25.04322641,中正區,臺北市,True,4.56
2026-05-02 20:24:15,36,宏越藥局,臺北市中正區中華路2段319號1樓,(02)23050880,121.506273,25.02782978,中正區,臺北市,True,4.56
2026-05-02 20:24:15,37,大盛藥局,臺北市中正區中華路一段21巷16號,(02)23316807,121.5105356,25.04645058,中正區,臺北市,True,4.56
2026-05-02 20:24:15,38,北車維康藥局,臺北市中正區青島西路11號,(02)23613509,121.5177666,25.04498758,中正區,臺北市,True,4.56
2026-05-02 20:24:15,39,和眾藥局,臺北市中正區忠孝西路一段6號,(02)23911393,121.5180284,25.04582575,中正區,臺北市,True,4.56
2026-05-02 20:24:15,40,躍獅南門藥局,臺北市中正區中華路二段39巷10號,(02)23141111,121.5073633,25.03483495,中正區,臺北市,True,4.56
2026-05-02 20:24:15,41,桐心藥局,臺北市中正區金華街18之6號1樓,(02)23581663,121.5202152,25.03175306,中正區,臺北市,True,4.56
2026-05-02 20:24:15,42,珍忻藥局,臺北市中正區南昌路一段65號,(02)23965115,121.517452,25.03106799,中正區,臺北市,True,4.56
2026-05-02 20:24:15,43,博昱連雲藥局,臺北市中正區連雲街72號、72之1號,(02)23581898,121.5299712,25.03454651,中正區,臺北市,True,4.56
2026-05-02 20:24:15,44,鈞安藥局,臺北市中正區中華路2段425號1樓,(02)23098282,121.5088598,25.02539709,中正區,臺北市,True,4.56
2026-05-02 20:24:15,45,躍獅東門藥局,臺北市中正區金山南路1段108之1號(1樓),(02)23920339,121.5198716,25.0421407,中正區,臺北市,True,4.56
2026-05-02 20:24:15,46,康呈安藥局,臺北市中正區汀州路2段187號1樓,(02)23672215,121.5219845,25.02403149,中正區,臺北市,True,4.56
2026-05-02 20:24:15,47,汀州藥局,臺北市中正區汀州路1段187、189、191號(1樓),(02)23090705,121.511146,25.0269395,中正區,臺北市,True,4.56
2026-05-02 20:24:15,48,中英大藥局,臺北市中正區永綏街6號1樓,(02)23615654,121.5111801,25.04299801,中正區,臺北市,True,4.56
2026-05-02 20:24:15,49,子榕藥局,臺北市中正區博愛路9號3樓,(02)23116993,121.5115032,25.04591542,中正區,臺北市,True,4.56
2026-05-02 20:24:15,50,愛國藥局,臺北市中正區延平南路210號(1樓),(02)23826211,121.5074698,25.0347608,中正區,臺北市,True,4.56
2026-05-02 20:24:15,51,中力藥局,臺北市中正區襄陽路13之5號1樓、15號(1樓),(02)23313768,121.5155382,25.04349556,中正區,臺北市,True,4.56
2026-05-02 20:24:15,52,專品公園藥局,臺北市中正區公園路32號1樓,(02)23142338,121.516754,25.04410123,中正區,臺北市,True,4.56
2026-05-02 20:24:15,53,日上藥局,臺北市中正區汀州路1段366號1樓、368號1樓,(02)23378096,121.5131885,25.02632858,中正區,臺北市,True,4.56
2026-05-02 20:24:15,54,博醫和平藥局,臺北市中正區中華路2段75巷1弄39號1樓,(02)23120053,121.506759,25.03496529,中正區,臺北市,True,4.56
2026-05-02 20:24:15,55,臨沂中西藥局,臺北市中正區忠孝東路2段134巷26號(1樓),,121.5268527,25.043762,中正區,臺北市,True,4.56
2026-05-02 20:24:15,56,躍獅南寧藥局,臺北市中正區南昌路1段81號1樓,(02)23967072,121.5178122,25.03057386,中正區,臺北市,True,4.56
2026-05-02 20:24:15,57,專品南昌藥局,臺北市中正區南昌路1段66號1樓,(02)23560069,121.5171172,25.03120561,中正區,臺北市,True,4.56
2026-05-02 20:24:15,58,利保肝博愛藥局,臺北市中正區博愛路9號1樓,(02)23123119,121.5115032,25.04591542,中正區,臺北市,True,4.56
2026-05-02 20:24:15,59,南昌春天藥局,臺北市中正區南昌路1段157號1樓,(02)23972886,121.5187816,25.0292682,中正區,臺北市,True,4.56
2026-05-02 20:24:15,60,健歆藥局,臺北市中正區金山南路1段139號1樓,(02)23912858,121.5275891,25.0351731,中正區,臺北市,True,4.56
2026-05-02 20:24:15,61,和平藥局,臺北市中正區中華路2段43號1樓,(02)23755303,121.5063729,25.03508199,中正區,臺北市,True,4.56
2026-05-02 20:24:15,62,立赫景福藥局,臺北市中正區公園路28號1樓,(02)23616162,121.516969,25.04485133,中正區,臺北市,True,4.56
2026-05-02 20:24:15,63,十二願禮藥局,臺北市中正區許昌街4號(1樓),(02)23143004,121.5170434,25.0454278,中正區,臺北市,True,4.56
2026-05-02 20:24:15,64,森詠藥局,臺北市中正區南昌路1段130號1樓,(02)23962120,121.5183291,25.0295693,中正區,臺北市,True,4.56
2026-05-02 20:24:15,65,華山原美學藥局,臺北市中正區金山南路1段58號6樓,(02)23940150,121.5289806,25.04071163,中正區,臺北市,True,4.56
2026-05-02 20:24:15,66,崇信藥局,臺北市中正區齊東街８８號,(02)23417557,121.5271509,25.04162388,中正區,臺北市,True,4.56
2026-05-02 20:24:15,67,民生藥局,臺北市中正區濟南路二段45之1號,(02)23416470,121.5305404,25.040599,中正區,臺北市,True,4.56
2026-05-02 20:24:15,68,新德星中西藥局,臺北市中正區信陽街３號１樓,(02)23614598,121.5168723,25.04469998,中正區,臺北市,True,4.56
2026-05-02 20:24:15,69,東鴻藥局,臺北市中正區臨沂街７１巷３號,(02)23218648,121.5283109,25.0353619,中正區,臺北市,True,4.56
2026-05-02 20:24:15,70,祥全藥局,臺北市中正區信義路二段７９巷１５號之８一樓,(02)23939339,121.5269142,25.035225,中正區,臺北市,True,4.56
2026-05-02 20:24:15,71,新介春藥局,臺北市大同區酒泉街１６６號,(02)25862265,121.5117089,25.07201415,大同區,臺北市,True,3.38
2026-05-02 20:24:15,72,惠眾藥局,臺北市大同區重慶北路三段三三五巷四十三號,(02)25981269,121.5136876,25.070191,大同區,臺北市,True,3.38
2026-05-02 20:24:15,73,柯藥局,臺北市大同區重慶北路三段３３５巷６號,(02)25948515,121.5143673,25.0745193,大同區,臺北市,True,3.38
2026-05-02 20:24:15,74,時春藥局,臺北市大同區赤峰街４號,(02)25597918,121.5191148,25.05355692,大同區,臺北市,True,3.38
2026-05-02 20:24:15,75,裕仁藥局,臺北市大同區迪化街二段270之1號,(02)25910064,121.5114585,25.07068401,大同區,臺北市,True,3.38
2026-05-02 20:24:15,76,健康藥局,臺北市大同區寧夏路２３號之４,(02)25551219,121.5151234,25.05512088,大同區,臺北市,True,3.38
2026-05-02 20:24:15,77,泰元藥局,臺北市大同區哈密街九十一號,(02)25914592,121.5146192,25.0730297,大同區,臺北市,True,3.38
2026-05-02 20:24:15,78,正中藥局,臺北市大同區民族西路二一三號,(02)25976937,121.5142206,25.0687427,大同區,臺北市,True,3.38
2026-05-02 20:24:15,79,保慶藥局,臺北市大同區保安街21號,(02)25538988,121.5129438,25.05925826,大同區,臺北市,True,3.38
2026-05-02 20:24:15,80,快安藥局,臺北市大同區南京西路282、284號,(02)25561925,121.514593,25.0534849,大同區,臺北市,True,3.38
2026-05-02 20:24:15,81,得意藥師藥局,臺北市大同區延平北路二段229號,(02)25534294,121.5114674,25.0602889,大同區,臺北市,True,3.38
2026-05-02 20:24:15,82,健康美藥局,臺北市大同區民族西路165號,(02)25976707,121.515522,25.06872156,大同區,臺北市,True,3.38
2026-05-02 20:24:15,83,宏泰藥師藥局,臺北市大同區酒泉街123號1樓,(02)25957025,121.5146752,25.07212952,大同區,臺北市,True,3.38
2026-05-02 20:24:15,84,儷安藥局,臺北市大同區錦西街53巷16號,(02)25578033,121.5158324,25.06065271,大同區,臺北市,True,3.38
2026-05-02 20:24:15,85,富康藥局,臺北市大同區延平北路二段126號,(02)25537782,121.5114593,25.05733357,大同區,臺北市,True,3.38
2026-05-02 20:24:15,86,佳禾藥局,臺北市大同區大龍街262號,(02)25953806,121.5158326,25.07060943,大同區,臺北市,True,3.38
2026-05-02 20:24:15,87,躍獅雙蓮藥局,臺北市大同區涼州街4號,(02)25537551,121.5146778,25.0607761,大同區,臺北市,True,3.38
2026-05-02 20:24:15,88,延平新聖安藥局,臺北市大同區延平北路三段35號,(02)25923399,121.5112006,25.06474679,大同區,臺北市,True,3.38
2026-05-02 20:24:15,89,旭豐藥局,臺北市大同區昌吉街96號,(02)25853880,121.5151208,25.06582371,大同區,臺北市,True,3.38
2026-05-02 20:24:15,90,中興聯合藥局,臺北市大同區鄭州路127號(實際營業地址：1樓),(02)25502952,121.5108035,25.050385,大同區,臺北市,True,3.38
2026-05-02 20:24:15,91,躍獅文昌藥局,臺北市大同區民生西路108號(實際營業:一層),(02)25586189,121.519676,25.05740036,大同區,臺北市,True,3.38
2026-05-02 20:24:15,92,新聖安藥局,臺北市大同區昌吉街130號,(02)25977877,121.5142818,25.06583938,大同區,臺北市,True,3.38
2026-05-02 20:24:15,93,大同民生藥局,臺北市大同區民生西路128號(1樓、2樓)及130號(1樓、2樓),(02)25558886,121.5191196,25.0573343,大同區,臺北市,True,3.38
2026-05-02 20:24:15,94,123宅藥局,臺北市大同區鄭州路123號(1樓),,121.510881,25.050355,大同區,臺北市,True,3.38
2026-05-02 20:24:15,95,慶福藥局,臺北市大同區南京西路 233巷2號(1樓),(02)25503628,121.5104049,25.0539876,大同區,臺北市,True,3.38
2026-05-02 20:24:15,96,延平藥局,臺北市大同區延平北路3段4號1樓,(02)25986800,121.5110505,25.06343661,大同區,臺北市,True,3.38
2026-05-02 20:24:15,97,立赫大龍藥局,臺北市大同區大龍街263號(1樓),(02)25953233,121.5159775,25.0716743,大同區,臺北市,True,3.38
2026-05-02 20:24:15,98,春鄰藥局,臺北市大同區華亭街1號(1樓),(02)25526289,121.5133706,25.0522164,大同區,臺北市,True,3.38
2026-05-02 20:24:15,99,德芳藥局,臺北市大同區民生西路91號1樓,(02)25576869,121.5193694,25.05761803,大同區,臺北市,True,3.38
2026-05-02 20:24:15,100,光年藥局,臺北市大同區民族西路258號1樓,,121.5121469,25.06853408,大同區,臺北市,True,3.38
2026-05-02 20:24:15,101,圓保藥局,臺北市大同區酒泉街131號(1樓),(02)25850045,121.5144821,25.0721497,大同區,臺北市,True,3.38
2026-05-02 20:24:15,102,慈仁藥局,臺北市大同區歸綏街２６１號１樓,(02)25572733,121.5101298,25.05832209,大同區,臺北市,True,3.38
2026-05-02 20:24:15,103,三省大藥局,臺北市大同區民族西路３０３巷１９號１樓,(02)25353540,121.510236,25.06926528,大同區,臺北市,True,3.38
2026-05-02 20:24:15,104,三銘大藥局,臺北市大同區迪化街一段80號,(02)25583392,121.509909,25.05580837,大同區,臺北市,True,3.38
2026-05-02 20:24:15,105,弘仁全民藥局,臺北市大同區重慶北路2段119號1樓,(02)225579235,121.5138797,25.05756886,大同區,臺北市,True,3.38
2026-05-02 20:24:15,106,建祥藥局,臺北市大同區寧夏路17號、17-1號,(02)25564339,121.5150437,25.05485023,大同區,臺北市,True,3.38
2026-05-02 20:24:15,107,華南藥局,臺北市大同區迪化街二段二一五號之一,(02)25921093,121.5116909,25.07036682,大同區,臺北市,True,3.38
2026-05-02 20:24:15,108,德葳藥局,臺北市大同區延平北路二段二一一號一樓,(02)25573474,121.5115042,25.05973935,大同區,臺北市,True,3.38
2026-05-02 20:24:15,109,酒泉春天藥局,臺北市大同區酒泉街94號1樓、2樓,(02)25977932,121.514555,25.07193436,大同區,臺北市,True,3.38
2026-05-02 20:24:15,110,弘元中西藥局,臺北市中山區長安東路2段64號1樓,(02)25185688,121.5335125,25.048345,中山區,臺北市,True,5.15
2026-05-02 20:24:15,111,錦西春天生活藥局,臺北市中山區錦西街10號1樓,(02)25312658,121.5215743,25.06024008,中山區,臺北市,True,5.15
2026-05-02 20:24:15,112,喜康中西藥局,臺北市中山區錦州街185號1樓,(02)25222488,121.5311529,25.06041838,中山區,臺北市,True,5.15
2026-05-02 20:24:15,113,沛久藥局,臺北市中山區林森北路291號(1樓),,121.5256357,25.0556793,中山區,臺北市,True,5.15
2026-05-02 20:24:15,114,艾禾藥局,臺北市中山區大直街63號1樓,,121.546436,25.08352992,中山區,臺北市,True,5.15
2026-05-02 20:24:15,115,中崙藥局,臺北市中山區八德路2段307號(1樓),(02)27114971,121.542655,25.047402,中山區,臺北市,True,5.15
2026-05-02 20:24:15,116,錦州藥局,臺北市中山區錦州街244號1樓,(02)25026650,121.5338696,25.06026262,中山區,臺北市,True,5.15
2026-05-02 20:24:15,117,農安藥局,臺北市中山區農安街18之1號1樓,(02)25959293,121.5247732,25.06483218,中山區,臺北市,True,5.15
2026-05-02 20:24:15,118,吉林藥局,臺北市中山區吉林路371號(1樓),(02)25865990,121.5304933,25.0650386,中山區,臺北市,True,5.15
2026-05-02 20:24:15,119,滿順藥局,臺北市中山區伊通街54號(1樓),(02)25075283,121.5346392,25.0514481,中山區,臺北市,True,5.15
2026-05-02 20:24:15,120,躍獅冠冠藥局,臺北市中山區中原街17號1樓,(02)25433431,121.5289329,25.05585818,中山區,臺北市,True,5.15
2026-05-02 20:24:15,121,永直藥局,臺北市中山區北安路595巷2弄6號1樓,(02)85098059,121.5482952,25.08192618,中山區,臺北市,True,5.15
2026-05-02 20:24:15,122,中山伊通藥局,臺北市中山區伊通街97之2號,,121.5348936,25.05317459,中山區,臺北市,True,5.15
2026-05-02 20:24:15,123,杏一龍錦藥局,臺北市中山區龍江路279號1樓,(02)25174618,121.5408299,25.05973159,中山區,臺北市,True,5.15
2026-05-02 20:24:15,124,十二願湛藥局,臺北市中山區樂群二路178號1樓,(02)85022178,121.5579856,25.07958071,中山區,臺北市,True,5.15
2026-05-02 20:24:15,125,明水藥局,臺北市中山區明水路651號1樓,(02)25331121,121.5508491,25.08301872,中山區,臺北市,True,5.15
2026-05-02 20:24:15,126,起點藥局,臺北市中山區雙城街3巷18號1樓,,121.5252291,25.06326224,中山區,臺北市,True,5.15
2026-05-02 20:24:15,127,吉林台安藥局,臺北市中山區吉林路399號1樓,(02)25969580,121.5305078,25.06587178,中山區,臺北市,True,5.15
2026-05-02 20:24:15,128,農安台安藥局,臺北市中山區農安街267號1樓,(02)25038205,121.5358091,25.06476458,中山區,臺北市,True,5.15
2026-05-02 20:24:15,129,美康正康藥局,臺北市中山區北安路616之1號(1樓) 、618號2樓之1,(02)25323077,121.5490517,25.0824259,中山區,臺北市,True,5.15
2026-05-02 20:24:15,130,易康藥局,臺北市中山區堤頂大道2段302號(1樓)、304號(1樓),(02)85029138,121.5643243,25.0783725,中山區,臺北市,True,5.15
2026-05-02 20:24:15,131,星安藥局,臺北市中山區龍江路278號1樓,(02)25168112,121.5406644,25.06084117,中山區,臺北市,True,5.15
2026-05-02 20:24:15,132,躍健康藥局,臺北市中山區八德路2段298號(1樓),(02)27772715,121.5421421,25.0469978,中山區,臺北市,True,5.15
2026-05-02 20:24:15,133,大信藥局,臺北市中山區林森北路159巷6號,(02)25719080,121.5255415,25.05169934,中山區,臺北市,True,5.15
2026-05-02 20:24:15,134,承恩藥局,臺北市中山區林森北路119巷55號1樓,(02)25625117,121.5269316,25.05036026,中山區,臺北市,True,5.15
2026-05-02 20:24:15,135,明美藥局,臺北市中山區長春路６９號１樓,(02)25365419,121.5265867,25.0550218,中山區,臺北市,True,5.15
2026-05-02 20:24:15,136,長生藥局,臺北市中山區松江路３６２巷５５號１樓,(02)25816210,121.5313135,25.06206744,中山區,臺北市,True,5.15
2026-05-02 20:24:15,137,能康藥局,臺北市中山區長春路４６號,(02)25429426,121.5256293,25.05481774,中山區,臺北市,True,5.15
2026-05-02 20:24:15,138,貢玄藥局,臺北市中山區錦州街２0７號,(02)25637847,121.5319628,25.06039407,中山區,臺北市,True,5.15
2026-05-02 20:24:15,139,建元藥局,臺北市中山區德惠街79巷8號,(02)25986171,121.5284529,25.0670582,中山區,臺北市,True,5.15
2026-05-02 20:24:15,140,榮昌藥局,臺北市中山區雙城街十七之三號,,121.5244152,25.06463068,中山區,臺北市,True,5.15
2026-05-02 20:24:15,141,華友藥局,臺北市中山區龍江路３５６巷２７號１樓,(02)25007159,121.5398617,25.06607623,中山區,臺北市,True,5.15
2026-05-02 20:24:15,142,惠友藥局,臺北市中山區一江街６０號一樓,(02)25712813,121.5314085,25.05444439,中山區,臺北市,True,5.15
2026-05-02 20:24:15,143,康仁藥局,臺北市中山區北安路578巷8弄3號,(02)25323739,121.548865,25.08063238,中山區,臺北市,True,5.15
2026-05-02 20:24:15,144,名章藥局,臺北市中山區興安街５１－５號１樓,(02)25034331,121.5412817,25.05620776,中山區,臺北市,True,5.15
2026-05-02 20:24:15,145,大直藥局,臺北市中山區北安路617號1樓,(02)25320522,121.5488379,25.08272832,中山區,臺北市,True,5.15
2026-05-02 20:24:15,146,慈海藥局,臺北市中山區中原街一四三號,(02)25940989,121.5291312,25.06427377,中山區,臺北市,True,5.15
2026-05-02 20:24:15,147,蓁榛健康生活藥局,臺北市中山區合江街100之2號1樓,(02)25097780,121.53911,25.05845421,中山區,臺北市,True,5.15
2026-05-02 20:24:15,148,中興藥局,臺北市中山區長安東路2段226號,(02)27774628,121.5427089,25.04818087,中山區,臺北市,True,5.15
2026-05-02 20:24:15,149,王中興藥局,臺北市中山區龍江路273號,(02)25034281,121.5408259,25.05955642,中山區,臺北市,True,5.15
2026-05-02 20:24:15,150,興耀生活藥局,臺北市中山區林森北路405號(1樓),(02)25818210,121.5256883,25.0593503,中山區,臺北市,True,5.15
2026-05-02 20:24:15,151,視美藥局,臺北市中山區民權東路三段６０巷８號１樓,(02)25019597,121.5423043,25.06160802,中山區,臺北市,True,5.15
2026-05-02 20:24:15,152,百源堂大藥局,臺北市中山區長安東路二段四十七之五號一樓,(02)25630711,121.5322474,25.04857182,中山區,臺北市,True,5.15
2026-05-02 20:24:15,153,名祥藥局,臺北市中山區龍江路１６６號,(02)25036265,121.5404011,25.05505954,中山區,臺北市,True,5.15
2026-05-02 20:24:15,154,順泰藥局,臺北市中山區錦州街266號1樓,(02)25038916,121.5347502,25.06025322,中山區,臺北市,True,5.15
2026-05-02 20:24:15,155,優豐藥局,臺北市中山區民生東路一段三十二號,(02)25602565,121.524223,25.05793492,中山區,臺北市,True,5.15
2026-05-02 20:24:15,156,泰興藥局,臺北市中山區新生北路二段６２巷３２號,(02)25371586,121.5263361,25.05613101,中山區,臺北市,True,5.15
2026-05-02 20:24:15,157,阿里藥局,臺北市中山區錦州街251號1樓,(02)25020638,121.5341938,25.06039343,中山區,臺北市,True,5.15
2026-05-02 20:24:15,158,良佑藥局,臺北市中山區撫順街６之２號１樓,(02)25916402,121.5214126,25.06365813,中山區,臺北市,True,5.15
2026-05-02 20:24:15,159,第一藥局,臺北市中山區合江街１７巷６號,(02)25030124,121.5394128,25.05510083,中山區,臺北市,True,5.15
2026-05-02 20:24:15,160,立大藥局,臺北市中山區吉林路144巷14號,(02)25313844,121.5295776,25.05598437,中山區,臺北市,True,5.15
2026-05-02 20:24:15,161,長青藥局,臺北市中山區興安街５５號１樓,(02)25053160,121.5418871,25.05620708,中山區,臺北市,True,5.15
2026-05-02 20:24:15,162,晏晟藥局,臺北市中山區林森北路６２５號,(02)25851445,121.5258586,25.0670343,中山區,臺北市,True,5.15
2026-05-02 20:24:15,163,美日藥局,臺北市中山區天津街六十六號一樓,(02)25631662,121.5232742,25.05136434,中山區,臺北市,True,5.15
2026-05-02 20:24:15,164,人人藥局,臺北市中山區吉林路二六七號一樓,(02)25630798,121.5303983,25.06208985,中山區,臺北市,True,5.15
2026-05-02 20:24:15,165,文德藥局,臺北市中山區龍江路356巷22號1樓,(02)25181178,121.5399659,25.065915,中山區,臺北市,True,5.15
2026-05-02 20:24:15,166,展佑藥局,臺北市中山區長春路一四六之一號,(02)25232803,121.5317112,25.05472764,中山區,臺北市,True,5.15
2026-05-02 20:24:15,167,祥泰藥局,臺北市中山區林森北路136號,(02)25614200,121.5250871,25.05141934,中山區,臺北市,True,5.15
2026-05-02 20:24:15,168,嘉恩藥局,臺北市中山區錦州街321號,(02)25181418,121.538508,25.06032598,中山區,臺北市,True,5.15
2026-05-02 20:24:15,169,樂活苑藥局,臺北市中山區北安路546號1樓,(02)25323296,121.547952,25.08014025,中山區,臺北市,True,5.15
2026-05-02 20:24:15,170,麗亞藥局,臺北市中山區雙城街32號,(02)25981065,121.5242361,25.06634085,中山區,臺北市,True,5.15
2026-05-02 20:24:15,171,大愛藥師藥局,臺北市中山區吉林路255號,(02)25424723,121.5303915,25.06164733,中山區,臺北市,True,5.15
2026-05-02 20:24:15,172,久大藥局,臺北市中山區林森北路480號,(02)25111594,121.5254776,25.06126938,中山區,臺北市,True,5.15
2026-05-02 20:24:15,173,專心藥局,臺北市中山區伊通街112之2號,(02)25155847,121.5347251,25.0542576,中山區,臺北市,True,5.15
2026-05-02 20:24:15,174,康林藥局,臺北市中山區興安街105號,(02)25171867,121.5437701,25.05616582,中山區,臺北市,True,5.15
2026-05-02 20:24:15,175,民生興安藥局,臺北市中山區民生東路3段90之1號,(02)25018310,121.543538,25.05745882,中山區,臺北市,True,5.15
2026-05-02 20:24:15,176,啟美藥師藥局,臺北市中山區錦州街282號,(02)25178032,121.5352375,25.06023864,中山區,臺北市,True,5.15
2026-05-02 20:24:15,177,龍江藥局,臺北市中山區龍江路356巷14號,(02)25023724,121.5402935,25.06591256,中山區,臺北市,True,5.15
2026-05-02 20:24:15,178,躍獅晴光藥局,臺北市中山區農安街23之2號,(02)25951393,121.5245403,25.06500749,中山區,臺北市,True,5.15
2026-05-02 20:24:15,179,德惠藥局,臺北市中山區德惠街122號,(02)25971131,121.5300424,25.06652212,中山區,臺北市,True,5.15
2026-05-02 20:24:15,180,金生藥局,臺北市中山區長安東路2段167之1號,(02)87729808,121.5406803,25.04842621,中山區,臺北市,True,5.15
2026-05-02 20:24:15,181,興康源藥局,臺北市中山區中山北路1段140巷8號,(02)25311248,121.5214016,25.05143389,中山區,臺北市,True,5.15
2026-05-02 20:24:15,182,富宥康藥局,臺北市中山區北安路608巷5弄22號,(02)25324769,121.5496274,25.08262868,中山區,臺北市,True,5.15
2026-05-02 20:24:15,183,淮濟藥師藥局,臺北市中山區北安路570號(實際營業地址:1樓及地下1樓),(02)85098636,121.548559,25.080761,中山區,臺北市,True,5.15
2026-05-02 20:24:15,184,逸帆藥局,臺北市中山區錦州街189號,,121.5312441,25.0604171,中山區,臺北市,True,5.15
2026-05-02 20:24:15,185,正傑健保藥局,臺北市中山區長安東路二段181號,(02)27310181,121.5425691,25.04838455,中山區,臺北市,True,5.15
2026-05-02 20:24:15,186,中山藥局,臺北市中山區林森北路128號,(02)25236979,121.5250397,25.05124953,中山區,臺北市,True,5.15
2026-05-02 20:24:15,187,保德明水藥局,臺北市中山區北安路608巷4弄1號,(02)85097769,121.5492907,25.08191229,中山區,臺北市,True,5.15
2026-05-02 20:24:15,188,廣福中西藥局,臺北市中山區錦州街406號,(02)25189489,121.5416596,25.06011408,中山區,臺北市,True,5.15
2026-05-02 20:24:15,189,大直健康藥局,臺北市中山區北安路591號,(02)25323310,121.5486435,25.08194407,中山區,臺北市,True,5.15
2026-05-02 20:24:15,190,娸淇藥局,臺北市中山區伊通街95號,(02)25082762,121.5348918,25.0530723,中山區,臺北市,True,5.15
2026-05-02 20:24:15,191,OK藥師藥局,臺北市中山區興安街95號,(02)25170068,121.5434646,25.05615461,中山區,臺北市,True,5.15
2026-05-02 20:24:15,192,昶青林森藥局,臺北市中山區林森北路119巷18號(1樓),(02)25639939,121.5258714,25.0504071,中山區,臺北市,True,5.15
2026-05-02 20:24:15,193,麗恩藥局,臺北市中山區林森北路575之5號,(02)25981982,121.5257983,25.06529877,中山區,臺北市,True,5.15
2026-05-02 20:24:15,194,建誠中西藥局,臺北市中山區龍江路385之1號,(02)25158608,121.5410461,25.06510644,中山區,臺北市,True,5.15
2026-05-02 20:24:15,195,誠意中西藥局,臺北市中山區林森北路613號,(02)25950951,121.5258246,25.06647284,中山區,臺北市,True,5.15
2026-05-02 20:24:15,196,長安藥局,臺北市中山區長安東路2段171之2號(1樓),(02)27772740,121.521914,25.049564,中山區,臺北市,True,5.15
2026-05-02 20:24:15,197,仁一藥局,臺北市中山區林森北路520號,(02)25711742,121.5255056,25.06232638,中山區,臺北市,True,5.15
2026-05-02 20:24:15,198,大直小太陽藥局,臺北市中山區北安路607-1號,(02)85093208,121.5487621,25.08240974,中山區,臺北市,True,5.15
2026-05-02 20:24:15,199,大直永安藥局,臺北市中山區北安路567之2號,(02)25332125,121.5481721,25.08072835,中山區,臺北市,True,5.15
2026-05-02 20:24:15,200,元宏藥局,臺北市中山區北安路458巷41弄49號,(02)25339728,121.5464584,25.07940104,中山區,臺北市,True,5.15
2026-05-02 20:24:15,201,聖晨藥局,臺北市中山區農安街140號,,121.5321651,25.06471241,中山區,臺北市,True,5.15
2026-05-02 20:24:15,202,錦州春天生活藥局,臺北市中山區錦州街213號、213號2樓,(02)25213586,121.532133,25.0604103,中山區,臺北市,True,5.15
2026-05-02 20:24:15,203,佳頤中西藥局,臺北市中山區長春路147之1號,(02)25641479,121.5323456,25.05495168,中山區,臺北市,True,5.15
2026-05-02 20:24:15,204,康銓藥局,臺北市中山區農安街174號,(02)25039393,121.5346414,25.06456845,中山區,臺北市,True,5.15
2026-05-02 20:24:15,205,禾全藥局,臺北市中山區龍江路332號,(02)25165721,121.5408713,25.06532285,中山區,臺北市,True,5.15
2026-05-02 20:24:15,206,十二願藥局,臺北市中山區林森北路309號,,121.5255679,25.05588048,中山區,臺北市,True,5.15
2026-05-02 20:24:15,207,禾康藥局,臺北市中山區植福路296號(實際營業地址:1層),,121.561177,25.0812457,中山區,臺北市,True,5.15
2026-05-02 20:24:15,208,大樹龍江藥局,臺北市中山區龍江路242號,(02)25035666,121.5406119,25.05888538,中山區,臺北市,True,5.15
2026-05-02 20:24:15,209,安悅藥局,臺北市中山區吉林路189號,(02)25419879,121.5303558,25.05970358,中山區,臺北市,True,5.15
2026-05-02 20:24:15,210,東東藥局,臺北市中山區長春路257之2號1樓,(02)25031730,121.5407535,25.05476915,中山區,臺北市,True,5.15
2026-05-02 20:24:15,211,誠果中西藥局,臺北市中山區吉林路101號1樓,(02)25238563,121.5302839,25.05618779,中山區,臺北市,True,5.15
2026-05-02 20:24:15,212,永育康暉藥局,臺北市中山區樂群二路210之2號1樓,(02)85012268,121.5593333,25.07951739,中山區,臺北市,True,5.15
2026-05-02 20:24:15,213,可康藥局,臺北市中山區林森北路373號(1樓),(02)25361078,121.5257301,25.0582221,中山區,臺北市,True,5.15
2026-05-02 20:24:15,214,專品龍江藥局,臺北市中山區龍江路311號1樓,(02)25178870,121.5408634,25.06127156,中山區,臺北市,True,5.15
2026-05-02 20:24:15,215,立赫民生藥局,臺北市松山區民生東路4段72號1樓,(02)27139200,121.5524163,25.0578685,松山區,臺北市,True,4.07
2026-05-02 20:24:15,216,康是美建華藥局,臺北市松山區南京東路5段1號1樓,(02)27607595,121.557434,25.0517706,松山區,臺北市,True,4.07
2026-05-02 20:24:15,217,富景藥局,臺北市松山區三民路145號1樓,(02)27455666,121.5630972,25.06078504,松山區,臺北市,True,4.07
2026-05-02 20:24:15,218,富凱延壽藥局,臺北市松山區延壽街95號1樓,(02)27455988,121.5664805,25.05720671,松山區,臺北市,True,4.07
2026-05-02 20:24:15,219,躍獅敦北藥局,臺北市松山區民生東路4段80巷5號(1樓),(02)27155691,121.555653,25.0580788,松山區,臺北市,True,4.07
2026-05-02 20:24:15,220,興宸藥局,臺北市松山區富錦街512號1樓,(02)27658970,121.5645186,25.06091416,松山區,臺北市,True,4.07
2026-05-02 20:24:15,221,躍獅京華藥局,臺北市松山區南京東路5段71號1樓,(02)27666508,121.5595616,25.05171475,松山區,臺北市,True,4.07
2026-05-02 20:24:15,222,榮星藥局,臺北市松山區南京東路四段１３３巷５弄１號,(02)27124696,121.5552348,25.05213652,松山區,臺北市,True,4.07
2026-05-02 20:24:15,223,東北藥局,臺北市松山區新東街３巷２號,(02)27612625,121.5659226,25.05754042,松山區,臺北市,True,4.07
2026-05-02 20:24:15,224,新光藥局,臺北市松山區八德路三段99巷4號,(02)25775672,121.5535281,25.04871727,松山區,臺北市,True,4.07
2026-05-02 20:24:15,225,健全藥局,臺北市松山區民權東路三段１０３巷２０號,(02)27128293,121.5449109,25.06326943,松山區,臺北市,True,4.07
2026-05-02 20:24:15,226,李得安藥局,臺北市松山區民生東路五段３６巷８弄１１號一樓,(02)87871655,121.5598565,25.05733299,松山區,臺北市,True,4.07
2026-05-02 20:24:15,227,瑞昌大藥局,臺北市松山區民權東路三段103巷10號,(02)27120030,121.5449185,25.06298433,松山區,臺北市,True,4.07
2026-05-02 20:24:15,228,德川中西藥局,臺北市松山區八德路4段96號,(02)27683399,121.5606599,25.0483598,松山區,臺北市,True,4.07
2026-05-02 20:24:15,229,德安藥局,臺北市松山區八德路3段195號2樓,(02)25782670,121.55619,25.04816251,松山區,臺北市,True,4.07
2026-05-02 20:24:15,230,禾宜藥局,臺北市松山區八德路3段12巷51弄16號1樓,(02)25780236,121.5511815,25.04608639,松山區,臺北市,True,4.07
2026-05-02 20:24:15,231,安世藥局,臺北市松山區南京東路四段１３３巷５弄９號,(02)27133405,121.5555618,25.05213981,松山區,臺北市,True,4.07
2026-05-02 20:24:15,232,明一藥局,臺北市松山區南京東路五段５９巷２８弄２５號１樓,(02)27691654,121.5581679,25.05270413,松山區,臺北市,True,4.07
2026-05-02 20:24:15,233,傑安藥局,臺北市松山區八德路二段４３７巷７弄８號１樓,(02)27524155,121.547337,25.04913916,松山區,臺北市,True,4.07
2026-05-02 20:24:15,234,仁弘藥局,臺北市松山區民生東路三段１１３巷２５弄６號１樓,(02)27136764,121.5465855,25.05948486,松山區,臺北市,True,4.07
2026-05-02 20:24:15,235,益華藥局,臺北市松山區民生東路五段１３８巷６號,(02)27624898,121.5615282,25.05842827,松山區,臺北市,True,4.07
2026-05-02 20:24:15,236,德靈藥局,臺北市松山區富錦街５４８號,(02)27646998,121.5666733,25.06177521,松山區,臺北市,True,4.07
2026-05-02 20:24:15,237,合生藥局,臺北市松山區南京東路五段１２３巷４５號１樓,(02)27602932,121.5607477,25.05363801,松山區,臺北市,True,4.07
2026-05-02 20:24:15,238,中崙五代全民藥局,臺北市松山區延吉街７之２號１樓,(02)25700079,121.5534991,25.04742353,松山區,臺北市,True,4.07
2026-05-02 20:24:15,239,上允藥局,臺北市松山區民生東路五段78號,(02)27696905,121.5590485,25.05836364,松山區,臺北市,True,4.07
2026-05-02 20:24:15,240,建東大藥局,臺北市松山區三民路９７號一樓,(02)27676237,121.5633976,25.05723452,松山區,臺北市,True,4.07
2026-05-02 20:24:15,241,延壽藥局,臺北市松山區延壽街３２７號,(02)27685159,121.5603628,25.05678588,松山區,臺北市,True,4.07
2026-05-02 20:24:15,242,萬泰藥局,臺北市松山區敦化北路222巷38號,(02)27135891,121.5471033,25.05994298,松山區,臺北市,True,4.07
2026-05-02 20:24:15,243,博荃藥局,臺北市松山區敦化北路4巷51號,(02)27316736,121.5447425,25.05006338,松山區,臺北市,True,4.07
2026-05-02 20:24:15,244,家音藥局,臺北市松山區民生東路五段73號,(02)37652080,121.5584887,25.05870895,松山區,臺北市,True,4.07
2026-05-02 20:24:15,245,中美藥局,臺北市松山區富錦街531號,(02)27627468,121.5654809,25.06128454,松山區,臺北市,True,4.07
2026-05-02 20:24:15,246,惠登藥局,臺北市松山區民生東路3段130巷34號,(02)25472432,121.546113,25.05619819,松山區,臺北市,True,4.07
2026-05-02 20:24:15,247,松田藥局,臺北市松山區延吉街9-6號,(02)25798005,121.55355,25.04700689,松山區,臺北市,True,4.07
2026-05-02 20:24:15,248,予志藥局,臺北市松山區富錦街521號,(02)27623522,121.5649443,25.06118636,松山區,臺北市,True,4.07
2026-05-02 20:24:15,249,婕登藥局,臺北市松山區八德路4段699號,(02)27482893,121.5766443,25.05020698,松山區,臺北市,True,4.07
2026-05-02 20:24:15,250,晨安藥局,臺北市松山區八德路三段155巷20弄2號,(02)25798460,121.5553264,25.0491374,松山區,臺北市,True,4.07
2026-05-02 20:24:15,251,銘德藥局,臺北市松山區八德路2段366巷28號,(02)27511833,121.545925,25.04724223,松山區,臺北市,True,4.07
2026-05-02 20:24:15,252,立康大藥局,臺北市松山區八德路四段2之1號,(02)27471749,121.5581109,25.04811673,松山區,臺北市,True,4.07
2026-05-02 20:24:15,253,躍獅松和藥局,臺北市松山區八德路四段666之1號,(02)27492569,121.5760924,25.04979019,松山區,臺北市,True,4.07
2026-05-02 20:24:15,254,京東藥局,臺北市松山區南京東路五段272號,(02)27679503,121.5669451,25.05113968,松山區,臺北市,True,4.07
2026-05-02 20:24:15,255,晨新藥局,臺北市松山區八德路四段91巷1之1號,,121.5607609,25.04894395,松山區,臺北市,True,4.07
2026-05-02 20:24:15,256,綠之家藥局,臺北市松山區延壽街428號,,121.5562168,25.05619701,松山區,臺北市,True,4.07
2026-05-02 20:24:15,257,康采藥局,臺北市松山區南京東路五段291巷17之2號,(02)22578649,121.5662534,25.0523635,松山區,臺北市,True,4.07
2026-05-02 20:24:15,258,唯康藥局,臺北市松山區八德路3段211號,(02)25775000,121.5566366,25.04819629,松山區,臺北市,True,4.07
2026-05-02 20:24:15,259,台北長庚維康藥局,臺北市松山區敦化北路199巷2弄5號1樓,(02)27199386,121.5500336,25.05563366,松山區,臺北市,True,4.07
2026-05-02 20:24:15,260,芝欣藥局,臺北市松山區八德路3段148號,(02)25706677,121.5548153,25.0479919,松山區,臺北市,True,4.07
2026-05-02 20:24:15,261,立赫敦北藥局,臺北市松山區敦化北路222巷20號,(02)27199277,121.547743,25.05944652,松山區,臺北市,True,4.07
2026-05-02 20:24:15,262,健康活力藥師藥局,臺北市松山區民生東路五段219號,(02)27455556,121.5669297,25.05931013,松山區,臺北市,True,4.07
2026-05-02 20:24:15,263,啄木鳥藥局,臺北市松山區八德路四段209號(一、二層)、211號(一、二層),(02)27422413,121.5639568,25.04893714,松山區,臺北市,True,4.07
2026-05-02 20:24:15,264,玖田藥局,臺北市松山區八德路四段655號,(02)27666578,121.5755287,25.05017841,松山區,臺北市,True,4.07
2026-05-02 20:24:15,265,澄馨藥局,臺北市松山區三民路37號,(02)27589614,121.5635238,25.05580069,松山區,臺北市,True,4.07
2026-05-02 20:24:15,266,一安正昇藥局,臺北市松山區南京東路五段309號,(02)27680993,121.5666661,25.05155363,松山區,臺北市,True,4.07
2026-05-02 20:24:15,267,杏一延吉藥局,臺北市松山區八德路3段74巷45弄1號1樓,(02)25798450,121.5527172,25.04624327,松山區,臺北市,True,4.07
2026-05-02 20:24:15,268,新德大藥局,臺北市松山區饒河街204號,(02)27474473,121.5770352,25.05074271,松山區,臺北市,True,4.07
2026-05-02 20:24:15,269,光點延新藥局,臺北市松山區延壽街101號,(02)27667795,121.5659705,25.05716171,松山區,臺北市,True,4.07
2026-05-02 20:24:15,270,杏一台北長庚藥局,臺北市松山區敦化北路199巷2弄3號,(02)25149463,121.5500378,25.05568488,松山區,臺北市,True,4.07
2026-05-02 20:24:15,271,安禾大藥局,臺北市松山區撫遠街382號,(02)27602952,121.5656249,25.06442948,松山區,臺北市,True,4.07
2026-05-02 20:24:15,272,巧心藥局,臺北市松山區八德路3段12巷57弄39之3號1樓,(02)25703728,121.5521399,25.04567413,松山區,臺北市,True,4.07
2026-05-02 20:24:15,273,慶昌藥局,臺北市松山區延吉街29號1樓,(02)25770820,121.5537055,25.04594889,松山區,臺北市,True,4.07
2026-05-02 20:24:15,274,順儷中崙藥局,臺北市松山區八德路3段74巷48號1樓,(02)25796900,121.5524496,25.04684933,松山區,臺北市,True,4.07
2026-05-02 20:24:15,275,家育藥局,臺北市松山區民生東路5段216號1樓,(02)27678639,121.5650468,25.0588484,松山區,臺北市,True,4.07
2026-05-02 20:24:15,276,佑翔藥局,臺北市松山區民生東路5段95號1樓,(02)87875070,121.5596903,25.05880508,松山區,臺北市,True,4.07
2026-05-02 20:24:15,277,杏一台北台安藥局,臺北市松山區八德路2段399號1樓,(02)87728295,121.5465282,25.04832767,松山區,臺北市,True,4.07
2026-05-02 20:24:15,278,全欣藥局,臺北市松山區復興北路73號2樓,(02)87729066,121.5442384,25.05105069,松山區,臺北市,True,4.07
2026-05-02 20:24:15,279,駿俏藥局,臺北市松山區八德路2段397號1樓,(02)87728085,121.5464705,25.04832788,松山區,臺北市,True,4.07
2026-05-02 20:24:15,280,佑全松山南京東藥局,臺北市松山區南京東路5段291巷7號1樓,(02)27687807,121.5662465,25.05200522,松山區,臺北市,True,4.07
2026-05-02 20:24:15,281,豐澤藥局,臺北市松山區南京東路3段269巷6之9號(1樓),(02)27169636,121.5453225,25.0520302,松山區,臺北市,True,4.07
2026-05-02 20:24:15,282,南京春天藥局,臺北市松山區南京東路4段139號(1樓),(02)27186155,121.550072,25.051152,松山區,臺北市,True,4.07
2026-05-02 20:24:15,283,美仁藥局,臺北市松山區健康路5之1號1樓,(02)27166112,121.5524947,25.0525084,松山區,臺北市,True,4.07
2026-05-02 20:24:15,284,誠康中西藥局,臺北市松山區南京東路5段59巷31弄43號1樓,(02)27619679,121.5607228,25.05345802,松山區,臺北市,True,4.07
2026-05-02 20:24:15,285,大樹松山藥局,臺北市松山區民生東路5段107號1樓,(02)27562226,121.5601395,25.05877584,松山區,臺北市,True,4.07
2026-05-02 20:24:15,286,康麗藥局,臺北市松山區南京東路3段303巷20號(1樓),(02)27174117,121.5466693,25.051984,松山區,臺北市,True,4.07
2026-05-02 20:24:15,287,達昌健康藥局,臺北市松山區健康路100號(1樓),(02)27125220,121.5549068,25.0533509,松山區,臺北市,True,4.07
2026-05-02 20:24:15,288,立健美中西藥局,臺北市松山區民權東路3段106巷1號1樓,(02)25473929,121.5449855,25.06176721,松山區,臺北市,True,4.07
2026-05-02 20:24:15,289,吉仁藥局,臺北市松山區延吉街44號1樓,(02)25776115,121.5535737,25.0455101,松山區,臺北市,True,4.07
2026-05-02 20:24:15,290,專品南京藥局,臺北市松山區南京東路4段73號1樓,(02)25147685,121.5531673,25.05184566,松山區,臺北市,True,4.07
2026-05-02 20:24:15,291,欣生藥局,臺北市松山區民生東路5段138巷1號(1樓),(02)27567611,121.5556082,25.05843439,松山區,臺北市,True,4.07
2026-05-02 20:24:15,292,新東藥局,臺北市松山區民生東路5段191號(1樓),(02)27656336,121.5556082,25.05843439,松山區,臺北市,True,4.07
2026-05-02 20:24:15,293,萬芯中西藥局,臺北市松山區八德路3段163號(1樓),(02)25770519,121.5553382,25.0481861,松山區,臺北市,True,4.07
2026-05-02 20:24:15,294,領悅藥局,臺北市松山區民生東路4段117之1號(1樓),(02)25679951,121.555653,25.0580788,松山區,臺北市,True,4.07
2026-05-02 20:24:15,295,奇異果大安藥局,臺北市大安區大安路1段190號,(02)23250891,121.5458879,25.03572592,大安區,臺北市,True,3.56
2026-05-02 20:24:15,296,康維健保藥局,臺北市大安區敦化南路1段329巷15號,(02)27000120,121.5500224,25.03424597,大安區,臺北市,True,3.56
2026-05-02 20:24:15,297,威康藥局,臺北市大安區和平東路2段297號,(02)27061149,121.5447391,25.0249461,大安區,臺北市,True,3.56
2026-05-02 20:24:15,298,專品六張犁藥局,臺北市大安區基隆路2段217號1樓,(02)87322226,121.5512826,25.02298927,大安區,臺北市,True,3.56
2026-05-02 20:24:15,299,早安藥局,臺北市大安區建國南路2段151巷42號1樓,(02)27002209,121.5395782,25.02864779,大安區,臺北市,True,3.56
2026-05-02 20:24:15,300,躍獅敦和藥局,臺北市大安區和平東路3段10號,(02)23785767,121.5469927,25.02452694,大安區,臺北市,True,3.56
2026-05-02 20:24:15,301,弘昌藥局,臺北市大安區通化街139號,(02)27321616,121.5539772,25.02901029,大安區,臺北市,True,3.56
2026-05-02 20:24:15,302,博醫仁愛藥局,臺北市大安區仁愛路4段8巷2號1樓,(02)27019107,121.5442928,25.03749754,大安區,臺北市,True,3.56
2026-05-02 20:24:15,303,鎮安中西安和藥局,臺北市大安區安和路1段123號1樓,(02)27015201,121.5526808,25.03488056,大安區,臺北市,True,3.56
2026-05-02 20:24:15,304,十二願永藥局,臺北市大安區永康街49號1樓,(02)33433553,121.52959,25.03008262,大安區,臺北市,True,3.56
2026-05-02 20:24:15,305,佳鄰藥局,臺北市大安區敦化南路1段191號地下之124至129,(02)27211259,121.5492632,25.04247291,大安區,臺北市,True,3.56
2026-05-02 20:24:15,306,信義欣辰藥局,臺北市大安區信義路4段265巷15號1樓,,121.554487,25.03408233,大安區,臺北市,True,3.56
2026-05-02 20:24:15,307,中力信義藥局,臺北市大安區信義路4段51號1樓,(02)23250266,121.5449973,25.03354393,大安區,臺北市,True,3.56
2026-05-02 20:24:15,308,伊生藥局,臺北市大安區安和路1段21巷26號1樓,(02)27755613,121.5516645,25.03939343,大安區,臺北市,True,3.56
2026-05-02 20:24:15,309,宏大藥師藥局,臺北市大安區大安路2段88號1樓,,121.5459549,25.03142561,大安區,臺北市,True,3.56
2026-05-02 20:24:15,310,康祥藥局,臺北市大安區忠孝東路4段216巷21號1樓、216巷19弄2號(1樓),(02)27817891,121.5334554,25.04200329,大安區,臺北市,True,3.56
2026-05-02 20:24:15,311,百立藥局,臺北市大安區和平東路3段228巷66號1樓,(02)27327211,121.5534066,25.02099519,大安區,臺北市,True,3.56
2026-05-02 20:24:15,312,吉成藥局,臺北市大安區泰順街7號（1樓）,(02)23636475,121.5316651,25.0256171,大安區,臺北市,True,3.56
2026-05-02 20:24:15,313,加佳藥局,臺北市大安區忠孝東路4段181巷7弄5號1樓,(02)27763759,121.5510403,25.04219107,大安區,臺北市,True,3.56
2026-05-02 20:24:15,314,昶青藥局,臺北市大安區濟南路3段22之1號(1樓),(02)27515678,121.5345834,25.040096,大安區,臺北市,True,3.56
2026-05-02 20:24:15,315,吾家藥局,臺北市大安區信義路4段265巷6之1號(1樓),(02)27066425,121.5542075,25.0337323,大安區,臺北市,True,3.56
2026-05-02 20:24:15,316,康是美巨富藥局,臺北市大安區光復南路238號1樓,(02)27790474,121.5574661,25.04081187,大安區,臺北市,True,3.56
2026-05-02 20:24:15,317,安東藥局,臺北市大安區安東街50之5號1樓,(02)27114175,121.5425603,25.04276758,大安區,臺北市,True,3.56
2026-05-02 20:24:15,318,頤品中西藥局,臺北市大安區浦城街24之2號(1樓),(02)23685656,121.526673,25.0229598,大安區,臺北市,True,3.56
2026-05-02 20:24:15,319,美心藥局,臺北市大安區忠孝東路3段248巷10號1樓,(02)27219900,121.5412038,25.04113613,大安區,臺北市,True,3.56
2026-05-02 20:24:15,320,博昱師大藥局,臺北市大安區羅斯福路3段189號1樓,(02)23696966,121.5280688,25.02109005,大安區,臺北市,True,3.56
2026-05-02 20:24:15,321,博興藥局,臺北市大安區四維路198巷28號(1樓),(02)23256668,121.5476513,25.0266168,大安區,臺北市,True,3.56
2026-05-02 20:24:15,322,國泰藥局,臺北市大安區仁愛路4段300巷17弄1號1樓,(02)27086221,121.5548779,25.03669773,大安區,臺北市,True,3.56
2026-05-02 20:24:15,323,敦南春天藥局,臺北市大安區敦化南路2段81巷63號(1樓),(02)27553266,121.5513408,25.030017,大安區,臺北市,True,3.56
2026-05-02 20:24:15,324,安森藥局,臺北市大安區信義路3段134巷100號1樓,(02)27076003,121.53893,25.02898304,大安區,臺北市,True,3.56
2026-05-02 20:24:15,325,康是美安居藥局,臺北市大安區安居街5號1樓、地下一層,(02)87325064,121.5553014,25.0212069,大安區,臺北市,True,3.56
2026-05-02 20:24:15,326,師大藥局,臺北市大安區師大路九十九號一樓,(02)23623479,121.528509,25.02270966,大安區,臺北市,True,3.56
2026-05-02 20:24:15,327,新廣生藥局,臺北市大安區仁愛路4段34號,(02)27071221,121.546722,25.03761956,大安區,臺北市,True,3.56
2026-05-02 20:24:15,328,徐榮三藥局,臺北市大安區通安街八九號一樓,(02)27383515,121.5532362,25.03014203,大安區,臺北市,True,3.56
2026-05-02 20:24:15,329,順天堂藥局,臺北市大安區龍泉街96號,(02)23627149,121.5292026,25.02256383,大安區,臺北市,True,3.56
2026-05-02 20:24:15,330,欣榮藥局,臺北市大安區瑞安街二七０號一樓,(02)27023710,121.5391987,25.02624458,大安區,臺北市,True,3.56
2026-05-02 20:24:15,331,寶康大藥局,臺北市大安區忠孝東路4段52號9樓,(02)27217177,121.5450594,25.04139165,大安區,臺北市,True,3.56
2026-05-02 20:24:15,332,青康藥局,臺北市大安區延吉街二四八號一樓,(02)27086623,121.5556806,25.03531617,大安區,臺北市,True,3.56
2026-05-02 20:24:15,333,太醫藥局,臺北市大安區師大路12號(1樓),(02)23685125,121.5283029,25.025735,大安區,臺北市,True,3.56
2026-05-02 20:24:15,334,宏恩藥局,臺北市大安區大安路一段一八一號一樓,(02)27000956,121.5461126,25.03618795,大安區,臺北市,True,3.56
2026-05-02 20:24:15,335,靜園藥局,臺北市大安區和平東路2段118巷57之1號,(02)27336390,121.5429214,25.02254142,大安區,臺北市,True,3.56
2026-05-02 20:24:15,336,延吉大藥局,臺北市大安區延吉街一五三號一樓,(02)27819227,121.5547915,25.04065739,大安區,臺北市,True,3.56
2026-05-02 20:24:15,337,北陸藥局,臺北市大安區和平東路三段二七八號一樓,(02)27323594,121.5558664,25.02099834,大安區,臺北市,True,3.56
2026-05-02 20:24:15,338,杏友藥局,臺北市大安區復興南路二段一五一巷二五號,(02)27079451,121.5435516,25.027216,大安區,臺北市,True,3.56
2026-05-02 20:24:15,339,燕福藥局,臺北市大安區羅斯福路三段283巷14弄14號之3,(02)23627307,121.5326827,25.0182474,大安區,臺北市,True,3.56
2026-05-02 20:24:15,340,龍護大藥局,臺北市大安區大安路一段二二四巷七號一樓,(02)23250686,121.5460635,25.0393976,大安區,臺北市,True,3.56
2026-05-02 20:24:15,341,寶德藥局,臺北市大安區樂利路一０五號一樓,(02)27364240,121.5523893,25.02512378,大安區,臺北市,True,3.56
2026-05-02 20:24:15,342,泰佑藥局,臺北市大安區安和路二段七二號一樓,(02)27056841,121.5517332,25.03010716,大安區,臺北市,True,3.56
2026-05-02 20:24:15,343,杏安堂藥局,臺北市大安區忠孝東路四段七七巷三０號一樓,(02)27517636,121.5539181,25.0414821,大安區,臺北市,True,3.56
2026-05-02 20:24:15,344,四維藥局,臺北市大安區復興南路二段一五一巷四三號一樓,(02)27094222,121.5427975,25.0226197,大安區,臺北市,True,3.56
2026-05-02 20:24:15,345,羅斯福藥局,臺北市大安區羅斯福路3段283巷9弄3號,(02)23699606,121.5312952,25.01903094,大安區,臺北市,True,3.56
2026-05-02 20:24:15,346,赫慶藥局,臺北市大安區瑞安街二０八巷一一弄五號一樓,(02)27063497,121.5391776,25.0251348,大安區,臺北市,True,3.56
2026-05-02 20:24:15,347,大興藥局,臺北市大安區通化街三九巷五０弄一五號一樓,(02)27053369,121.554072,25.029318,大安區,臺北市,True,3.56
2026-05-02 20:24:15,348,永誠藥局,臺北市大安區忠孝東路4段216巷25之1號,(02)27520273,121.5530635,25.0399669,大安區,臺北市,True,3.56
2026-05-02 20:24:15,349,正昌藥局,臺北市大安區通化街三八巷九號一樓,(02)27540070,121.554072,25.029318,大安區,臺北市,True,3.56
2026-05-02 20:24:15,350,建如藥局,臺北市大安區和平東路三段２２８巷１１號１樓,(02)27331456,121.5543423,25.02174207,大安區,臺北市,True,3.56
2026-05-02 20:24:15,351,台安藥局,臺北市大安區和平東路二段三五三號一樓,(02)27549099,121.546163,25.02486892,大安區,臺北市,True,3.56
2026-05-02 20:24:15,352,生光藥局,臺北市大安區忠孝東路三段二四八巷二號,(02)27780862,121.5381808,25.0417673,大安區,臺北市,True,3.56
2026-05-02 20:24:15,353,千福藥局,臺北市大安區忠孝東路四段四十五號地下二樓,(02)27403767,121.5540705,25.0413474,大安區,臺北市,True,3.56
2026-05-02 20:24:15,354,永康藥局,臺北市大安區麗水街6之2號,(02)23279362,121.5289946,25.03289118,大安區,臺北市,True,3.56
2026-05-02 20:24:15,355,祥瑞中西大藥局,臺北市大安區復興南路1段107巷49號,(02)27752551,121.5460607,25.0436955,大安區,臺北市,True,3.56
2026-05-02 20:24:15,356,世中欣藥局,臺北市大安區永康街2巷8號,(02)23938947,121.5294068,25.03315405,大安區,臺北市,True,3.56
2026-05-02 20:24:15,357,加豐藥局,臺北市大安區忠孝東路三段216巷3弄1號1樓,(02)27219678,121.540265,25.04125473,大安區,臺北市,True,3.56
2026-05-02 20:24:15,358,崇光藥局,臺北市大安區忠孝東路3段305號7樓之3,(02)27217958,121.5435422,25.0418867,大安區,臺北市,True,3.56
2026-05-02 20:24:15,359,大愛健康藥局,臺北市大安區敦化南路2段63巷65號,(02)27092156,121.5519842,25.0310315,大安區,臺北市,True,3.56
2026-05-02 20:24:15,360,千瑞藥局,臺北市大安區忠孝東路三段300號B3,(02)77450558,121.5430571,25.04121175,大安區,臺北市,True,3.56
2026-05-02 20:24:15,361,麗樺藥師藥局,臺北市大安區麗水街3號,(02)23952628,121.5290384,25.03224576,大安區,臺北市,True,3.56
2026-05-02 20:24:15,362,安和藥局,臺北市大安區安和路一段102巷3 號,(02)27092349,121.5519413,25.03433167,大安區,臺北市,True,3.56
2026-05-02 20:24:15,363,佑安藥局,臺北市大安區延吉街233巷9號,(02)27069339,121.5561296,25.03708261,大安區,臺北市,True,3.56
2026-05-02 20:24:15,364,弘昇藥局,臺北市大安區復興南路一段107巷32號,(02)27110061,121.5457872,25.04349353,大安區,臺北市,True,3.56
2026-05-02 20:24:15,365,長虹藥局,臺北市大安區忠孝東路4段216巷63號,(02)27210232,121.5530583,25.0382044,大安區,臺北市,True,3.56
2026-05-02 20:24:15,366,惠盈藥局,臺北市大安區辛亥路二段171巷31號,(02)87321366,121.5411931,25.02297057,大安區,臺北市,True,3.56
2026-05-02 20:24:15,367,聯合仁愛藥局,臺北市大安區大安路1段157巷3號,(02)27039269,121.5463195,25.03730778,大安區,臺北市,True,3.56
2026-05-02 20:24:15,368,一心藥局,臺北市大安區和平東路3段238號,(02)27321818,121.5548764,25.02190607,大安區,臺北市,True,3.56
2026-05-02 20:24:15,369,信安健康藥局,臺北市大安區仁愛路4段122巷58號,(02)27084858,121.5501167,25.0339228,大安區,臺北市,True,3.56
2026-05-02 20:24:15,370,新富川藥局,臺北市大安區大安路1段51巷4號,(02)27114758,121.5463924,25.04302908,大安區,臺北市,True,3.56
2026-05-02 20:24:15,371,聖英藥局,臺北市大安區仁愛路4段266巷15弄18號,(02)27055851,121.5539971,25.03654169,大安區,臺北市,True,3.56
2026-05-02 20:24:15,372,元氣生活健保藥局,臺北市大安區新生南路1段161巷6號,(02)27060580,121.5338278,25.03455197,大安區,臺北市,True,3.56
2026-05-02 20:24:15,373,康乃馨藥局,臺北市大安區建國南路1段327號,(02)23257097,121.5382105,25.03480596,大安區,臺北市,True,3.56
2026-05-02 20:24:15,374,世康藥局,臺北市大安區延吉街246號,(02)27015758,121.5556048,25.03549166,大安區,臺北市,True,3.56
2026-05-02 20:24:15,375,惠良藥局,臺北市大安區和平東路3段93之1號,(02)27387872,121.5507273,25.02461534,大安區,臺北市,True,3.56
2026-05-02 20:24:15,376,愛維康生活藥局,臺北市大安區四維路170巷21號,(02)27059791,121.5470335,25.02831743,大安區,臺北市,True,3.56
2026-05-02 20:24:15,377,古亭健康人生藥局,臺北市大安區羅斯福路二段83號,(02)23660895,121.5236912,25.02572337,大安區,臺北市,True,3.56
2026-05-02 20:24:15,378,杏一瑞安藥局,臺北市大安區瑞安街208巷11弄1號,(02)27096710,121.5406467,25.02866098,大安區,臺北市,True,3.56
2026-05-02 20:24:15,379,好安心藥局,臺北市大安區和平東路二段223號1樓,(02)23772166,121.5427315,25.02516843,大安區,臺北市,True,3.56
2026-05-02 20:24:15,380,中山樂方藥局,臺北市大安區仁愛路四段112巷12號,(02)27050622,121.5495794,25.03642174,大安區,臺北市,True,3.56
2026-05-02 20:24:15,381,誠心藥局,臺北市大安區忠孝東路3段199之1號,,121.5389314,25.04187632,大安區,臺北市,True,3.56
2026-05-02 20:24:15,382,安居藥局,臺北市大安區安居街19號,(02)23773537,121.5549354,25.02085624,大安區,臺北市,True,3.56
2026-05-02 20:24:15,383,躍獅新生藥局,臺北市大安區和平東路二段20號,(02)23623367,121.536221,25.02566385,大安區,臺北市,True,3.56
2026-05-02 20:24:15,384,博大藥局,臺北市大安區安和路2段65號,(02)27027858,121.5525685,25.03062665,大安區,臺北市,True,3.56
2026-05-02 20:24:15,385,博昱仁愛藥局,臺北市大安區仁愛路4段65號,(02)87739258,121.5468686,25.03819422,大安區,臺北市,True,3.56
2026-05-02 20:24:15,386,忠孝康承健保藥局,臺北市大安區復興南路1段107巷4號,(02)87733378,121.5443991,25.04356503,大安區,臺北市,True,3.56
2026-05-02 20:24:15,387,微笑藥師藥局,臺北市大安區信義路3段31巷4號,(02)27009655,121.5344583,25.03400663,大安區,臺北市,True,3.56
2026-05-02 20:24:15,388,明星大藥局,臺北市大安區光復南路430之1號,(02)27023747,121.5573747,25.03618432,大安區,臺北市,True,3.56
2026-05-02 20:24:15,389,國泰維康藥局,臺北市大安區仁愛路4段266巷15弄12號1樓、14號1樓,(02)27542185,121.5536198,25.03654728,大安區,臺北市,True,3.56
2026-05-02 20:24:15,390,奇威藥局,臺北市大安區雲和街93號,(02)23651110,121.5311519,25.02338582,大安區,臺北市,True,3.56
2026-05-02 20:24:15,391,百岳藥局,臺北市大安區和平東路二段311巷11號,(02)27551037,121.5452195,25.02511373,大安區,臺北市,True,3.56
2026-05-02 20:24:15,392,大安健康人生藥局,臺北市大安區信義路4段34號,(02)27025553,121.5447423,25.03315881,大安區,臺北市,True,3.56
2026-05-02 20:24:15,393,博昱大藥局,臺北市大安區樂業街148號、150號,(02)23776199,121.55295,25.01997791,大安區,臺北市,True,3.56
2026-05-02 20:24:15,394,仁華藥局,臺北市大安區臥龍街155號,(02)27336762,121.5510939,25.0183433,大安區,臺北市,True,3.56
2026-05-02 20:24:15,395,麗泰藥局,臺北市大安區復興南路2段151巷4號,(02)27079595,121.5439977,25.02831947,大安區,臺北市,True,3.56
2026-05-02 20:24:15,396,杏一樂業藥局,臺北市大安區樂業街162號,(02)27383194,121.5534591,25.01958538,大安區,臺北市,True,3.56
2026-05-02 20:24:15,397,杏一台北國泰藥局,臺北市大安區仁愛路4段266巷15弄4號,(02)27011785,121.5531849,25.03655373,大安區,臺北市,True,3.56
2026-05-02 20:24:15,398,長泰藥局,臺北市萬華區西園路二段２８０號,(02)23012869,121.494213,25.02752823,萬華區,臺北市,True,3.48
2026-05-02 20:24:15,399,世欣藥局,臺北市萬華區東園街173號一樓,(02)23074263,121.497344,25.02418889,萬華區,臺北市,True,3.48
2026-05-02 20:24:15,400,裕和藥局,臺北市萬華區萬大路１１５、１１７號,(02)23063219,121.5007014,25.0296786,萬華區,臺北市,True,3.48
2026-05-02 20:24:15,401,秀全藥局,臺北市萬華區開封街二段66－３號,(02)23312192,121.5061473,25.04669321,萬華區,臺北市,True,3.48
2026-05-02 20:24:15,402,大嘉藥局,臺北市萬華區梧州街46巷6號,(02)23363804,121.4973541,25.0363184,萬華區,臺北市,True,3.48
2026-05-02 20:24:15,403,生活大藥局,臺北市萬華區貴陽街二段124號,(02)23618609,121.5025003,25.03994911,萬華區,臺北市,True,3.48
2026-05-02 20:24:15,404,民鈺藥局,臺北市萬華區環河南路二段１３９號１樓,(02)23028466,121.4932563,25.03396192,萬華區,臺北市,True,3.48
2026-05-02 20:24:15,405,皇祥藥局,臺北市萬華區萬青街１６５號１樓,(02)23375676,121.501626,25.02278961,萬華區,臺北市,True,3.48
2026-05-02 20:24:15,406,安聖藥局,臺北市萬華區西園路二段２５６號一樓,(02)23037620,121.4946435,25.0279788,萬華區,臺北市,True,3.48
2026-05-02 20:24:15,407,聯慶大藥局,臺北市萬華區萬大路306號,(02)23039850,121.5002582,25.02495334,萬華區,臺北市,True,3.48
2026-05-02 20:24:15,408,信義藥局,臺北市萬華區青年路２８號,(02)23074599,121.5051628,25.02581277,萬華區,臺北市,True,3.48
2026-05-02 20:24:15,409,益源藥局,臺北市萬華區大理街１６０巷２６弄２號,(02)23087321,121.4938512,25.03211666,萬華區,臺北市,True,3.48
2026-05-02 20:24:15,410,欣安藥局,臺北市萬華區東園街190、192號,(02)2265758,121.4983487,25.0217366,萬華區,臺北市,True,3.48
2026-05-02 20:24:15,411,新六福藥局,臺北市萬華區漢口街二段５５號一樓,(02)23315101,121.5061865,25.04594517,萬華區,臺北市,True,3.48
2026-05-02 20:24:15,412,三源藥局,臺北市萬華區康定路197號,(02)23022111,121.5015153,25.03625733,萬華區,臺北市,True,3.48
2026-05-02 20:24:15,413,照安藥局,臺北市萬華區東園街144號,(02)23039645,121.4975279,25.02344574,萬華區,臺北市,True,3.48
2026-05-02 20:24:15,414,康之友藥局,臺北市萬華區青年路20號,(02)23011598,121.50552,25.02592097,萬華區,臺北市,True,3.48
2026-05-02 20:24:15,415,仁仁藥局,臺北市萬華區康定路219號,,121.5014092,25.03566054,萬華區,臺北市,True,3.48
2026-05-02 20:24:15,416,健誠大藥局,臺北市萬華區環河南路二段185號,(02)23042223,121.4919225,25.03246558,萬華區,臺北市,True,3.48
2026-05-02 20:24:15,417,躍獅西園藥局,臺北市萬華區西園路二段260號,(02)23094063,121.4945818,25.02784307,萬華區,臺北市,True,3.48
2026-05-02 20:24:15,418,吉安藥局,臺北市萬華區廣州街182號,(02)23085268,121.4986212,25.03664504,萬華區,臺北市,True,3.48
2026-05-02 20:24:15,419,好視多藥局,臺北市萬華區萬大路285號,(02)23018100,121.5005627,25.02518754,萬華區,臺北市,True,3.48
2026-05-02 20:24:15,420,專品藥局,臺北市萬華區長沙街二段71之1號,(02)23718892,121.5051287,25.04061736,萬華區,臺北市,True,3.48
2026-05-02 20:24:15,421,偉安藥局,臺北市萬華區西藏路109號,(02)23037186,121.503312,25.02965672,萬華區,臺北市,True,3.48
2026-05-02 20:24:15,422,萬華藥局,臺北市萬華區萬大路248號(實際營業地址:1樓、2樓),(02)23012221,121.5003148,25.0262573,萬華區,臺北市,True,3.48
2026-05-02 20:24:15,423,萬華健業藥局,臺北市萬華區東園街68之3號,,121.4964988,25.02569571,萬華區,臺北市,True,3.48
2026-05-02 20:24:15,424,華達藥局,臺北市萬華區環河南路二段171號,(02)23082785,121.492362,25.03295505,萬華區,臺北市,True,3.48
2026-05-02 20:24:15,425,榮勝藥局,臺北市萬華區萬大路233號,(02)23331121,121.5005949,25.02649133,萬華區,臺北市,True,3.48
2026-05-02 20:24:15,426,安誠貴陽藥局,臺北市萬華區貴陽街二段148號,(02)23812190,121.5015709,25.04017105,萬華區,臺北市,True,3.48
2026-05-02 20:24:15,427,千誠北護藥局,臺北市萬華區內江街114號,(02)23123530,121.5034072,25.04152536,萬華區,臺北市,True,3.48
2026-05-02 20:24:15,428,松本藥局,臺北市萬華區西昌街233號,(02)23029559,121.5006542,25.0372271,萬華區,臺北市,True,3.48
2026-05-02 20:24:15,429,柏祥藥局,臺北市萬華區西藏路141號,(02)23018272,121.501673,25.02944337,萬華區,臺北市,True,3.48
2026-05-02 20:24:15,430,正盛藥局,臺北市萬華區中華路2段434之1號,(02)23050386,121.5063996,25.02707678,萬華區,臺北市,True,3.48
2026-05-02 20:24:15,431,啟仁藥局,臺北市萬華區環河南路2段177號,(02)23362771,121.4920393,25.03259286,萬華區,臺北市,True,3.48
2026-05-02 20:24:15,432,恩達藥局,臺北市萬華區梧州街64號,(02)23024467,121.4974998,25.03569378,萬華區,臺北市,True,3.48
2026-05-02 20:24:15,433,富安藥局,臺北市萬華區萬大路426號,(02)23377878,121.4981143,25.02095991,萬華區,臺北市,True,3.48
2026-05-02 20:24:15,434,和德藥局,臺北市萬華區西園路2段292號1樓,(02)23331522,121.4935371,25.02698226,萬華區,臺北市,True,3.48
2026-05-02 20:24:15,435,艾米力藥師藥局,臺北市萬華區西藏路107之2號(1樓),(02)23036583,121.5034385,25.0296298,萬華區,臺北市,True,3.48
2026-05-02 20:24:15,436,企鵝藥局,臺北市萬華區西昌街175號(1樓),(02)23884691,121.5007326,25.038821,萬華區,臺北市,True,3.48
2026-05-02 20:24:15,437,康是美長沙藥局,臺北市萬華區長沙街2段73號1樓、2樓,(02)23121661,121.5050305,25.04060139,萬華區,臺北市,True,3.48
2026-05-02 20:24:15,438,五洞桃藥局,臺北市萬華區桂林路92號1樓,,121.5003694,25.03835242,萬華區,臺北市,True,3.48
2026-05-02 20:24:15,439,康是美萬鑫藥局,臺北市萬華區萬大路425之1號1樓、夾層及地下1樓,(02)23058048,121.4987343,25.02140471,萬華區,臺北市,True,3.48
2026-05-02 20:24:15,440,福澤萬大藥局,臺北市萬華區萬大路88號1樓,(02)23087468,121.5004014,25.03037794,萬華區,臺北市,True,3.48
2026-05-02 20:24:15,441,日森人文藥局,臺北市萬華區和平西路3段149號1樓,(02)23082100,121.4987695,25.03542697,萬華區,臺北市,True,3.48
2026-05-02 20:24:15,442,青年宏越藥局,臺北市萬華區青年路44號1樓,(02)23011037,121.5041637,25.02550376,萬華區,臺北市,True,3.48
2026-05-02 20:24:15,443,西園宏越藥局,臺北市萬華區西園路2段213號1樓,(02)23097336,121.4942381,25.02713788,萬華區,臺北市,True,3.48
2026-05-02 20:24:15,444,南機場中西藥局,臺北市萬華區國興路104號(1樓),(02)23035179,121.5054251,25.0274856,萬華區,臺北市,True,3.48
2026-05-02 20:24:15,445,建和藥局,臺北市萬華區青年路１６８巷４４號,(02)23010838,121.5016116,25.01987352,萬華區,臺北市,True,3.48
2026-05-02 20:24:15,446,厚元藥局,臺北市萬華區康定路２２７號,(02)23027883,121.5013757,25.03546577,萬華區,臺北市,True,3.48
2026-05-02 20:24:15,447,老永茂大藥局,臺北市萬華區廣州街６４號１樓,(02)23064417,121.5031725,25.03648594,萬華區,臺北市,True,3.48
2026-05-02 20:24:15,448,信昌藥局,臺北市萬華區長泰街３６號１樓,(02)23054898,121.5006934,25.02335967,萬華區,臺北市,True,3.48
2026-05-02 20:24:15,449,民和藥局,臺北市萬華區民和街５號１樓,(02)23038134,121.4999621,25.02627681,萬華區,臺北市,True,3.48
2026-05-02 20:24:15,450,您永安藥局,臺北市萬華區昆明街一六二號,(02)23317119,121.5045774,25.04216339,萬華區,臺北市,True,3.48
2026-05-02 20:24:15,451,日昇藥局,臺北市萬華區廣州街１２４號,(02)23062975,121.5013164,25.036563,萬華區,臺北市,True,3.48
2026-05-02 20:24:15,452,裕弘藥局,臺北市萬華區萬大路４８６巷７７號,(02)23032067,121.4954016,25.0206735,萬華區,臺北市,True,3.48
2026-05-02 20:24:15,453,長愛藥局,臺北市萬華區萬大路３０４號３樓,(02)23052346,121.5002621,25.02498456,萬華區,臺北市,True,3.48
2026-05-02 20:24:15,454,龍口藥局,臺北市萬華區艋舺大道一二○巷三十五號,(02)23365680,121.5020141,25.027345,萬華區,臺北市,True,3.48
2026-05-02 20:24:15,455,立昌藥局,臺北市萬華區萬大路486巷59弄38號,,121.4953311,25.01974866,萬華區,臺北市,True,3.48
2026-05-02 20:24:15,456,健華藥局,臺北市萬華區康定路３２８號,(02)23063083,121.501194,25.03564428,萬華區,臺北市,True,3.48
2026-05-02 20:24:15,457,永康大藥局,臺北市萬華區桂林路49號,(02)23317675,121.5041856,25.03806775,萬華區,臺北市,True,3.48
2026-05-02 20:24:15,458,寶興大藥局,臺北市萬華區寶興街119號,(02)23013375,121.4947729,25.02529417,萬華區,臺北市,True,3.48
2026-05-02 20:24:15,459,瑞生藥局,臺北市萬華區西園路二段252號,(02)23012159,121.4947709,25.02800367,萬華區,臺北市,True,3.48
2026-05-02 20:24:15,460,光華藥局,臺北市萬華區華西街19之5號,(02)23613609,121.4985454,25.03891688,萬華區,臺北市,True,3.48
2026-05-02 20:24:15,461,小太陽元氣藥局,臺北市萬華區萬大路433號1樓,(02)23090167,121.4986082,25.02120195,萬華區,臺北市,True,3.48
2026-05-02 20:24:15,462,詠晴中西藥局,臺北市信義區松山路484之4號1樓(含夾層),(02)27266890,121.5778396,25.03890046,信義區,臺北市,True,4.11
2026-05-02 20:24:15,463,康楊藥局,臺北市信義區忠孝東路5段412之1號(1樓),,121.5652968,25.0406521,信義區,臺北市,True,4.11
2026-05-02 20:24:15,464,柏愛藥局,臺北市信義區基隆路2段131之20號1樓,(02)27325472,121.5563493,25.02751012,信義區,臺北市,True,4.11
2026-05-02 20:24:15,465,保順大藥局,臺北市信義區信義路6段93號1樓,(02)27270799,121.5775776,25.03597844,信義區,臺北市,True,4.11
2026-05-02 20:24:15,466,十二願玥藥局,臺北市信義區忠孝東路5段21號(1樓),(02)27563123,121.5652968,25.0406521,信義區,臺北市,True,4.11
2026-05-02 20:24:15,467,上禾藥師藥局,臺北市信義區林口街24巷4號,(02)27611133,121.57957,25.0373999,信義區,臺北市,True,4.11
2026-05-02 20:24:15,468,健生活國泰置地藥局,臺北市信義區忠孝東路5段68號24樓,(02)87862222,121.5666938,25.04064778,信義區,臺北市,True,4.11
2026-05-02 20:24:15,469,新資生北信義大藥局,臺北市信義區永吉路180巷67弄5號1樓,(02)77505125,121.5718249,25.04354912,信義區,臺北市,True,4.11
2026-05-02 20:24:15,470,合生光復藥局,臺北市信義區光復南路447號1樓,(02)27582932,121.5576928,25.03529704,信義區,臺北市,True,4.11
2026-05-02 20:24:15,471,呼嚕嚕藥局,臺北市信義區莊敬路391巷6號1樓,(02)27200003,121.5657863,25.02799173,信義區,臺北市,True,4.11
2026-05-02 20:24:15,472,松德台安藥局,臺北市信義區松德路40號(1樓),(02)87891622,121.576686,25.0389681,信義區,臺北市,True,4.11
2026-05-02 20:24:15,473,永樂藥局,臺北市信義區忠孝東路5段372巷27弄64號1樓,(02)86475177,121.5752404,25.03919527,信義區,臺北市,True,4.11
2026-05-02 20:24:15,474,天康文豐藥局,臺北市信義區松山路543之1號(1樓),(02)28200106,121.5783271,25.0375812,信義區,臺北市,True,4.11
2026-05-02 20:24:15,475,康怡健保藥局,臺北市信義區吳興街467巷2弄18號1樓,(02)27206193,121.5697489,25.02369281,信義區,臺北市,True,4.11
2026-05-02 20:24:15,476,必欣藥局,臺北市信義區松仁路２６４號,(02)27225060,121.569584,25.02425301,信義區,臺北市,True,4.11
2026-05-02 20:24:15,477,臺陽藥局,臺北市信義區大道路６１號,(02)27283403,121.5823358,25.04135926,信義區,臺北市,True,4.11
2026-05-02 20:24:15,478,松隆藥局,臺北市信義區虎林街65號,(02)27684033,121.5770735,25.04604214,信義區,臺北市,True,4.11
2026-05-02 20:24:15,479,杏康藥局,臺北市信義區忠孝東路五段３７２巷２７弄６８－２號１樓,(02)23457422,121.5752982,25.03975607,信義區,臺北市,True,4.11
2026-05-02 20:24:15,480,慧生藥局,臺北市信義區松山路３１０號,(02)27647138,121.5776571,25.04256147,信義區,臺北市,True,4.11
2026-05-02 20:24:15,481,鼎泰藥局,臺北市信義區基隆路一段１５５號１樓,(02)27620617,121.5653361,25.04221567,信義區,臺北市,True,4.11
2026-05-02 20:24:15,482,松山大藥局,臺北市信義區永吉路４３６號,(02)27600097,121.5781324,25.04526447,信義區,臺北市,True,4.11
2026-05-02 20:24:15,483,信隆藥局,臺北市信義區仁愛路四段496巷5號,(02)27296953,121.560471,25.03703621,信義區,臺北市,True,4.11
2026-05-02 20:24:15,484,力康藥局,臺北市信義區吳興街１６６－１號１樓,(02)27375368,121.5620058,25.02895804,信義區,臺北市,True,4.11
2026-05-02 20:24:15,485,吳興藥局,臺北市信義區吳興街二七九號一樓,(02)27208328,121.5641935,25.02658092,信義區,臺北市,True,4.11
2026-05-02 20:24:15,486,良美藥局,臺北市信義區福德街268巷37號,(02)27593659,121.5854369,25.04032985,信義區,臺北市,True,4.11
2026-05-02 20:24:15,487,福華藥局,臺北市信義區吳興街２８１巷３號１樓,(02)27208527,121.5643486,25.0265588,信義區,臺北市,True,4.11
2026-05-02 20:24:15,488,老上德藥局,臺北市信義區信義路六段１１８號,(02)27273864,121.5782134,25.03609127,信義區,臺北市,True,4.11
2026-05-02 20:24:15,489,光成藥局,臺北市信義區光復南路４５７號之３,(02)27587069,121.5577405,25.03448509,信義區,臺北市,True,4.11
2026-05-02 20:24:15,490,大順安藥局,臺北市信義區吳興街８４號,(02)27360639,121.5606311,25.03056223,信義區,臺北市,True,4.11
2026-05-02 20:24:15,491,立信藥局,臺北市信義區松山路４０３號１樓,(02)27687754,121.5779913,25.04144301,信義區,臺北市,True,4.11
2026-05-02 20:24:15,492,喜樂藥局,臺北市信義區松德路125號,(02)27275797,121.5752869,25.03751627,信義區,臺北市,True,4.11
2026-05-02 20:24:15,493,馨馨藥局,臺北市信義區虎林街82巷19號,,121.5763774,25.04336423,信義區,臺北市,True,4.11
2026-05-02 20:24:15,494,信義盛康藥局,臺北市信義區永吉路286號（1樓）,(02)23460521,121.5744261,25.0453699,信義區,臺北市,True,4.11
2026-05-02 20:24:15,495,新資生北醫大藥局,臺北市信義區吳興街284巷24弄1之1號1樓,(02)23777588,121.5635133,25.02442146,信義區,臺北市,True,4.11
2026-05-02 20:24:15,496,小熊藥局,臺北市信義區虎林街57之1號1樓,(02)27495833,121.5769301,25.04716841,信義區,臺北市,True,4.11
2026-05-02 20:24:15,497,松美藥局,臺北市信義區市民大道6段320號(1樓),(02)27651099,121.5797196,25.0487903,信義區,臺北市,True,4.11
2026-05-02 20:24:15,498,上好松山藥局,臺北市信義區松山路144號1樓,(02)27568012,121.5776119,25.047023,信義區,臺北市,True,4.11
2026-05-02 20:24:15,499,躍獅松仁藥局,臺北市信義區松仁路233號1樓,(02)27238626,121.5687687,25.02617413,信義區,臺北市,True,4.11
2026-05-02 20:24:15,500,杏仁藥局,臺北市信義區大道路１３５號,(02)27262541,121.5834462,25.03900907,信義區,臺北市,True,4.11
2026-05-02 20:24:15,501,佑華藥局,臺北市信義區忠孝東路五段五0八之四號一樓,(02)27595719,121.5787179,25.04075495,信義區,臺北市,True,4.11
2026-05-02 20:24:15,502,新和平藥局,臺北市信義區虎林街一九八號一樓,(02)23460951,121.5768828,25.03844073,信義區,臺北市,True,4.11
2026-05-02 20:24:15,503,華泰藥局,臺北市信義區虎林街八十二巷五號,(02)27601992,121.5794808,25.0483231,信義區,臺北市,True,4.11
2026-05-02 20:24:15,504,德康大藥局,臺北市信義區松山路五四一巷二十一號,(02)27272502,121.5783212,25.0492016,信義區,臺北市,True,4.11
2026-05-02 20:24:15,505,皇佳大藥局,臺北市信義區松山路541巷25號1樓、27號1樓,(02)27262555,121.579105,25.03796036,信義區,臺北市,True,4.11
2026-05-02 20:24:15,506,好康藥局,臺北市信義區莊敬路414號,(02)27232979,121.566199,25.0271568,信義區,臺北市,True,4.11
2026-05-02 20:24:15,507,麗中藥局,臺北市信義區福德街217號,(02)27594416,121.5847403,25.03840938,信義區,臺北市,True,4.11
2026-05-02 20:24:15,508,文興藥局,臺北市信義區福德街245號,(02)27590989,121.5858573,25.03873939,信義區,臺北市,True,4.11
2026-05-02 20:24:15,509,康杏藥局,臺北市信義區福德街306號1樓,(02)27591510,121.5873598,25.03930647,信義區,臺北市,True,4.11
2026-05-02 20:24:15,510,昆陽藥局,臺北市信義區林口街230號,(02)27274814,121.5813126,25.04247952,信義區,臺北市,True,4.11
2026-05-02 20:24:15,511,綠杏大藥局,臺北市信義區吳興街241號,(02)27582378,121.5634929,25.02745032,信義區,臺北市,True,4.11
2026-05-02 20:24:15,512,鴻濟藥局,臺北市信義區永吉路326巷2號1樓,(02)27645331,121.5753908,25.04506854,信義區,臺北市,True,4.11
2026-05-02 20:24:15,513,信桉藥局,臺北市信義區莊敬路236號,(02)87860005,121.5620883,25.02959805,信義區,臺北市,True,4.11
2026-05-02 20:24:15,514,安佑藥局,臺北市信義區吳興街247號1樓,(02)27222236,121.5635901,25.02733059,信義區,臺北市,True,4.11
2026-05-02 20:24:15,515,安心藥局,臺北市信義區永吉路30巷148弄4之1號,(02)27474992,121.5685441,25.04265751,信義區,臺北市,True,4.11
2026-05-02 20:24:15,516,九州藥局,臺北市信義區和平東路三段239號,(02)87323331,121.5543153,25.02293626,信義區,臺北市,True,4.11
2026-05-02 20:24:15,517,永吉藥局,臺北市信義區永吉路213號,(02)87874043,121.5738721,25.04571477,信義區,臺北市,True,4.11
2026-05-02 20:24:15,518,榮泰藥局,臺北市信義區光復南路419巷117號1樓,(02)77296777,121.5599212,25.0365281,信義區,臺北市,True,4.11
2026-05-02 20:24:15,519,皇昇大藥局,臺北市信義區松山路210號,(02)27663886,121.5776333,25.04508792,信義區,臺北市,True,4.11
2026-05-02 20:24:15,520,貴臨藥局,臺北市信義區永吉路326巷19號,(02)27493768,121.5755456,25.04457386,信義區,臺北市,True,4.11
2026-05-02 20:24:15,521,大鳥藥局,臺北市信義區莊敬路354號,(02)23455025,121.5643416,25.02771676,信義區,臺北市,True,4.11
2026-05-02 20:24:15,522,濟生中西藥局,臺北市信義區崇德街41號,(02)27358452,121.5541989,25.0243633,信義區,臺北市,True,4.11
2026-05-02 20:24:15,523,正和藥局,臺北市信義區吳興街225巷6號,(02)23455186,121.5634533,25.02783749,信義區,臺北市,True,4.11
2026-05-02 20:24:15,524,荐荃藥師藥局,臺北市信義區虎林街68之3號,(02)27492866,121.5770353,25.04447892,信義區,臺北市,True,4.11
2026-05-02 20:24:15,525,新永春藥局,臺北市信義區忠孝東路5段423巷1號,,121.5752643,25.04126297,信義區,臺北市,True,4.11
2026-05-02 20:24:15,526,大浲藥局,臺北市信義區忠孝東路5段372巷27弄18號,(02)87896835,121.5744502,25.03957979,信義區,臺北市,True,4.11
2026-05-02 20:24:15,527,新興健保藥局,臺北市信義區永吉路30巷113號,(02)27494892,121.5688674,25.0432416,信義區,臺北市,True,4.11
2026-05-02 20:24:15,528,富熙藥局,臺北市信義區松仁路260號1樓,(02)27587608,121.5695448,25.02431912,信義區,臺北市,True,4.11
2026-05-02 20:24:15,529,洪暘藥局,臺北市信義區富陽街86號,(02)27337099,121.5564304,25.02127393,信義區,臺北市,True,4.11
2026-05-02 20:24:15,530,專品光復藥局,臺北市信義區光復南路467之1號,(02)27586682,121.5576703,25.03383787,信義區,臺北市,True,4.11
2026-05-02 20:24:15,531,仁聖藥局,臺北市信義區信安街151號,(02)87324166,121.5554087,25.02289299,信義區,臺北市,True,4.11
2026-05-02 20:24:15,532,尚頤中西藥局,臺北市信義區虎林街145號,,121.5767206,25.03959377,信義區,臺北市,True,4.11
2026-05-02 20:24:15,533,北一健康人生藥局,臺北市信義區吳興街255號,(02)27583945,121.5637344,25.02715286,信義區,臺北市,True,4.11
2026-05-02 20:24:15,534,博亞藥局,臺北市信義區莊敬路462號,(02)27580506,121.567728,25.02671857,信義區,臺北市,True,4.11
2026-05-02 20:24:15,535,躍獅永吉藥局,臺北市信義區永吉路520號,(02)27059791,121.5803549,25.0452117,信義區,臺北市,True,4.11
2026-05-02 20:24:15,536,立赫北醫藥局,臺北市信義區吳興街118巷26弄17號,(02)27320100,121.559898,25.03006474,信義區,臺北市,True,4.11
2026-05-02 20:24:15,537,壹間藥師藥局,臺北市信義區虎林街120巷148號,(02)27672833,121.5741541,25.04213337,信義區,臺北市,True,4.11
2026-05-02 20:24:15,538,躍獅光復藥局,臺北市信義區光復南路417之8號,(02)87862307,121.5577258,25.03681858,信義區,臺北市,True,4.11
2026-05-02 20:24:15,539,上好藥師藥局,臺北市信義區永吉路30巷101弄48號,(02)27677088,121.5701025,25.04343133,信義區,臺北市,True,4.11
2026-05-02 20:24:15,540,北一忠孝藥局,臺北市信義區忠孝東路5段524巷1弄16號1樓,(02)23464572,121.5801512,25.04133527,信義區,臺北市,True,4.11
2026-05-02 20:24:15,541,富凱藥師藥局,臺北市信義區林口街18號1樓,(02)27282685,121.5793666,25.03718525,信義區,臺北市,True,4.11
2026-05-02 20:24:15,542,吳興春天藥局,臺北市信義區吳興街137號1樓,(02)27585617,121.561798,25.02947464,信義區,臺北市,True,4.11
2026-05-02 20:24:15,543,寶春藥局,臺北市信義區虎林街119之19號1樓,,121.5770952,25.04111935,信義區,臺北市,True,4.11
2026-05-02 20:24:15,544,日安藥局,臺北市信義區松仁路240巷13號1樓,(02)27203775,121.5690991,25.02453977,信義區,臺北市,True,4.11
2026-05-02 20:24:15,545,愛維喜藥局,臺北市信義區莊敬路278號,(02)27586989,121.5627071,25.02882297,信義區,臺北市,True,4.11
2026-05-02 20:24:15,546,市政藥局,臺北市信義區忠孝東路5段169號1樓、171號1樓,(02)27560050,121.5688097,25.04119897,信義區,臺北市,True,4.11
2026-05-02 20:24:15,547,杏一後山埤藥局,臺北市信義區忠孝東路5段778號1樓,(02)27274357,121.5815662,25.04340073,信義區,臺北市,True,4.11
2026-05-02 20:24:15,548,光點信義松仁藥局,臺北市信義區松仁路160號1樓,(02)27581850,121.5682102,25.02843911,信義區,臺北市,True,4.11
2026-05-02 20:24:15,549,躍獅興雅藥局,臺北市信義區松德路128號1樓,(02)87808429,121.5744817,25.03734142,信義區,臺北市,True,4.11
2026-05-02 20:24:15,550,宜家藥局,臺北市士林區前港街86號1樓,(02)28833677,121.5196328,25.08498315,士林區,臺北市,True,3.54
2026-05-02 20:24:15,551,家赫宇盛藥局,臺北市士林區中山北路6段222號1樓,(02)28328728,121.5254001,25.10860067,士林區,臺北市,True,3.54
2026-05-02 20:24:15,552,前港台安藥局,臺北市士林區前港街28號1樓,(02)28831079,121.5220506,25.08459299,士林區,臺北市,True,3.54
2026-05-02 20:24:15,553,向宇藥局,臺北市士林區德行東路217號1樓,(02)88661101,121.532763,25.10934708,士林區,臺北市,True,3.54
2026-05-02 20:24:15,554,天母藥局,臺北市士林區天母西路26號1樓,(02)28771202,121.5268437,25.11835063,士林區,臺北市,True,3.54
2026-05-02 20:24:15,555,大田大藥局,臺北市士林區德行東路133號1樓,(02)28326112,121.5292096,25.10808845,士林區,臺北市,True,3.54
2026-05-02 20:24:15,556,有為藥局,臺北市士林區文林路477號(1樓),(02)28366898,121.5241792,25.0960516,士林區,臺北市,True,3.54
2026-05-02 20:24:15,557,忠義台安藥局,臺北市士林區忠義街72號1樓,(02)28380685,121.5315264,25.10600093,士林區,臺北市,True,3.54
2026-05-02 20:24:15,558,芝山藥局,臺北市士林區忠誠路1段27號1樓及地下1層、29號1樓及地下1層,(02)28330353,121.5270814,25.10415332,士林區,臺北市,True,3.54
2026-05-02 20:24:15,559,富康活力通河藥局,臺北市士林區通河街141巷1號1樓,(02)28862866,121.5208017,25.08104434,士林區,臺北市,True,3.54
2026-05-02 20:24:15,560,通河藥局,臺北市士林區通河街147號1樓,(02)28861332,121.5205427,25.0811004,士林區,臺北市,True,3.54
2026-05-02 20:24:15,561,南風藥局,臺北市士林區美崙街45號1樓,(02)28320375,121.5225385,25.0970569,士林區,臺北市,True,3.54
2026-05-02 20:24:15,562,菁安藥局,臺北市士林區美崙街5號1樓,(02)28323951,121.5236314,25.09718206,士林區,臺北市,True,3.54
2026-05-02 20:24:15,563,景正藥師中西藥局,臺北市士林區福港街１５２號,(02)28838762,121.5178302,25.08753114,士林區,臺北市,True,3.54
2026-05-02 20:24:15,564,佳赫藥局,臺北市士林區文昌路62號,(02)28367202,121.5213792,25.09604928,士林區,臺北市,True,3.54
2026-05-02 20:24:15,565,士林三安藥局,臺北市士林區大南路１１號,(02)28812631,121.5260087,25.08898084,士林區,臺北市,True,3.54
2026-05-02 20:24:15,566,啓宏藥局,臺北市士林區大東路９０之１號,(02)28825811,121.5256281,25.09145851,士林區,臺北市,True,3.54
2026-05-02 20:24:15,567,太安藥局,臺北市士林區延平北路五段157號,(02)28111468,121.5101238,25.08255769,士林區,臺北市,True,3.54
2026-05-02 20:24:15,568,田倉藥局,臺北市士林區士東路122號1樓,(02)88662188,121.5300746,25.11218957,士林區,臺北市,True,3.54
2026-05-02 20:24:15,569,日康藥局,臺北市士林區士東路１２號１樓,(02)28358558,121.5267369,25.11167788,士林區,臺北市,True,3.54
2026-05-02 20:24:15,570,正陽藥局,臺北市士林區華齡街１１號１樓,(02)28815711,121.5194293,25.08266817,士林區,臺北市,True,3.54
2026-05-02 20:24:15,571,麗森藥局,臺北市士林區天母西路51號,(02)28714152,121.5269353,25.11854332,士林區,臺北市,True,3.54
2026-05-02 20:24:15,572,天母大和藥師藥局,臺北市士林區德行東路189之1號１樓,(02)28310142,121.5316648,25.10896733,士林區,臺北市,True,3.54
2026-05-02 20:24:15,573,陽明藥局,臺北市士林區菁山路十號一樓,(02)28612863,121.5468874,25.13797206,士林區,臺北市,True,3.54
2026-05-02 20:24:15,574,康鈺藥局,臺北市士林區忠誠路2段150號1樓,(02)28313915,121.532611,25.11489766,士林區,臺北市,True,3.54
2026-05-02 20:24:15,575,今欣藥局,臺北市士林區天母西路41巷9號1樓,(02)28713129,121.5273756,25.11931282,士林區,臺北市,True,3.54
2026-05-02 20:24:15,576,資生堂藥局,臺北市士林區承德路四段40巷17號1樓,(02)28857588,121.5220223,25.08107202,士林區,臺北市,True,3.54
2026-05-02 20:24:15,577,社子全民藥局,臺北市士林區延平北路五段120號,(02)28127412,121.5105655,25.0816936,士林區,臺北市,True,3.54
2026-05-02 20:24:15,578,康華藥局,臺北市士林區中山北路七段14巷二號二樓,(02)28743223,121.5310729,25.1186355,士林區,臺北市,True,3.54
2026-05-02 20:24:15,579,安泰藥師藥局,臺北市士林區延平北路六段83號(實際使用：1、2樓),(02)28166977,121.5087034,25.0884662,士林區,臺北市,True,3.54
2026-05-02 20:24:15,580,家赫藥局,臺北市士林區忠義街80號1樓,(02)28346453,121.5317167,25.10614065,士林區,臺北市,True,3.54
2026-05-02 20:24:15,581,得安藥局,臺北市士林區文林路195號1樓,(02)28836336,121.5269004,25.08977728,士林區,臺北市,True,3.54
2026-05-02 20:24:15,582,達揚藥局,臺北市士林區社正路36號1樓,(02)88115559,121.5099011,25.08877112,士林區,臺北市,True,3.54
2026-05-02 20:24:15,583,和樹藥局,臺北市士林區後港街45巷1號1樓,(02)28821188,121.5227724,25.08443801,士林區,臺北市,True,3.54
2026-05-02 20:24:15,584,博信藥局,臺北市士林區延平北路六段61號,(02)28128295,121.5087636,25.08787771,士林區,臺北市,True,3.54
2026-05-02 20:24:15,585,新興藥局,臺北市士林區德行西路１１７號,(02)28362643,121.5206205,25.10397683,士林區,臺北市,True,3.54
2026-05-02 20:24:15,586,杏城藥局,臺北市士林區天母東路２４號,(02)28725144,121.532249,25.11763699,士林區,臺北市,True,3.54
2026-05-02 20:24:15,587,文祥藥局,臺北市士林區光華路２６巷２弄２號,(02)28623487,121.5420468,25.13749085,士林區,臺北市,True,3.54
2026-05-02 20:24:15,588,建芳藥局,臺北市士林區德行東路１４８號,(02)28357172,121.5295563,25.10803806,士林區,臺北市,True,3.54
2026-05-02 20:24:15,589,博惠藥局,臺北市士林區華榮街１６號,(02)28320379,121.5236017,25.09548634,士林區,臺北市,True,3.54
2026-05-02 20:24:15,590,有德堂大藥局,臺北市士林區中山北路六段２２７號,(02)28318387,121.5251151,25.10888445,士林區,臺北市,True,3.54
2026-05-02 20:24:15,591,安寧藥局,臺北市士林區劍潭路91號,(02)28803319,121.5199092,25.0828459,士林區,臺北市,True,3.54
2026-05-02 20:24:15,592,博泰藥局,臺北市士林區社中街３６７號,(02)28128612,121.5038113,25.09222541,士林區,臺北市,True,3.54
2026-05-02 20:24:15,593,華倫藥局,臺北市士林區永平街８０巷１０號１樓,(02)28116545,121.5055151,25.09151994,士林區,臺北市,True,3.54
2026-05-02 20:24:15,594,詠恩藥局,臺北市士林區延平北路五段316號1樓,(02)28119479,121.5095752,25.08619268,士林區,臺北市,True,3.54
2026-05-02 20:24:15,595,仁大藥局,臺北市士林區社子街13號1樓,(02)88113793,121.5083331,25.08769049,士林區,臺北市,True,3.54
2026-05-02 20:24:15,596,三光藥局,臺北市士林區延平北路五段320號1樓,(02)28123786,121.5095485,25.08627942,士林區,臺北市,True,3.54
2026-05-02 20:24:15,597,社正藥局,臺北市士林區社正路12號1樓,(02)28118704,121.5092776,25.0885376,士林區,臺北市,True,3.54
2026-05-02 20:24:15,598,芳圓藥局,臺北市士林區社子街26之1號,(02)28168666,121.5079664,25.08749539,士林區,臺北市,True,3.54
2026-05-02 20:24:15,599,柏雅大藥局,臺北市士林區德行西路64號,(02)88664398,121.5226853,25.10505772,士林區,臺北市,True,3.54
2026-05-02 20:24:15,600,麗登藥局,臺北市士林區文林路261號,(02)28881414,121.5266532,25.09108108,士林區,臺北市,True,3.54
2026-05-02 20:24:15,601,信光藥局,臺北市士林區文昌路68號,(02)28366277,121.5213576,25.09619424,士林區,臺北市,True,3.54
2026-05-02 20:24:15,602,幸福藥局,臺北市士林區德行東路109巷8號,(02)28346650,121.5283942,25.10812067,士林區,臺北市,True,3.54
2026-05-02 20:24:15,603,天爵藥局,臺北市士林區中山北路6段450巷1號,(02)28733759,121.5276386,25.11424669,士林區,臺北市,True,3.54
2026-05-02 20:24:15,604,石川藥師藥局,臺北市士林區忠義街70號,,121.53142,25.1059435,士林區,臺北市,True,3.54
2026-05-02 20:24:15,605,誼安藥局,臺北市士林區通河街42號,,121.5214694,25.08044249,士林區,臺北市,True,3.54
2026-05-02 20:24:15,606,聖賢藥局,臺北市士林區士商路58號,(02)28833046,121.5200325,25.09056437,士林區,臺北市,True,3.54
2026-05-02 20:24:15,607,大東健保藥局,臺北市士林區大東路86之4號,(02)28834672,121.5256719,25.09131395,士林區,臺北市,True,3.54
2026-05-02 20:24:15,608,光榮藥局,臺北市士林區社中街118號,(02)28136060,121.5103454,25.08990134,士林區,臺北市,True,3.54
2026-05-02 20:24:15,609,天母康甯健保藥局,臺北市士林區克強路8號,(02)28366631,121.5245315,25.10890703,士林區,臺北市,True,3.54
2026-05-02 20:24:15,610,大南春天生活藥局,臺北市士林區大南路317、319號,(02)28882196,121.5180056,25.0888786,士林區,臺北市,True,3.54
2026-05-02 20:24:15,611,和謙藥局,臺北市士林區社中街362號,(02)28165678,121.5040515,25.09242095,士林區,臺北市,True,3.54
2026-05-02 20:24:15,612,躍獅忠誠藥局,臺北市士林區忠義街70號,(02)28387948,121.53142,25.1059435,士林區,臺北市,True,3.54
2026-05-02 20:24:15,613,祥新藥局,臺北市士林區社子街65號,(02)28110906,121.5067454,25.08751342,士林區,臺北市,True,3.54
2026-05-02 20:24:15,614,天母台安藥局,臺北市士林區天母西路34號,(02)28728017,121.5262169,25.11834825,士林區,臺北市,True,3.54
2026-05-02 20:24:15,615,華齡春天生活藥局,臺北市士林區華齡街36、38號,(02)28882156,121.5195045,25.0836715,士林區,臺北市,True,3.54
2026-05-02 20:24:15,616,德行春天生活藥局,臺北市士林區德行東路76號,(02)28380306,121.5274641,25.10730213,士林區,臺北市,True,3.54
2026-05-02 20:24:15,617,家安健保藥局,臺北市士林區德行東路109巷119號,(02)28322182,121.5287782,25.11156217,士林區,臺北市,True,3.54
2026-05-02 20:24:15,618,後港五代全民藥局,臺北市士林區和豐街6號,(02)28818914,121.5191837,25.08278827,士林區,臺北市,True,3.54
2026-05-02 20:24:15,619,康佑藥局,臺北市士林區延平北路五段176號,(02)28119981,121.5102874,25.08299467,士林區,臺北市,True,3.54
2026-05-02 20:24:15,620,愛佳藥局,臺北市士林區承德路四段222之1號,(02)28811199,121.5214727,25.08850168,士林區,臺北市,True,3.54
2026-05-02 20:24:15,621,安奕藥局,臺北市士林區葫蘆街30巷12號,(02)28133289,121.5099306,25.08033752,士林區,臺北市,True,3.54
2026-05-02 20:24:15,622,太和堂中西藥局,臺北市士林區大東路74號(實際使用:1樓),(02)28814122,121.5257822,25.0903464,士林區,臺北市,True,3.54
2026-05-02 20:24:15,623,佩佩藥局,臺北市士林區中山北路六段182號,(02)28382662,121.5252009,25.10758681,士林區,臺北市,True,3.54
2026-05-02 20:24:15,624,躍獅芝山藥局,臺北市士林區福華路154號(實際使用:1樓),(02)28365822,121.522764,25.1036122,士林區,臺北市,True,3.54
2026-05-02 20:24:15,625,三原藥局,臺北市士林區延平北路五段293號(實際使用:1樓),(02)28111888,121.5094168,25.085893,士林區,臺北市,True,3.54
2026-05-02 20:24:15,626,士東藥局,臺北市士林區士東路91巷3號,(02)28760588,121.5290591,25.11256439,士林區,臺北市,True,3.54
2026-05-02 20:24:15,627,杏一士林延平藥局,臺北市士林區延平北路5段250號(1樓)、252號1樓,(02)28112937,121.5100118,25.0847227,士林區,臺北市,True,3.54
2026-05-02 20:24:15,628,文昌大藥局,臺北市士林區文昌路72號1樓,(02)28376196,121.5212651,25.09634087,士林區,臺北市,True,3.54
2026-05-02 20:24:15,629,中山盛康藥局,臺北市士林區中山北路7段162號1樓,(02)28771887,121.53271,25.12416526,士林區,臺北市,True,3.54
2026-05-02 20:24:15,630,藥本家藥局,臺北市士林區中山北路7段14巷26號1樓,(02)28766682,121.5327738,25.11884507,士林區,臺北市,True,3.54
2026-05-02 20:24:15,631,誠泰中西藥局,臺北市士林區永平街13號1樓,(02)88112352,121.5050936,25.08995764,士林區,臺北市,True,3.54
2026-05-02 20:24:15,632,加赫藥局,臺北市士林區文昌路76號1樓,(02)28336362,121.5212148,25.09646283,士林區,臺北市,True,3.54
2026-05-02 20:24:15,633,美麗田藥局,臺北市士林區通河街78號1樓,(02)28855990,121.520436,25.08090076,士林區,臺北市,True,3.54
2026-05-02 20:24:15,634,慈航藥局,臺北市士林區文林路441號(1樓),(02)28813168,121.5245433,25.0948515,士林區,臺北市,True,3.54
2026-05-02 20:24:15,635,德行盛康藥局,臺北市士林區德行東路206之1號1樓,(02)28348756,121.531987,25.1088979,士林區,臺北市,True,3.54
2026-05-02 20:24:15,636,劍潭藥局,臺北市士林區劍潭路55巷22號1樓,(02)28826998,121.5214307,25.08456521,士林區,臺北市,True,3.54
2026-05-02 20:24:15,637,心晴藥局,臺北市士林區劍潭路28號1樓,(02)28856572,121.5225295,25.08365682,士林區,臺北市,True,3.54
2026-05-02 20:24:15,638,向謙未來藥局,臺北市士林區天母西路33號1樓,(02)28760058,121.5277355,25.1185034,士林區,臺北市,True,3.54
2026-05-02 20:24:15,639,沐光中西藥局,臺北市士林區天母東路29號1樓,(02)28761312,121.5319189,25.11819156,士林區,臺北市,True,3.54
2026-05-02 20:24:15,640,文昌春天藥局,臺北市士林區文昌路44號(1樓),(02)28838539,121.521552,25.095632,士林區,臺北市,True,3.54
2026-05-02 20:24:15,641,健揚藥局,臺北市士林區延平北路5段251號1樓,(02)28163698,121.509683,25.08482656,士林區,臺北市,True,3.54
2026-05-02 20:24:15,642,康是美士東藥局,臺北市士林區士東路91巷1號1樓及1之1號1樓,(02)28746085,121.5289417,25.11234071,士林區,臺北市,True,3.54
2026-05-02 20:24:15,643,社子藥局,臺北市士林區社子街4號1樓,(02)28166135,121.5086985,25.08758667,士林區,臺北市,True,3.54
2026-05-02 20:24:15,644,天養藥局,臺北市士林區中山北路6段262號(1樓),,121.5255863,25.1095898,士林區,臺北市,True,3.54
2026-05-02 20:24:15,645,士林泰安藥局,臺北市士林區大東路36號(1樓),(02)28813509,121.5253291,25.0893469,士林區,臺北市,True,3.54
2026-05-02 20:24:15,646,晨熙藥局,臺北市士林區士東路48號1樓,(02)28316333,121.5278368,25.1118739,士林區,臺北市,True,3.54
2026-05-02 20:24:15,647,千盛台安藥局,臺北市士林區天母東路8巷84號1樓,(02)28720208,121.5304328,25.11483515,士林區,臺北市,True,3.54
2026-05-02 20:24:15,648,躍獅福港藥局,臺北市士林區福港街162號1樓,(02)28836209,121.5176933,25.08706843,士林區,臺北市,True,3.54
2026-05-02 20:24:15,649,石牌有間藥局,臺北市北投區石牌路2段313號1樓,(02)28760111,121.5231461,25.1216861,北投區,臺北市,True,2.92
2026-05-02 20:24:15,650,致遠台安藥局,臺北市北投區致遠二路141號1樓,(02)28263580,121.5127873,25.11729753,北投區,臺北市,True,2.92
2026-05-02 20:24:15,651,關渡松藥局,臺北市北投區知行路247號1樓,(02)28584824,121.4670676,25.12073577,北投區,臺北市,True,2.92
2026-05-02 20:24:15,652,吉利春天生活藥局,臺北市北投區吉利街120號1樓,(02)28253256,121.5068156,25.11850949,北投區,臺北市,True,2.92
2026-05-02 20:24:15,653,赫爾振華藥局,臺北市北投區振華街34號1樓,(02)28233730,121.5185604,25.11584546,北投區,臺北市,True,2.92
2026-05-02 20:24:15,654,中北生活藥局,臺北市北投區中央北路1段113號1樓,,121.4992872,25.13485327,北投區,臺北市,True,2.92
2026-05-02 20:24:15,655,心樂藥局,臺北市北投區致遠一路2段105號1樓,(02)28210261,121.5128171,25.11306117,北投區,臺北市,True,2.92
2026-05-02 20:24:15,656,祐民藥局,臺北市北投區中央南路1段209號(1樓),(02)28975339,121.5130564,25.1131307,北投區,臺北市,True,2.92
2026-05-02 20:24:15,657,天蓮藥局,臺北市北投區石牌路一段１６６巷１１５號,(02)28211824,121.5155151,25.11191768,北投區,臺北市,True,2.92
2026-05-02 20:24:15,658,丸三大藥局,臺北市北投區自強街１０５號,(02)28230637,121.5152668,25.11085944,北投區,臺北市,True,2.92
2026-05-02 20:24:15,659,石牌藥局,臺北市北投區石牌路一段４９號,(02)28214986,121.5105831,25.11329731,北投區,臺北市,True,2.92
2026-05-02 20:24:15,660,進春藥局,臺北市北投區明德路１５１號,(02)28216938,121.5206425,25.11086327,北投區,臺北市,True,2.92
2026-05-02 20:24:15,661,石牌大眾藥局,臺北市北投區致遠一路二段７號,(02)28232565,121.5143913,25.11093276,北投區,臺北市,True,2.92
2026-05-02 20:24:15,662,德昇藥局,臺北市北投區裕民二路２０號,(02)28217565,121.5169424,25.11599154,北投區,臺北市,True,2.92
2026-05-02 20:24:15,663,福德大藥局,臺北市北投區中央北路二段１９號,(02)28920294,121.4959357,25.13651029,北投區,臺北市,True,2.92
2026-05-02 20:24:15,664,新祥藥局,臺北市北投區知行路２０８號之１,(02)28582551,121.4668199,25.11935203,北投區,臺北市,True,2.92
2026-05-02 20:24:15,665,啟春藥局,臺北市北投區崇仁路一段１０２號１樓,(02)28918244,121.5017015,25.12529909,北投區,臺北市,True,2.92
2026-05-02 20:24:15,666,東陽西藥局,臺北市北投區中央南路一段２０３號,(02)28914208,121.501323,25.12845753,北投區,臺北市,True,2.92
2026-05-02 20:24:15,667,世全藥局,臺北市北投區知行路２7３號,(02)28585378,121.4671484,25.12129881,北投區,臺北市,True,2.92
2026-05-02 20:24:15,668,名山藥局,臺北市北投區東陽街４７５號１樓,(02)28226101,121.5199112,25.11230786,北投區,臺北市,True,2.92
2026-05-02 20:24:15,669,正仁藥局,臺北市北投區建民路１６１之９號,(02)28212985,121.5194585,25.11123428,北投區,臺北市,True,2.92
2026-05-02 20:24:15,670,石牌日春藥局,臺北市北投區自強街５巷１０７號,(02)28270455,121.511331,25.11202629,北投區,臺北市,True,2.92
2026-05-02 20:24:15,671,聯合藥局,臺北市北投區石牌路一段二十三號,(02)28270306,121.5099133,25.11293027,北投區,臺北市,True,2.92
2026-05-02 20:24:15,672,玉山藥局,臺北市北投區光明路一四五號,(02)28917161,121.5052942,25.1362139,北投區,臺北市,True,2.92
2026-05-02 20:24:15,673,實踐藥局,臺北市北投區實踐街十三號,(02)28210435,121.5076995,25.11486057,北投區,臺北市,True,2.92
2026-05-02 20:24:15,674,妮妮藥局,臺北市北投區中央南路一段187號,,121.5013713,25.1288423,北投區,臺北市,True,2.92
2026-05-02 20:24:15,675,明正藥局,臺北市北投區永興路二段19號,(02)28949409,121.5014754,25.14002974,北投區,臺北市,True,2.92
2026-05-02 20:24:15,676,新資生北投中和大藥局,臺北市北投區中和街294號1樓,(02)77565117,121.5002149,25.14065697,北投區,臺北市,True,2.92
2026-05-02 20:24:15,677,川秀藥局,臺北市北投區石牌路二段九九巷九號一樓,(02)28212290,121.514563,25.1175365,北投區,臺北市,True,2.92
2026-05-02 20:24:15,678,建民藥局,臺北市北投區光明路200號(1樓),(02)28912339,121.5035939,25.1358781,北投區,臺北市,True,2.92
2026-05-02 20:24:15,679,昌源藥局,臺北市北投區中央北路四段４８５號,(02)28928695,121.4692331,25.12842617,北投區,臺北市,True,2.92
2026-05-02 20:24:15,680,益元藥局,臺北市北投區光明路１０６號,(02)28912675,121.5013167,25.13309349,北投區,臺北市,True,2.92
2026-05-02 20:24:15,681,九福藥局,臺北市北投區公館路２３６號,(02)28953009,121.508028,25.126094,北投區,臺北市,True,2.92
2026-05-02 20:24:15,682,弘安藥局,臺北市北投區懷德街３３號１樓,(02)28206390,121.5193377,25.11218841,北投區,臺北市,True,2.92
2026-05-02 20:24:15,683,黎明藥局,臺北市北投區尊賢街２５３之１號,(02)28223795,121.5065625,25.11817333,北投區,臺北市,True,2.92
2026-05-02 20:24:15,684,明華藥局,臺北市北投區清江路8號(實際使用:1樓),(02)28971056,121.5014574,25.1315735,北投區,臺北市,True,2.92
2026-05-02 20:24:15,685,美康藥局,臺北市北投區明德路９０號１樓,(02)28281176,121.5196068,25.10939934,北投區,臺北市,True,2.92
2026-05-02 20:24:15,686,良興藥局,臺北市北投區中和街286號,,121.5003904,25.14046594,北投區,臺北市,True,2.92
2026-05-02 20:24:15,687,康揚藥局,臺北市北投區中和街308號1樓,(02)28946520,121.4999972,25.14085774,北投區,臺北市,True,2.92
2026-05-02 20:24:15,688,嘉禾大藥局,臺北市北投區中和街二六四號,(02)28984758,121.5007619,25.14009979,北投區,臺北市,True,2.92
2026-05-02 20:24:15,689,祐鄰藥局,臺北市北投區尊賢街二五○號,,121.5072858,25.11707035,北投區,臺北市,True,2.92
2026-05-02 20:24:15,690,小明藥局,臺北市北投區中央南路一段六九號二樓,(02)28967136,121.5013678,25.1314467,北投區,臺北市,True,2.92
2026-05-02 20:24:15,691,上頤藥局,臺北市北投區中和街327號1樓,(02)28981210,121.4996709,25.14097008,北投區,臺北市,True,2.92
2026-05-02 20:24:15,692,國泰藥師藥局,臺北市北投區自強街139-1號,(02)28223995,121.5161219,25.11113558,北投區,臺北市,True,2.92
2026-05-02 20:24:15,693,長宜藥局,臺北市北投區自強街112號(1樓),(02)28216605,121.5154228,25.1107518,北投區,臺北市,True,2.92
2026-05-02 20:24:15,694,大家藥局,臺北市北投區光明路182號,(02)28959000,121.5032945,25.13566318,北投區,臺北市,True,2.92
2026-05-02 20:24:15,695,維康藥局,臺北市北投區石牌路2段191.193號,(02)28206343,121.5210654,25.1188824,北投區,臺北市,True,2.92
2026-05-02 20:24:15,696,杏嘉藥局,臺北市北投區清江路68號,(02)28982340,121.5017036,25.13044328,北投區,臺北市,True,2.92
2026-05-02 20:24:15,697,冠亞藥局,臺北市北投區東陽街403號(1樓),(02)28217099,121.5176331,25.1124743,北投區,臺北市,True,2.92
2026-05-02 20:24:15,698,鴻恩藥局,臺北市北投區中央南路一段129號,(02)28926410,121.5011948,25.13015116,北投區,臺北市,True,2.92
2026-05-02 20:24:15,699,昱仁藥局,臺北市北投區光明路102號2樓,(02)28979050,121.5012179,25.13309534,北投區,臺北市,True,2.92
2026-05-02 20:24:15,700,佳祈健保藥局,臺北市北投區明德路144號,(02)28232535,121.5207644,25.11046372,北投區,臺北市,True,2.92
2026-05-02 20:24:15,701,天禧大藥局,臺北市北投區實踐街35號,(02)28213558,121.508706,25.11520921,北投區,臺北市,True,2.92
2026-05-02 20:24:15,702,秝安藥局,臺北市北投區石牌路一段69之1號(實際使用:1樓),(02)28215399,121.5111381,25.1136388,北投區,臺北市,True,2.92
2026-05-02 20:24:15,703,萬信藥局,臺北市北投區知行路305號,(02)28583083,121.4671918,25.12214405,北投區,臺北市,True,2.92
2026-05-02 20:24:15,704,北投春天藥局,臺北市北投區中央南路一段76號,(02)28916668,121.501084,25.13140614,北投區,臺北市,True,2.92
2026-05-02 20:24:15,705,致遠春天藥局,臺北市北投區致遠一路一段132號1、2樓,(02)28253258,121.5148634,25.1105069,北投區,臺北市,True,2.92
2026-05-02 20:24:15,706,尊賢藥局,臺北市北投區尊賢街212號,(02)28270505,121.5080306,25.11550738,北投區,臺北市,True,2.92
2026-05-02 20:24:15,707,漢藥局,臺北市北投區中央南路1段115號1樓,(02)28236598,121.5012377,25.13044771,北投區,臺北市,True,2.92
2026-05-02 20:24:15,708,振生大藥局,臺北市北投區中央北路三段61號,(02)28977292,121.4847979,25.1378103,北投區,臺北市,True,2.92
2026-05-02 20:24:15,709,怡人藥局,臺北市北投區自強街141巷2之1號(1樓),(02)28211598,121.5168179,25.111248,北投區,臺北市,True,2.92
2026-05-02 20:24:15,710,全家藥粧藥局,臺北市北投區光明路166之2號,(02)28988685,121.5026935,25.13508442,北投區,臺北市,True,2.92
2026-05-02 20:24:15,711,生活藥局,臺北市北投區光明路213號,(02)28933312,121.5037609,25.1361901,北投區,臺北市,True,2.92
2026-05-02 20:24:15,712,理得藥局,臺北市北投區石牌路一段150號,(02)28289680,121.5131036,25.11425877,北投區,臺北市,True,2.92
2026-05-02 20:24:15,713,天康大藥局,臺北市北投區中央南路一段57號,(02)28930168,121.5014269,25.1319197,北投區,臺北市,True,2.92
2026-05-02 20:24:15,714,躍獅光明藥局,臺北市北投區光明路51號(實際使用:1樓)及53號(實際使用:1樓),(02)28915993,121.4997292,25.1328887,北投區,臺北市,True,2.92
2026-05-02 20:24:15,715,永欣中西藥局,臺北市北投區中和街501號,(02)28910307,121.4947023,25.1451972,北投區,臺北市,True,2.92
2026-05-02 20:24:15,716,陳藥師藥局,臺北市北投區光明路2巷13之2號(實際使用:1樓),(02)28921971,121.4997272,25.1313032,北投區,臺北市,True,2.92
2026-05-02 20:24:15,717,江南育仁大藥局,臺北市北投區育仁路55號1樓,(02)28981850,121.4980687,25.1336154,北投區,臺北市,True,2.92
2026-05-02 20:24:15,718,康賢藥局,臺北市北投區西安街1段359號1樓,(02)28219295,121.5153138,25.11428828,北投區,臺北市,True,2.92
2026-05-02 20:24:15,719,合宸藥局,臺北市北投區中央南路1段59號(1樓),(02)28913120,121.5130564,25.1131307,北投區,臺北市,True,2.92
2026-05-02 20:24:15,720,良哲藥局,臺北市北投區明德路157之4號(1樓),(02)28285516,121.5205735,25.1111579,北投區,臺北市,True,2.92
2026-05-02 20:24:15,721,康是美北投藥局,臺北市北投區中和街249號1樓、2樓及3樓,(02)28949542,121.500971,25.13963778,北投區,臺北市,True,2.92
2026-05-02 20:24:15,722,石牌春天藥局,臺北市北投區石牌路2段52號(1樓),(02)28250060,121.5159513,25.1159294,北投區,臺北市,True,2.92
2026-05-02 20:24:15,723,順欣藥局,臺北市內湖區星雲街73號,(02)27916562,121.592713,25.07908205,內湖區,臺北市,True,2.61
2026-05-02 20:24:15,724,展恩藥局,臺北市內湖區民權東路六段136巷4號,(02)27953041,121.5876984,25.068664,內湖區,臺北市,True,2.61
2026-05-02 20:24:15,725,大內湖藥局,臺北市內湖區成功路3段164號1樓,(02)27956286,121.5902646,25.08035315,內湖區,臺北市,True,2.61
2026-05-02 20:24:15,726,健成藥局,臺北市內湖區內湖路1段323巷5弄1號1樓,(02)27986969,121.5680996,25.08291439,內湖區,臺北市,True,2.61
2026-05-02 20:24:15,727,安康藥局,臺北市內湖區安康路482號1樓,(02)26327675,121.6157878,25.06785039,內湖區,臺北市,True,2.61
2026-05-02 20:24:15,728,赫得藥局,臺北市內湖區康樂街七十二巷十七弄四號一樓,(02)26328642,121.6180575,25.0702934,內湖區,臺北市,True,2.61
2026-05-02 20:24:15,729,富山藥局,臺北市內湖區麗山街３６４巷２號１樓,(02)27996446,121.5728334,25.08168028,內湖區,臺北市,True,2.61
2026-05-02 20:24:15,730,新資生西湖大藥局,臺北市內湖區內湖路1段285巷65弄17號1樓,(02)77231850,121.5677784,25.08442727,內湖區,臺北市,True,2.61
2026-05-02 20:24:15,731,江楠欣辰藥局,臺北市內湖區江南街37號1樓,(02)87510260,121.5781384,25.07785849,內湖區,臺北市,True,2.61
2026-05-02 20:24:15,732,東湖藥局,臺北市內湖區東湖路43巷2號1樓,(02)26330112,121.6141484,25.06908763,內湖區,臺北市,True,2.61
2026-05-02 20:24:15,733,瑞陽藥局,臺北市內湖區文德路102號1樓,(02)26581551,121.5828919,25.0783117,內湖區,臺北市,True,2.61
2026-05-02 20:24:15,734,芳茂藥局,臺北市內湖區成功路四段151號,(02)27924711,121.5940049,25.08313056,內湖區,臺北市,True,2.61
2026-05-02 20:24:15,735,泰成藥局,臺北市內湖區內湖路三段１３５號１樓,(02)27921231,121.5898508,25.08685341,內湖區,臺北市,True,2.61
2026-05-02 20:24:15,736,富盛藥局,臺北市內湖區成功路四段６１巷２５弄１２號１樓,(02)27908667,121.5926347,25.08037514,內湖區,臺北市,True,2.61
2026-05-02 20:24:15,737,永安藥局,臺北市內湖區文德路210巷30弄48號,(02)26586658,121.5851909,25.07722798,內湖區,臺北市,True,2.61
2026-05-02 20:24:15,738,明湖藥局,臺北市內湖區東湖路７巷２７號１樓,(02)26313515,121.6124682,25.06970472,內湖區,臺北市,True,2.61
2026-05-02 20:24:15,739,清白藥局,臺北市內湖區東湖路108號,(02)26305743,121.6156741,25.06827722,內湖區,臺北市,True,2.61
2026-05-02 20:24:15,740,正心藥局,臺北市內湖區麗山街３６８號１樓,(02)27972771,121.5726944,25.08154382,內湖區,臺北市,True,2.61
2026-05-02 20:24:15,741,宏光藥局,臺北市內湖區成功路二段２２１號１樓,(02)27919068,121.5908548,25.06737828,內湖區,臺北市,True,2.61
2026-05-02 20:24:15,742,麗安藥局,臺北市內湖區港華街８１號１樓,(02)26580146,121.5746259,25.08328294,內湖區,臺北市,True,2.61
2026-05-02 20:24:15,743,盧狄聯合藥局,臺北市內湖區康寧路三段一八九巷五十七號,(02)26308897,121.6113254,25.0671244,內湖區,臺北市,True,2.61
2026-05-02 20:24:15,744,康信藥局,臺北市內湖區民權東路六段296巷29號,(02)26342088,121.606229,25.0720308,內湖區,臺北市,True,2.61
2026-05-02 20:24:15,745,康健藥局,臺北市內湖區康樂街80號,(02)26305825,121.6188594,25.07014656,內湖區,臺北市,True,2.61
2026-05-02 20:24:15,746,富康東湖藥局,臺北市內湖區東湖路119巷49弄16號,(02)26323222,121.6170025,25.06987934,內湖區,臺北市,True,2.61
2026-05-02 20:24:15,747,高昱藥局,臺北市內湖區陽光街321巷26號2樓之15,(02)87519962,121.5786133,25.07236251,內湖區,臺北市,True,2.61
2026-05-02 20:24:15,748,樂活藥師藥局,臺北市內湖區內湖路2段368號,(02)27968052,121.590978,25.08230202,內湖區,臺北市,True,2.61
2026-05-02 20:24:15,749,樂康藥妝藥局,臺北市內湖區文德路117號,(02)26562110,121.584052,25.07870436,內湖區,臺北市,True,2.61
2026-05-02 20:24:15,750,思恩藥局,臺北市內湖區成功路4段61巷26號,(02)27965808,121.5932258,25.0812065,內湖區,臺北市,True,2.61
2026-05-02 20:24:15,751,早安元氣藥局,臺北市內湖區成功路4段53號1樓,(02)27923633,121.5920845,25.08166562,內湖區,臺北市,True,2.61
2026-05-02 20:24:15,752,壹零捌藥局,臺北市內湖區成功路4段344號,(02)27910061,121.5996376,25.08487859,內湖區,臺北市,True,2.61
2026-05-02 20:24:15,753,瑞光藥局,臺北市內湖區瑞光路212號,(02)87513365,121.5762695,25.07524933,內湖區,臺北市,True,2.61
2026-05-02 20:24:15,754,昇龍藥局,臺北市內湖區東湖路151號,(02)26316783,121.6173049,25.06812176,內湖區,臺北市,True,2.61
2026-05-02 20:24:15,755,桔子藥局,臺北市內湖區內湖路二段333號,(02)27930052,121.5916673,25.08318532,內湖區,臺北市,True,2.61
2026-05-02 20:24:15,756,晟安藥局,臺北市內湖區金龍路135號,(02)87919320,121.590203,25.08593489,內湖區,臺北市,True,2.61
2026-05-02 20:24:15,757,宜昇優良藥局,臺北市內湖區康寧路三段165巷10號,(02)26327817,121.6117906,25.07081493,內湖區,臺北市,True,2.61
2026-05-02 20:24:15,758,躍獅寶湖藥局,臺北市內湖區民權東路六段123巷28號,(02)87928335,121.5928164,25.07009764,內湖區,臺北市,True,2.61
2026-05-02 20:24:15,759,傑昇藥局,臺北市內湖區內湖路二段227號,(02)27925957,121.5890454,25.08180262,內湖區,臺北市,True,2.61
2026-05-02 20:24:15,760,新安健保藥局,臺北市內湖區新明路402號,(02)27932289,121.5796932,25.05465735,內湖區,臺北市,True,2.61
2026-05-02 20:24:15,761,仕德安藥局,臺北市內湖區新明路210號,(02)27961683,121.5846466,25.05711399,內湖區,臺北市,True,2.61
2026-05-02 20:24:15,762,躍獅東湖藥局,臺北市內湖區金湖路378號,,121.6046726,25.0736172,內湖區,臺北市,True,2.61
2026-05-02 20:24:15,763,樂齡藥師藥局,臺北市內湖區內湖路三段103號,(02)27919707,121.5909003,25.08640847,內湖區,臺北市,True,2.61
2026-05-02 20:24:15,764,喜越藥局,臺北市內湖區內湖路一段285巷59弄7號,(02)26271955,121.5673304,25.08376702,內湖區,臺北市,True,2.61
2026-05-02 20:24:15,765,江南大藥局,臺北市內湖區文德路22巷9弄56號,(02)26595430,121.5791186,25.07655418,內湖區,臺北市,True,2.61
2026-05-02 20:24:15,766,躍獅大湖藥局,臺北市內湖區成功路四段329號,(02)27945376,121.5989758,25.08453684,內湖區,臺北市,True,2.61
2026-05-02 20:24:15,767,澴山藥局,臺北市內湖區環山路一段四號,(02)87978793,121.5653911,25.08288233,內湖區,臺北市,True,2.61
2026-05-02 20:24:15,768,瑞暉藥局,臺北市內湖區文德路105號,(02)26276828,121.5836889,25.07870207,內湖區,臺北市,True,2.61
2026-05-02 20:24:15,769,晶龍藥局,臺北市內湖區成功路四段218號,(02)27956255,121.5961049,25.08456557,內湖區,臺北市,True,2.61
2026-05-02 20:24:15,770,佑全內湖康寧藥局,臺北市內湖區康寧路三段39號、39號2樓、41號、43號,(02)26346578,121.60787,25.0726591,內湖區,臺北市,True,2.61
2026-05-02 20:24:15,771,和康健保藥局,臺北市內湖區文德路66巷41號,(02)27997202,121.5817806,25.07720303,內湖區,臺北市,True,2.61
2026-05-02 20:24:15,772,耀元藥局,臺北市內湖區康樂街150號,(02)26337369,121.6192412,25.07262737,內湖區,臺北市,True,2.61
2026-05-02 20:24:15,773,西湖藥局,臺北市內湖區內湖路一段355號,,121.5692618,25.0822,內湖區,臺北市,True,2.61
2026-05-02 20:24:15,774,維安藥局,臺北市內湖區成功路三段174巷23號,(02)27944520,121.5906365,25.08143424,內湖區,臺北市,True,2.61
2026-05-02 20:24:15,775,富康文德藥局,臺北市內湖區文德路22巷27弄4號1樓,(02)26272000,121.5800004,25.07659464,內湖區,臺北市,True,2.61
2026-05-02 20:24:15,776,博昱東福藥局,臺北市內湖區東湖路147號,(02)26308599,121.6171948,25.06814536,內湖區,臺北市,True,2.61
2026-05-02 20:24:15,777,加一藥師藥局,臺北市內湖區星雲街24號1樓,(02)87912653,121.5907588,25.07804238,內湖區,臺北市,True,2.61
2026-05-02 20:24:15,778,內湖藥局,臺北市內湖區康寧路1段116號1樓,(02)27940545,121.5934021,25.07948429,內湖區,臺北市,True,2.61
2026-05-02 20:24:15,779,葫光藥局,臺北市內湖區康寧路3段54巷6號1樓,(02)26341000,121.6089927,25.07167879,內湖區,臺北市,True,2.61
2026-05-02 20:24:15,780,禾馨民權藥局,臺北市內湖區民權東路6段42號1樓,(02)27910373,121.5816571,25.06774006,內湖區,臺北市,True,2.61
2026-05-02 20:24:15,781,杏一港墘藥局,臺北市內湖區港墘路83號(1樓),(02)27997406,121.5780524,25.0808066,內湖區,臺北市,True,2.61
2026-05-02 20:24:15,782,杏佳藥師藥局,臺北市內湖區康寧路1段51號1樓,(02)27949181,121.5919957,25.08033035,內湖區,臺北市,True,2.61
2026-05-02 20:24:15,783,富田藥局,臺北市內湖區康寧路3段16巷31號1樓,(02)26338699,121.6075531,25.07206637,內湖區,臺北市,True,2.61
2026-05-02 20:24:15,784,佑全內湖東湖藥局,臺北市內湖區東湖路122號1樓,(02)26337125,121.6162769,25.06811129,內湖區,臺北市,True,2.61
2026-05-02 20:24:15,785,佳德健保藥局,臺北市內湖區康寧路3段151號1樓,(02)26315910,121.6115845,25.07060178,內湖區,臺北市,True,2.61
2026-05-02 20:24:15,786,富康活力湖光藥局,臺北市內湖區康寧路1段25號1樓,(02)87927999,121.5913985,25.08061675,內湖區,臺北市,True,2.61
2026-05-02 20:24:15,787,六本熊藥局,臺北市內湖區內湖路2段27號1樓,(02)26590017,121.5796375,25.07887841,內湖區,臺北市,True,2.61
2026-05-02 20:24:15,788,原大藥局,臺北市內湖區內湖路1段737巷50弄5號1樓,(02)26596358,121.5788115,25.08057767,內湖區,臺北市,True,2.61
2026-05-02 20:24:15,789,德威藥局,臺北市內湖區內湖路1段667巷1號1樓,(02)27975018,121.5760212,25.08017362,內湖區,臺北市,True,2.61
2026-05-02 20:24:15,790,五分藥局,臺北市內湖區五分街64號1樓及66號1樓,(02)26336122,121.6159573,25.06719087,內湖區,臺北市,True,2.61
2026-05-02 20:24:15,791,富康活力誠功藥局,臺北市內湖區成功路4段30巷20號1樓,(02)27960222,121.5916214,25.08235036,內湖區,臺北市,True,2.61
2026-05-02 20:24:15,792,知壹藥局,臺北市內湖區港華街101之1號(1樓),(02)87519894,121.5735281,25.0835943,內湖區,臺北市,True,2.61
2026-05-02 20:24:15,793,康是美麗湖藥局,臺北市內湖區內湖路1段737巷3之1號1樓、19弄1號1樓及19弄3號1樓,(02)26570408,121.5784893,25.0791626,內湖區,臺北市,True,2.61
2026-05-02 20:24:15,794,安安藥局,臺北市內湖區康寧路1段4號1樓,(02)87912187,121.5911758,25.0805699,內湖區,臺北市,True,2.61
2026-05-02 20:24:15,795,內湖春天藥局,臺北市內湖區內湖路1段737巷1號1樓及3號1、2樓,(02)87523085,121.5784164,25.07907931,內湖區,臺北市,True,2.61
2026-05-02 20:24:15,796,躍獅麗湖藥局,臺北市內湖區內湖路1段401之1號(1樓),(02)26276160,121.5683655,25.0823089,內湖區,臺北市,True,2.61
2026-05-02 20:24:15,797,成功啄木鳥藥局,臺北市內湖區成功路3段8號(1樓),(02)87927509,121.5898874,25.0755119,內湖區,臺北市,True,2.61
2026-05-02 20:24:15,798,旭村藥局,臺北市南港區興華路１１２號,(02)27820948,121.6055424,25.05660779,南港區,臺北市,True,3.48
2026-05-02 20:24:15,799,麗康藥局,臺北市南港區同德路51號1樓,(02)26515236,121.5847535,25.04564134,南港區,臺北市,True,3.48
2026-05-02 20:24:15,800,健園藥局,臺北市南港區研究院路一段19號1樓,(02)27851567,121.6165702,25.05401416,南港區,臺北市,True,3.48
2026-05-02 20:24:15,801,可可藥局,臺北市南港區研究院路二段36號,(02)27886667,121.6152335,25.04688584,南港區,臺北市,True,3.48
2026-05-02 20:24:15,802,裕成藥局,臺北市南港區玉成街１６６巷１３號,(02)27851227,121.5834483,25.04433432,南港區,臺北市,True,3.48
2026-05-02 20:24:15,803,新錦安藥局,臺北市南港區南港路三段３４號,(02)27825218,121.5922164,25.05429245,南港區,臺北市,True,3.48
2026-05-02 20:24:15,804,仁泰藥局,臺北市南港區同德路２８號,(02)27855464,121.5840858,25.04510802,南港區,臺北市,True,3.48
2026-05-02 20:24:15,805,加欣藥局,臺北市南港區南港路二段26號,(02)27836222,121.6053979,25.05425119,南港區,臺北市,True,3.48
2026-05-02 20:24:15,806,祥安藥局,臺北市南港區中坡南路25號,(02)26547322,121.5831681,25.04328798,南港區,臺北市,True,3.48
2026-05-02 20:24:15,807,德鴻藥局,臺北市南港區玉成街１６８號１樓,(02)27893016,121.5841124,25.04465957,南港區,臺北市,True,3.48
2026-05-02 20:24:15,808,新東發藥局,臺北市南港區成福路１９８號,(02)27855190,121.5882673,25.04091936,南港區,臺北市,True,3.48
2026-05-02 20:24:15,809,富康活力藥局,臺北市南港區研究院路1段101巷8號1樓,(02)27828810,121.6165119,25.05180935,南港區,臺北市,True,3.48
2026-05-02 20:24:15,810,亞博藥師藥局,臺北市南港區興華路81號,(02)27838090,121.6060585,25.05544707,南港區,臺北市,True,3.48
2026-05-02 20:24:15,811,佳龍藥局,臺北市南港區研究院路2段80號,(02)27885951,121.6152004,25.04539707,南港區,臺北市,True,3.48
2026-05-02 20:24:15,812,湳港藥局,臺北市南港區研究院路1段101巷10號1樓,(02)27892200,121.616618,25.05177546,南港區,臺北市,True,3.48
2026-05-02 20:24:15,813,進慧藥局,臺北市南港區研究院路一段163號,,121.6157001,25.05030868,南港區,臺北市,True,3.48
2026-05-02 20:24:15,814,儀安健保藥局,臺北市南港區同德路74號,(02)27893839,121.5852902,25.04569787,南港區,臺北市,True,3.48
2026-05-02 20:24:15,815,泓安藥局,臺北市南港區興華路75號,(02)27861083,121.6061283,25.05516682,南港區,臺北市,True,3.48
2026-05-02 20:24:15,816,健涵藥局,臺北市南港區舊莊街一段147號,(02)27837285,121.6205027,25.03985358,南港區,臺北市,True,3.48
2026-05-02 20:24:15,817,南港藥局,臺北市南港區南港路一段166號,(02)27829137,121.6118829,25.0553586,南港區,臺北市,True,3.48
2026-05-02 20:24:15,818,順翔藥局,臺北市南港區研究院路二段170號,(02)27824332,121.616894,25.03784937,南港區,臺北市,True,3.48
2026-05-02 20:24:15,819,景星藥局,臺北市南港區南港路三段26號,(02)27838816,121.5923991,25.05434158,南港區,臺北市,True,3.48
2026-05-02 20:24:15,820,成恩藥局,臺北市南港區成福路23號,(02)27856602,121.586734,25.04472686,南港區,臺北市,True,3.48
2026-05-02 20:24:15,821,小藥師健保藥局,臺北市南港區福德街320之1號,,121.5879838,25.03948317,南港區,臺北市,True,3.48
2026-05-02 20:24:15,822,心亮藥局,臺北市南港區玉成街66之7號,(02)27881677,121.581777,25.04692213,南港區,臺北市,True,3.48
2026-05-02 20:24:15,823,勝安藥局,臺北市南港區舊莊街一段165號,,121.6211172,25.0394908,南港區,臺北市,True,3.48
2026-05-02 20:24:15,824,開欣藥局,臺北市南港區南港路二段38巷6之1號,(02)26532986,121.6048022,25.05470165,南港區,臺北市,True,3.48
2026-05-02 20:24:15,825,躍獅忠孝藥局,臺北市南港區成福路16號,(02)27862829,121.585978,25.04561188,南港區,臺北市,True,3.48
2026-05-02 20:24:15,826,心心藥局,臺北市南港區研究院路2段76號1樓,(02)27862586,121.615133,25.04551573,南港區,臺北市,True,3.48
2026-05-02 20:24:15,827,杏安藥局,臺北市南港區昆陽街140巷16號1樓,(02)27864119,121.5937912,25.04969297,南港區,臺北市,True,3.48
2026-05-02 20:24:15,828,民昇藥局,臺北市南港區南港路3段338號(1樓),(02)27835778,121.5808634,25.0516999,南港區,臺北市,True,3.48
2026-05-02 20:24:15,829,東明藥局,臺北市南港區東明街3號1樓,(02)26559663,121.6054746,25.05612818,南港區,臺北市,True,3.48
2026-05-02 20:24:15,830,成福大藥局,臺北市南港區成福路8號1樓,(02)27859221,121.58587,25.04577656,南港區,臺北市,True,3.48
2026-05-02 20:24:15,831,群悅藥局,臺北市南港區玉成街140巷7號(1樓),(02)26537635,121.583236,25.044788,南港區,臺北市,True,3.48
2026-05-02 20:24:15,832,上丞藥師藥局,臺北市南港區成福路10號1樓,(02)26535589,121.5858942,25.04573965,南港區,臺北市,True,3.48
2026-05-02 20:24:15,833,富凱昆陽藥局,臺北市南港區昆陽街140巷8號1樓,,121.5939938,25.04973903,南港區,臺北市,True,3.48
2026-05-02 20:24:15,834,日出藥局,臺北市南港區玉成街158號1樓,(02)27886005,121.5838874,25.04493705,南港區,臺北市,True,3.48
2026-05-02 20:24:15,835,富康活力眾坡藥局,臺北市南港區中坡南路15號1樓,(02)27822666,121.5829655,25.04345339,南港區,臺北市,True,3.48
2026-05-02 20:24:15,836,康是美港研藥局,臺北市南港區研究院路1段99號地下1層之1至3、之5至28,(02)27836804,121.6163716,25.05230491,南港區,臺北市,True,3.48
2026-05-02 20:24:15,837,志銘藥局,臺北市南港區研究院路一段１０１巷１１號,(02)27835216,121.6171386,25.05199936,南港區,臺北市,True,3.48
2026-05-02 20:24:15,838,合欣藥局,臺北市文山區辛亥路4段234號1樓,(02)29357567,121.5550771,25.00187876,文山區,臺北市,True,2.56
2026-05-02 20:24:15,839,健安藥局,臺北市文山區景興路165號(1樓),(02)29323757,121.5446382,24.9933198,文山區,臺北市,True,2.56
2026-05-02 20:24:15,840,躍獅景新藥局,臺北市文山區羅斯福路6段30號1樓,(02)29356221,121.5396453,24.99978391,文山區,臺北市,True,2.56
2026-05-02 20:24:15,841,康宜庭景文藥局,臺北市文山區景文街97號1樓,(02)29302280,121.541346,24.99093024,文山區,臺北市,True,2.56
2026-05-02 20:24:15,842,興隆藥局,臺北市文山區興隆路3段84號2樓,(02)29308099,121.5566845,24.99969513,文山區,臺北市,True,2.56
2026-05-02 20:24:15,843,景華台安藥局,臺北市文山區景華街69號1樓,(02)29310188,121.5450412,24.99524255,文山區,臺北市,True,2.56
2026-05-02 20:24:15,844,建興藥局,臺北市文山區木柵路二段８１號１樓,(02)29399993,121.5609698,24.98888882,文山區,臺北市,True,2.56
2026-05-02 20:24:15,845,健群藥局,臺北市文山區景興路４１號,(02)29328898,121.5448382,24.99717182,文山區,臺北市,True,2.56
2026-05-02 20:24:15,846,瑞安藥局,臺北市文山區溪口街６９之１號１樓,(02)29312888,121.539341,24.99511967,文山區,臺北市,True,2.56
2026-05-02 20:24:15,847,新陽藥局,臺北市文山區光輝路16號,(02)22341190,121.5550116,24.9875579,文山區,臺北市,True,2.56
2026-05-02 20:24:15,848,慈安藥局,臺北市文山區忠順街一段２６巷１８號,(02)29365629,121.5593449,24.98324528,文山區,臺北市,True,2.56
2026-05-02 20:24:15,849,京城藥局,臺北市文山區忠順街一段４２號１樓,(02)29371210,121.5599613,24.98416064,文山區,臺北市,True,2.56
2026-05-02 20:24:15,850,永明大藥局,臺北市文山區興隆路一段二九七號一樓,(02)29314428,121.544901,24.99874928,文山區,臺北市,True,2.56
2026-05-02 20:24:15,851,銘依藥局,臺北市文山區興隆路二段301巷4-1號,(02)29308538,121.5534302,25.00166147,文山區,臺北市,True,2.56
2026-05-02 20:24:15,852,巧康藥局,臺北市文山區木新路3段262、264號,(02)29372061,121.5585021,24.9812831,文山區,臺北市,True,2.56
2026-05-02 20:24:15,853,安誠藥局,臺北市文山區景華街124之1號,(02)29308542,121.5468254,24.99561119,文山區,臺北市,True,2.56
2026-05-02 20:24:15,854,景豐藥局,臺北市文山區興隆路2段54號1樓,(02)29330888,121.5476371,24.99945314,文山區,臺北市,True,2.56
2026-05-02 20:24:15,855,景美藥局,臺北市文山區景文街１２５號,(02)29335741,121.541192,24.99033056,文山區,臺北市,True,2.56
2026-05-02 20:24:15,856,錫東藥局,臺北市文山區萬隆街５６號,(02)29341550,121.5372983,25.00075085,文山區,臺北市,True,2.56
2026-05-02 20:24:15,857,日信專業藥局,臺北市文山區木柵路二段一三九號一樓,(02)86618322,121.5625274,24.98906005,文山區,臺北市,True,2.56
2026-05-02 20:24:15,858,逸仙藥師藥局,臺北市文山區興隆路二段２１８之１號１樓,(02)29312597,121.5524418,25.00148169,文山區,臺北市,True,2.56
2026-05-02 20:24:15,859,康宜庭生活藥局,臺北市文山區興隆路四段64號,(02)29385363,121.5613254,24.98514197,文山區,臺北市,True,2.56
2026-05-02 20:24:15,860,博揚藥局,臺北市文山區景興路一八一號,(02)89321707,121.5444236,24.99280187,文山區,臺北市,True,2.56
2026-05-02 20:24:15,861,東京晟藥局,臺北市文山區辛亥路四段97號,(02)29356354,121.5587023,25.00683841,文山區,臺北市,True,2.56
2026-05-02 20:24:15,862,仙瑩藥局,臺北市文山區景華街166號,(02)89321817,121.547879,24.99693269,文山區,臺北市,True,2.56
2026-05-02 20:24:15,863,舒博威藥局,臺北市文山區興隆路二段九十五巷三號,(02)29306805,121.5492175,25.0005901,文山區,臺北市,True,2.56
2026-05-02 20:24:15,864,佳醫景美藥局,臺北市文山區羅斯福路六段二九0號,(02)86636659,121.5398439,24.991001,文山區,臺北市,True,2.56
2026-05-02 20:24:15,865,慶豐好藥局,臺北市文山區興隆路四段135號1樓,(02)29384775,121.5615649,24.9853556,文山區,臺北市,True,2.56
2026-05-02 20:24:15,866,華君藥局,臺北市文山區興隆路二段60號,(02)29319510,121.5477628,24.99955373,文山區,臺北市,True,2.56
2026-05-02 20:24:15,867,永原大藥局,臺北市文山區興隆路三段166號,(02)22305729,121.5584276,24.9983535,文山區,臺北市,True,2.56
2026-05-02 20:24:15,868,皇興藥師藥局,臺北市文山區木柵路2段121號,(02)29365553,121.5620665,24.98900741,文山區,臺北市,True,2.56
2026-05-02 20:24:15,869,人人健保藥局,臺北市文山區保儀路39號,(02)86610761,121.568694,24.98785759,文山區,臺北市,True,2.56
2026-05-02 20:24:15,870,杏隆藥局,臺北市文山區羅斯福路5段261號,(02)29313151,121.5395045,25.00115071,文山區,臺北市,True,2.56
2026-05-02 20:24:15,871,永源大藥局,臺北市文山區興隆路3段302號,(02)22396166,121.5587971,24.99312436,文山區,臺北市,True,2.56
2026-05-02 20:24:15,872,康宜庭萬隆藥局,臺北市文山區羅斯福路五段202號,(02)29348662,121.5384483,25.00322085,文山區,臺北市,True,2.56
2026-05-02 20:24:15,873,美迦藥局,臺北市文山區保儀路23號,(02)29362815,121.5687107,24.98814733,文山區,臺北市,True,2.56
2026-05-02 20:24:15,874,振大藥局,臺北市文山區永安街22巷16號,(02)29393385,121.5696695,24.98682893,文山區,臺北市,True,2.56
2026-05-02 20:24:15,875,躍獅奕新藥局,臺北市文山區木新路2段275號,(02)22340378,121.5660167,24.98291979,文山區,臺北市,True,2.56
2026-05-02 20:24:15,876,宜康藥局,臺北市文山區保儀路7號,(02)86619862,121.5686398,24.98871911,文山區,臺北市,True,2.56
2026-05-02 20:24:15,877,欣安景美藥局,臺北市文山區景文街77號,(02)29350296,121.541429,24.99125915,文山區,臺北市,True,2.56
2026-05-02 20:24:15,878,北一藥師藥局,臺北市文山區木新路三段47號,(02)22348686,121.5641641,24.98235975,文山區,臺北市,True,2.56
2026-05-02 20:24:15,879,萬隆大藥局,臺北市文山區羅斯福路五段218巷15號,(02)29334580,121.5379591,25.0020275,文山區,臺北市,True,2.56
2026-05-02 20:24:15,880,杏一萬安藥局,臺北市文山區萬安街15號,(02)22302126,121.5706398,25.00139022,文山區,臺北市,True,2.56
2026-05-02 20:24:15,881,躍獅永健藥局,臺北市文山區木柵路1段144號(1樓),(02)22367821,121.568102,24.998585,文山區,臺北市,True,2.56
2026-05-02 20:24:15,882,大樹文山藥局,臺北市文山區興隆路三段13號(1、2、3樓),(02)29342226,121.555,25.000887,文山區,臺北市,True,2.56
2026-05-02 20:24:15,883,123健康藥局,臺北市文山區興隆路2段220巷31弄26號,(02)86632673,121.5528932,25.00020844,文山區,臺北市,True,2.56
2026-05-02 20:24:15,884,光明大藥局,臺北市文山區忠順街一段66號,(02)29390275,121.5606765,24.98425916,文山區,臺北市,True,2.56
2026-05-02 20:24:15,885,福興藥局,臺北市文山區福興路56號,,121.5504559,25.00345137,文山區,臺北市,True,2.56
2026-05-02 20:24:15,886,路加健康藥局,臺北市文山區興隆路二段220巷39號,(02)29302336,121.5521798,25.00021633,文山區,臺北市,True,2.56
2026-05-02 20:24:15,887,逸全生活藥局,臺北市文山區羅斯福路五段222號,(02)29326185,121.5387563,25.00197268,文山區,臺北市,True,2.56
2026-05-02 20:24:15,888,躍獅新芳藥局,臺北市文山區興隆路三段16號(實際營業地址:1樓),(02)29308172,121.5559184,25.0001532,文山區,臺北市,True,2.56
2026-05-02 20:24:15,889,綠杏萬芳藥局,臺北市文山區興隆路三段111號,(02)29349516,121.5583303,25.00030628,文山區,臺北市,True,2.56
2026-05-02 20:24:15,890,躍獅木柵藥局,臺北市文山區指南路一段28號,(02)86617752,121.5694887,24.98756013,文山區,臺北市,True,2.56
2026-05-02 20:24:15,891,光點文山景華藥局,臺北市文山區景興路109號1樓,(02)29335881,121.544818,24.99496272,文山區,臺北市,True,2.56
2026-05-02 20:24:15,892,富康活力睦新藥局,臺北市文山區木新路3段216號,(02)29393666,121.5595358,24.98153257,文山區,臺北市,True,2.56
2026-05-02 20:24:15,893,康宜庭興隆藥局,臺北市文山區興隆路3段200號1樓,(02)22304866,121.5590155,24.99778685,文山區,臺北市,True,2.56
2026-05-02 20:24:15,894,大愛幸福藥局,臺北市文山區木新路2段221號1樓,(02)29379977,121.5675237,24.98344322,文山區,臺北市,True,2.56
2026-05-02 20:24:15,895,晴天藥局,臺北市文山區萬壽路15號(1樓),(02)29363131,121.5759721,24.9880569,文山區,臺北市,True,2.56
2026-05-02 20:24:15,896,健康家藥局,臺北市文山區興隆路2段133號1樓,(02)29330858,121.5480562,25.00011325,文山區,臺北市,True,2.56
2026-05-02 20:24:15,897,大樹木柵藥局,臺北市文山區木柵路3段108號(1樓)及110號(1樓),(02)23331522,121.5675943,24.9886582,文山區,臺北市,True,2.56
2026-05-02 20:24:15,898,富康活力睦柵藥局,臺北市文山區指南路1段24號(1樓),(02)29397392,121.568102,24.998585,文山區,臺北市,True,2.56
2026-05-02 20:24:15,899,木新健康人生藥局,臺北市文山區木新路3段203號1樓,(02)86611465,121.5598336,24.98139664,文山區,臺北市,True,2.56
2026-05-02 20:24:15,900,健康人生藥局,臺北市文山區興隆路3段106號1樓,(02)29347813,121.5572612,24.99932132,文山區,臺北市,True,2.56
2026-05-02 20:24:15,901,大樹景美藥局,臺北市文山區羅斯福路6段234號(1樓)、234之1號1樓,(02)29322951,121.5404317,24.9924495,文山區,臺北市,True,2.56
2026-05-02 20:24:15,902,歆鈺藥局,臺北市文山區興隆路4段209號1樓,(02)29381181,121.5624804,24.98285038,文山區,臺北市,True,2.56
2026-05-02 20:24:15,903,杏一木柵藥局,臺北市文山區木柵路3段116號(1樓),(02)29371839,121.567794,24.988685,文山區,臺北市,True,2.56
2026-05-02 20:24:15,904,富康活力景驊藥局,臺北市文山區景華街73號1樓,(02)29335288,121.5452088,24.99526084,文山區,臺北市,True,2.56
2026-05-02 20:24:15,905,專品政大藥局,臺北市文山區指南路2段8號(1樓),(02)22343010,121.574218,24.9878369,文山區,臺北市,True,2.56
2026-05-02 20:24:15,906,柒品藥局,臺北市文山區木新路3段333號(1樓)、335號(1樓),(02)86610666,121.5562573,24.9804175,文山區,臺北市,True,2.56
2026-05-02 20:24:15,907,大心藥局,臺北市文山區興隆路2段215號1樓,,121.5501114,25.00110021,文山區,臺北市,True,2.56
2026-05-02 20:24:15,908,同盈藥師藥局,新北市板橋區溪北路30號1樓,0286873400,121.426968,24.99021256,板橋區,新北市,True,3.38
2026-05-02 20:24:15,909,鶯歌藥局,新北市鶯歌區鶯桃路2段11號1樓,0286778778,121.3258462,24.97204958,鶯歌區,新北市,True,2.74
2026-05-02 20:24:15,910,益嘉藥局,新北市汐止區忠孝東路245號1樓,0286423527,121.6628739,25.06752916,汐止區,新北市,True,2.74
2026-05-02 20:24:15,911,明月藥局,新北市五股區工商路89號,0282956028,121.4376946,25.08514542,五股區,新北市,True,3.15
2026-05-02 20:24:15,912,源昇藥局,新北市五股區五股里成泰路2段61號2樓,0282950772,121.4378897,25.08360523,五股區,新北市,True,3.15
2026-05-02 20:24:15,913,東興藥局,新北市五股區成泰路2段69號2樓,0282922718,121.437956,25.08372205,五股區,新北市,True,3.15
2026-05-02 20:24:15,914,祐康藥師藥局,新北市五股區五福路36號1樓,0282921335,121.4340009,25.08922898,五股區,新北市,True,3.15
2026-05-02 20:24:15,915,捷元健保藥局,新北市三重區三賢街185號1樓,0282877107,121.4863362,25.08731299,三重區,新北市,True,3.72
2026-05-02 20:24:15,916,康荃優生保健藥局,新北市中和區福祥路66號1樓,0266348688,121.4993752,25.00494076,中和區,新北市,True,3.22
2026-05-02 20:24:15,917,幸福藥妝藥局,新北市三重區正義北路342號1樓,0229896858,121.4943714,25.07083034,三重區,新北市,True,3.72
2026-05-02 20:24:15,918,兒安藥局,新北市三重區中華路59號,0229895851,121.4835773,25.06225308,三重區,新北市,True,3.72
2026-05-02 20:24:15,919,聖美膚藥局,新北市三重區正義北路130號,0229863456,121.4967132,25.06571273,三重區,新北市,True,3.72
2026-05-02 20:24:15,920,天佑藥局,新北市三重區大同北路8號1樓、10號1樓,0229857456,121.4953937,25.06207243,三重區,新北市,True,3.72
2026-05-02 20:24:15,921,欽勝藥局,新北市三重區重陽路4段6號2樓,0229857389,121.4906324,25.06893506,三重區,新北市,True,3.72
2026-05-02 20:24:15,922,可安藥局,新北市板橋區南雅南路1段8-6號1樓,0229650131,121.4560248,25.00662003,板橋區,新北市,True,3.38
2026-05-02 20:24:15,923,仁安藥局,新北市泰山區明志路3段174號,0229015586,121.4242195,25.03905729,泰山區,新北市,True,1.95
2026-05-02 20:24:15,924,健群藥局,新北市蘆洲區中華街71號2樓,0228483575,121.4622574,25.08063035,蘆洲區,新北市,True,3.27
2026-05-02 20:24:15,925,富康東科藥局,新北市汐止區新台五路1段96號C棟1樓C15號,0226969222,121.6482098,25.06072019,汐止區,新北市,True,2.74
2026-05-02 20:24:15,926,佳恩藥局,新北市汐止區民族三街7-1號1樓,0226950714,121.6307846,25.07042583,汐止區,新北市,True,2.74
2026-05-02 20:24:15,927,三峽文化藥局,新北市三峽區文化路212-2號,0226710825,121.3686163,24.93607108,三峽區,新北市,True,3.32
2026-05-02 20:24:15,928,健康晨光藥局,新北市汐止區大同路2段516號1樓,0226433111,121.6310239,25.05499128,汐止區,新北市,True,2.74
2026-05-02 20:24:15,929,國升藥局,新北市汐止區建成路59巷1號1樓,0226419459,121.6617626,25.07319634,汐止區,新北市,True,2.74
2026-05-02 20:24:15,930,逸華藥局,新北市八里區中山路2段301號,0226105093,121.4011492,25.14806299,八里區,新北市,True,2.0
2026-05-02 20:24:15,931,茂晟藥局,新北市林口區文化三路2段328號1樓,0226020593,121.3781874,25.08476199,林口區,新北市,True,2.15
2026-05-02 20:24:15,932,長興堂藥局,新北市瑞芳區明燈路3段69號1樓,0224972050,121.8054809,25.10818674,瑞芳區,新北市,True,5.02
2026-05-02 20:24:15,933,北海岸藥局,新北市萬里區瑪鍊路98號,0224922022,121.6894795,25.17798241,萬里區,新北市,True,0.88
2026-05-02 20:24:15,934,陽光健保藥局,新北市五股區五福路54號1樓,0222922400,121.4335404,25.08972728,五股區,新北市,True,3.15
2026-05-02 20:24:15,935,杏軒藥局,新北市五股區貿商里自強路152號1樓,0222921193,121.4320853,25.07031989,五股區,新北市,True,3.15
2026-05-02 20:24:15,936,銘泰藥局,新北市三重區三和路4段153號2樓,0222876452,121.4839391,25.07837729,三重區,新北市,True,3.72
2026-05-02 20:24:15,937,廣英藥師藥局,新北市蘆洲區中正路6號1樓,0222835713,121.4716713,25.08186467,蘆洲區,新北市,True,3.27
2026-05-02 20:24:15,938,永福藥局,新北市三重區永福街135巷40號1樓,0222807023,121.4772195,25.0772241,三重區,新北市,True,3.72
2026-05-02 20:24:15,939,福恩藥師大藥局,新北市汐止區福德二路171-1號1樓,9.88E+08,121.6307435,25.06507326,汐止區,新北市,True,2.74
2026-05-02 20:24:15,940,寶貝藥局,新北市三重區仁愛街302-1號,9.36E+08,121.4920909,25.0794404,三重區,新北市,True,3.72
2026-05-02 20:24:15,941,大峰藥局,新北市板橋區莒光路168號1樓,9.32E+08,121.4740514,25.02314142,板橋區,新北市,True,3.38
2026-05-02 20:24:15,942,良安藥局,新北市中和區文元里連城路366號,9.12E+08,121.4818705,24.99548045,中和區,新北市,True,3.22
2026-05-02 20:24:15,943,文安藥局,新北市新莊區褔壽街116號,0229978477,121.4506145,25.03586013,新莊區,新北市,True,3.24
2026-05-02 20:24:15,944,武田藥局,新北市新莊區化成路212號,0229944029,121.4656722,25.04649462,新莊區,新北市,True,3.24
2026-05-02 20:24:15,945,達生大藥局,新北市新莊區中港一街69號,0229939360,121.4500409,25.04534535,新莊區,新北市,True,3.24
2026-05-02 20:24:15,946,祥好大藥局,新北市新莊區新泰路331號,0229939051,121.4449073,25.04180475,新莊區,新北市,True,3.24
2026-05-02 20:24:15,947,再豐藥局,新北市新莊區新泰路150巷13號,0229936092,121.4474624,25.03833871,新莊區,新北市,True,3.24
2026-05-02 20:24:15,948,楊氏武田藥局,新北市新莊區化成路373-5號,0229930073,121.4656657,25.05734029,新莊區,新北市,True,3.24
2026-05-02 20:24:15,949,新民藥局,新北市新莊區自強街39號,0229917773,121.4546441,25.04668249,新莊區,新北市,True,3.24
2026-05-02 20:24:15,950,慶昇藥局,新北市三重區光明路88號,0229854256,121.4923419,25.05674461,三重區,新北市,True,3.72
2026-05-02 20:24:15,951,和泰藥局,新北市五股區中興路1段133號,0229850281,121.4655428,25.07335859,五股區,新北市,True,3.15
2026-05-02 20:24:15,952,杜廣德藥師藥局,新北市三重區大智街53號,0229843152,121.4927757,25.06774538,三重區,新北市,True,3.72
2026-05-02 20:24:15,953,裕福藥局,新北市三重區長壽西街144號,0229831769,121.4939425,25.06661072,三重區,新北市,True,3.72
2026-05-02 20:24:15,954,建芳藥局,新北市三重區集美街174號,0229763351,121.4904005,25.05321276,三重區,新北市,True,3.72
2026-05-02 20:24:15,955,志雄藥局,新北市三重區三和路2段220號,0229751803,121.4978088,25.06949549,三重區,新北市,True,3.72
2026-05-02 20:24:15,956,利安藥局,新北市板橋區南雅東路108號,0229696295,121.4534875,25.00814811,板橋區,新北市,True,3.38
2026-05-02 20:24:15,957,慶安藥局,新北市板橋區宮口街12號,0229685178,121.4574257,25.00990562,板橋區,新北市,True,3.38
2026-05-02 20:24:15,958,啟暉藥局,新北市板橋區大智街3號,0229669166,121.4561066,25.01471864,板橋區,新北市,True,3.38
2026-05-02 20:24:15,959,俊昌藥局,新北市板橋區三民路2段245巷12號,0229642498,121.4797345,25.01250123,板橋區,新北市,True,3.38
2026-05-02 20:24:15,960,福勝堂藥局,新北市板橋區三民路2段153巷2弄2號,0229582146,121.479531,25.01488446,板橋區,新北市,True,3.38
2026-05-02 20:24:15,961,惠德藥局,新北市中和區國光街111號,0229573563,121.4699064,25.00052263,中和區,新北市,True,3.22
2026-05-02 20:24:15,962,安祥藥局,新北市板橋區大明街7號,0229554501,121.4591312,25.00244552,板橋區,新北市,True,3.38
2026-05-02 20:24:15,963,福恩藥局,新北市板橋區實踐路93巷36號,0229529126,121.465395,25.00516744,板橋區,新北市,True,3.38
2026-05-02 20:24:15,964,賜您康大藥局,新北市板橋區國泰街50號,0229513166,121.4679129,25.00667657,板橋區,新北市,True,3.38
2026-05-02 20:24:15,965,日發藥局,新北市中和區興南路2段52-4號,0229424926,121.5065622,24.98510875,中和區,新北市,True,3.22
2026-05-02 20:24:15,966,開發大藥局,新北市中和區興南路1段六號,0229412279,121.5115484,24.991527,中和區,新北市,True,3.22
2026-05-02 20:24:15,967,博健藥局,新北市中和區忠孝街37巷4號,0229402107,121.511246,24.98367542,中和區,新北市,True,3.22
2026-05-02 20:24:15,968,聖英藥局,新北市永和區褔和路55-1號,0229293613,121.5204266,25.00915211,永和區,新北市,True,3.13
2026-05-02 20:24:15,969,律安藥局,新北市永和區中和路321號,0229287212,121.5071051,24.99979073,永和區,新北市,True,3.13
2026-05-02 20:24:15,970,家宏藥局,新北市永和區成功路2段123號,0229287212,121.5268019,24.99845427,永和區,新北市,True,3.13
2026-05-02 20:24:15,971,全成藥局,新北市泰山區明志路1段83號,0229096529,121.4335872,25.06434041,泰山區,新北市,True,1.95
2026-05-02 20:24:15,972,閎安藥局,新北市三重區重新路2段79號1樓,0289942121,121.4963485,25.06183174,三重區,新北市,True,3.72
2026-05-02 20:24:15,973,予康藥局,新北市三重區文化北路198號1樓,0289858789,121.4979673,25.06794402,三重區,新北市,True,3.72
2026-05-02 20:24:15,974,慈愛藥局,新北市三重區溪尾街173號1樓,0289851330,121.4888525,25.08036495,三重區,新北市,True,3.72
2026-05-02 20:24:15,975,康慈藥局,新北市三重區忠孝路2段40號1樓,0289813529,121.4853664,25.07055573,三重區,新北市,True,3.72
2026-05-02 20:24:15,976,景康藥局,新北市三重區集美街29號1樓,0289731717,121.4878911,25.05583266,三重區,新北市,True,3.72
2026-05-02 20:24:15,977,康希藥局,新北市三重區三和路2段83號1樓,0289728298,121.4998663,25.06820413,三重區,新北市,True,3.72
2026-05-02 20:24:15,978,愛立康藥局,新北市樹林區大雅路286號1樓,0289706878,121.3799023,24.94748354,樹林區,新北市,True,2.76
2026-05-02 20:24:15,979,綠蘋果藥局,新北市樹林區學勤路597號1樓,0289706050,121.3842279,24.94905344,樹林區,新北市,True,2.76
2026-05-02 20:24:15,980,廣泰藥師藥局,新北市板橋區館前西路150號1樓,0289698381,121.4555916,25.00843751,板橋區,新北市,True,3.38
2026-05-02 20:24:15,981,葆康藥局,新北市板橋區四川路2段245巷3號1樓,0289678373,121.4506561,24.99346435,板橋區,新北市,True,3.38
2026-05-02 20:24:15,982,德豐健保藥局,新北市板橋區四川路2段47巷3弄1號1樓,0289675880,121.4542759,24.99478947,板橋區,新北市,True,3.38
2026-05-02 20:24:15,983,利安社區藥局,新北市板橋區德興街37巷14號1樓,0289671550,121.4538519,24.99381951,板橋區,新北市,True,3.38
2026-05-02 20:24:15,984,亞季藥局,新北市板橋區南雅南路2段142巷11號1樓,0289671131,121.4515407,24.99717001,板橋區,新北市,True,3.38
2026-05-02 20:24:15,985,久安藥局,新北市土城區廣明街70號1樓,0289671097,121.4550482,24.99380206,土城區,新北市,True,3.81
2026-05-02 20:24:15,986,愛美得藥局,新北市板橋區中山路2段34號1樓,0289539190,121.4728543,25.01517113,板橋區,新北市,True,3.38
2026-05-02 20:24:15,987,和安藥局,新北市板橋區四川路1段171號1樓,0289537548,121.4600701,25.00378828,板橋區,新北市,True,3.38
2026-05-02 20:24:15,988,柏愛藥局,新北市永和區竹林路57號1樓,0289285609,121.5182619,25.01385971,永和區,新北市,True,3.13
2026-05-02 20:24:15,989,日陽藥局,新北市永和區竹林路29號1樓,0289252346,121.5175074,25.01464513,永和區,新北市,True,3.13
2026-05-02 20:24:15,990,亞佐藥局,新北市永和區中山路1段128巷17號1樓,0289219038,121.5097202,25.0102911,永和區,新北市,True,3.13
2026-05-02 20:24:15,991,皇家藥師藥局,新北市永和區中正路720號1樓,0289216867,121.5158281,25.01016693,永和區,新北市,True,3.13
2026-05-02 20:24:15,992,崇恩藥局,新北市永和區成功路2段135號1樓,0289214022,121.526737,24.99809675,永和區,新北市,True,3.13
2026-05-02 20:24:15,993,北一藥師藥局,新北市新店區北新路2段160號1樓、2樓,0289115686,121.5430686,24.97562554,新店區,新北市,True,2.2
2026-05-02 20:24:15,994,微笑生活藥局,新北市新店區建國路85號1樓,0289113397,121.5404141,24.9765659,新店區,新北市,True,2.2
2026-05-02 20:24:15,995,廣誠藥師藥局,新北市汐止區建成路22號1樓,0286916091,121.6647564,25.07267843,汐止區,新北市,True,2.74
2026-05-02 20:24:15,996,永康中西綜合藥局,新北市汐止區龍安路175號1樓,0286915580,121.6536305,25.06303534,汐止區,新北市,True,2.74
2026-05-02 20:24:15,997,忠孝藥局,新北市汐止區忠孝東路321號1樓,0286910788,121.6647692,25.06946892,汐止區,新北市,True,2.74
2026-05-02 20:24:15,998,保康藥局,新北市樹林區保安街1段364號,0286875503,121.4176328,24.99856383,樹林區,新北市,True,2.76
2026-05-02 20:24:15,999,泰平藥師藥局,新北市樹林區彭福里太平路143號,0286860038,121.4191052,24.98001363,樹林區,新北市,True,2.76
2026-05-02 20:24:15,1000,小蜜蜂中西健保藥局,新北市樹林區東榮街118號1樓,0286853677,121.4153573,24.98229631,樹林區,新北市,True,2.76
2026-05-02 20:24:15,1001,樹林健業藥局,新北市樹林區東華街89號1樓,0286851736,121.4158639,24.98047639,樹林區,新北市,True,2.76
2026-05-02 20:24:15,1002,啄木鳥藥局,新北市樹林區中華路391號1-2樓,0286851495,121.4114679,24.98037678,樹林區,新北市,True,2.76
2026-05-02 20:24:15,1003,萊爾康健保藥局,新北市鶯歌區永明街17號1樓,0286782232,121.3384687,24.95548137,鶯歌區,新北市,True,2.74
2026-05-02 20:24:15,1004,華昇藥局,新北市鶯歌區鶯桃路567號,0286777961,121.3298879,24.96834566,鶯歌區,新北市,True,2.74
2026-05-02 20:24:15,1005,一大藥局,新北市三峽區橫溪路23號,0286767777,121.3963507,24.93584307,三峽區,新北市,True,3.32
2026-05-02 20:24:15,1006,欣美大藥局,新北市三峽區大同路52號,0286712269,121.3769446,24.92861298,三峽區,新北市,True,3.32
2026-05-02 20:24:15,1007,德莘藥局,新北市新店區中正路413號1樓,0286655462,121.5341876,24.97775572,新店區,新北市,True,2.2
2026-05-02 20:24:15,1008,躍獅尚揚藥局,新北市汐止區忠孝東路399號1樓,0286483158,121.6657257,25.07095853,汐止區,新北市,True,2.74
2026-05-02 20:24:15,1009,文川藥局,新北市淡水區中山北路1段93號1樓,0286319033,121.4422792,25.17630986,淡水區,新北市,True,1.89
2026-05-02 20:24:15,1010,萊康健保藥局,新北市三重區溪尾街176號1樓,0282871076,121.4885112,25.08059733,三重區,新北市,True,3.72
2026-05-02 20:24:15,1011,北聯藥局,新北市蘆洲區民族路361號1樓,0282866873,121.471757,25.09161688,蘆洲區,新北市,True,3.27
2026-05-02 20:24:15,1012,龍成藥局,新北市蘆洲區民族路53號,0282857868,121.4785934,25.08553232,蘆洲區,新北市,True,3.27
2026-05-02 20:24:15,1013,威仕康藥局,新北市蘆洲區民權路122號1樓,0282853277,121.4734253,25.08867864,蘆洲區,新北市,True,3.27
2026-05-02 20:24:15,1014,幸安藥局,新北市蘆洲區中山二路53號1樓,0282835389,121.4737801,25.08221566,蘆洲區,新北市,True,3.27
2026-05-02 20:24:15,1015,好美麗健康藥局,新北市蘆洲區光明路6號1樓,0282826209,121.4605755,25.08642733,蘆洲區,新北市,True,3.27
2026-05-02 20:24:15,1016,康得健藥局,新北市蘆洲區長安街260號1樓,0282821862,121.4575022,25.08655692,蘆洲區,新北市,True,3.27
2026-05-02 20:24:15,1017,宏祐藥局,新北市蘆洲區復興路202號1樓,0282815252,121.4784573,25.08898797,蘆洲區,新北市,True,3.27
2026-05-02 20:24:15,1018,名安藥局,新北市板橋區龍興街57號1樓,0282751784,121.4431524,25.00114705,板橋區,新北市,True,3.38
2026-05-02 20:24:15,1019,楓康藥局,新北市板橋區新海路119號1樓,0282582246,121.4609823,25.02289913,板橋區,新北市,True,3.38
2026-05-02 20:24:15,1020,欣安藥局,新北市板橋區懷德街109號1樓,0282572535,121.4785444,25.03143816,板橋區,新北市,True,3.38
2026-05-02 20:24:15,1021,麥田健保藥局,新北市板橋區雙十路2段120號2樓,0282529223,121.4741886,25.02879164,板橋區,新北市,True,3.38
2026-05-02 20:24:15,1022,宥康婦幼健保藥局,新北市板橋區仁化街30號1樓,0282528162,121.4748111,25.03155206,板橋區,新北市,True,3.38
2026-05-02 20:24:15,1023,快樂藥局漢生店,新北市板橋區漢生東路19號,0282522637,121.4649427,25.01735137,板橋區,新北市,True,3.38
2026-05-02 20:24:15,1024,溫莎藥局,新北市中和區員山路292號,0282277275,121.4813752,25.00241329,中和區,新北市,True,3.22
2026-05-02 20:24:15,1025,西華藥局,新北市新莊區後港一路102號1樓,0282012697,121.4280259,25.02684741,新莊區,新北市,True,3.24
2026-05-02 20:24:15,1026,富祐藥局,新北市新莊區民安西路21號1樓,0282012451,121.4270476,25.02135888,新莊區,新北市,True,3.24
2026-05-02 20:24:15,1027,皇慶藥局,新北市板橋區南門街81、83號1、2、3樓及館前西路112巷7號1、2樓,0277297988,121.4578386,25.00947419,板橋區,新北市,True,3.38
2026-05-02 20:24:15,1028,懷恩藥局,新北市樹林區中正路614號,0226893417,121.4103269,25.01589565,樹林區,新北市,True,2.76
2026-05-02 20:24:15,1029,江藥局,新北市樹林區日新街102號1樓,0226828001,121.4213441,24.98997184,樹林區,新北市,True,2.76
2026-05-02 20:24:15,1030,永幸藥局,新北市板橋區金門街121巷2號,0226827012,121.4332158,24.99171324,板橋區,新北市,True,3.38
2026-05-02 20:24:15,1031,蔣示藥局,新北市樹林區太順街62巷3弄2號,0226819460,121.4174768,24.97970652,樹林區,新北市,True,2.76
2026-05-02 20:24:15,1032,戴安藥局,新北市板橋區溪北路54號,0226818663,121.4276114,24.98982374,板橋區,新北市,True,3.38
2026-05-02 20:24:15,1033,安立藥局,新北市三重區正義北路317號1樓,0266252626,121.4941779,25.0713095,三重區,新北市,True,3.72
2026-05-02 20:24:15,1034,辰陽藥局,新北市板橋區三民路2段110號-2(1樓),0266082888,121.4790684,25.01665599,板橋區,新北市,True,3.38
2026-05-02 20:24:15,1035,致維藥局,新北市汐止區忠孝東路258巷5號1樓,0226422993,121.6634673,25.06746042,汐止區,新北市,True,2.74
2026-05-02 20:24:15,1036,松和大藥局,新北市淡水區英專路92號,0226203369,121.4458627,25.17166694,淡水區,新北市,True,1.89
2026-05-02 20:24:15,1037,盛立藥局,新北市樹林區大雅路285號1樓,0235018218,121.3795371,24.9473531,樹林區,新北市,True,2.76
2026-05-02 20:24:15,1038,里安藥局,新北市中和區員山路271-1號2樓,0232347111,121.481168,24.99950958,中和區,新北市,True,3.22
2026-05-02 20:24:15,1039,北醫藥局,新北市新莊區思源路119號1樓,0229983670,121.4596033,25.04226901,新莊區,新北市,True,3.24
2026-05-02 20:24:15,1040,建嘉藥局,新北市新莊區中誠街42號1樓,0229935301,121.4513173,25.04812203,新莊區,新北市,True,3.24
2026-05-02 20:24:15,1041,天賜藥局,新北市三重區正義北路141號1樓,0229856852,121.4966942,25.06674059,三重區,新北市,True,3.72
2026-05-02 20:24:15,1042,健康藥局,新北市三重區安樂街58號1樓,0229841882,121.4952988,25.069425,三重區,新北市,True,3.72
2026-05-02 20:24:15,1043,穗元大藥局,新北市三重區力行路1段149號1樓、151號1樓,0229827688,121.4855448,25.06874449,三重區,新北市,True,3.72
2026-05-02 20:24:15,1044,樂活處方箋藥局,新北市三重區中正北路99號1樓,0229805182,121.4896807,25.06324576,三重區,新北市,True,3.72
2026-05-02 20:24:15,1045,陽光藥師藥局,新北市三重區三和路1段182號1樓,0229788120,121.5020384,25.06615449,三重區,新北市,True,3.72
2026-05-02 20:24:15,1046,飛龍大藥局,新北市三重區龍濱路163號1樓,0229773733,121.5025767,25.06967763,三重區,新北市,True,3.72
2026-05-02 20:24:15,1047,榮康藥局,新北市三重區成功路81號1樓,0229772723,121.4886452,25.05130572,三重區,新北市,True,3.72
2026-05-02 20:24:15,1048,德榮藥局,新北市三重區中華路91號１樓,0229717291,121.4836144,25.06301734,三重區,新北市,True,3.72
2026-05-02 20:24:15,1049,厚德藥局,新北市三重區大智街175號1樓、177號1樓,0229717277,121.4897726,25.07264619,三重區,新北市,True,3.72
2026-05-02 20:24:15,1050,大樹三重藥局,新北市三重區正義北路66號,0229713188,121.4971824,25.06415198,三重區,新北市,True,3.72
2026-05-02 20:24:15,1051,博愛藥局,新北市三重區三民街220號1樓,0229711606,121.4802522,25.06711714,三重區,新北市,True,3.72
2026-05-02 20:24:15,1052,建祥三和藥局,新北市三重區三和路2段160號1樓,0229703379,121.4992359,25.06852577,三重區,新北市,True,3.72
2026-05-02 20:24:15,1053,安佑藥局,新北市板橋區館前西路152-2號,0229698651,121.4554241,25.00848814,板橋區,新北市,True,3.38
2026-05-02 20:24:15,1054,僑一藥局,新北市板橋區僑中一街106號1樓,0229696850,121.4465305,25.01181711,板橋區,新北市,True,3.38
2026-05-02 20:24:15,1055,醫安藥局,新北市板橋區南雅南路1段11號1樓及2樓,0229692588,121.4565163,25.00705795,板橋區,新北市,True,3.38
2026-05-02 20:24:15,1056,僑中藥師藥局,新北市板橋區僑中1街102巷5弄15號1樓,0229692547,121.4460712,25.01265179,板橋區,新北市,True,3.38
2026-05-02 20:24:15,1057,福澤藥局,新北市板橋區南雅南路1段85號1樓,0229690013,121.4556424,25.00542693,板橋區,新北市,True,3.38
2026-05-02 20:24:15,1058,永欣藥師藥局,新北市板橋區龍興街46號1樓,0229687120,121.4432565,25.00093653,板橋區,新北市,True,3.38
2026-05-02 20:24:15,1059,合佳藥局,新北市板橋區龍興街47號1樓,0229683486,121.4430515,25.00079382,板橋區,新北市,True,3.38
2026-05-02 20:24:15,1060,元賀大藥局,新北市板橋區館前西路132號1樓,0229680980,121.4565024,25.00790479,板橋區,新北市,True,3.38
2026-05-02 20:24:15,1061,永富藥局,新北市板橋區中興路9號,0229675598,121.4557783,25.00772786,板橋區,新北市,True,3.38
2026-05-02 20:24:15,1062,日生大藥局,新北市板橋區中正路1巷16弄16號,0229675261,121.4550599,25.01209404,板橋區,新北市,True,3.38
2026-05-02 20:24:15,1063,常仁藥局,新北市板橋區中正路1巷4號,0229674999,121.4555771,25.01197212,板橋區,新北市,True,3.38
2026-05-02 20:24:15,1064,禾田藥局,新北市板橋區大觀路2段265巷12號1樓,0229659899,121.4428091,24.99857995,板橋區,新北市,True,3.38
2026-05-02 20:24:15,1065,杏澤藥局,新北市板橋區國光路55號,0229657959,121.4584144,25.01799135,板橋區,新北市,True,3.38
2026-05-02 20:24:15,1066,府中藥局,新北市板橋區府中路110號,0229656731,121.4557195,25.00964213,板橋區,新北市,True,3.38
2026-05-02 20:24:15,1067,微笑藥局,新北市板橋區中正路211號,0229655811,121.4561296,25.01750268,板橋區,新北市,True,3.38
2026-05-02 20:24:15,1068,迦佰麗藥局,新北市板橋區南雅南路2段11-24號1樓,0229648498,121.4541316,25.00210365,板橋區,新北市,True,3.38
2026-05-02 20:24:15,1069,品品藥局,新北市板橋區中山路2段402號1樓,0229647917,121.4827501,25.02073435,板橋區,新北市,True,3.38
2026-05-02 20:24:15,1070,活泉藥局,新北市板橋區四川路1段156號1樓、2樓,0229647761,121.4599,25.00335598,板橋區,新北市,True,3.38
2026-05-02 20:24:15,1071,晴光藥局,新北市板橋區中山路2段225號2樓,0229646662,121.4769004,25.01738387,板橋區,新北市,True,3.38
2026-05-02 20:24:15,1072,弘安藥局,新北市中和區德光路121-1號1樓,0229646489,121.4678991,25.00300152,中和區,新北市,True,3.22
2026-05-02 20:24:15,1073,躍獅康銓藥局,新北市中和區莒光路146號1樓,0229646452,121.4724755,25.00088253,中和區,新北市,True,3.22
2026-05-02 20:24:15,1074,利安中西藥局,新北市板橋區板新路143號,0229644745,121.4701718,25.01544121,板橋區,新北市,True,3.38
2026-05-02 20:24:15,1075,國慶藥局,新北市板橋區國慶路268號1樓,0229641680,121.4634331,24.99846407,板橋區,新北市,True,3.38
2026-05-02 20:24:15,1076,躍獅國慶藥局,新北市板橋區國慶路179號1樓,0229641548,121.4625931,24.99636336,板橋區,新北市,True,3.38
2026-05-02 20:24:15,1077,向康藥局,新北市板橋區實踐路147號1樓,0229637248,121.464299,25.00436936,板橋區,新北市,True,3.38
2026-05-02 20:24:15,1078,王林藥局,新北市板橋區忠孝路24巷15號1樓,0229636775,121.4601894,25.00134741,板橋區,新北市,True,3.38
2026-05-02 20:24:15,1079,喬治藥局,新北市板橋區國慶路155號1樓,0229630787,121.4615835,24.99616903,板橋區,新北市,True,3.38
2026-05-02 20:24:15,1080,賜安藥局,新北市板橋區信義路60號1樓,0229617483,121.4570824,24.99372908,板橋區,新北市,True,3.38
2026-05-02 20:24:15,1081,大福藥局,新北市板橋區三民路1段31巷15號,0229610311,121.4799772,25.02326309,板橋區,新北市,True,3.38
2026-05-02 20:24:15,1082,宜康藥局,新北市板橋區龍興街33號1樓,0229603940,121.4428952,25.00033326,板橋區,新北市,True,3.38
2026-05-02 20:24:15,1083,漢民藥局,新北市板橋區漢生東路346號1樓,0229598168,121.4719766,25.00733894,板橋區,新北市,True,3.38
2026-05-02 20:24:15,1084,軒源藥局,新北市板橋區信義路169號1樓,0229583995,121.4589296,24.99215944,板橋區,新北市,True,3.38
2026-05-02 20:24:15,1085,立安中西藥局,新北市板橋區後埔街83號1樓,0229582241,121.4607228,25.00523024,板橋區,新北市,True,3.38
2026-05-02 20:24:15,1086,湯明藥局,新北市板橋區中山路2段319號1樓,0229571980,121.4790076,25.01866145,板橋區,新北市,True,3.38
2026-05-02 20:24:15,1087,大楓藥師藥局,新北市板橋區懷仁街84號1樓,0229560576,121.4773558,25.0181921,板橋區,新北市,True,3.38
2026-05-02 20:24:15,1088,板橋大樹藥局,新北市板橋區忠孝路28號1樓,0229555551,121.4602553,25.00177939,板橋區,新北市,True,3.38
2026-05-02 20:24:15,1089,福安藥局,新北市板橋區國泰街76巷24、26號1樓,0229540875,121.4671999,25.00705131,板橋區,新北市,True,3.38
2026-05-02 20:24:15,1090,信安藥師藥局,新北市板橋區重慶路308-1號1樓,0229540315,121.4638578,24.99809164,板橋區,新北市,True,3.38
2026-05-02 20:24:15,1091,德一藥局,新北市板橋區中山路2段238號1樓,0229535717,121.4784788,25.018072,板橋區,新北市,True,3.38
2026-05-02 20:24:15,1092,正安健保藥局,新北市板橋區民族路224號1樓,0229526813,121.4686755,25.00733047,板橋區,新北市,True,3.38
2026-05-02 20:24:15,1093,信美藥局,新北市板橋區新民街7巷18號1樓,0229526100,121.463795,25.01049513,板橋區,新北市,True,3.38
2026-05-02 20:24:15,1094,樺新健保藥局,新北市板橋區華興街52號1樓,0229525130,121.4580231,25.00481212,板橋區,新北市,True,3.38
2026-05-02 20:24:15,1095,錦龍藥局,新北市板橋區長安街138巷1弄114號,0229522290,121.4742625,25.01030293,板橋區,新北市,True,3.38
2026-05-02 20:24:15,1096,廣和藥師藥局,新北市板橋區中山路2段150號1樓、2樓、3樓,0229522070,121.4767064,25.01697349,板橋區,新北市,True,3.38
2026-05-02 20:24:15,1097,民川藥局,新北市板橋區四川路1段97號1樓,0229520090,121.4597942,25.00544409,板橋區,新北市,True,3.38
2026-05-02 20:24:15,1098,康匯藥局,新北市板橋區實踐路201號1樓,0229512610,121.4645586,25.00299265,板橋區,新北市,True,3.38
2026-05-02 20:24:15,1099,順儷新板藥局,新北市板橋區漢生東路187號1樓,0229512590,121.4697898,25.01181062,板橋區,新北市,True,3.38
2026-05-02 20:24:15,1100,美佳大藥局,新北市中和區景安路185號,0229496560,121.5049582,24.99307826,中和區,新北市,True,3.22
2026-05-02 20:24:15,1101,敦品民治藥局,新北市永和區民治街81號1樓,0229494150,121.5175409,24.99805221,永和區,新北市,True,3.13
2026-05-02 20:24:15,1102,躍獅天晴藥局,新北市中和區和平街9號1樓,0229491931,121.5095149,24.99024764,中和區,新北市,True,3.22
2026-05-02 20:24:15,1103,聖康藥師藥局,新北市中和區自立路39號1樓,0229478002,121.5222143,24.99526898,中和區,新北市,True,3.22
2026-05-02 20:24:15,1104,永正健康人生藥局,新北市永和區中正路191號1樓、193號1樓、197號2樓、197號2樓-1,0229467351,121.5169398,24.99916086,永和區,新北市,True,3.13
2026-05-02 20:24:15,1105,悠悅藥局,新北市中和區安樂路25號2樓,0229463755,121.5116187,24.99231263,中和區,新北市,True,3.22
2026-05-02 20:24:15,1106,吉立藥局,新北市中和區自立路183號1樓,0229400461,121.5235611,24.99186468,中和區,新北市,True,3.22
2026-05-02 20:24:15,1107,級立健保藥局,新北市永和區保平路139號1樓,0229299995,121.5102222,25.00608038,永和區,新北市,True,3.13
2026-05-02 20:24:15,1108,永利藥局,新北市永和區永利路9、11號1樓,0229291655,121.5176213,25.00610389,永和區,新北市,True,3.13
2026-05-02 20:24:15,1109,和欣泰藥局,新北市中和區永貞路223號1樓,0229290867,121.5135571,25.00359367,中和區,新北市,True,3.22
2026-05-02 20:24:15,1110,廣惠藥局,新北市永和區中正路649號2樓,0229290675,121.5151592,25.01006966,永和區,新北市,True,3.13
2026-05-02 20:24:15,1111,富士山藥局,新北市永和區秀朗路2段118號1樓,0229289383,121.5244137,25.00152056,永和區,新北市,True,3.13
2026-05-02 20:24:15,1112,康宏安藥局,新北市永和區保福路2段78號1樓,0229288118,121.5105681,25.01331039,永和區,新北市,True,3.13
2026-05-02 20:24:15,1113,弘光藥局,新北市永和區竹林路中興里66巷19號1樓,0229282000,121.5176528,25.01306362,永和區,新北市,True,3.13
2026-05-02 20:24:15,1114,皇誼藥局,新北市永和區文化路33號,0229278732,121.514725,25.01499417,永和區,新北市,True,3.13
2026-05-02 20:24:15,1115,保安藥局,新北市永和區保安路212號1樓,0229277623,121.5075428,25.01392887,永和區,新北市,True,3.13
2026-05-02 20:24:15,1116,威成藥局,新北市永和區中和路429號1樓,0229263191,121.5093928,25.0009271,永和區,新北市,True,3.13
2026-05-02 20:24:15,1117,偉凱藥局,新北市永和區永元路6號1樓,0229242595,121.5220239,25.00006687,永和區,新北市,True,3.13
2026-05-02 20:24:15,1118,太乙大藥局,新北市中和區中和路418號1樓,0229242169,121.5116784,25.00313674,中和區,新北市,True,3.22
2026-05-02 20:24:15,1119,永和大樹藥局,新北市永和區福和路143號1、2樓,0229233377,121.5207363,25.00765615,永和區,新北市,True,3.13
2026-05-02 20:24:15,1120,九州藥局,新北市永和區自由街5號1樓,0229226879,121.5150044,25.00699234,永和區,新北市,True,3.13
2026-05-02 20:24:15,1121,榮總藥局,新北市永和區信義路15號1樓,0229216596,121.5143525,25.01200367,永和區,新北市,True,3.13
2026-05-02 20:24:15,1122,緣來藥師藥局,新北市永和區福和路250、252號1樓,0229211798,121.5184708,25.00763227,永和區,新北市,True,3.13
2026-05-02 20:24:15,1123,詠悅藥局,新北市永和區中山路1段174號1樓,0229205760,121.5091485,25.00908,永和區,新北市,True,3.13
2026-05-02 20:24:15,1124,康宜庭碧潭藥局,新北市新店區北宜路1段41號1樓,0229186266,121.5383702,24.95726366,新店區,新北市,True,2.2
2026-05-02 20:24:15,1125,常安藥局,新北市五股區工商路71號,0222917912,121.4384172,25.08483107,五股區,新北市,True,3.15
2026-05-02 20:24:15,1126,大河藥局,新北市新店區三民路140號1樓,0229140910,121.5351308,24.97501906,新店區,新北市,True,2.2
2026-05-02 20:24:15,1127,東碩藥局,新北市新店區建國路168號1樓,0229118281,121.5384084,24.97965429,新店區,新北市,True,2.2
2026-05-02 20:24:15,1128,新店家安藥局,新北市新店區三民路32-1號2樓,0229117207,121.5367568,24.97127101,新店區,新北市,True,2.2
2026-05-02 20:24:15,1129,瑞安健保藥局,新北市新店區中正路142號1樓,0229105252,121.5418843,24.97155916,新店區,新北市,True,2.2
2026-05-02 20:24:15,1130,徐匯藥局,新北市三重區仁愛街755號1樓,0228572234,121.4812299,25.08034446,三重區,新北市,True,3.72
2026-05-02 20:24:15,1131,康泉藥師藥局,新北市蘆洲區集賢路224巷2號1樓,0228476990,121.4823236,25.08677656,蘆洲區,新北市,True,3.27
2026-05-02 20:24:15,1132,躍獅竹圍藥局,新北市淡水區民生路46號,0228090565,121.4617344,25.13780748,淡水區,新北市,True,1.89
2026-05-02 20:24:15,1133,淡海藥師藥局,新北市淡水區淡海路85號,0228052668,121.4229641,25.18144297,淡水區,新北市,True,1.89
2026-05-02 20:24:15,1134,民侑藥局,新北市板橋區大觀路2段37巷310號,0222755938,121.4499849,25.002214,板橋區,新北市,True,3.38
2026-05-02 20:24:15,1135,好醫生活藥局,新北市汐止區明峰街179-1號1樓,0226958811,121.6286297,25.07012338,汐止區,新北市,True,2.74
2026-05-02 20:24:15,1136,快樂藥局汐止店,新北市汐止區福德二路215號1樓,0226931390,121.6279351,25.06455665,汐止區,新北市,True,2.74
2026-05-02 20:24:15,1137,汐興藥局,新北市汐止區中興路113號1樓,0226927733,121.6320299,25.06494383,汐止區,新北市,True,2.74
2026-05-02 20:24:15,1138,長頸鹿藥局,新北市汐止區新台五路1段178號1樓,0226917810,121.6547913,25.06255603,汐止區,新北市,True,2.74
2026-05-02 20:24:15,1139,青山藥局,新北市汐止區莊敬街127號1樓,0226907959,121.654778,25.06082997,汐止區,新北市,True,2.74
2026-05-02 20:24:15,1140,蒲公英藥局,新北市汐止區連興街126號1樓,0226907770,121.6537977,25.06187892,汐止區,新北市,True,2.74
2026-05-02 20:24:15,1141,保安健保藥局,新北市樹林區保安街2段211號1樓,0226898179,121.4132932,25.00399233,樹林區,新北市,True,2.76
2026-05-02 20:24:15,1142,生光堂藥局,新北市樹林區龍興街36號1樓,0226896504,121.4029546,25.01576827,樹林區,新北市,True,2.76
2026-05-02 20:24:15,1143,仁一藥局,新北市樹林區中正路622號,0226893915,121.4102512,25.01599861,樹林區,新北市,True,2.76
2026-05-02 20:24:15,1144,澤安藥師藥局,新北市樹林區保安二街26號1樓,0226872764,121.4247447,24.99464854,樹林區,新北市,True,2.76
2026-05-02 20:24:15,1145,溪崑藥局,新北市板橋區溪崑二街97號2樓,0226872464,121.4269893,24.9891552,板橋區,新北市,True,3.38
2026-05-02 20:24:15,1146,誠新大藥局,新北市樹林區中山路1段24號1樓,0226870204,121.4248652,24.99297908,樹林區,新北市,True,2.76
2026-05-02 20:24:15,1147,振昌藥局,新北市板橋區溪崑二街14號1樓,0226862119,121.4288211,24.99175368,板橋區,新北市,True,3.38
2026-05-02 20:24:15,1148,旭全藥局,新北市板橋區金門街331號,0226860526,121.4294313,24.98581712,板橋區,新北市,True,3.38
2026-05-02 20:24:15,1149,祥聖藥局,新北市板橋區溪崑2街112巷35弄1號,0226835677,121.42532,24.98921253,板橋區,新北市,True,3.38
2026-05-02 20:24:15,1150,瑪諾藥局,新北市樹林區復興路20號,0226830108,121.4225462,24.99462555,樹林區,新北市,True,2.76
2026-05-02 20:24:15,1151,樹林藥師藥局,新北市樹林區鎮前街24號1樓,0226823030,121.426047,24.99314897,樹林區,新北市,True,2.76
2026-05-02 20:24:15,1152,信和藥局,新北市樹林區博愛街178號2樓,0226821991,121.425701,24.99061188,樹林區,新北市,True,2.76
2026-05-02 20:24:15,1153,樹新藥局,新北市樹林區樹新路30-3號1樓,0226821080,121.4271037,24.99446536,樹林區,新北市,True,2.76
2026-05-02 20:24:15,1154,活水藥局,新北市樹林區鎮前街21號1樓,0226818928,121.425872,24.99254985,樹林區,新北市,True,2.76
2026-05-02 20:24:15,1155,又怡藥師藥局,新北市樹林區中山路1段76巷2號1樓,0226816886,121.4231765,24.99178058,樹林區,新北市,True,2.76
2026-05-02 20:24:15,1156,合康藥局,新北市樹林區中山路1段151號-1,0226816559,121.4221177,24.9890791,樹林區,新北市,True,2.76
2026-05-02 20:24:15,1157,樹林大樹藥局,新北市樹林區育英街54號1-2樓,0226815488,121.4213035,24.98928267,樹林區,新北市,True,2.76
2026-05-02 20:24:15,1158,健康人生藥局,新北市樹林區博愛一街26號1樓,0226814394,121.4255552,24.99091324,樹林區,新北市,True,2.76
2026-05-02 20:24:15,1159,育生藥局,新北市樹林區保安街1段192號1樓,0226814385,121.42163,24.99585445,樹林區,新北市,True,2.76
2026-05-02 20:24:15,1160,三樹食在好藥局,新北市樹林區學成路600號1樓,0226807101,121.3818152,24.94583895,樹林區,新北市,True,2.76
2026-05-02 20:24:15,1161,祐心藥局,新北市樹林區學府路362號1樓,0226803205,121.3796821,24.95028053,樹林區,新北市,True,2.76
2026-05-02 20:24:15,1162,純安大藥局,新北市鶯歌區國慶街179號1樓,0226791791,121.3514394,24.95270375,鶯歌區,新北市,True,2.74
2026-05-02 20:24:15,1163,小樹藥師藥局,新北市鶯歌區光明街126號1樓,0226785107,121.3454507,24.95591641,鶯歌區,新北市,True,2.74
2026-05-02 20:24:15,1164,祐康藥局,新北市鶯歌區建國路36號,0226771223,121.3559865,24.95595728,鶯歌區,新北市,True,2.74
2026-05-02 20:24:15,1165,立欣藥局,新北市樹林區三福街166號,0226764728,121.404718,25.01618939,樹林區,新北市,True,2.76
2026-05-02 20:24:15,1166,浮洲藥局,新北市板橋區大觀路3段219巷8號1樓,0226758610,121.4315855,24.99268087,板橋區,新北市,True,3.38
2026-05-02 20:24:15,1167,家碩藥局,新北市板橋區金門街300號,0226755715,121.4288912,24.98538748,板橋區,新北市,True,3.38
2026-05-02 20:24:15,1168,大家好藥粧藥局,新北市三峽區大德路127號1樓,0226747022,121.3758705,24.94452425,三峽區,新北市,True,3.32
2026-05-02 20:24:15,1169,誠祐藥局,新北市三峽區光明路22號1樓,0226746211,121.3733799,24.93084025,三峽區,新北市,True,3.32
2026-05-02 20:24:15,1170,北大藥局,新北市三峽區大義路9號1、2樓,0226738535,121.3787919,24.9437239,三峽區,新北市,True,3.32
2026-05-02 20:24:15,1171,祥祐藥局,新北市三峽區文化路125號1樓,0226738080,121.3699252,24.93598448,三峽區,新北市,True,3.32
2026-05-02 20:24:15,1172,如音藥局,新北市三峽區文化路266-1號1樓,0226732119,121.3661271,24.93585663,三峽區,新北市,True,3.32
2026-05-02 20:24:15,1173,兆康藥局,新北市三峽區中華路22號1樓,0226717977,121.3741805,24.93265275,三峽區,新北市,True,3.32
2026-05-02 20:24:15,1174,汐止立欣藥局,新北市汐止區汐萬路2段249號1樓,0226464546,121.6464075,25.08835263,汐止區,新北市,True,2.74
2026-05-02 20:24:15,1175,翔云大藥局,新北市汐止區祥雲街2號-1(1樓),0226463119,121.6457956,25.08955576,汐止區,新北市,True,2.74
2026-05-02 20:24:15,1176,杏恩健保藥局,新北市汐止區仁愛路189號,0226435728,121.6643791,25.06553393,汐止區,新北市,True,2.74
2026-05-02 20:24:15,1177,杏光藥局,新北市汐止區建成路59巷19號1樓,0226411340,121.6616657,25.07287237,汐止區,新北市,True,2.74
2026-05-02 20:24:15,1178,富康輝藥局,新北市三芝區中正路1段86.88號1樓,0226363836,121.5043269,25.2572061,三芝區,新北市,True,2.6
2026-05-02 20:24:15,1179,四季寶健保藥局,新北市淡水區新市一路3段117-1號(含夾層),0226283199,121.446784,25.18314328,淡水區,新北市,True,1.89
2026-05-02 20:24:15,1180,池慶藥局,新北市淡水區中山北路2段176號1樓,0226238852,121.4444943,25.18470831,淡水區,新北市,True,1.89
2026-05-02 20:24:15,1181,聖天藥局,新北市淡水區重建街218號,0226215677,121.4413063,25.17480242,淡水區,新北市,True,1.89
2026-05-02 20:24:15,1182,杏家藥局,新北市八里區中華路2段256號1樓,0226105369,121.4053205,25.14971251,八里區,新北市,True,2.0
2026-05-02 20:24:15,1183,信豐藥局,新北市土城區農豐街12號,0222609764,121.442456,24.97386808,土城區,新北市,True,3.81
2026-05-02 20:24:15,1184,林口啄木鳥藥局,新北市林口區仁愛路2段80號,0226027547,121.3840786,25.07551519,林口區,新北市,True,2.15
2026-05-02 20:24:15,1185,康旭藥局,新北市林口區麗園一街6巷9號1樓-3,0226007807,121.3751693,25.07135589,林口區,新北市,True,2.15
2026-05-02 20:24:15,1186,宏達大藥局,新北市板橋區莒光路17號,0222528993,121.4699769,25.02478014,板橋區,新北市,True,3.38
2026-05-02 20:24:15,1187,安泰藥局,新北市汐止區連興街114號1樓,0225158069,121.6536883,25.06284106,汐止區,新北市,True,2.74
2026-05-02 20:24:15,1188,瑞中藥局,新北市瑞芳區明燈路3段5-1號1樓,0224977879,121.8088461,25.10742736,瑞芳區,新北市,True,5.02
2026-05-02 20:24:15,1189,宏和藥局,新北市瑞芳區三爪子坑路123號,0224973126,121.8104333,25.10695742,瑞芳區,新北市,True,5.02
2026-05-02 20:24:15,1190,瑞光藥局,新北市瑞芳區明燈路3段70號1樓,0224972070,121.8065653,25.10813543,瑞芳區,新北市,True,5.02
2026-05-02 20:24:15,1191,永展藥局,新北市瑞芳區民權街6巷1-1號1樓,0224960500,121.8077255,25.1065781,瑞芳區,新北市,True,5.02
2026-05-02 20:24:15,1192,慈光藥局,新北市中和區南山路117號,0222493382,121.5021114,24.99736473,中和區,新北市,True,3.22
2026-05-02 20:24:15,1193,宜生藥局,新北市中和區莊敬路33巷3弄2號,0222490159,121.4999545,25.00623289,中和區,新北市,True,3.22
2026-05-02 20:24:15,1194,上仁藥局,新北市中和區中山路2段131巷11-1號,0222480074,121.5028619,25.00239613,中和區,新北市,True,3.22
2026-05-02 20:24:15,1195,健星藥局,新北市中和區景平路754號,0222403437,121.4965087,25.00456509,中和區,新北市,True,3.22
2026-05-02 20:24:15,1196,苗園健保特約藥局,新北市泰山區全興路161號1樓,0222970736,121.4341617,25.05619429,泰山區,新北市,True,1.95
2026-05-02 20:24:15,1197,知達健保藥局,新北市蘆洲區長榮路502號1樓,0222897753,121.4596386,25.08972846,蘆洲區,新北市,True,3.27
2026-05-02 20:24:15,1198,中美永結藥局,新北市蘆洲區長安街185號1樓,0222887676,121.4605211,25.08169378,蘆洲區,新北市,True,3.27
2026-05-02 20:24:15,1199,微笑杏鄰藥局,新北市蘆洲區中正路15號1樓,0222887076,121.4713801,25.08189458,蘆洲區,新北市,True,3.27
2026-05-02 20:24:15,1200,信義萊康藥局,新北市蘆洲區信義路260號1樓,0222885256,121.4782835,25.08678498,蘆洲區,新北市,True,3.27
2026-05-02 20:24:15,1201,永恩健康藥局,新北市蘆洲區民族路414號1樓,0222880379,121.4743929,25.09164546,蘆洲區,新北市,True,3.27
2026-05-02 20:24:15,1202,忠民藥局,新北市三重區車路頭街162號1樓,0222868489,121.4838027,25.07641592,三重區,新北市,True,3.72
2026-05-02 20:24:15,1203,力行德榮藥局,新北市三重區力行路2段170號1樓,0222867170,121.4830339,25.07698813,三重區,新北市,True,3.72
2026-05-02 20:24:15,1204,慶明藥局,新北市蘆洲區中山二路46巷4號2樓,0222855740,121.4745332,25.08220422,蘆洲區,新北市,True,3.27
2026-05-02 20:24:15,1205,廷升藥局,新北市蘆洲區中正路122號1樓,0222827670,121.4694285,25.0848487,蘆洲區,新北市,True,3.27
2026-05-02 20:24:15,1206,愛佳健保藥局,新北市蘆洲區長榮路96號1樓,0222825835,121.4621868,25.08389394,蘆洲區,新北市,True,3.27
2026-05-02 20:24:15,1207,隆生藥局,新北市蘆洲區民族路52號1樓,0222814653,121.477004,25.08447429,蘆洲區,新北市,True,3.27
2026-05-02 20:24:15,1208,全家藥粧藥局,新北市蘆洲區光華路6號1樓,0222811215,121.4698305,25.08362243,蘆洲區,新北市,True,3.27
2026-05-02 20:24:15,1209,慈惠藥局,新北市三重區仁愛街516號1樓及2樓,0222809009,121.4870841,25.08201135,三重區,新北市,True,3.72
2026-05-02 20:24:15,1210,聯合藥局,新北市新莊區新泰路194號2樓,0222796464,121.4472472,25.0382868,新莊區,新北市,True,3.24
2026-05-02 20:24:15,1211,正康健保藥局,新北市板橋區大觀路2段65號1樓,0222756681,121.4466733,25.00246533,板橋區,新北市,True,3.38
2026-05-02 20:24:15,1212,活力藥局,新北市土城區學府路1段158號1樓,0222748877,121.454328,24.98685674,土城區,新北市,True,3.81
2026-05-02 20:24:15,1213,舒民藥局,新北市土城區明德路1段35號2樓,0222748654,121.4652831,24.98538286,土城區,新北市,True,3.81
2026-05-02 20:24:15,1214,大康藥局,新北市土城區學府路1段72號2樓,0222738004,121.456644,24.9882924,土城區,新北市,True,3.81
2026-05-02 20:24:15,1215,景好藥師藥局,新北市板橋區國光路182號1樓,0222724728,121.4608694,25.01832654,板橋區,新北市,True,3.38
2026-05-02 20:24:15,1216,民亨藥局,新北市土城區學成路172號,0222701485,121.4479175,24.98898405,土城區,新北市,True,3.81
2026-05-02 20:24:15,1217,貓頭鷹藥妝藥局,新北市土城區中央路3段88號、90號1樓,0222695659,121.4360876,24.96702138,土城區,新北市,True,3.81
2026-05-02 20:24:15,1218,家庭藥師連鎖藥局,新北市土城區裕生路23號1樓,0222663601,121.4482332,24.98725915,土城區,新北市,True,3.81
2026-05-02 20:24:15,1219,德隆藥局,新北市土城區裕民路153號1樓,0222656056,121.4522298,24.98595271,土城區,新北市,True,3.81
2026-05-02 20:24:15,1220,育佳藥局,新北市土城區金城路2段242巷7號1樓,0222645692,121.457412,24.98302629,土城區,新北市,True,3.81
2026-05-02 20:24:15,1221,廣昇健保藥師藥局,新北市土城區明德路1段53號,0222638300,121.4652874,24.98476351,土城區,新北市,True,3.81
2026-05-02 20:24:15,1222,健群藥局,新北市土城區裕民路80號2樓,0222634747,121.4498882,24.98721325,土城區,新北市,True,3.81
2026-05-02 20:24:15,1223,埔銓藥局,新北市土城區裕民路164號1樓,0222630230,121.4522218,24.98568584,土城區,新北市,True,3.81
2026-05-02 20:24:15,1224,吉城大藥局,新北市土城區學府路1段205號1樓,0222626870,121.4517602,24.98458921,土城區,新北市,True,3.81
2026-05-02 20:24:15,1225,美康藥妝藥局,新北市土城區延吉街254號1樓,0222616868,121.4663514,24.98464653,土城區,新北市,True,3.81
2026-05-02 20:24:15,1226,國安健保藥局,新北市土城區延和路109號1樓,0222614933,121.4677721,24.99032786,土城區,新北市,True,3.81
2026-05-02 20:24:15,1227,正吉藥局,新北市板橋區莊敬路241號1樓,0222595183,121.4730155,25.0215381,板橋區,新北市,True,3.38
2026-05-02 20:24:15,1228,新進發大藥局,新北市板橋區大同街24號1樓,0222593926,121.4777947,25.02707318,板橋區,新北市,True,3.38
2026-05-02 20:24:15,1229,廣信健保藥局,新北市板橋區四維路304號1樓,0222592918,121.4626688,25.02965368,板橋區,新北市,True,3.38
2026-05-02 20:24:15,1230,正陽藥局,新北市板橋區雙十路2段116號1樓,0222592667,121.4742539,25.02874127,板橋區,新北市,True,3.38
2026-05-02 20:24:15,1231,濟安堂藥局,新北市板橋區民治街117號1樓,0222587973,121.4783574,25.03105469,板橋區,新北市,True,3.38
2026-05-02 20:24:15,1232,上嘉藥局,新北市板橋區四維路296號1樓,0222582278,121.4628224,25.02935939,板橋區,新北市,True,3.38
2026-05-02 20:24:15,1233,廣安健保藥師藥局,新北市板橋區四維路355號1樓,0222580963,121.4621917,25.03008823,板橋區,新北市,True,3.38
2026-05-02 20:24:15,1234,京躍藥局,新北市板橋區新海路86號1樓,0222580669,121.4617394,25.02205203,板橋區,新北市,True,3.38
2026-05-02 20:24:15,1235,莊敬健康人生藥局,新北市板橋區莊敬路87號1樓,0222570028,121.4728298,25.02645089,板橋區,新北市,True,3.38
2026-05-02 20:24:15,1236,躍獅莒光藥局,新北市板橋區莒光路58號1樓,0222556743,121.4709002,25.02420871,板橋區,新北市,True,3.38
2026-05-02 20:24:15,1237,廣欣藥師藥局,新北市板橋區雙十路3段52號1樓,0222540613,121.4709839,25.03142713,板橋區,新北市,True,3.38
2026-05-02 20:24:15,1238,詠濟藥局,新北市板橋區幸福路23號,0222536951,121.4618321,25.02022592,板橋區,新北市,True,3.38
2026-05-02 20:24:15,1239,廣明藥局,新北市板橋區莒光路93號1樓,0222536325,121.4723108,25.02408056,板橋區,新北市,True,3.38
2026-05-02 20:24:15,1240,裕苠藥局,新北市板橋區裕民街6號,0222535227,121.4623711,25.02921405,板橋區,新北市,True,3.38
2026-05-02 20:24:15,1241,金弘藥局,新北市板橋區莒光路29號1樓,0222531918,121.4702412,25.02464554,板橋區,新北市,True,3.38
2026-05-02 20:24:15,1242,幸福健保藥局,新北市板橋區四維路106號1樓,0222530009,121.4656732,25.0245729,板橋區,新北市,True,3.38
2026-05-02 20:24:15,1243,鶯歌宏達藥局,新北市鶯歌區國慶街138號1樓,0222528993,121.350806,24.95346713,鶯歌區,新北市,True,2.74
2026-05-02 20:24:15,1244,必生好藥局,新北市板橋區松柏街67號1樓,0222511057,121.47631,25.03065389,板橋區,新北市,True,3.38
2026-05-02 20:24:15,1245,嘉恩健保藥局,新北市板橋區陽明街40號2樓,0222509566,121.4658933,25.02197223,板橋區,新北市,True,3.38
2026-05-02 20:24:15,1246,佳聯藥局,新北市板橋區陽明街297號1樓,0222506255,121.4617341,25.02658121,板橋區,新北市,True,3.38
2026-05-02 20:24:15,1247,晴天藥局,新北市板橋區文化路1段116號2樓,0222506165,121.4617595,25.01495331,板橋區,新北市,True,3.38
2026-05-02 20:24:15,1248,力安藥局,新北市板橋區莒光路196巷8號1樓,0222503349,121.4737686,25.02254872,板橋區,新北市,True,3.38
2026-05-02 20:24:15,1249,新海藥局,新北市板橋區新海路122號1、2樓,0222500190,121.4611947,25.02291843,板橋區,新北市,True,3.38
2026-05-02 20:24:15,1250,一安藥妝藥局,新北市中和區中和路9號1、2樓,0222483778,121.4997629,25.00221499,中和區,新北市,True,3.22
2026-05-02 20:24:15,1251,威宏藥局,新北市中和區復興路262號,0222458558,121.5035319,24.99037876,中和區,新北市,True,3.22
2026-05-02 20:24:15,1252,冠品藥師藥局,新北市中和區連城路119號1樓,0222452129,121.4962847,24.9993023,中和區,新北市,True,3.22
2026-05-02 20:24:15,1253,九崧藥局,新北市中和區南華路20號1樓,0222451379,121.5029751,24.99576616,中和區,新北市,True,3.22
2026-05-02 20:24:15,1254,安和藥師藥局,新北市中和區錦和路410號1樓,0222433708,121.4909479,24.98959812,中和區,新北市,True,3.22
2026-05-02 20:24:15,1255,維康藥局雙和店,新北市中和區圓通路252號1樓,0222431962,121.4938367,24.99130428,中和區,新北市,True,3.22
2026-05-02 20:24:15,1256,澄品藥局,新北市永和區永利路96號1樓,0222329871,121.5209386,25.00358985,永和區,新北市,True,3.13
2026-05-02 20:24:15,1257,永奕藥局,新北市永和區永平路286-1號1樓,0222327709,121.5077274,25.01205599,永和區,新北市,True,3.13
2026-05-02 20:24:15,1258,欣安大藥局,新北市永和區福和路221號1樓,0222326685,121.5188933,25.00746728,永和區,新北市,True,3.13
2026-05-02 20:24:15,1259,悅美保健藥局,新北市永和區保生路22巷21號1樓,0222323515,121.5072924,25.00838885,永和區,新北市,True,3.13
2026-05-02 20:24:15,1260,星韻藥局,新北市永和區福和路88號,0222319592,121.522596,25.00808122,永和區,新北市,True,3.13
2026-05-02 20:24:15,1261,台化藥局,新北市永和區勵行街119號1樓,0222318686,121.5175178,25.01199985,永和區,新北市,True,3.13
2026-05-02 20:24:15,1262,鳳軒藥局,新北市永和區得和路239號1樓,0222315937,121.5203441,25.00016711,永和區,新北市,True,3.13
2026-05-02 20:24:15,1263,榮記大藥局,新北市中和區員山路482號1樓,0222239546,121.4798687,25.0068294,中和區,新北市,True,3.22
2026-05-02 20:24:15,1264,健暉藥局,新北市中和區連城路487號1樓,0222231437,121.4828903,24.99552372,中和區,新北市,True,3.22
2026-05-02 20:24:15,1265,耕莘健康人生藥局,新北市新店區民族路186號1樓,0222194743,121.53688,24.97621068,新店區,新北市,True,2.2
2026-05-02 20:24:15,1266,旭豐藥局,新北市中和區民享街４１號,0222215393,121.4740986,25.00297521,中和區,新北市,True,3.22
2026-05-02 20:24:15,1267,庭安藥局,新北市新莊區西盛街172號1樓,0222080528,121.4280942,25.01901177,新莊區,新北市,True,3.24
2026-05-02 20:24:15,1268,豐年藥局,新北市新莊區中正路377巷16號,0220711823,121.4462318,25.03395311,新莊區,新北市,True,3.24
2026-05-02 20:24:15,1269,蘋果藥局,新北市新莊區八德街105號,0222053933,121.4242476,25.02112204,新莊區,新北市,True,3.24
2026-05-02 20:24:15,1270,三大藥局,新北市新莊區民安路197號,0222030503,121.4262006,25.0225571,新莊區,新北市,True,3.24
2026-05-02 20:24:15,1271,錄新藥局,新北市新莊區後港一路76巷10弄1號,0222051849,121.4270373,25.02604048,新莊區,新北市,True,3.24
2026-05-02 20:24:15,1272,冠仁藥局,新北市新莊區四維路126巷6號,0222029415,121.4230282,25.02418251,新莊區,新北市,True,3.24
2026-05-02 20:24:15,1273,七安大藥局,新北市新莊區民安西路55號1、2樓及57號1樓,0222026066,121.4274861,25.02043907,新莊區,新北市,True,3.24
2026-05-02 20:24:15,1274,佑家藥局,新北市鶯歌區中正三路151號1樓,0216798282,121.3367226,24.94006767,鶯歌區,新北市,True,2.74
2026-05-02 20:24:15,1275,均安藥局,新北市新店區民權路89號1樓,0229127861,121.5377454,24.98276693,新店區,新北市,True,2.2
2026-05-02 20:24:15,1276,安欣藥局,新北市新店區北宜路2段26號1樓,0222175450,121.5481723,24.9514687,新店區,新北市,True,2.2
2026-05-02 20:24:15,1277,唯客優藥局,新北市新店區安康路2段216號1樓,0222126097,121.5098245,24.95943253,新店區,新北市,True,2.2
2026-05-02 20:24:15,1278,佑成藥局,新北市新店區民權路101號1樓,0286673537,121.537014,24.9828105,新店區,新北市,True,2.2
2026-05-02 20:24:15,1279,康曜藥師藥局,新北市新店區安康路2段240號1樓,0286669660,121.5092043,24.95915372,新店區,新北市,True,2.2
2026-05-02 20:24:15,1280,新康藥局,新北市新店區北新路1段281號1樓2樓、283號1樓2樓,0229178179,121.5410297,24.9669087,新店區,新北市,True,2.2
2026-05-02 20:24:15,1281,康宜庭市公所藥局,新北市新店區北新路1段285號1樓,0229151709,121.5410483,24.96696118,新店區,新北市,True,2.2
2026-05-02 20:24:15,1282,正升藥局,新北市新店區順安街61號1樓,0229139493,121.5407122,24.9863742,新店區,新北市,True,2.2
2026-05-02 20:24:15,1283,欣美藥局,新北市新店區寶橋路6巷2號1樓,0229137321,121.5433539,24.97336047,新店區,新北市,True,2.2
2026-05-02 20:24:15,1284,合康大藥局,新北市新店區中正路263-2號1樓,0229109888,121.5386892,24.97356656,新店區,新北市,True,2.2
2026-05-02 20:24:15,1285,杏運草藥局,新北市新店區北新路1段19號1樓,0224379209,121.5377778,24.9590227,新店區,新北市,True,2.2
2026-05-02 20:24:15,1286,仁心藥局,新北市新店區中正路402號1樓,0222186322,121.5345875,24.97753033,新店區,新北市,True,2.2
2026-05-02 20:24:15,1287,陽光健康藥局,新北市新店區安民街214號,0222123919,121.5174368,24.9722016,新店區,新北市,True,2.2
2026-05-02 20:24:15,1288,大和藥局,新北市三峽區民生街150號,0226711010,121.3721617,24.93491321,三峽區,新北市,True,3.32
2026-05-02 20:24:15,1289,協安大藥局,新北市樹林區鎮前街126號,0226810386,121.4247561,24.99086631,樹林區,新北市,True,2.76
2026-05-02 20:24:15,1290,華泰藥局,新北市新莊區昌明街80號1樓,0289928500,121.4550269,25.05236108,新莊區,新北市,True,3.24
2026-05-02 20:24:15,1291,晨星藥局,新北市三重區五華街123號1樓,0289856533,121.4914358,25.08405495,三重區,新北市,True,3.72
2026-05-02 20:24:15,1292,益成藥局,新北市三重區正義北路154號3樓-1,0289827261,121.4965058,25.06629865,三重區,新北市,True,3.72
2026-05-02 20:24:15,1293,吉康健保藥局,新北市三重區三民街279號1樓,0289810122,121.4791289,25.06821221,三重區,新北市,True,3.72
2026-05-02 20:24:15,1294,光興藥局,新北市三重區正義南路60-4號1樓,0289725780,121.498354,25.06060677,三重區,新北市,True,3.72
2026-05-02 20:24:15,1295,元力藥局,新北市三重區三和路2段37-1號1樓,0289723551,121.5008126,25.06739265,三重區,新北市,True,3.72
2026-05-02 20:24:15,1296,好意藥局,新北市中和區景新街467巷3號1樓,0289416598,121.5135955,24.98825194,中和區,新北市,True,3.22
2026-05-02 20:24:15,1297,德上藥局,新北市永和區中正路106號,0289411077,121.5144652,24.9959038,永和區,新北市,True,3.13
2026-05-02 20:24:15,1298,三民藥局,新北市新店區三民路78號1樓-1,0289146301,121.5348451,24.97257047,新店區,新北市,True,2.2
2026-05-02 20:24:15,1299,正新藥局,新北市新店區中正路57-1號1樓,0289145930,121.5443738,24.97014189,新店區,新北市,True,2.2
2026-05-02 20:24:15,1300,欣康藥局,新北市新店區中正路293號1樓,0289113189,121.5372276,24.97449077,新店區,新北市,True,2.2
2026-05-02 20:24:15,1301,蔚海藥局,新北市樹林區鎮前街17號1樓,0286754203,121.4259195,24.99263097,樹林區,新北市,True,2.76
2026-05-02 20:24:15,1302,昇育健康藥局,新北市新店區中央三街115號1樓,0286679631,121.5247496,24.97646783,新店區,新北市,True,2.2
2026-05-02 20:24:15,1303,康宜庭民權藥局,新北市新店區民權路48-2號1樓,0286655371,121.5397312,24.98306153,新店區,新北市,True,2.2
2026-05-02 20:24:15,1304,黎明藥師藥局,新北市三重區三和路4段227號1樓,0282870958,121.4813099,25.07985828,三重區,新北市,True,3.72
2026-05-02 20:24:15,1305,長榮專業藥局,新北市蘆洲區長榮路250號2樓,0282868163,121.4606501,25.08578968,蘆洲區,新北市,True,3.27
2026-05-02 20:24:15,1306,萊康連鎖藥局,新北市蘆洲區中正路126號1樓,0282867383,121.4693528,25.08493135,蘆洲區,新北市,True,3.27
2026-05-02 20:24:15,1307,芯聯藥局,新北市蘆洲區民族路210號,0282866873,121.4798181,25.08763027,蘆洲區,新北市,True,3.27
2026-05-02 20:24:15,1308,躍獅蘆洲藥局,新北市蘆洲區長安街329號1樓,0282824906,121.4572923,25.0865504,蘆洲區,新北市,True,3.27
2026-05-02 20:24:15,1309,三鐵藥局,新北市蘆洲區信義路226號1樓,0282822729,121.4789544,25.08540656,蘆洲區,新北市,True,3.27
2026-05-02 20:24:15,1310,華粲藥局,新北市蘆洲區民族路90號2樓,0282822026,121.4779315,25.08494489,蘆洲區,新北市,True,3.27
2026-05-02 20:24:15,1311,安而健藥局,新北市蘆洲區樓厝里中興街54號1樓,0282821862,121.4816703,25.08740449,蘆洲區,新北市,True,3.27
2026-05-02 20:24:15,1312,璨鴻藥局,新北市土城區延和路191號,0282622588,121.4692124,24.99035276,土城區,新北市,True,3.81
2026-05-02 20:24:15,1313,晨安藥局,新北市新店區北宜路2段261號1樓,0282171911,121.5544608,24.95362891,新店區,新北市,True,2.2
2026-05-02 20:24:15,1314,薇妮藥妝藥局,新北市新莊區民安路148號1樓,0282010817,121.4245601,25.02496442,新莊區,新北市,True,3.24
2026-05-02 20:24:15,1315,大樹幸福藥局,新北市新莊區幸福路672號1樓,0229981066,121.450919,25.04929657,新莊區,新北市,True,3.24
2026-05-02 20:24:15,1316,新莊至誠藥局,新北市新莊區中平路29號2樓,0229980345,121.4446729,25.04371331,新莊區,新北市,True,3.24
2026-05-02 20:24:15,1317,詠康聯合藥局,新北市新莊區中榮街66巷1號1樓,0229964436,121.4485653,25.05294523,新莊區,新北市,True,3.24
2026-05-02 20:24:15,1318,新新藥局,新北市新莊區新泰路62號2樓,0229945994,121.4492614,25.03484695,新莊區,新北市,True,3.24
2026-05-02 20:24:15,1319,真美滿藥局,新北市新莊區幸福路729號2樓,0229919473,121.4492061,25.04907267,新莊區,新北市,True,3.24
2026-05-02 20:24:15,1320,和昌藥局,新北市新莊區中安街15號1樓,0229900669,121.4530601,25.04584669,新莊區,新北市,True,3.24
2026-05-02 20:24:15,1321,建興藥局,新北市三重區三民街105號,0229888757,121.4852008,25.06355382,三重區,新北市,True,3.72
2026-05-02 20:24:15,1322,新迪化中西藥局,新北市三重區三陽路27號1樓,0229884755,121.4855176,25.05892548,三重區,新北市,True,3.72
2026-05-02 20:24:15,1323,五華春天生活藥局,新北市三重區五華街73號1、2樓,0229876838,121.4924841,25.0829117,三重區,新北市,True,3.72
2026-05-02 20:24:15,1324,宗安藥師藥局,新北市三重區頂崁街208號1樓,0229874243,121.4771996,25.06732441,三重區,新北市,True,3.72
2026-05-02 20:24:15,1325,宏原藥局,新北市三重區中正北路183號1樓,0229871515,121.4775839,25.06959207,三重區,新北市,True,3.72
2026-05-02 20:24:15,1326,康新藥局,新北市三重區正義北路185號2樓,0229866582,121.4963859,25.06782501,三重區,新北市,True,3.72
2026-05-02 20:24:15,1327,信承藥局,新北市三重區信義西街44號1樓,0229866476,121.4980425,25.06459265,三重區,新北市,True,3.72
2026-05-02 20:24:15,1328,利民藥局,新北市三重區自強路1段171號、173號1樓及2樓,0229852826,121.4930577,25.06743869,三重區,新北市,True,3.72
2026-05-02 20:24:15,1329,陳藥局,新北市三重區三民街77號,0229848601,121.4858251,25.06292714,三重區,新北市,True,3.72
2026-05-02 20:24:15,1330,佑全三重正義藥局,新北市三重區正義北路207號1、2樓、209號1、2樓,0229815341,121.496192,25.06845875,三重區,新北市,True,3.72
2026-05-02 20:24:15,1331,中華健保藥局,新北市三重區中華路95號,0229813155,121.483617,25.06310053,三重區,新北市,True,3.72
2026-05-02 20:24:15,1332,享生藥局,新北市三重區自強路1段207號1樓,0229807539,121.4915137,25.06847669,三重區,新北市,True,3.72
2026-05-02 20:24:15,1333,仁華藥局,新北市三重區五華街73-1號1樓,0229806161,121.4924841,25.0829117,三重區,新北市,True,3.72
2026-05-02 20:24:15,1334,吉盛健保藥局,新北市三重區頂崁街210巷46號1樓,0229801666,121.4752556,25.06803338,三重區,新北市,True,3.72
2026-05-02 20:24:15,1335,臻曜藥局,新北市三重區重新路1段129號1樓,0229786003,121.5001401,25.06316687,三重區,新北市,True,3.72
2026-05-02 20:24:15,1336,鴻泰健保藥局,新北市三重區重新路1段95號1樓,0229769055,121.5008545,25.0634339,三重區,新北市,True,3.72
2026-05-02 20:24:15,1337,祐銘藥局,新北市三重區龍門路22號1樓,0229769001,121.4953442,25.07199266,三重區,新北市,True,3.72
2026-05-02 20:24:15,1338,小林健保藥局,新北市三重區文化北路61-1號1樓,0229763895,121.498704,25.06617705,三重區,新北市,True,3.72
2026-05-02 20:24:15,1339,臻燿藥局,新北市三重區集美街150號1樓,0229724765,121.4897052,25.05310517,三重區,新北市,True,3.72
2026-05-02 20:24:15,1340,欣悅藥局,新北市三重區正義北路210號1樓,0229711733,121.4962037,25.06752697,三重區,新北市,True,3.72
2026-05-02 20:24:15,1341,宏安藥局,新北市永和區中山路1段204號,0229281261,121.5087329,25.00873745,永和區,新北市,True,3.13
2026-05-02 20:24:15,1342,寶輝藥局,新北市新店區光明街300號1樓,0229118767,121.540653,24.96479661,新店區,新北市,True,2.2
2026-05-02 20:24:15,1343,正安藥局,新北市新店區明德路50號1樓,0229115809,121.5417622,24.97853552,新店區,新北市,True,2.2
2026-05-02 20:24:15,1344,藥-道中西藥局,新北市新莊區龍安路24號1樓,0229083318,121.4146432,25.02228469,新莊區,新北市,True,3.24
2026-05-02 20:24:15,1345,輔大美康藥局,新北市新莊區中正路510號-1(1樓),0229013056,121.434105,25.03293676,新莊區,新北市,True,3.24
2026-05-02 20:24:15,1346,陽光幸福藥局,新北市蘆洲區重陽街88號1樓,0228486566,121.4820851,25.08453754,蘆洲區,新北市,True,3.27
2026-05-02 20:24:15,1347,健成藥局,新北市汐止區新興路20號1樓,0226428989,121.6564017,25.06456388,汐止區,新北市,True,2.74
2026-05-02 20:24:15,1348,蛋寶寶藥局,新北市林口區民有街158號1樓,0226097371,121.3725132,25.0759521,林口區,新北市,True,2.15
2026-05-02 20:24:15,1349,大心藥局,新北市林口區公園路19號1樓,0226089305,121.3666564,25.06762703,林口區,新北市,True,2.15
2026-05-02 20:24:15,1350,林康藥局,新北市林口區文化二路1段222號1樓,0226088869,121.3695255,25.07225435,林口區,新北市,True,2.15
2026-05-02 20:24:15,1351,欣穎藥局,新北市林口區文化二路1段535號1樓,0226069786,121.3739797,25.07648206,林口區,新北市,True,2.15
2026-05-02 20:24:15,1352,普生藥局,新北市林口區中山路188號1樓-1,0226024105,121.3891956,25.07910569,林口區,新北市,True,2.15
2026-05-02 20:24:15,1353,榮昌藥局,新北市林口區仁愛路1段410號,0226011312,121.3867303,25.07683312,林口區,新北市,True,2.15
2026-05-02 20:24:15,1354,家福健保藥局,新北市新莊區福壽街67號2樓,0222942300,121.4581853,25.04942801,新莊區,新北市,True,3.24
2026-05-02 20:24:15,1355,華安大藥局,新北市蘆洲區長安街48號1樓,0222881168,121.463304,25.07972479,蘆洲區,新北市,True,3.27
2026-05-02 20:24:15,1356,昌誠藥局,新北市三重區三和路4段161號1樓,0222876338,121.483581,25.07858277,三重區,新北市,True,3.72
2026-05-02 20:24:15,1357,陽明藥師藥局,新北市三重區三和路4段163巷15號,0222867848,121.4838982,25.07877881,三重區,新北市,True,3.72
2026-05-02 20:24:15,1358,宥安藥局,新北市蘆洲區長榮路381號2樓,0222823556,121.4592458,25.08947399,蘆洲區,新北市,True,3.27
2026-05-02 20:24:15,1359,仁愛健保藥局,新北市三重區力行路2段153號,0222805160,121.4837472,25.07763912,三重區,新北市,True,3.72
2026-05-02 20:24:15,1360,巧心藥局,新北市新莊區建中街92號1樓,0222778584,121.4468641,25.03675441,新莊區,新北市,True,3.24
2026-05-02 20:24:15,1361,英謙藥局,新北市新莊區新泰路261號1樓,0222774822,121.4459675,25.04007145,新莊區,新北市,True,3.24
2026-05-02 20:24:15,1362,裕達藥局,新北市土城區延吉街171號,0222739328,121.4696937,24.9857715,土城區,新北市,True,3.81
2026-05-02 20:24:15,1363,順儷藥師藥局,新北市土城區延和路16-3號1樓,0222648655,121.4642012,24.98800058,土城區,新北市,True,3.81
2026-05-02 20:24:15,1364,佳霖藥局,新北市土城區學府路1段170號1樓,0222641425,121.4538884,24.98661302,土城區,新北市,True,3.81
2026-05-02 20:24:15,1365,麗膚藥局,新北市土城區金城路3段33巷6-1號1樓,0222640600,121.4655153,24.9868795,土城區,新北市,True,3.81
2026-05-02 20:24:15,1366,悅生藥局,新北市新莊區龍安路343-1號1樓,0222081219,121.4227616,25.01926708,新莊區,新北市,True,3.24
2026-05-02 20:24:15,1367,平安藥局,新北市新莊區民安西路60號2樓,0222066608,121.4272656,25.02037282,新莊區,新北市,True,3.24
2026-05-02 20:24:15,1368,向日葵健保藥局,新北市新莊區建福路50號1樓,0222060377,121.4265469,25.0276406,新莊區,新北市,True,3.24
2026-05-02 20:24:15,1369,天仁大藥局,新北市新莊區中正路397號1樓,0222013625,121.4454241,25.03450589,新莊區,新北市,True,3.24
2026-05-02 20:24:15,1370,大樹新莊藥局,新北市新莊區新泰路59號1、2樓,0222010566,121.4494263,25.03405281,新莊區,新北市,True,3.24
2026-05-02 20:24:15,1371,聯康藥局,新北市板橋區南雅南路2段136號1樓,0289674888,121.4518215,24.99655526,板橋區,新北市,True,3.38
2026-05-02 20:24:15,1372,晨晰藥局,新北市板橋區漢生東路344號1樓,0289536273,121.4719532,25.00738678,板橋區,新北市,True,3.38
2026-05-02 20:24:15,1373,利安藥師藥局,新北市板橋區南雅西路2段117號及119號1樓,0229666951,121.4524371,25.01084717,板橋區,新北市,True,3.38
2026-05-02 20:24:15,1374,台安藥局,新北市板橋區中正路204號1樓、2樓、3樓,0229663600,121.4561304,25.01804225,板橋區,新北市,True,3.38
2026-05-02 20:24:15,1375,明豐專業藥局,新北市板橋區貴興路74號1樓,0229647542,121.4565555,25.00301659,板橋區,新北市,True,3.38
2026-05-02 20:24:15,1376,埔全藥局,新北市板橋區忠孝路33號1樓,0229567309,121.4608185,25.00206223,板橋區,新北市,True,3.38
2026-05-02 20:24:15,1377,杏文藥局,新北市板橋區實踐路185號1樓,0229565078,121.4644864,25.00332969,板橋區,新北市,True,3.38
2026-05-02 20:24:15,1378,麗森藥師藥局連鎖麗寶藥局,新北市板橋區三民路2段133號1樓,0229557141,121.4793146,25.0153537,板橋區,新北市,True,3.38
2026-05-02 20:24:15,1379,大川藥局,新北市板橋區中山路2段86號1樓,0229555011,121.4750822,25.01622266,板橋區,新北市,True,3.38
2026-05-02 20:24:15,1380,光澤醫美藥局,新北市板橋區四川路1段21號1樓,0229551215,121.4595363,25.00688599,板橋區,新北市,True,3.38
2026-05-02 20:24:15,1381,金瑞藥局,新北市板橋區和平路161巷24號1樓,0229533188,121.4634474,24.99671426,板橋區,新北市,True,3.38
2026-05-02 20:24:15,1382,康橋藥局,新北市板橋區文化路1段273號,0222532560,121.4646833,25.01853539,板橋區,新北市,True,3.38
2026-05-02 20:24:15,1383,樂多藥局,新北市板橋區四維路108號1樓,0222523530,121.4656341,25.02464707,板橋區,新北市,True,3.38
2026-05-02 20:24:15,1384,元大藥局,新北市新莊區富國路204號1、2樓,9.88E+08,121.4248582,25.02426531,新莊區,新北市,True,3.24
2026-05-02 20:24:15,1385,食在好健康藥局,新北市鶯歌區國慶街165號1樓,9.73E+08,121.3510955,24.95296803,鶯歌區,新北市,True,2.74
2026-05-02 20:24:15,1386,大仁藥局,新北市新莊區公園一路32號1樓,9.55E+08,121.4434551,25.03530724,新莊區,新北市,True,3.24
2026-05-02 20:24:15,1387,萬泰藥局,新北市板橋區信義路221-1號,9.54E+08,121.4596596,24.99148716,板橋區,新北市,True,3.38
2026-05-02 20:24:15,1388,安康佑康健保藥局,新北市新店區安康路3段17號,9.40E+08,121.4935486,24.95338841,新店區,新北市,True,2.2
2026-05-02 20:24:15,1389,陽光藥局,新北市新莊區福壽街72號,9.38E+08,121.4583229,25.04940144,新莊區,新北市,True,3.24
2026-05-02 20:24:15,1390,中和環球藥局,新北市中和區中山路3段121號1樓,9.37E+08,121.4744866,25.00596486,中和區,新北市,True,3.22
2026-05-02 20:24:15,1391,我家藥局,新北市汐止區中正路29號,9.29E+08,121.6623882,25.07023626,汐止區,新北市,True,2.74
2026-05-02 20:24:15,1392,碇康藥局,新北市石碇區石崁24-1號,9.23E+08,121.6583071,24.99146521,石碇區,新北市,True,0.98
2026-05-02 20:24:15,1393,維顥藥局,新北市新店區中興路1段279號1樓,9.22E+08,121.5451314,24.96830053,新店區,新北市,True,2.2
2026-05-02 20:24:15,1394,快樂藥局長榮店,新北市蘆洲區永樂街2號1樓,9.22E+08,121.4591616,25.08832945,蘆洲區,新北市,True,3.27
2026-05-02 20:24:15,1395,雙合藥局,新北市中和區中正路291號1樓,9.21E+08,121.4940818,24.9937458,中和區,新北市,True,3.22
2026-05-02 20:24:15,1396,萬昌健保藥局,新北市土城區中央路4段160號,9.21E+08,121.4169926,24.95826631,土城區,新北市,True,3.81
2026-05-02 20:24:15,1397,久豐大藥局,新北市樹林區復興路286號1樓,9.20E+08,121.4177058,24.98784951,樹林區,新北市,True,2.76
2026-05-02 20:24:15,1398,闔安藥局,新北市五股區成德里成泰路3段579號1樓,9.20E+08,121.4522402,25.10267234,五股區,新北市,True,3.15
2026-05-02 20:24:15,1399,常安中西藥局,新北市永和區保平路26號1樓,9.19E+08,121.512203,25.00748752,永和區,新北市,True,3.13
2026-05-02 20:24:15,1400,吉安藥局,新北市蘆洲區長安街285巷1號1樓,9.11E+08,121.4581327,25.08433098,蘆洲區,新北市,True,3.27
2026-05-02 20:24:15,1401,躍獅五福藥局,新北市金山區中山路99號1樓,9.11E+08,121.6398114,25.21912049,金山區,新北市,True,2.26
2026-05-02 20:24:15,1402,賞安藥局,新北市新莊區中平路373號1樓,9.10E+08,121.4446154,25.05253303,新莊區,新北市,True,3.24
2026-05-02 20:24:15,1403,信恆藥局,新北市五股區中興路1段74號1樓,0289882077,121.4669838,25.07303697,五股區,新北市,True,3.15
2026-05-02 20:24:15,1404,大昌藥局,新北市板橋區北門街28號,0289682579,121.457324,25.01090962,板橋區,新北市,True,3.38
2026-05-02 20:24:15,1405,宥元藥局,新北市中和區德光路62號１樓,0289535473,121.4696244,25.00398347,中和區,新北市,True,3.22
2026-05-02 20:24:15,1406,中和藥局,新北市中和區華新街59號1樓,0289432922,121.507996,24.98432375,中和區,新北市,True,3.22
2026-05-02 20:24:15,1407,吉佑藥局,新北市中和區大勇街34號1樓,0289416539,121.5173706,24.99344676,中和區,新北市,True,3.22
2026-05-02 20:24:15,1408,宜泰藥局,新北市永和區永貞路297號,0289210657,121.5108405,25.00559809,永和區,新北市,True,3.13
2026-05-02 20:24:15,1409,廣元藥局,新北市中和區興南路2段27號1樓,0286681906,121.5079119,24.98584657,中和區,新北市,True,3.22
2026-05-02 20:24:15,1410,昇旺藥局,新北市新店區建國路10-1號1樓,0286659233,121.5400807,24.97358174,新店區,新北市,True,2.2
2026-05-02 20:24:15,1411,綠園藥局,新北市林口區仁愛路2段105號1樓,0286012258,121.3842672,25.07506988,林口區,新北市,True,2.15
2026-05-02 20:24:15,1412,康群生活藥局,新北市蘆洲區中正路105號1樓,0282835630,121.4697562,25.08409563,蘆洲區,新北市,True,3.27
2026-05-02 20:24:15,1413,翰生藥局,新北市板橋區漢生西路77號1樓,0282513666,121.4627908,25.01896528,板橋區,新北市,True,3.38
2026-05-02 20:24:15,1414,安泰大藥局,新北市中和區南山路35號1樓,0282459423,121.5021624,24.99882174,中和區,新北市,True,3.22
2026-05-02 20:24:15,1415,裕壬藥局,新北市中和區新生街206、208號1樓,0232349358,121.4837071,24.99898132,中和區,新北市,True,3.22
2026-05-02 20:24:15,1416,朝安藥局,新北市中和區華新街192巷40號1樓,0231511269,121.5061789,24.98368443,中和區,新北市,True,3.22
2026-05-02 20:24:15,1417,金翔藥局,新北市新莊區幸福路595號1樓,0229988552,121.4534289,25.04919863,新莊區,新北市,True,3.24
2026-05-02 20:24:15,1418,幸寧藥局,新北市新莊區福壽街84巷12號1樓,0229971150,121.4587663,25.04985312,新莊區,新北市,True,3.24
2026-05-02 20:24:15,1419,勝安藥局,新北市新莊區中正路334巷23號1樓,0229963394,121.4456096,25.03584661,新莊區,新北市,True,3.24
2026-05-02 20:24:15,1420,禮安藥師藥局,新北市新莊區自立街109號1樓,0229942891,121.4555147,25.04550217,新莊區,新北市,True,3.24
2026-05-02 20:24:15,1421,聯成藥局,新北市新莊區中正路332號,0229941915,121.4458315,25.0348403,新莊區,新北市,True,3.24
2026-05-02 20:24:15,1422,十安藥局,新北市新莊區中港路316號,0229922859,121.4523611,25.04543916,新莊區,新北市,True,3.24
2026-05-02 20:24:15,1423,明生藥局,新北市新莊區福樂街15號,0229913260,121.4577778,25.04509562,新莊區,新北市,True,3.24
2026-05-02 20:24:15,1424,北安藥局,新北市新莊區幸福路529號1樓,0229906923,121.4554365,25.04927609,新莊區,新北市,True,3.24
2026-05-02 20:24:15,1425,忠誠藥局,新北市三重區仁愛街377巷4號,0229888321,121.4916327,25.08047074,三重區,新北市,True,3.72
2026-05-02 20:24:15,1426,上益藥局,新北市三重區忠孝路2段136號1樓,0229879460,121.4826817,25.06833397,三重區,新北市,True,3.72
2026-05-02 20:24:15,1427,唯安藥局,新北市三重區五華街130號,0229875750,121.4916491,25.08357568,三重區,新北市,True,3.72
2026-05-02 20:24:15,1428,華泰藥師藥局,新北市三重區五華街66號1樓,0229866009,121.4935155,25.08175929,三重區,新北市,True,3.72
2026-05-02 20:24:15,1429,上豪藥局,新北市三重區中正北路220號1樓,0229864336,121.482171,25.06757196,三重區,新北市,True,3.72
2026-05-02 20:24:15,1430,國星藥局,新北市三重區溪尾街109號,0229859203,121.489775,25.0786746,三重區,新北市,True,3.72
2026-05-02 20:24:15,1431,容安藥局,新北市三重區正義北路237號2樓,0229843399,121.4958903,25.0692973,三重區,新北市,True,3.72
2026-05-02 20:24:15,1432,新英藥師藥局,新北市三重區雙園街37號,0229824840,121.4968665,25.06795724,三重區,新北市,True,3.72
2026-05-02 20:24:15,1433,五華藥局,新北市三重區仁愛街425巷91號2樓,0229819948,121.4923038,25.08266821,三重區,新北市,True,3.72
2026-05-02 20:24:15,1434,欣欣藥局,新北市三重區正義北路233號1樓,0229816955,121.4959605,25.06914897,三重區,新北市,True,3.72
2026-05-02 20:24:15,1435,宏安藥局,新北市三重區集美街158號1樓,0229785866,121.4898387,25.05305944,三重區,新北市,True,3.72
2026-05-02 20:24:15,1436,周武仁藥局,新北市三重區成功路145巷34號,0229774110,121.4875835,25.05326188,三重區,新北市,True,3.72
2026-05-02 20:24:15,1437,三山大藥局,新北市三重區中正南路84號,0229772409,121.4944227,25.05884393,三重區,新北市,True,3.72
2026-05-02 20:24:15,1438,龍門藥局,新北市三重區龍門路186號,0229756141,121.4994323,25.07344008,三重區,新北市,True,3.72
2026-05-02 20:24:15,1439,重德藥局,新北市三重區正義北路246號2樓,0229719060,121.4959812,25.06827298,三重區,新北市,True,3.72
2026-05-02 20:24:15,1440,廷好藥局,新北市板橋區龍興街25號1樓,0229691768,121.4428025,25.00005645,板橋區,新北市,True,3.38
2026-05-02 20:24:15,1441,穎川藥局,新北市板橋區民權路202巷4弄1號,0229660617,121.4596329,25.01422273,板橋區,新北市,True,3.38
2026-05-02 20:24:15,1442,捷勝藥師藥局,新北市中和區華順街122號1樓,0229646225,121.4650966,24.99645937,中和區,新北市,True,3.22
2026-05-02 20:24:15,1443,大竹藥局,新北市中和區和平路244號,0229590964,121.4645841,24.99678644,中和區,新北市,True,3.22
2026-05-02 20:24:15,1444,中山大藥局,新北市板橋區中山路1段107號,0229575029,121.4618084,25.01025408,板橋區,新北市,True,3.38
2026-05-02 20:24:15,1445,合泰藥局,新北市板橋區忠孝路19號1樓,0229572437,121.4603824,25.00200287,板橋區,新北市,True,3.38
2026-05-02 20:24:15,1446,正成藥師藥局,新北市板橋區三民路2段154巷7號,0229512760,121.4787484,25.01515104,板橋區,新北市,True,3.38
2026-05-02 20:24:15,1447,全國藥局,新北市板橋區四川路1段231號,0229511212,121.4600572,25.00296615,板橋區,新北市,True,3.38
2026-05-02 20:24:15,1448,信昌藥局,新北市板橋區三民路2段202-9號,0229510784,121.4791935,25.01369836,板橋區,新北市,True,3.38
2026-05-02 20:24:15,1449,榮菖藥局,新北市中和區和平街15-1號1樓,0229492620,121.5091748,24.99040288,中和區,新北市,True,3.22
2026-05-02 20:24:15,1450,藥聯藥師藥局,新北市中和區宜安路143號1樓,0229481198,121.5092382,24.99858237,中和區,新北市,True,3.22
2026-05-02 20:24:15,1451,良泰大藥局,新北市中和區興南路2段117巷15號1樓,0229477761,121.5059134,24.98412008,中和區,新北市,True,3.22
2026-05-02 20:24:15,1452,威康藥局,新北市永和區中正路153號,0229461148,121.5163286,24.99840138,永和區,新北市,True,3.13
2026-05-02 20:24:15,1453,千大藥局,新北市中和區立人街13號1樓,0229441567,121.5216036,24.9939445,中和區,新北市,True,3.22
2026-05-02 20:24:15,1454,薇妮藥妝藥局景安店,新北市中和區景安路27號1樓,0229436001,121.5078831,24.99888022,中和區,新北市,True,3.22
2026-05-02 20:24:15,1455,康富力藥局,新北市中和區興南里仁愛街53號1樓,0229429896,121.5113134,24.98803243,中和區,新北市,True,3.22
2026-05-02 20:24:15,1456,奕采藥局,新北市中和區宜安路77號1樓,0229429770,121.5109173,24.99732963,中和區,新北市,True,3.22
2026-05-02 20:24:15,1457,順心藥局,新北市中和區景新街439號1樓,0229429680,121.5130896,24.98888191,中和區,新北市,True,3.22
2026-05-02 20:24:15,1458,信毅藥局,新北市中和區捷運路56號1樓,0229423663,121.5081359,24.99078384,中和區,新北市,True,3.22
2026-05-02 20:24:15,1459,新源林藥局,新北市中和區華新街24號,0229421953,121.5075439,24.98485741,中和區,新北市,True,3.22
2026-05-02 20:24:15,1460,幸福連鎖藥局,新北市中和區忠孝街122號1樓,0229410771,121.5122009,24.98581002,中和區,新北市,True,3.22
2026-05-02 20:24:15,1461,永成藥局,新北市中和區景平路156號1樓,0229407619,121.5176492,24.99221933,中和區,新北市,True,3.22
2026-05-02 20:24:15,1462,原大藥局,新北市永和區永和路1段20號1樓,0229272767,121.5130217,25.00471343,永和區,新北市,True,3.13
2026-05-02 20:24:15,1463,宜安健康人生藥局,新北市中和區宜安路162號1樓,0229224648,121.5090929,24.99894595,中和區,新北市,True,3.22
2026-05-02 20:24:15,1464,貞心藥局,新北市中和區永貞路280-1號1樓,0229203865,121.5132626,25.00400554,中和區,新北市,True,3.22
2026-05-02 20:24:15,1465,椿萱藥局,新北市新店區建國路69號,0229188311,121.5404374,24.97590056,新店區,新北市,True,2.2
2026-05-02 20:24:15,1466,益生大藥局,新北市新店區建國路132號,0229177728,121.5391167,24.97885327,新店區,新北市,True,2.2
2026-05-02 20:24:15,1467,威樺藥局,新北市新店區中正路263號1樓,0229175888,121.5386892,24.97356656,新店區,新北市,True,2.2
2026-05-02 20:24:15,1468,匯信大藥局,新北市新店區光明街192號,0229149009,121.5397146,24.96232532,新店區,新北市,True,2.2
2026-05-02 20:24:15,1469,世明藥局,新北市新店區北新路3段120號1樓,0229122139,121.5417362,24.98174236,新店區,新北市,True,2.2
2026-05-02 20:24:15,1470,耀生中西藥局,新北市新店區文化路21巷6號,0229118598,121.5431677,24.97977839,新店區,新北市,True,2.2
2026-05-02 20:24:15,1471,吉成藥局,新北市新店區中華路107號,0229114426,121.5389054,24.96920429,新店區,新北市,True,2.2
2026-05-02 20:24:15,1472,再生藥局,新北市新店區北新路3段65巷9號,0229113781,121.5412027,24.9810049,新店區,新北市,True,2.2
2026-05-02 20:24:15,1473,日泰藥局,新北市泰山區泰林路2段227號,0229095989,121.4322753,25.06194053,泰山區,新北市,True,1.95
2026-05-02 20:24:15,1474,德泰藥局,新北市五股區成泰路1段9號,0229093927,121.4335831,25.06674123,五股區,新北市,True,3.15
2026-05-02 20:24:15,1475,得安藥師藥局,新北市泰山區仁愛路128號1樓,0229000992,121.4339527,25.05573162,泰山區,新北市,True,1.95
2026-05-02 20:24:15,1476,國榮藥局,新北市三重區碧華街50號,0228578497,121.4835578,25.08136523,三重區,新北市,True,3.72
2026-05-02 20:24:15,1477,立雄藥局,新北市三重區仁愛街733號1樓,0228573677,121.4818,25.08058029,三重區,新北市,True,3.72
2026-05-02 20:24:15,1478,長安藥局,新北市蘆洲區中華街67號1樓,0228485560,121.4623496,25.08073755,蘆洲區,新北市,True,3.27
2026-05-02 20:24:15,1479,慧安藥局,新北市蘆洲區長安街214號1樓,0228477845,121.4584679,25.08436249,蘆洲區,新北市,True,3.27
2026-05-02 20:24:15,1480,日弘藥師藥局,新北市樹林區復興路29號,0226871919,121.4223373,24.99409586,樹林區,新北市,True,2.76
2026-05-02 20:24:15,1481,溪北藥局,新北市板橋區溪北路78號1樓,0226866528,121.4281214,24.98952607,板橋區,新北市,True,3.38
2026-05-02 20:24:15,1482,暉民西藥局,新北市樹林區千歲街36號1樓,0226835868,121.4257186,24.99660688,樹林區,新北市,True,2.76
2026-05-02 20:24:15,1483,快安藥師藥局,新北市鶯歌區中正一路94、96號,0226792356,121.3523758,24.95476417,鶯歌區,新北市,True,2.74
2026-05-02 20:24:15,1484,安新藥局,新北市鶯歌區建國路180號,0226777850,121.349661,24.95365582,鶯歌區,新北市,True,2.74
2026-05-02 20:24:15,1485,佑荔藥局,新北市樹林區復興路227號1樓,0226759988,121.4199807,24.9908042,樹林區,新北市,True,2.76
2026-05-02 20:24:15,1486,杏華藥局,新北市板橋區溪北路170號1樓,0226757024,121.4309076,24.9879209,板橋區,新北市,True,3.38
2026-05-02 20:24:15,1487,康德藥局,新北市板橋區溪北路28號,0226755151,121.4269313,24.99022939,板橋區,新北市,True,3.38
2026-05-02 20:24:15,1488,羅群藥局,新北市樹林區東華街88號,0226751966,121.4157268,24.9804425,樹林區,新北市,True,2.76
2026-05-02 20:24:15,1489,全球藥師藥局,新北市三峽區文化路95號,0226748128,121.3711404,24.93606554,三峽區,新北市,True,3.32
2026-05-02 20:24:15,1490,康美藥局,新北市三峽區民生街79號2樓,0226745526,121.3749025,24.93585477,三峽區,新北市,True,3.32
2026-05-02 20:24:15,1491,致安藥師藥局,新北市三峽區中華路17號1樓,0226743418,121.3731918,24.93153597,三峽區,新北市,True,3.32
2026-05-02 20:24:15,1492,人來安藥局,新北市三峽區文化路266-5號,0226721199,121.3661271,24.93585663,三峽區,新北市,True,3.32
2026-05-02 20:24:15,1493,誠美藥局,新北市三峽區復興路106號1樓,0226718131,121.3726659,24.93780274,三峽區,新北市,True,3.32
2026-05-02 20:24:15,1494,民和藥局,新北市鶯歌區鶯桃路137號,0226705858,121.3378371,24.95475902,鶯歌區,新北市,True,2.74
2026-05-02 20:24:15,1495,邱藥局,新北市淡水區中山路27號,0226614225,121.4439791,25.17006456,淡水區,新北市,True,1.89
2026-05-02 20:24:15,1496,穎安中西大藥局,新北市汐止區樟樹一路135巷13號,0226412348,121.6416358,25.06546151,汐止區,新北市,True,2.74
2026-05-02 20:24:15,1497,醫有堂藥局,新北市石門區中山路32號-1,0226382836,121.5661747,25.28998321,石門區,新北市,True,0.82
2026-05-02 20:24:15,1498,玉盛藥局,新北市三芝區中山路2段30號,0226360697,121.5028803,25.25544971,三芝區,新北市,True,2.6
2026-05-02 20:24:15,1499,千代田藥局,新北市淡水區學府路九號1樓,0226210173,121.4473891,25.16809123,淡水區,新北市,True,1.89
2026-05-02 20:24:15,1500,龍米藥師藥局,新北市八里區龍形一街5號1樓,0226185812,121.4505847,25.13045435,八里區,新北市,True,2.0
2026-05-02 20:24:15,1501,榮新藥局,新北市林口區忠孝路383號1樓,0226089789,121.3695865,25.07150551,林口區,新北市,True,2.15
2026-05-02 20:24:15,1502,龍點藥局,新北市林口區民族路67號1樓,0226080636,121.3654948,25.07532131,林口區,新北市,True,2.15
2026-05-02 20:24:15,1503,安心藥局,新北市林口區文化二路1段577號1樓,0226029090,121.3760418,25.0787131,林口區,新北市,True,2.15
2026-05-02 20:24:15,1504,家弘藥局,新北市林口區竹林路172號1樓,0226024851,121.3890369,25.07977408,林口區,新北市,True,2.15
2026-05-02 20:24:15,1505,士昌藥局,新北市林口區工六路36號1樓,0226018863,121.4013566,25.07659038,林口區,新北市,True,2.15
2026-05-02 20:24:15,1506,金宏仁藥局,新北市金山區中山路190巷2號,0224982402,121.6381963,25.22173575,金山區,新北市,True,2.26
2026-05-02 20:24:15,1507,明生藥局,新北市瑞芳區明燈路3段37-36號,0224978577,121.8069614,25.10766388,瑞芳區,新北市,True,5.02
2026-05-02 20:24:15,1508,秀文藥局,新北市瑞芳區三爪子坑路218號,0224976910,121.8058947,25.10547899,瑞芳區,新北市,True,5.02
2026-05-02 20:24:15,1509,千泰藥局,新北市瑞芳區中正路63-1號,0224966347,121.8063063,25.10735226,瑞芳區,新北市,True,5.02
2026-05-02 20:24:15,1510,信芳藥局,新北市雙溪區中華路50號,0224931301,121.8659916,25.03761074,雙溪區,新北市,True,2.04
2026-05-02 20:24:15,1511,萬里藥局,新北市萬里區瑪鋉路90號,0224922235,121.6903656,25.17848069,萬里區,新北市,True,0.88
2026-05-02 20:24:15,1512,泰林中西藥局,新北市泰山區泰林路2段206號,0222978367,121.4333435,25.06143567,泰山區,新北市,True,1.95
2026-05-02 20:24:15,1513,重成藥局,新北市板橋區民族路267號,0222958969,121.4706526,25.00692869,板橋區,新北市,True,3.38
2026-05-02 20:24:15,1514,全安藥局,新北市新店區建國路119號1樓,0222926231,121.5397616,24.97776858,新店區,新北市,True,2.2
2026-05-02 20:24:15,1515,凌雲藥局,新北市五股區凌雲路1段73號2樓,0222919463,121.4509967,25.10110789,五股區,新北市,True,3.15
2026-05-02 20:24:15,1516,宏安藥局,新北市五股區成泰路2段136號,0222915932,121.4381659,25.08369055,五股區,新北市,True,3.15
2026-05-02 20:24:15,1517,永任藥局,新北市五股區水碓路9號1樓,0222911093,121.4336145,25.07236016,五股區,新北市,True,3.15
2026-05-02 20:24:15,1518,弘大藥局,新北市蘆洲區信義路2號,0222893949,121.4734205,25.07902861,蘆洲區,新北市,True,3.27
2026-05-02 20:24:15,1519,理方藥局,新北市蘆洲區長安街67號,0222893949,121.4627839,25.07986884,蘆洲區,新北市,True,3.27
2026-05-02 20:24:15,1520,謚安中西藥局,新北市蘆洲區永平街6號,0222893949,121.4595555,25.09054733,蘆洲區,新北市,True,3.27
2026-05-02 20:24:15,1521,成安藥局,新北市蘆洲區長安街257號1樓,0222892918,121.4588049,25.08351937,蘆洲區,新北市,True,3.27
2026-05-02 20:24:15,1522,玉美藥局,新北市三重區力行路2段136巷49弄2號,0222879836,121.4792905,25.07518759,三重區,新北市,True,3.72
2026-05-02 20:24:15,1523,仁安堂藥局,新北市三重區溪尾街220號,0222870278,121.4878508,25.0815211,三重區,新北市,True,3.72
2026-05-02 20:24:15,1524,全民藥局,新北市蘆洲區中山一路201、203號,0222837168,121.4742567,25.08099742,蘆洲區,新北市,True,3.27
2026-05-02 20:24:15,1525,松伯藥局,新北市蘆洲區中山二路2號,0222818160,121.4756754,25.0818542,蘆洲區,新北市,True,3.27
2026-05-02 20:24:15,1526,威良藥局,新北市蘆洲區中正路185巷34號1樓,0222817873,121.4676824,25.08511647,蘆洲區,新北市,True,3.27
2026-05-02 20:24:15,1527,南雅藥局,新北市板橋區南雅南路1段5巷22號,0222725358,121.456334,25.00531831,板橋區,新北市,True,3.38
2026-05-02 20:24:15,1528,一和藥局,新北市土城區中央路1段67-3號,0222634343,121.4478574,24.9898681,土城區,新北市,True,3.81
2026-05-02 20:24:15,1529,咸安藥局,新北市土城區明德路1段4號1樓,0222627434,121.464699,24.98572882,土城區,新北市,True,3.81
2026-05-02 20:24:15,1530,恒生中西藥局,新北市土城區中央路2段170號,0222603485,121.4418919,24.97636626,土城區,新北市,True,3.81
2026-05-02 20:24:15,1531,富盛藥局,新北市板橋區四維路291巷4弄24號1樓,0222596016,121.4621912,25.02879181,板橋區,新北市,True,3.38
2026-05-02 20:24:15,1532,力康藥局,新北市板橋區陽明街108號,0222589353,121.4640444,25.02336465,板橋區,新北市,True,3.38
2026-05-02 20:24:15,1533,佳和藥局,新北市板橋區文化路1段387巷5號1樓,0222582034,121.4666764,25.02193514,板橋區,新北市,True,3.38
2026-05-02 20:24:15,1534,全曜藥局,新北市板橋區民權路260巷62號,0222575417,121.4602948,25.01494565,板橋區,新北市,True,3.38
2026-05-02 20:24:15,1535,振民藥局,新北市板橋區四維路269巷92號,0222572955,121.4596171,25.02666164,板橋區,新北市,True,3.38
2026-05-02 20:24:15,1536,安聯藥局,新北市板橋區宏國路113號1樓,0222569079,121.4704122,25.03206755,板橋區,新北市,True,3.38
2026-05-02 20:24:15,1537,晨恩藥局,新北市板橋區文化路1段216號1樓,0222567200,121.4665705,25.02026897,板橋區,新北市,True,3.38
2026-05-02 20:24:15,1538,欣民藥局,新北市板橋區雙十路3段39號,0222545938,121.4705746,25.03167768,板橋區,新北市,True,3.38
2026-05-02 20:24:15,1539,進發大藥局,新北市板橋區民治街101號,0222528361,121.4790276,25.031499,板橋區,新北市,True,3.38
2026-05-02 20:24:15,1540,成合藥局,新北市中和區景平路429-2號1樓,0222483605,121.5013896,24.99536946,中和區,新北市,True,3.22
2026-05-02 20:24:15,1541,三德和藥局,新北市中和區吉興里南山路289號1樓,0222471028,121.5044142,24.99207414,中和區,新北市,True,3.22
2026-05-02 20:24:15,1542,三華藥局,新北市中和區中正路124號1樓,0222470928,121.4997161,24.99385359,中和區,新北市,True,3.22
2026-05-02 20:24:15,1543,喬登藥局,新北市中和區景平路697號1樓,0222470273,121.4964593,25.00336851,中和區,新北市,True,3.22
2026-05-02 20:24:15,1544,中和光田藥局,新北市中和區連城路48號,0222459602,121.4981708,25.00195519,中和區,新北市,True,3.22
2026-05-02 20:24:15,1545,恩溢藥局,新北市中和區復興路79號1、2樓,0222452450,121.5035062,24.99020228,中和區,新北市,True,3.22
2026-05-02 20:24:15,1546,祥田藥局,新北市中和區圓通路236號,0222452293,121.4948154,24.99267801,中和區,新北市,True,3.22
2026-05-02 20:24:15,1547,真成大藥局,新北市中和區光華街38號,0222447008,121.5048418,25.00388713,中和區,新北市,True,3.22
2026-05-02 20:24:15,1548,詠邑藥局,新北市中和區南華路43號1樓,0222445630,121.5037705,24.99671179,中和區,新北市,True,3.22
2026-05-02 20:24:15,1549,以法蓮藥局,新北市中和區中興街154號1樓,0222438983,121.4997843,24.99185581,中和區,新北市,True,3.22
2026-05-02 20:24:15,1550,群芳藥局,新北市中和區和興里中興街73號1樓,0222433729,121.5003486,24.99323531,中和區,新北市,True,3.22
2026-05-02 20:24:15,1551,皇秦大藥局,新北市中和區中山路3段39-1號1樓,0222269636,121.4776194,25.00531458,中和區,新北市,True,3.22
2026-05-02 20:24:15,1552,坤暉藥局,新北市中和區中山路3段94號2樓,0222269381,121.4774819,25.00578725,中和區,新北市,True,3.22
2026-05-02 20:24:15,1553,聯邦藥局,新北市土城區立德路91號,0222265907,121.4630413,24.98783744,土城區,新北市,True,3.81
2026-05-02 20:24:15,1554,心樂藥局,新北市中和區新生街46號2樓,0222260962,121.4831671,25.00323511,中和區,新北市,True,3.22
2026-05-02 20:24:15,1555,銓家藥局,新北市中和區員山路319號1-2樓,0222257728,121.4811525,25.00059649,中和區,新北市,True,3.22
2026-05-02 20:24:15,1556,杏元藥局,新北市中和區員山路172號1樓,0222236868,121.4813846,24.99994243,中和區,新北市,True,3.22
2026-05-02 20:24:15,1557,詠安藥局,新北市中和區員山路150-8號1樓,0222231606,121.4809959,24.99632936,中和區,新北市,True,3.22
2026-05-02 20:24:15,1558,立健藥局,新北市中和區連城路317號1樓,0222230614,121.4892405,24.99607455,中和區,新北市,True,3.22
2026-05-02 20:24:15,1559,民樂健保藥局,新北市中和區員山路226巷3弄5號1樓,0222228999,121.4816928,25.00101994,中和區,新北市,True,3.22
2026-05-02 20:24:15,1560,昌順藥局,新北市新店區安康路3段265號,0222156798,121.4865139,24.95172653,新店區,新北市,True,2.2
2026-05-02 20:24:15,1561,瑞欣藥局,新北市新店區吉安街33號,0222112723,121.5159431,24.96593671,新店區,新北市,True,2.2
2026-05-02 20:24:15,1562,祐全大藥局,新北市新莊區建安街88號1樓,0222051220,121.4262428,25.02422904,新莊區,新北市,True,3.24
2026-05-02 20:24:15,1563,民安藥局,新北市新莊區民安路232號,0222038910,121.4261504,25.02232374,新莊區,新北市,True,3.24
2026-05-02 20:24:15,1564,佑仁藥師藥局,新北市新莊區四維路137號,0222026747,121.4228464,25.02239627,新莊區,新北市,True,3.24
2026-05-02 20:24:15,1565,快樂藥局,新北市新莊區中正路243-1號1至2樓,0293215664,121.4504549,25.03557524,新莊區,新北市,True,3.24
2026-05-02 20:24:15,1566,日光藥局,新北市新莊區中港路404號1樓,0289937296,121.4522708,25.05002969,新莊區,新北市,True,3.24
2026-05-02 20:24:15,1567,力源藥局,新北市新莊區復興路2段133號1樓,0289929919,121.4571647,25.04451586,新莊區,新北市,True,3.24
2026-05-02 20:24:15,1568,家嘉藥局,新北市新莊區自立街103號1樓,0289926488,121.4553128,25.04549323,新莊區,新北市,True,3.24
2026-05-02 20:24:15,1569,福華藥局,新北市新莊區復興路2段109號,0289917390,121.4563176,25.04448621,新莊區,新北市,True,3.24
2026-05-02 20:24:15,1570,臻善美藥局,新北市新莊區幸福路786號1樓,0289914303,121.4467268,25.04918896,新莊區,新北市,True,3.24
2026-05-02 20:24:15,1571,成立藥局,新北市三重區正義北路310-1號2樓,0289852355,121.4951282,25.07000038,三重區,新北市,True,3.72
2026-05-02 20:24:15,1572,聯鑫藥師藥局,新北市三重區正義北路269號,0289829880,121.4954291,25.07004649,三重區,新北市,True,3.72
2026-05-02 20:24:15,1573,美滿藥局,新北市三重區中華路16號,0289824272,121.4833531,25.06060366,三重區,新北市,True,3.72
2026-05-02 20:24:15,1574,正大藥局,新北市三重區五華街39號,0289815931,121.4945434,25.08105838,三重區,新北市,True,3.72
2026-05-02 20:24:15,1575,烈委藥局,新北市三重區五華街132號,0289812846,121.4916125,25.08360208,三重區,新北市,True,3.72
2026-05-02 20:24:15,1576,誠泰藥師藥局,新北市三重區重新路3段102號,0289721125,121.4926601,25.06045466,三重區,新北市,True,3.72
2026-05-02 20:24:15,1577,良方藥局,新北市土城區廣明街23巷24號1樓,0289661161,121.454739,24.99229025,土城區,新北市,True,3.81
2026-05-02 20:24:15,1578,泰泰健保藥局,新北市中和區德光路97號,0289642049,121.4685372,25.00329333,中和區,新北市,True,3.22
2026-05-02 20:24:15,1579,人民藥局,新北市板橋區仁愛路59號,0289533956,121.4604469,24.99965499,板橋區,新北市,True,3.38
2026-05-02 20:24:15,1580,健全藥局,新北市板橋區實踐路125號1樓,0289533330,121.4642013,25.00487846,板橋區,新北市,True,3.38
2026-05-02 20:24:15,1581,民德藥局,新北市中和區民德路61-1號1樓,0289514746,121.4689958,25.00162669,中和區,新北市,True,3.22
2026-05-02 20:24:15,1582,德和便利藥局,新北市永和區得和路192號,0289431417,121.520114,24.99996929,永和區,新北市,True,3.13
2026-05-02 20:24:15,1583,億華藥局,新北市中和區景安路157號,0289421993,121.505427,24.99474838,中和區,新北市,True,3.22
2026-05-02 20:24:15,1584,安安藥局,新北市永和區竹林路203號1樓,0289263651,121.520749,25.00907618,永和區,新北市,True,3.13
2026-05-02 20:24:15,1585,立安藥局,新北市永和區永和路2段203號1樓,0289211786,121.5153265,25.01366619,永和區,新北市,True,3.13
2026-05-02 20:24:15,1586,博輝藥局,新北市永和區中興街60號1樓,0289211766,121.5170558,25.01161906,永和區,新北市,True,3.13
2026-05-02 20:24:15,1587,康宜庭北新藥局,新北市新店區北新路2段43號1樓,0289147015,121.5427557,24.97285061,新店區,新北市,True,2.2
2026-05-02 20:24:15,1588,倍思特藥局,新北市新店區中興路2段239號2樓,0289116159,121.5473044,24.9752762,新店區,新北市,True,2.2
2026-05-02 20:24:15,1589,池佑藥局,新北市淡水區民族路46號,0288093531,121.4615538,25.13608623,淡水區,新北市,True,1.89
2026-05-02 20:24:15,1590,福多藥局,新北市汐止區福德二路60號1樓,0286933368,121.6337881,25.06702953,汐止區,新北市,True,2.74
2026-05-02 20:24:15,1591,汐心藥局,新北市汐止區福德一路150號,0286932859,121.6365546,25.06687373,汐止區,新北市,True,2.74
2026-05-02 20:24:15,1592,康元中西綜合藥局,新北市汐止區大同路2段219號,0286923648,121.6528629,25.06489874,汐止區,新北市,True,2.74
2026-05-02 20:24:15,1593,唯新示範藥局,新北市鶯歌區建國路161號,0286775363,121.3503233,24.95344668,鶯歌區,新北市,True,2.74
2026-05-02 20:24:15,1594,康廷安藥局,新北市中和區大勇街16號1樓,0286683599,121.5172524,24.99277117,中和區,新北市,True,3.22
2026-05-02 20:24:15,1595,順和藥局,新北市永和區中正路75號1樓,0286680362,121.5149316,24.9968753,永和區,新北市,True,3.13
2026-05-02 20:24:15,1596,家得福藥局,新北市新店區安康路1段123號1樓,0286660991,121.5282234,24.96174511,新店區,新北市,True,2.2
2026-05-02 20:24:15,1597,富康藥局,新北市汐止區忠孝東路459號1樓,0286481302,121.6660068,25.07265369,汐止區,新北市,True,2.74
2026-05-02 20:24:15,1598,再興藥局,新北市汐止區茄苳路37號,0286478860,121.6655649,25.07099555,汐止區,新北市,True,2.74
2026-05-02 20:24:15,1599,汐止仁德藥局,新北市汐止區仁愛路113巷22號1樓,0286462139,121.6619125,25.06426413,汐止區,新北市,True,2.74
2026-05-02 20:24:15,1600,滿益藥局,新北市汐止區仁愛路130號1樓,0286421562,121.6632204,25.06396612,汐止區,新北市,True,2.74
2026-05-02 20:24:15,1601,三芝藥師藥局,新北市三芝區中正路1段43號1樓,0286353982,121.5031753,25.25815976,三芝區,新北市,True,2.6
2026-05-02 20:24:15,1602,安禾藥局,新北市林口區中山路534號1樓,0286012205,121.3784993,25.08369455,林口區,新北市,True,2.15
2026-05-02 20:24:15,1603,化成藥局,新北市新莊區化成路740號1樓,0285219099,121.4656452,25.05747651,新莊區,新北市,True,3.24
2026-05-02 20:24:15,1604,德心藥局,新北市三重區三和路4段324號,0282878086,121.4837622,25.07811203,三重區,新北市,True,3.72
2026-05-02 20:24:15,1605,長榮大藥局,新北市蘆洲區長榮路51號,0282863837,121.4625774,25.08306727,蘆洲區,新北市,True,3.27
2026-05-02 20:24:15,1606,福您安中西藥局,新北市蘆洲區長安街246巷6號1樓,0282858322,121.4579521,25.08615391,蘆洲區,新北市,True,3.27
2026-05-02 20:24:15,1607,杏昌藥局,新北市蘆洲區民族路86號1樓,0282831985,121.477829,25.08489745,蘆洲區,新北市,True,3.27
2026-05-02 20:24:15,1608,達特藥局,新北市蘆洲區復興路62號,0282825004,121.4746304,25.08628673,蘆洲區,新北市,True,3.27
2026-05-02 20:24:15,1609,善淳藥師藥局,新北市土城區福仁街19號1樓、B1樓,0282627371,121.4405519,24.97625626,土城區,新北市,True,3.81
2026-05-02 20:24:15,1610,富柏大藥局,新北市土城區水源街22號1樓,0282626815,121.4411619,24.97534625,土城區,新北市,True,3.81
2026-05-02 20:24:15,1611,立新藥局,新北市土城區光明街5號1樓,0282626111,121.4420909,24.97475427,土城區,新北市,True,3.81
2026-05-02 20:24:15,1612,宏奇藥局,新北市土城區延吉街126號1樓,0282619585,121.4695124,24.98586399,土城區,新北市,True,3.81
2026-05-02 20:24:15,1613,宏林藥局,新北市土城區裕民路134號1樓,0282615919,121.4514933,24.98621891,土城區,新北市,True,3.81
2026-05-02 20:24:15,1614,佳佳藥局,新北市土城區中央路2段223-9號2樓,0282614558,121.4419119,24.97529626,土城區,新北市,True,3.81
2026-05-02 20:24:15,1615,正陽藥師藥局,新北市中和區連城路354號1樓,0282287336,121.4821749,24.99556546,中和區,新北市,True,3.22
2026-05-02 20:24:15,1616,錦和藥局,新北市中和區錦和路164號1樓,0282282296,121.4898316,24.99585262,中和區,新北市,True,3.22
2026-05-02 20:24:15,1617,家嘉藥局,新北市中和區員山路377號,0282281368,121.4811427,25.00237065,中和區,新北市,True,3.22
2026-05-02 20:24:15,1618,橘子藥局,新北市永和區仁愛路298號1樓,0232330390,121.5034816,25.00808459,永和區,新北市,True,3.13
2026-05-02 20:24:15,1619,宏福藥局,新北市新莊區自信街55號1樓,0229985225,121.4549885,25.04831363,新莊區,新北市,True,3.24
2026-05-02 20:24:15,1620,翔昱健保藥局,新北市新莊區中港路120號,0229983056,121.4553632,25.04019677,新莊區,新北市,True,3.24
2026-05-02 20:24:15,1621,朝陽藥局,新北市新莊區新泰路148號2樓,0229983020,121.4478205,25.03731288,新莊區,新北市,True,3.24
2026-05-02 20:24:15,1622,惠欣藥局,新北市新莊區建中街72-1號1樓,0229978962,121.4475179,25.03701639,新莊區,新北市,True,3.24
2026-05-02 20:24:15,1623,新莊大藥局,新北市新莊區福壽街134號,0229978268,121.4577771,25.05171828,新莊區,新北市,True,3.24
2026-05-02 20:24:15,1624,冠昌藥局,新北市新莊區中誠街140號,0229975009,121.4488403,25.04759748,新莊區,新北市,True,3.24
2026-05-02 20:24:15,1625,中信藥師藥局,新北市新莊區中信街80號1樓,0229969811,121.4479873,25.05311133,新莊區,新北市,True,3.24
2026-05-02 20:24:15,1626,詠祥藥局,新北市新莊區新泰路502巷52號,0229965498,121.4442761,25.04642912,新莊區,新北市,True,3.24
2026-05-02 20:24:15,1627,宏泰藥局,新北市新莊區自信街37號1樓,0229964649,121.4543458,25.04863327,新莊區,新北市,True,3.24
2026-05-02 20:24:15,1628,明亮藥局,新北市新莊區幸福路511號1樓,0229962671,121.4558784,25.04929026,新莊區,新北市,True,3.24
2026-05-02 20:24:15,1629,大重仁藥局,新北市三重區重新路5段592號1樓,0229958283,121.4694126,25.0453916,三重區,新北市,True,3.72
2026-05-02 20:24:15,1630,新佑康健保藥局,新北市新莊區中華路1段46號1樓,0229947490,121.4520994,25.03800131,新莊區,新北市,True,3.24
2026-05-02 20:24:15,1631,聯盟藥局,新北市新莊區中港路267巷1號1樓,0229941168,121.4534888,25.04339798,新莊區,新北市,True,3.24
2026-05-02 20:24:15,1632,大方藥局,新北市新莊區中平路89號1樓,0229938881,121.4446768,25.04602013,新莊區,新北市,True,3.24
2026-05-02 20:24:15,1633,宏昌藥局,新北市新莊區新莊路120號,0229934156,121.4559725,25.03607673,新莊區,新北市,True,3.24
2026-05-02 20:24:15,1634,王藥局,新北市新莊區昌盛街38號,0229922404,121.4543759,25.04987755,新莊區,新北市,True,3.24
2026-05-02 20:24:15,1635,蘇藥局,新北市新莊區中平路6巷37號,0229917818,121.4460253,25.04283499,新莊區,新北市,True,3.24
2026-05-02 20:24:15,1636,二安藥局,新北市新莊區中港路65號,0229914527,121.4553404,25.03862269,新莊區,新北市,True,3.24
2026-05-02 20:24:15,1637,喜來樂中西藥局,新北市新莊區昌平街20號1樓,0229912068,121.4548897,25.05279562,新莊區,新北市,True,3.24
2026-05-02 20:24:15,1638,家安藥局,新北市新莊區昌明街38-1號,0229911764,121.4564946,25.05237086,新莊區,新北市,True,3.24
2026-05-02 20:24:15,1639,新川藥局,新北市新莊區幸福路90號及92號1樓,0229910407,121.4562276,25.04947941,新莊區,新北市,True,3.24
2026-05-02 20:24:15,1640,環球藥局,新北市新莊區中港路436號1、2樓,0229901934,121.451994,25.05105409,新莊區,新北市,True,3.24
2026-05-02 20:24:15,1641,微笑埔銓藥局,新北市新莊區中平路77號,0229901680,121.4446891,25.04507178,新莊區,新北市,True,3.24
2026-05-02 20:24:15,1642,樂寶兒藥局,新北市新莊區中正路82-2號1樓,0229900185,121.457849,25.03777177,新莊區,新北市,True,3.24
2026-05-02 20:24:15,1643,聖安藥局,新北市三重區自強路2段48號,0229899576,121.4889562,25.06956243,三重區,新北市,True,3.72
2026-05-02 20:24:15,1644,聖泰藥局,新北市三重區仁義街229號,0229899187,121.4965142,25.08228316,三重區,新北市,True,3.72
2026-05-02 20:24:15,1645,興安藥局,新北市三重區正義北路275-1號,0229898140,121.4953091,25.07020216,三重區,新北市,True,3.72
2026-05-02 20:24:15,1646,合眾藥局,新北市三重區文化北路102巷39號,0229897379,121.4972461,25.06597294,三重區,新北市,True,3.72
2026-05-02 20:24:15,1647,禮隆藥局,新北市三重區自強路4段6４號,0229894735,121.4901302,25.07852945,三重區,新北市,True,3.72
2026-05-02 20:24:15,1648,向上藥局,新北市三重區正義北路191號2樓,0229883398,121.4963181,25.06806868,三重區,新北市,True,3.72
2026-05-02 20:24:15,1649,開元藥局,新北市三重區正義北路324號2樓,0229873976,121.4948622,25.07038823,三重區,新北市,True,3.72
2026-05-02 20:24:15,1650,禾華藥局,新北市三重區自強路5段8號1樓,0229871888,121.4921718,25.08043711,三重區,新北市,True,3.72
2026-05-02 20:24:15,1651,德河藥局,新北市三重區自強路1段320號,0229869850,121.4909963,25.06852867,三重區,新北市,True,3.72
2026-05-02 20:24:15,1652,匯豐藥局,新北市三重區大榮街50號,0229862127,121.4990816,25.06363297,三重區,新北市,True,3.72
2026-05-02 20:24:15,1653,松泰藥師藥局,新北市三重區大同北路65號,0229859593,121.4951545,25.06356637,三重區,新北市,True,3.72
2026-05-02 20:24:15,1654,優達藥局,新北市三重區大智街108號1樓,0229859159,121.4931899,25.06667477,三重區,新北市,True,3.72
2026-05-02 20:24:15,1655,力健藥局,新北市三重區自強路3段38號,0229856255,121.4867746,25.07266396,三重區,新北市,True,3.72
2026-05-02 20:24:15,1656,名成藥局,新北市三重區力行路1段182號,0229847828,121.4819506,25.07160116,三重區,新北市,True,3.72
2026-05-02 20:24:15,1657,德林藥局,新北市三重區中正北路572號,0229832019,121.4705142,25.07205255,三重區,新北市,True,3.72
2026-05-02 20:24:15,1658,三民藥師藥局,新北市三重區三民街134號,0229829328,121.482829,25.065031,三重區,新北市,True,3.72
2026-05-02 20:24:15,1659,佑民藥局,新北市三重區頂崁街211號,0229827022,121.4772853,25.06778276,三重區,新北市,True,3.72
2026-05-02 20:24:15,1660,江村藥局,新北市三重區重新路3段9號1樓,0229821515,121.4952753,25.06164763,三重區,新北市,True,3.72
2026-05-02 20:24:15,1661,福昌大藥局,新北市三重區溪尾街205號,0229814337,121.488595,25.08080569,三重區,新北市,True,3.72
2026-05-02 20:24:15,1662,祥順藥局,新北市三重區名源街20號1樓,0229811571,121.4819466,25.06052845,三重區,新北市,True,3.72
2026-05-02 20:24:15,1663,久洲藥局,新北市三重區長元街51-9號,0229791679,121.499886,25.06595345,三重區,新北市,True,3.72
2026-05-02 20:24:15,1664,承都藥局,新北市三重區中央南路44號1樓,0229785989,121.5014413,25.06202142,三重區,新北市,True,3.72
2026-05-02 20:24:15,1665,文慶藥局,新北市三重區泉州街78號,0229783154,121.4947579,25.05457487,三重區,新北市,True,3.72
2026-05-02 20:24:15,1666,東裕藥局,新北市三重區重新路4段122號,0229773255,121.4870126,25.05652177,三重區,新北市,True,3.72
2026-05-02 20:24:15,1667,甜心健康生活藥局,新北市三重區福祉里集美街45號1樓,0229762223,121.4880311,25.05542135,三重區,新北市,True,3.72
2026-05-02 20:24:15,1668,佳仁藥局,新北市三重區大同南路76號,0229759141,121.4961672,25.05931645,三重區,新北市,True,3.72
2026-05-02 20:24:15,1669,久泰藥局,新北市三重區仁愛街36號,0229751735,121.4963544,25.07192612,三重區,新北市,True,3.72
2026-05-02 20:24:15,1670,博安藥局,新北市三重區正義南路32號,0229751590,121.4982257,25.06116966,三重區,新北市,True,3.72
2026-05-02 20:24:15,1671,豐安藥局,新北市三重區三和路2段154巷18號1樓,0229746701,121.4984399,25.06819523,三重區,新北市,True,3.72
2026-05-02 20:24:15,1672,德慈藥局,新北市三重區重新路3段16號1樓,0229736693,121.4951251,25.06137745,三重區,新北市,True,3.72
2026-05-02 20:24:15,1673,仁厚藥局,新北市三重區仁賢街34號,0229736625,121.496516,25.07495808,三重區,新北市,True,3.72
2026-05-02 20:24:15,1674,吉本藥局,新北市三重區大同南路156號,0229736043,121.4965872,25.05767156,三重區,新北市,True,3.72
2026-05-02 20:24:15,1675,忠信藥局,新北市三重區仁興街32號,0229730020,121.4990712,25.07552358,三重區,新北市,True,3.72
2026-05-02 20:24:15,1676,義榮藥局,新北市三重區三和路2段142號1樓,0229727598,121.4995403,25.06825423,三重區,新北市,True,3.72
2026-05-02 20:24:15,1677,鴻成藥局,新北市三重區同安街113號,0229727025,121.4942653,25.05639902,三重區,新北市,True,3.72
2026-05-02 20:24:15,1678,吳廣隆藥局,新北市三重區長壽西街5-1號,0229715020,121.498021,25.06765328,三重區,新北市,True,3.72
2026-05-02 20:24:15,1679,建宏藥局,新北市三重區名源街16號,0229714533,121.4818989,25.0606509,三重區,新北市,True,3.72
2026-05-02 20:24:15,1680,國光藥師藥局,新北市板橋區國光路172號1樓,0229698217,121.4604916,25.01824649,板橋區,新北市,True,3.38
2026-05-02 20:24:15,1681,友虹藥師藥局,新北市板橋區國光路16號,0229691181,121.4570044,25.01738776,板橋區,新北市,True,3.38
2026-05-02 20:24:15,1682,快安藥局,新北市板橋區漢生西路31號1樓,0229685792,121.4631568,25.01829374,板橋區,新北市,True,3.38
2026-05-02 20:24:15,1683,長弘藥局,新北市板橋區龍泉街110號,0229674640,121.4568208,25.02454227,板橋區,新北市,True,3.38
2026-05-02 20:24:15,1684,一誠藥局,新北市板橋區府中路62號,0229673956,121.456857,25.00964704,板橋區,新北市,True,3.38
2026-05-02 20:24:15,1685,華傳綜合大藥局,新北市板橋區大智街40號,0229670029,121.4550243,25.0151493,板橋區,新北市,True,3.38
2026-05-02 20:24:15,1686,柏元藥局,新北市板橋區新生街25號,0229665768,121.4562163,25.02127502,板橋區,新北市,True,3.38
2026-05-02 20:24:15,1687,埔墘藥局,新北市板橋區中山路2段227號,0229646705,121.4769634,25.01740994,板橋區,新北市,True,3.38
2026-05-02 20:24:15,1688,欣祥藥局,新北市中和區民德路74-1號,0229646442,121.4686894,25.00167662,中和區,新北市,True,3.22
2026-05-02 20:24:15,1689,萬壽藥局,新北市板橋區四川路1段251號,0229617476,121.4598656,25.002564,板橋區,新北市,True,3.38
2026-05-02 20:24:15,1690,文德藥局,新北市板橋區國光路43號B1,0229603312,121.4576982,25.01783112,板橋區,新北市,True,3.38
2026-05-02 20:24:15,1691,翰林藥局,新北市板橋區中正路240號,0229602748,121.4556571,25.01906129,板橋區,新北市,True,3.38
2026-05-02 20:24:15,1692,家家藥局,新北市中和區民德路43號,0229590964,121.4689823,25.00219047,中和區,新北市,True,3.22
2026-05-02 20:24:15,1693,皇安藥局,新北市板橋區中山路2段241號,0229590929,121.4772446,25.0175714,板橋區,新北市,True,3.38
2026-05-02 20:24:15,1694,天立藥局,新北市中和區莒光路122號,0229578831,121.4723804,25.00173322,中和區,新北市,True,3.22
2026-05-02 20:24:15,1695,眾安大藥局,新北市板橋區長安街331巷78號,0229550742,121.4724302,25.01304669,板橋區,新北市,True,3.38
2026-05-02 20:24:15,1696,瑞益藥局,新北市土城區廣明街63巷4號,0229538598,121.4545844,24.99355741,土城區,新北市,True,3.81
2026-05-02 20:24:15,1697,盛宏藥局,新北市中和區華褔街54號,0229513273,121.5007369,24.99852093,中和區,新北市,True,3.22
2026-05-02 20:24:15,1698,顧藥局,新北市中和區圓通路140號,0229498215,121.498293,24.99583143,中和區,新北市,True,3.22
2026-05-02 20:24:15,1699,仙正藥局,新北市中和區福美路309號,0229498215,121.4969182,25.00472376,中和區,新北市,True,3.22
2026-05-02 20:24:15,1700,梓芳大藥局,新北市中和區圓通路278號,0229498215,121.4917928,24.99075568,中和區,新北市,True,3.22
2026-05-02 20:24:15,1701,建昌大藥局,新北市中和區華新街232巷17號,0229471537,121.5057241,24.98205688,中和區,新北市,True,3.22
2026-05-02 20:24:15,1702,亮安藥局,新北市中和區宜安路2號,0229469898,121.5135983,24.99555023,中和區,新北市,True,3.22
2026-05-02 20:24:15,1703,華新藥局,新北市中和區華新街73號,0229448345,121.5082434,24.98391922,中和區,新北市,True,3.22
2026-05-02 20:24:15,1704,民康藥局,新北市中和區忠孝街122號-1,0229434163,121.5122009,24.98581002,中和區,新北市,True,3.22
2026-05-02 20:24:15,1705,易安堂藥局,新北市永和區民光街22巷2號,0229431932,121.515906,24.99569816,永和區,新北市,True,3.13
2026-05-02 20:24:15,1706,信隆大藥局,新北市中和區安樂路6號,0229426196,121.5117759,24.9916767,中和區,新北市,True,3.22
2026-05-02 20:24:15,1707,慶華藥師藥局,新北市中和區華新街90號1樓,0229420666,121.5084501,24.98319951,中和區,新北市,True,3.22
2026-05-02 20:24:15,1708,義豐西藥局,新北市中和區景新街383巷4號,0229420169,121.5128765,24.99035375,中和區,新北市,True,3.22
2026-05-02 20:24:15,1709,劉永安藥局,新北市中和區景安路227號,0229408588,121.5043033,24.99122653,中和區,新北市,True,3.22
2026-05-02 20:24:15,1710,上元藥局,新北市中和區景平路160號2樓,0229408050,121.5173524,24.99224301,中和區,新北市,True,3.22
2026-05-02 20:24:15,1711,宏信藥局,新北市中和區永貞路262巷4號,0229294976,121.5138965,25.00390542,中和區,新北市,True,3.22
2026-05-02 20:24:15,1712,成功藥局,新北市永和區成功路1段133號,0229293622,121.5269284,25.00170616,永和區,新北市,True,3.13
2026-05-02 20:24:15,1713,友辰藥局,新北市永和區中正路380號1樓,0229267131,121.5177152,25.00123074,永和區,新北市,True,3.13
2026-05-02 20:24:15,1714,華特健康藥局,新北市永和區永貞路362號1樓,0229264391,121.5101761,25.0066708,永和區,新北市,True,3.13
2026-05-02 20:24:15,1715,台大藥局,新北市永和區保平路240號1樓,0229242484,121.509104,25.00542041,永和區,新北市,True,3.13
2026-05-02 20:24:15,1716,仁愛藥局,新北市永和區文化路63號,0229241687,121.514005,25.01505817,永和區,新北市,True,3.13
2026-05-02 20:24:15,1717,宗茂藥局,新北市永和區自由街35號,0229241687,121.5140634,25.00623382,永和區,新北市,True,3.13
2026-05-02 20:24:15,1718,仲景藥局,新北市永和區竹林路213巷1號,0229241687,121.5210287,25.0089271,永和區,新北市,True,3.13
2026-05-02 20:24:15,1719,御生藥局,新北市永和區中山路1段279號1樓,0229235658,121.5071039,25.00706231,永和區,新北市,True,3.13
2026-05-02 20:24:15,1720,新昇大藥局,新北市永和區永亨路122號,0229233161,121.5243365,25.00402985,永和區,新北市,True,3.13
2026-05-02 20:24:15,1721,林德興藥局,新北市中和區永貞路242巷9號,0229228026,121.514125,25.00401212,中和區,新北市,True,3.22
2026-05-02 20:24:15,1722,承德藥局,新北市永和區竹林路113號,0229216405,121.5199072,25.0117608,永和區,新北市,True,3.13
2026-05-02 20:24:15,1723,永達大藥局,新北市永和區大新街2號,0229213326,121.5144743,25.00852454,永和區,新北市,True,3.13
2026-05-02 20:24:15,1724,佳民藥局,新北市永和區永貞路238號,0229201678,121.5147625,25.0039679,永和區,新北市,True,3.13
2026-05-02 20:24:15,1725,維春藥局,新北市新店區民權路32號,0229185213,121.5408973,24.98302863,新店區,新北市,True,2.2
2026-05-02 20:24:15,1726,禾宜藥局,新北市新店區北新路3段128號1樓,0229150411,121.5416962,24.9818906,新店區,新北市,True,2.2
2026-05-02 20:24:15,1727,仁淵藥局,新北市新店區北宜路1段77號,0229128204,121.5386112,24.95635568,新店區,新北市,True,2.2
2026-05-02 20:24:15,1728,活元藥局,新北市新店區民族路49號1樓,0229125526,121.5403209,24.97854075,新店區,新北市,True,2.2
2026-05-02 20:24:15,1729,南和藥局,新北市新店區中正路58號,0229124220,121.5443738,24.97014189,新店區,新北市,True,2.2
2026-05-02 20:24:15,1730,大誠藥局,新北市新店區明德里北新路3段41號,0229113135,121.541833,24.98033396,新店區,新北市,True,2.2
2026-05-02 20:24:15,1731,華特藥局,新北市泰山區明志路1段260號,0229095662,121.4320894,25.0605246,泰山區,新北市,True,1.95
2026-05-02 20:24:15,1732,善耕藥局,新北市泰山區明志路2段362號,0229086656,121.4256446,25.04515838,泰山區,新北市,True,1.95
2026-05-02 20:24:15,1733,北安藥妝健康廣場佳康藥局,新北市新莊區雙鳳路27號1樓,0229069899,121.416511,25.02702456,新莊區,新北市,True,3.24
2026-05-02 20:24:15,1734,紅豆藥局,新北市新莊區龍安路78號1樓,0229047700,121.4173533,25.02089262,新莊區,新北市,True,3.24
2026-05-02 20:24:15,1735,富國藥局,新北市新莊區富國路31號,0229039334,121.4188948,25.02644814,新莊區,新北市,True,3.24
2026-05-02 20:24:15,1736,忠山藥局,新北市新莊區雙鳳路2號,0229027588,121.4175349,25.02687614,新莊區,新北市,True,3.24
2026-05-02 20:24:15,1737,旭生藥局,新北市新莊區裕民街42號1樓,0229021289,121.4187951,25.02502025,新莊區,新北市,True,3.24
2026-05-02 20:24:15,1738,晉成藥局,新北市新莊區中正路700-23號,0229017469,121.4187029,25.02789239,新莊區,新北市,True,3.24
2026-05-02 20:24:15,1739,睿康健保藥局,新北市新莊區龍安路49號1樓,0229015579,121.4158171,25.02151028,新莊區,新北市,True,3.24
2026-05-02 20:24:15,1740,建昌藥局,新北市新莊區中正路557號,0229015422,121.4283029,25.03232152,新莊區,新北市,True,3.24
2026-05-02 20:24:15,1741,三恩藥局,新北市三峽區復興路451號1樓,0228670737,121.3624558,24.93840995,三峽區,新北市,True,3.32
2026-05-02 20:24:15,1742,景安藥局,新北市中和區景德街141號1樓及景平路111巷60弄56號1樓,0228668215,121.5172631,24.99156484,中和區,新北市,True,3.22
2026-05-02 20:24:15,1743,保成藥局,新北市蘆洲區中華街49號,0228479802,121.4627181,25.0810732,蘆洲區,新北市,True,3.27
2026-05-02 20:24:15,1744,上全藥局,新北市淡水區民族路36號,0228098022,121.4613543,25.13621913,淡水區,新北市,True,1.89
2026-05-02 20:24:15,1745,竹圍春天生活藥局,新北市淡水區民權路89號1、2樓,0228082179,121.459943,25.13832138,淡水區,新北市,True,1.89
2026-05-02 20:24:15,1746,品康藥局,新北市汐止區湖前街47號1樓,0226957942,121.6319554,25.07004913,汐止區,新北市,True,2.74
2026-05-02 20:24:15,1747,博昱明峰大藥局,新北市汐止區明峰街129號1樓,0226955758,121.6305182,25.07067308,汐止區,新北市,True,2.74
2026-05-02 20:24:15,1748,全家藥局,新北市汐止區明峰街143號1樓,0226954990,121.6296736,25.070602,汐止區,新北市,True,2.74
2026-05-02 20:24:15,1749,巧能藥局,新北市汐止區福德一路209號1樓,0226942858,121.6350459,25.06540985,汐止區,新北市,True,2.74
2026-05-02 20:24:15,1750,湖前中西藥局,新北市汐止區湖前街45號1樓,0226925850,121.6319809,25.07000379,汐止區,新北市,True,2.74
2026-05-02 20:24:15,1751,汐芷藥局,新北市汐止區福德一路255號,0226924087,121.6334537,25.06446853,汐止區,新北市,True,2.74
2026-05-02 20:24:15,1752,江北藥局,新北市汐止區汐萬路1段33號,0226918870,121.6556839,25.06786274,汐止區,新北市,True,2.74
2026-05-02 20:24:15,1753,明川藥師藥局,新北市樹林區三福街1號,0226894728,121.4092688,25.01689953,樹林區,新北市,True,2.76
2026-05-02 20:24:15,1754,惠林藥局,新北市板橋區篤行路3段90號,0226878651,121.4262465,24.98490662,板橋區,新北市,True,3.38
2026-05-02 20:24:15,1755,聖和藥局,新北市樹林區太元街50號,0226836609,121.4183399,24.97966644,樹林區,新北市,True,2.76
2026-05-02 20:24:15,1756,鴻真藥局,新北市樹林區保安街1段20巷6號,0226828977,121.4276924,24.99363128,樹林區,新北市,True,2.76
2026-05-02 20:24:15,1757,新欣藥局,新北市板橋區金門街128號,0226828061,121.4327689,24.99117134,板橋區,新北市,True,3.38
2026-05-02 20:24:15,1758,博生藥師藥局,新北市樹林區文化街34號,0226825798,121.4189871,24.98819272,樹林區,新北市,True,2.76
2026-05-02 20:24:15,1759,耀鴻藥局,新北市樹林區中山路3段76號1樓,0226808989,121.3935953,24.9723936,樹林區,新北市,True,2.76
2026-05-02 20:24:15,1760,正宜藥局,新北市樹林區佳園路1段39號,0226805678,121.3930731,24.97085659,樹林區,新北市,True,2.76
2026-05-02 20:24:15,1761,藥濟藥局,新北市鶯歌區國慶街１50號,0226783377,121.3509111,24.95328033,鶯歌區,新北市,True,2.74
2026-05-02 20:24:15,1762,林政德西藥局,新北市鶯歌區建國路256號1樓,0226781412,121.3476674,24.95354031,鶯歌區,新北市,True,2.74
2026-05-02 20:24:15,1763,文瑞藥局,新北市鶯歌區尖山路296號,0226780589,121.340605,24.94436967,鶯歌區,新北市,True,2.74
2026-05-02 20:24:15,1764,大慶藥局,新北市樹林區鎮前街42-1號,0226759212,121.4258256,24.99276975,樹林區,新北市,True,2.76
2026-05-02 20:24:15,1765,久青藥局,新北市樹林區東華街33號,0226754326,121.4151017,24.98177198,樹林區,新北市,True,2.76
2026-05-02 20:24:15,1766,盛加藥局,新北市三峽區民生街49號1樓,0226739797,121.3755173,24.93620175,三峽區,新北市,True,3.32
2026-05-02 20:24:15,1767,惠慈藥局,新北市三峽區復興路66號,0226738688,121.3734365,24.93724236,三峽區,新北市,True,3.32
2026-05-02 20:24:15,1768,勝全藥局,新北市三峽區大同路27-1號1樓,0226736186,121.3769969,24.92839958,三峽區,新北市,True,3.32
2026-05-02 20:24:15,1769,盛禾藥局,新北市三峽區中山路243號1樓,0226735999,121.3625536,24.93719158,三峽區,新北市,True,3.32
2026-05-02 20:24:15,1770,升威藥局,新北市三峽區文化路23號1樓,0226731120,121.3730707,24.93585404,三峽區,新北市,True,3.32
2026-05-02 20:24:15,1771,恆豐藥局,新北市三峽區信義街24號,0226711325,121.3708077,24.93553718,三峽區,新北市,True,3.32
2026-05-02 20:24:15,1772,進安大藥局,新北市三峽區民生街174號,0226711125,121.3712627,24.93493008,三峽區,新北市,True,3.32
2026-05-02 20:24:15,1773,信東深坑北深藥局,新北市深坑區北深路3段103號1樓,0226648315,121.6055696,25.0017114,深坑區,新北市,True,2.35
2026-05-02 20:24:15,1774,介新大藥局,新北市深坑區文化街94號,0226648149,121.6172103,25.0019969,深坑區,新北市,True,2.35
2026-05-02 20:24:15,1775,福康藥粧藥局,新北市深坑區北深路3段175號1樓,0226646529,121.6016776,25.00351266,深坑區,新北市,True,2.35
2026-05-02 20:24:15,1776,永源藥局,新北市深坑區北深路3段174號1樓,0226643768,121.602284,25.00354001,深坑區,新北市,True,2.35
2026-05-02 20:24:15,1777,怡恩藥局,新北市深坑區埔新街67號,0226620285,121.6200682,25.00235999,深坑區,新北市,True,2.35
2026-05-02 20:24:15,1778,裕和藥局,新北市汐止區宜興街4號1樓,0226609119,121.621101,25.04125934,汐止區,新北市,True,2.74
2026-05-02 20:24:15,1779,幸福藥局,新北市汐止區大同路2段332號1、2樓,0226490127,121.6564612,25.06694279,汐止區,新北市,True,2.74
2026-05-02 20:24:15,1780,向日葵藥局,新北市汐止區大同路2段368號1樓,0226488877,121.6575835,25.06704969,汐止區,新北市,True,2.74
2026-05-02 20:24:15,1781,麒豐藥局,新北市汐止區樟樹一路135巷2號,0226434737,121.6421149,25.06560426,汐止區,新北市,True,2.74
2026-05-02 20:24:15,1782,天祥藥局,新北市汐止區鄉友街31號,0226433730,121.6685241,25.08137535,汐止區,新北市,True,2.74
2026-05-02 20:24:15,1783,秀峰藥局,新北市汐止區秀峰路65號1樓,0226433066,121.6599173,25.06457917,汐止區,新北市,True,2.74
2026-05-02 20:24:15,1784,青苗藥局,新北市汐止區忠孝東路242號1樓,0226425888,121.6627177,25.06710984,汐止區,新北市,True,2.74
2026-05-02 20:24:15,1785,德昌藥局,新北市汐止區中興路4號,0226423382,121.6374476,25.05919233,汐止區,新北市,True,2.74
2026-05-02 20:24:15,1786,春德堂藥局,新北市汐止區新台五路1段220號,0226422048,121.6561336,25.06310782,汐止區,新北市,True,2.74
2026-05-02 20:24:15,1787,永瑞藥局,新北市汐止區汐萬路1段10號,0226421863,121.6562198,25.06743214,汐止區,新北市,True,2.74
2026-05-02 20:24:15,1788,躍獅大同藥局,新北市汐止區新興路7號1樓,0226418399,121.6564631,25.06493261,汐止區,新北市,True,2.74
2026-05-02 20:24:15,1789,必進藥局,新北市汐止區茄苳路33號,0226416382,121.6654505,25.07092726,汐止區,新北市,True,2.74
2026-05-02 20:24:15,1790,汐止中西大藥局,新北市汐止區中正路四號,0226411746,121.6631594,25.07017205,汐止區,新北市,True,2.74
2026-05-02 20:24:15,1791,吉安康健保藥師藥局,新北市汐止區宜興街11號1樓,0226405881,121.6212721,25.04160271,汐止區,新北市,True,2.74
2026-05-02 20:24:15,1792,日昇藥局,新北市三芝區中山路1段54,0226362131,121.5024483,25.25587576,三芝區,新北市,True,2.6
2026-05-02 20:24:15,1793,璉恩藥局,新北市淡水區北新路131、133號,0226298454,121.4492286,25.17892066,淡水區,新北市,True,1.89
2026-05-02 20:24:15,1794,貝比爾藥局,新北市淡水區中山北路1段171號1樓,0226261577,121.4434248,25.17783872,淡水區,新北市,True,1.89
2026-05-02 20:24:15,1795,淡水春天生活藥局,新北市淡水區中山北路1段49號,0226257059,121.4416367,25.17551859,淡水區,新北市,True,1.89
2026-05-02 20:24:15,1796,伯宇藥局,新北市淡水區新春街103號-8,0226236006,121.440112,25.18229671,淡水區,新北市,True,1.89
2026-05-02 20:24:15,1797,尚運藥局,新北市淡水區學府路51巷1弄20號,0226225149,121.4473108,25.16891761,淡水區,新北市,True,1.89
2026-05-02 20:24:15,1798,正明藥局,新北市淡水區長興街42號,0226224025,121.4442425,25.17148464,淡水區,新北市,True,1.89
2026-05-02 20:24:15,1799,昇運藥局,新北市淡水區中山路157-1號,0226222083,121.4404744,25.17281444,淡水區,新北市,True,1.89
2026-05-02 20:24:15,1800,匯民藥局,新北市淡水區中山北路1段101號2樓,0226202620,121.4423937,25.17646247,淡水區,新北市,True,1.89
2026-05-02 20:24:15,1801,寶格麗藥局,新北市八里區華峰一街16號1樓,0226193008,121.3993381,25.1468729,八里區,新北市,True,2.0
2026-05-02 20:24:15,1802,小蘋果藥局,新北市八里區中山路1段229號,0226108206,121.4109827,25.15759576,八里區,新北市,True,2.0
2026-05-02 20:24:15,1803,大愛嘉安藥局,新北市八里區中山路2段422號1樓,0226107790,121.3998531,25.1476006,八里區,新北市,True,2.0
2026-05-02 20:24:15,1804,天康八里藥局,新北市八里區中山路2段367號,0226101569,121.3988157,25.14700902,八里區,新北市,True,2.0
2026-05-02 20:24:15,1805,狀元葯師藥局,新北市林口區文化二路1段62號1樓-1,0226096215,121.3654443,25.06825601,林口區,新北市,True,2.15
2026-05-02 20:24:15,1806,存明藥局,新北市林口區中山路91號,0226035658,121.3897571,25.07868997,林口區,新北市,True,2.15
2026-05-02 20:24:15,1807,長康藥局,新北市林口區中山路166號1樓,0226012661,121.3901729,25.07894322,林口區,新北市,True,2.15
2026-05-02 20:24:15,1808,宏宇藥局,新北市林口區中正路288號1樓,0226011878,121.3887115,25.07776164,林口區,新北市,True,2.15
2026-05-02 20:24:15,1809,麗園藥局,新北市林口區東勢里麗園一街6巷1-4號1樓,0226009405,121.3766058,25.07012159,林口區,新北市,True,2.15
2026-05-02 20:24:15,1810,旺林藥局,新北市林口區文化二路1段228號,0226000186,121.3697081,25.0724017,林口區,新北市,True,2.15
2026-05-02 20:24:15,1811,仁又堂藥局,新北市金山區信義路17號,0224982368,121.637324,25.22090807,金山區,新北市,True,2.26
2026-05-02 20:24:15,1812,崇德藥局,新北市瑞芳區明燈路3段39-11號1樓,0224976051,121.8068048,25.10785126,瑞芳區,新北市,True,5.02
2026-05-02 20:24:15,1813,瑞聯藥局,新北市瑞芳區明燈路3段11號,0224975852,121.8086144,25.10742591,瑞芳區,新北市,True,5.02
2026-05-02 20:24:15,1814,松南藥局,新北市雙溪區中華路29號,0224931085,121.8660562,25.03718079,雙溪區,新北市,True,2.04
2026-05-02 20:24:15,1815,瑞慶藥局,新北市瑞芳區大埔路130號,0224586386,121.7634994,25.10134115,瑞芳區,新北市,True,5.02
2026-05-02 20:24:15,1816,中正藥局,新北市永和區中正路439號,0223247318,121.5170952,25.00519237,永和區,新北市,True,3.13
2026-05-02 20:24:15,1817,健康藥師藥局,新北市泰山區明志路2段323號,0222972121,121.4264302,25.04599962,泰山區,新北市,True,1.95
2026-05-02 20:24:15,1818,北安藥妝藥局,新北市泰山區明志路2段61號,0222967199,121.4291926,25.05260082,泰山區,新北市,True,1.95
2026-05-02 20:24:15,1819,千家藥局,新北市泰山區明志路2段199號,0222962319,121.4275679,25.04912996,泰山區,新北市,True,1.95
2026-05-02 20:24:15,1820,立豪藥師藥局,新北市五股區工商路189號1樓,0222952479,121.4337501,25.08700461,五股區,新北市,True,3.15
2026-05-02 20:24:15,1821,五股聯成藥局,新北市五股區成泰路2段118號,0222942767,121.4379739,25.08338214,五股區,新北市,True,3.15
2026-05-02 20:24:15,1822,虹元藥局,新北市五股區自強路56號,0222925067,121.4331031,25.07364522,五股區,新北市,True,3.15
2026-05-02 20:24:15,1823,成泰藥局,新北市五股區成泰路1段143號1樓,0222924305,121.4353575,25.07307666,五股區,新北市,True,3.15
2026-05-02 20:24:15,1824,泰明藥局,新北市蘆洲區長榮路67號,0222898655,121.4621958,25.08350867,蘆洲區,新北市,True,3.27
2026-05-02 20:24:15,1825,上群藥師藥局,新北市蘆洲區民族路287號1樓,0222898275,121.4754919,25.09096117,蘆洲區,新北市,True,3.27
2026-05-02 20:24:15,1826,施藥局,新北市蘆洲區信義路230號,0222898116,121.478752,25.08586142,蘆洲區,新北市,True,3.27
2026-05-02 20:24:15,1827,華信藥局,新北市蘆洲區民族路154號1樓,0222898116,121.4795946,25.08611155,蘆洲區,新北市,True,3.27
2026-05-02 20:24:15,1828,群欣藥局,新北市蘆洲區長安街118號2樓,0222894815,121.460722,25.08172346,蘆洲區,新北市,True,3.27
2026-05-02 20:24:15,1829,華興藥師藥局,新北市蘆洲區中山一路184號1樓,0222893899,121.4738682,25.08104304,蘆洲區,新北市,True,3.27
2026-05-02 20:24:15,1830,百分百藥局,新北市蘆洲區中山二路48號2樓,0222890237,121.473914,25.08224867,蘆洲區,新北市,True,3.27
2026-05-02 20:24:15,1831,乙安藥局,新北市蘆洲區長安街179號1樓,0222888277,121.4606518,25.08157632,蘆洲區,新北市,True,3.27
2026-05-02 20:24:15,1832,松展多利日式連鎖藥粧藥局,新北市蘆洲區民族路161號,0222882586,121.4793328,25.08816463,蘆洲區,新北市,True,3.27
2026-05-02 20:24:15,1833,家福藥局,新北市三重區仁愛街682號,0222877692,121.4817424,25.08026398,三重區,新北市,True,3.72
2026-05-02 20:24:15,1834,三興藥局,新北市三重區三和路4段390巷24號,0222874139,121.4813408,25.07879822,三重區,新北市,True,3.72
2026-05-02 20:24:15,1835,義中藥局,新北市三重區大同北路107號,0222874139,121.494201,25.06421011,三重區,新北市,True,3.72
2026-05-02 20:24:15,1836,合康健保藥局,新北市三重區三和路4段384號1樓,0222869999,121.4823746,25.07889758,三重區,新北市,True,3.72
2026-05-02 20:24:15,1837,慈生藥局,新北市三重區車路頭街110號,0222860619,121.4842286,25.0749549,三重區,新北市,True,3.72
2026-05-02 20:24:15,1838,周興隆藥局,新北市三重區三和路4段181巷48號,0222860084,121.4835808,25.07935657,三重區,新北市,True,3.72
2026-05-02 20:24:15,1839,和泰藥師藥局,新北市蘆洲區復興路69號1樓,0222859818,121.4760443,25.08732746,蘆洲區,新北市,True,3.27
2026-05-02 20:24:15,1840,龍安藥局,新北市蘆洲區復興路67號1樓,0222850310,121.4760049,25.08730847,蘆洲區,新北市,True,3.27
2026-05-02 20:24:15,1841,全佑藥局,新北市蘆洲區三民路11號1樓,0222833032,121.475695,25.08217065,蘆洲區,新北市,True,3.27
2026-05-02 20:24:15,1842,天士藥局,新北市蘆洲區中正路36號,0222818227,121.4712665,25.0823679,蘆洲區,新北市,True,3.27
2026-05-02 20:24:15,1843,世全藥局,新北市蘆洲區民生街133號1樓,0222817386,121.4725348,25.07918076,蘆洲區,新北市,True,3.27
2026-05-02 20:24:15,1844,蘋果藥妝藥局,新北市蘆洲區光華路172號1樓,0222812162,121.4652248,25.08221558,蘆洲區,新北市,True,3.27
2026-05-02 20:24:15,1845,大政藥局,新北市蘆洲區中山二路75號１樓,0222811126,121.4733037,25.0819003,蘆洲區,新北市,True,3.27
2026-05-02 20:24:15,1846,欣泰藥局,新北市蘆洲區民族路407號,0222810177,121.4690425,25.08979205,蘆洲區,新北市,True,3.27
2026-05-02 20:24:15,1847,祥和藥局,新北市三重區三和路4段374號2樓,0222807522,121.4826595,25.07874479,三重區,新北市,True,3.72
2026-05-02 20:24:15,1848,新莊健業藥局,新北市新莊區昌平街37號1樓至2樓,0222798088,121.4546574,25.05221316,新莊區,新北市,True,3.24
2026-05-02 20:24:15,1849,健業藥妝藥局,新北市新莊區中和街130號1樓,0222796279,121.4475041,25.04808578,新莊區,新北市,True,3.24
2026-05-02 20:24:15,1850,心安藥局,新北市新莊區新泰路193號2樓,0222779773,121.4472093,25.03797161,新莊區,新北市,True,3.24
2026-05-02 20:24:15,1851,陽光連鎖藥局,新北市新莊區中信街40號1樓,0222774399,121.4497828,25.05089225,新莊區,新北市,True,3.24
2026-05-02 20:24:15,1852,永安藥局,新北市新莊區中港路321號2樓,0222765900,121.452436,25.04492603,新莊區,新北市,True,3.24
2026-05-02 20:24:15,1853,仁耀藥局,新北市板橋區板橋大觀路2段19巷93號1樓,0222755417,121.4590657,25.00961339,板橋區,新北市,True,3.38
2026-05-02 20:24:15,1854,旭成藥局,新北市板橋區大觀路2段37巷36號,0222755327,121.4485217,25.00265756,板橋區,新北市,True,3.38
2026-05-02 20:24:15,1855,家泰藥局,新北市土城區青雲路181號1、2樓,0222749490,121.4593058,24.98284865,土城區,新北市,True,3.81
2026-05-02 20:24:15,1856,小倉藥局,新北市土城區青雲路190號1樓,0222744257,121.459072,24.98220628,土城區,新北市,True,3.81
2026-05-02 20:24:15,1857,元蒼藥局,新北市土城區學府路1段69號1樓,0222733868,121.4571222,24.98825444,土城區,新北市,True,3.81
2026-05-02 20:24:15,1858,三豐藥局,新北市土城區永豐路135巷8號,0222733766,121.4671968,24.98333447,土城區,新北市,True,3.81
2026-05-02 20:24:15,1859,瑞明藥局,新北市板橋區文化路1段17號,0222728467,121.4577845,25.01023604,板橋區,新北市,True,3.38
2026-05-02 20:24:15,1860,志仁藥局,新北市土城區學府路1段102號,0222727222,121.4559097,24.98790499,土城區,新北市,True,3.81
2026-05-02 20:24:15,1861,凱一藥局,新北市土城區裕民路92巷21弄8號1樓,0222707679,121.450139,24.98628822,土城區,新北市,True,3.81
2026-05-02 20:24:15,1862,成康藥局,新北市土城區學府路1段188號1樓,0222706596,121.4532298,24.98613488,土城區,新北市,True,3.81
2026-05-02 20:24:15,1863,健業藥局,新北市土城區中央路2段223-10號,0222704798,121.4419119,24.97529626,土城區,新北市,True,3.81
2026-05-02 20:24:15,1864,順儷學府藥局,新北市土城區學府路1段144巷2號1樓,0222701979,121.4549493,24.98728152,土城區,新北市,True,3.81
2026-05-02 20:24:15,1865,振鑫中西藥局,新北市土城區中央路4段210號1樓,0222686663,121.4157517,24.95741692,土城區,新北市,True,3.81
2026-05-02 20:24:15,1866,頂埔藥局,新北市土城區中央路4段170號,0222682915,121.4167784,24.95812314,土城區,新北市,True,3.81
2026-05-02 20:24:15,1867,正仁藥局,新北市土城區中央路4段240號,0222682516,121.4152823,24.95709305,土城區,新北市,True,3.81
2026-05-02 20:24:15,1868,全家健康藥局,新北市土城區中央路4段288號,0222678143,121.4142609,24.95639334,土城區,新北市,True,3.81
2026-05-02 20:24:15,1869,誠安藥局,新北市土城區中央路4段36號1樓,0222677737,121.4207001,24.9608811,土城區,新北市,True,3.81
2026-05-02 20:24:15,1870,景紀大藥局,新北市土城區學成路34號,0222668550,121.4526738,24.98729725,土城區,新北市,True,3.81
2026-05-02 20:24:15,1871,盛安大藥局,新北市土城區中央路1段258號1樓,0222668525,121.4442037,24.98435578,土城區,新北市,True,3.81
2026-05-02 20:24:15,1872,大眾藥局,新北市土城區明街6巷1號,0222666057,121.4419917,24.9748628,土城區,新北市,True,3.81
2026-05-02 20:24:15,1873,誠恩藥局,新北市土城區金城路3段137號1樓,0222665533,121.4681676,24.98818411,土城區,新北市,True,3.81
2026-05-02 20:24:15,1874,崇愛藥局,新北市土城區永豐路17號,0222665506,121.462601,24.98824943,土城區,新北市,True,3.81
2026-05-02 20:24:15,1875,祥發藥局,新北市土城區青雲路255號,0222655056,121.4591564,24.98089853,土城區,新北市,True,3.81
2026-05-02 20:24:15,1876,協成藥局,新北市土城區延吉街333號,0222653212,121.4651543,24.9841136,土城區,新北市,True,3.81
2026-05-02 20:24:15,1877,大欣藥局,新北市土城區裕民路251號,0222653208,121.4546421,24.9830509,土城區,新北市,True,3.81
2026-05-02 20:24:15,1878,尚安藥師藥局,新北市土城區中央路2段223-3號1樓,0222647622,121.4419119,24.97529626,土城區,新北市,True,3.81
2026-05-02 20:24:15,1879,城安大藥局,新北市土城區金城路3段40號,0222646561,121.4655853,24.98639052,土城區,新北市,True,3.81
2026-05-02 20:24:15,1880,裕民藥局,新北市土城區裕民路255-5號1樓,0222645874,121.4547903,24.98289614,土城區,新北市,True,3.81
2026-05-02 20:24:15,1881,順儷明德藥局,新北市土城區明德路2段139、141號1樓,0222644779,121.4486981,24.98271152,土城區,新北市,True,3.81
2026-05-02 20:24:15,1882,元崇藥局,新北市土城區金城路3段176-1號2樓,0222643076,121.4677353,24.98755229,土城區,新北市,True,3.81
2026-05-02 20:24:15,1883,鄭家藥局,新北市土城區清水路127號1樓,0222640005,121.457902,24.98169628,土城區,新北市,True,3.81
2026-05-02 20:24:15,1884,立康藥局,新北市土城區中央路2段238號2樓,0222636123,121.4418619,24.97496625,土城區,新北市,True,3.81
2026-05-02 20:24:15,1885,土城金城藥局,新北市土城區裕民路280號1、2樓,0222631616,121.455422,24.98200628,土城區,新北市,True,3.81
2026-05-02 20:24:15,1886,樂利藥局,新北市土城區裕民路77號1樓,0222630092,121.4498194,24.98750626,土城區,新北市,True,3.81
2026-05-02 20:24:15,1887,祥安大藥局,新北市土城區立德路42-1號1樓,0222629707,121.4635654,24.98730145,土城區,新北市,True,3.81
2026-05-02 20:24:15,1888,城康藥局,新北市土城區中央路2段2號1、2樓,0222628171,121.4429119,24.98090628,土城區,新北市,True,3.81
2026-05-02 20:24:15,1889,大業藥局,新北市土城區青仁路41號1樓,0222626791,121.4599391,24.9785384,土城區,新北市,True,3.81
2026-05-02 20:24:15,1890,裕生藥局,新北市土城區裕生路4號,0222624919,121.4483589,24.98779804,土城區,新北市,True,3.81
2026-05-02 20:24:15,1891,博盛健保藥局,新北市土城區立德路66號2樓,0222622331,121.4639995,24.98682003,土城區,新北市,True,3.81
2026-05-02 20:24:15,1892,順儷金城藥局,新北市土城區金城路3段147號1樓,0222621590,121.468432,24.9883329,土城區,新北市,True,3.81
2026-05-02 20:24:15,1893,博惠藥局,新北市土城區中央路1段249巷20號,0222618337,121.4462596,24.98538312,土城區,新北市,True,3.81
2026-05-02 20:24:15,1894,學府實和藥局,新北市土城區學府路1段121號,0222612111,121.4553203,24.98727146,土城區,新北市,True,3.81
2026-05-02 20:24:15,1895,學安藥師藥局,新北市土城區學府路1段211號1樓,0222610565,121.4516304,24.98446929,土城區,新北市,True,3.81
2026-05-02 20:24:15,1896,儷生藥局,新北市土城區金城路2段390號1樓,0222609911,121.4636263,24.98557427,土城區,新北市,True,3.81
2026-05-02 20:24:15,1897,久達藥局,新北市土城區中央路3段47號,0222606982,121.4390967,24.96976755,土城區,新北市,True,3.81
2026-05-02 20:24:15,1898,惠蒼藥局,新北市土城區中央路2段216號1樓,0222606812,121.4419119,24.97548626,土城區,新北市,True,3.81
2026-05-02 20:24:15,1899,心中外藥局,新北市土城區中央路2段157號,0222603023,121.4421126,24.97648612,土城區,新北市,True,3.81
2026-05-02 20:24:15,1900,宏吉藥局,新北市板橋區自由路54號,0222570407,121.4657951,25.02357774,板橋區,新北市,True,3.38
2026-05-02 20:24:15,1901,友祥藥局,新北市板橋區裕民街107號,0222566497,121.459861,25.0277346,板橋區,新北市,True,3.38
2026-05-02 20:24:15,1902,立昇藥局,新北市板橋區新海路72巷8號,0222564539,121.4623604,25.02196888,板橋區,新北市,True,3.38
2026-05-02 20:24:15,1903,義友藥局,新北市板橋區陽明街8號,0222563455,121.4667411,25.02173428,板橋區,新北市,True,3.38
2026-05-02 20:24:15,1904,新埔藥局,新北市板橋區自由路2號,0222558878,121.4654479,25.02221608,板橋區,新北市,True,3.38
2026-05-02 20:24:15,1905,宏周藥局,新北市板橋區文化路2段5號,0222551438,121.4684662,25.02426212,板橋區,新北市,True,3.38
2026-05-02 20:24:15,1906,優良藥局,新北市板橋區莊敬路93號,0222550251,121.4726824,25.02628176,板橋區,新北市,True,3.38
2026-05-02 20:24:15,1907,廣益藥局,新北市板橋區自由路21號,0222547485,121.4654455,25.02296136,板橋區,新北市,True,3.38
2026-05-02 20:24:15,1908,杏泰藥局,新北市板橋區雙十路2段4-7號,0222511834,121.4772486,25.02552467,板橋區,新北市,True,3.38
2026-05-02 20:24:15,1909,福雄藥局,新北市中和區景平路540號,0222499894,121.5024858,24.99480943,中和區,新北市,True,3.22
2026-05-02 20:24:15,1910,大榮藥局,新北市中山路2段127號,0222497965,121.4653487,25.01216836,中山路,新北市,True,
2026-05-02 20:24:15,1911,惠民藥局,新北市中和區中興街153號1樓,0222475303,121.5000239,24.99104749,中和區,新北市,True,3.22
2026-05-02 20:24:15,1912,悅聖藥局,新北市中和區圓通路149號1樓,0222470133,121.4983526,24.9956688,中和區,新北市,True,3.22
2026-05-02 20:24:15,1913,宏恩藥局,新北市永和區中正路143號,0222452450,121.5162074,24.99827185,永和區,新北市,True,3.13
2026-05-02 20:24:15,1914,安康藥局,新北市中和區圓通路309號,0222450837,121.4932419,24.99074332,中和區,新北市,True,3.22
2026-05-02 20:24:15,1915,藥安藥局,新北市中和區廣福路16號1樓,0222447066,121.5051562,25.00276747,中和區,新北市,True,3.22
2026-05-02 20:24:15,1916,建琳藥局,新北市中和區景安路202-1號,0222427887,121.5040294,24.99122507,中和區,新北市,True,3.22
2026-05-02 20:24:15,1917,三越藥局,新北市中和區復興路277號1樓,0222427215,121.5023828,24.99019646,中和區,新北市,True,3.22
2026-05-02 20:24:15,1918,安華藥局,新北市中和區圓通路293-2號2樓,0222426010,121.494973,24.99249238,中和區,新北市,True,3.22
2026-05-02 20:24:15,1919,田邊藥局,新北市中和區泰和街43號1樓,0222407725,121.4991094,24.99942241,中和區,新北市,True,3.22
2026-05-02 20:24:15,1920,新雙和藥師藥局,新北市中和區中正路281-8號1樓,0222404276,121.4948614,24.99370739,中和區,新北市,True,3.22
2026-05-02 20:24:15,1921,上安藥局,新北市永和區仁愛路62號1樓,0222328565,121.5133829,25.01344018,永和區,新北市,True,3.13
2026-05-02 20:24:15,1922,宏瑞藥局,新北市永和區文化路78號,0222311663,121.5140848,25.01522784,永和區,新北市,True,3.13
2026-05-02 20:24:15,1923,瑞發藥局,新北市中和區民享街56-1號,0222235319,121.4739812,25.00240237,中和區,新北市,True,3.22
2026-05-02 20:24:15,1924,欣大藥局,新北市中和區連城路372-3號3樓,0222217036,121.4817026,24.99543561,中和區,新北市,True,3.22
2026-05-02 20:24:15,1925,國新藥局,新北市中和區員山路146-4號,0222212322,121.4809931,24.99629115,中和區,新北市,True,3.22
2026-05-02 20:24:15,1926,吉順藥局,新北市新店區安康路2段225號,0222119587,121.5086387,24.95871125,新店區,新北市,True,2.2
2026-05-02 20:24:15,1927,碧潭大藥局,新北市新店區碧潭路41號1樓,0222112271,121.5341574,24.95641977,新店區,新北市,True,2.2
2026-05-02 20:24:15,1928,記安大藥局,新北市新莊區天祥街46號1樓,0222095331,121.4167821,25.02893449,新莊區,新北市,True,3.24
2026-05-02 20:24:15,1929,春元藥局,新北市新莊區龍安路278巷2號1樓,0222085202,121.4221527,25.01918824,新莊區,新北市,True,3.24
2026-05-02 20:24:15,1930,招安藥師藥局,新北市新莊區西盛街338號1樓,0222085138,121.4279616,25.01436404,新莊區,新北市,True,3.24
2026-05-02 20:24:15,1931,禾佳藥局,新北市新莊區民安西路154號1樓,0222080189,121.4260643,25.01641614,新莊區,新北市,True,3.24
2026-05-02 20:24:15,1932,鼎極藥局,新北市新莊區民安西路376號-1、-3,0222073228,121.4275031,25.01061888,新莊區,新北市,True,3.24
2026-05-02 20:24:15,1933,八德藥局,新北市新莊區八德街3號2樓,0222071315,121.4255618,25.02269926,新莊區,新北市,True,3.24
2026-05-02 20:24:15,1934,健安藥局,新北市新莊區民安西路209號1樓,0222070391,121.4260604,25.01470225,新莊區,新北市,True,3.24
2026-05-02 20:24:15,1935,立威藥局,新北市新莊區民安西路6號1樓,0222068690,121.4264449,25.02180602,新莊區,新北市,True,3.24
2026-05-02 20:24:15,1936,世鴻藥局,新北市新莊區民安路137巷2弄2號1樓,0222066722,121.4254102,25.02423284,新莊區,新北市,True,3.24
2026-05-02 20:24:15,1937,吉田藥局,新北市新莊區西盛街313號,0222065185,121.4281333,25.01516344,新莊區,新北市,True,3.24
2026-05-02 20:24:15,1938,福營藥局,新北市新莊區富國路107號2樓,0222059697,121.4234339,25.02506562,新莊區,新北市,True,3.24
2026-05-02 20:24:15,1939,躍獅新豐藥局,新北市新莊區豐年街16號1樓,0222058055,121.4462881,25.03279187,新莊區,新北市,True,3.24
2026-05-02 20:24:15,1940,日榮藥局,新北市新莊區龍安路461號1樓,0222056955,121.4248361,25.01860061,新莊區,新北市,True,3.24
2026-05-02 20:24:15,1941,康民藥局,新北市新莊區富國路110號1樓,0222054439,121.4219851,25.02520235,新莊區,新北市,True,3.24
2026-05-02 20:24:15,1942,瑞豐大藥局,新北市新莊區後港一路105號1樓,0222049932,121.4283307,25.02716609,新莊區,新北市,True,3.24
2026-05-02 20:24:15,1943,恩泰藥局,新北市新莊區民安西路265號-1,0222049650,121.4262434,25.01289299,新莊區,新北市,True,3.24
2026-05-02 20:24:15,1944,宏發藥局,新北市新莊區民安西路263號1樓,0222048303,121.4261811,25.01306516,新莊區,新北市,True,3.24
2026-05-02 20:24:15,1945,喜悅藥局,新北市新莊區後港一路55號1樓,0222047442,121.4261859,25.02650627,新莊區,新北市,True,3.24
2026-05-02 20:24:15,1946,紫竹藥師藥局,新北市新莊區龍安路323號1樓,0222046595,121.4217617,25.01959105,新莊區,新北市,True,3.24
2026-05-02 20:24:15,1947,大愛藥師藥局,新北市新莊區後港一路69號1樓,0222042119,121.4266898,25.02666367,新莊區,新北市,True,3.24
2026-05-02 20:24:15,1948,大林藥局,新北市新莊區後港一路31巷1弄1號,0222040519,121.4251138,25.02640616,新莊區,新北市,True,3.24
2026-05-02 20:24:15,1949,羽豐藥局,新北市新莊區新莊路382號1樓,0222029812,121.449102,25.03355156,新莊區,新北市,True,3.24
2026-05-02 20:24:15,1950,森活藥局,新北市新莊區民安路220-1號,0222027927,121.4259809,25.02259176,新莊區,新北市,True,3.24
2026-05-02 20:24:15,1951,真安綜合大藥局,新北市新莊區四維路205號1樓,0222026188,121.4219227,25.02037486,新莊區,新北市,True,3.24
2026-05-02 20:24:15,1952,德翰藥局,新北市新莊區四維路171巷1至3號,0222025576,121.4226638,25.02147258,新莊區,新北市,True,3.24
2026-05-02 20:24:15,1953,凱盛藥局,新北市新莊區西盛街199號,0222024914,121.4282028,25.01706227,新莊區,新北市,True,3.24
2026-05-02 20:24:15,1954,可樂藥局,新北市新莊區建安街45號1樓,0222023885,121.4287306,25.02553855,新莊區,新北市,True,3.24
2026-05-02 20:24:15,1955,海山藥局,新北市新莊區景德路425號,0222019804,121.4446747,25.0333133,新莊區,新北市,True,3.24
2026-05-02 20:24:15,1956,錦安藥局,新北市新莊區民安路201號1樓,0222011242,121.4262619,25.02245899,新莊區,新北市,True,3.24
2026-05-02 20:24:15,1957,新杏藥局,新北市新莊區新泰路99號1樓,0222011012,121.4490285,25.03496829,新莊區,新北市,True,3.24
2026-05-02 20:24:15,1958,雙十健保藥局,新北市板橋區雙十路2段138號2樓,0282537713,121.4737964,25.02905804,板橋區,新北市,True,3.38
2026-05-02 20:24:15,1959,樂心藥局,新北市板橋區中山路2段160號1樓,0229636339,121.4768732,25.01705536,板橋區,新北市,True,3.38
2026-05-02 20:24:15,1960,仁泰藥局,新北市板橋區四川路2段33號1樓,0289672133,121.4543391,24.99536549,板橋區,新北市,True,3.38
2026-05-02 20:24:15,1961,晉麟藥局,新北市板橋區懷德街78巷4號,0222509069,121.4780476,25.03163614,板橋區,新北市,True,3.38
2026-05-02 20:24:15,1962,長欣藥師藥局,新北市板橋區中山路2段505巷36號,0229585308,121.4820988,25.02245633,板橋區,新北市,True,3.38
2026-05-02 20:24:15,1963,谷全藥局,新北市板橋區裕民街49號,0222561856,121.4613459,25.02850779,板橋區,新北市,True,3.38
2026-05-02 20:24:15,1964,擎天藥局,新北市板橋區重慶路235號1樓,0289525981,121.4631611,25.00089693,板橋區,新北市,True,3.38
2026-05-02 20:24:15,1965,汐止健康人生藥局,新北市汐止區忠孝東路269號,0286421820,121.6633132,25.06808563,汐止區,新北市,True,2.74
2026-05-02 20:24:15,1966,建忠藥局,新北市汐止區建成路37巷11號1樓,0226422101,121.6635275,25.07244647,汐止區,新北市,True,2.74
2026-05-02 20:24:15,1967,健康小站藥局,新北市深坑區埔新里北深路2段75號,0226629568,121.6183585,25.00373462,深坑區,新北市,True,2.35
2026-05-02 20:24:15,1968,唱安藥局,新北市瑞芳區魚坑路43號,0224977838,121.790434,25.10976703,瑞芳區,新北市,True,5.02
2026-05-02 20:24:15,1969,麗安藥局,新北市瑞芳區明燈路3段56號,0224970823,121.806939,25.10803995,瑞芳區,新北市,True,5.02
2026-05-02 20:24:15,1970,伊達藥局,新北市瑞芳區明燈路3段36號,0224969654,121.8077104,25.10787649,瑞芳區,新北市,True,5.02
2026-05-02 20:24:15,1971,大埔藥局,新北市瑞芳區大埔路128-3號1樓,0224587020,121.7620411,25.10095382,瑞芳區,新北市,True,5.02
2026-05-02 20:24:15,1972,瑞芳東亞大藥局,新北市瑞芳區中正路84號,0224961079,121.8054718,25.10773301,瑞芳區,新北市,True,5.02
2026-05-02 20:24:15,1973,揚明藥局,新北市瑞芳區民族街2號1樓,0224970925,121.8069356,25.10759883,瑞芳區,新北市,True,5.02
2026-05-02 20:24:15,1974,本平藥局,新北市瑞芳區瑞芳街45號,0224972167,121.8021457,25.11007427,瑞芳區,新北市,True,5.02
2026-05-02 20:24:15,1975,金美藥局,新北市新店區北新路3段138號1樓,0229146365,121.5416396,24.9821249,新店區,新北市,True,2.2
2026-05-02 20:24:15,1976,信龍大藥局,新北市新店區安康路2段五十六號,0222115533,121.5150485,24.96385164,新店區,新北市,True,2.2
2026-05-02 20:24:15,1977,佳泰藥局,新北市新店區建國路224號1樓,0289193422,121.5378035,24.9813828,新店區,新北市,True,2.2
2026-05-02 20:24:15,1978,玫瑰健保藥局,新北市新店區玫瑰路36號1樓,0222140036,121.4954045,24.95002967,新店區,新北市,True,2.2
2026-05-02 20:24:15,1979,安和藥局,新北市新店區安和路3段137號1樓,0286685309,121.5169768,24.98530209,新店區,新北市,True,2.2
2026-05-02 20:24:15,1980,康杏安藥局,新北市永和區保平路60號1樓,0229298968,121.5110905,25.00691687,永和區,新北市,True,3.13
2026-05-02 20:24:15,1981,博昇藥局,新北市永和區仁愛路22號1樓,0229267273,121.514771,25.01360678,永和區,新北市,True,3.13
2026-05-02 20:24:15,1982,宸安藥局,新北市永和區得和路385號1樓,0222328274,121.525101,24.99942531,永和區,新北市,True,3.13
2026-05-02 20:24:15,1983,竹林藥局,新北市永和區竹林路181號2樓,0289266818,121.5206485,25.00969048,永和區,新北市,True,3.13
2026-05-02 20:24:15,1984,德美藥局,新北市永和區中正路455號1樓,0229274951,121.5169715,25.00569204,永和區,新北市,True,3.13
2026-05-02 20:24:15,1985,威安藥局,新北市中和區景新街328號1樓,0229485117,121.5117736,24.99104693,中和區,新北市,True,3.22
2026-05-02 20:24:15,1986,杏安藥局,新北市中和區莊敬路35號1樓,0222430281,121.5006862,25.00502643,中和區,新北市,True,3.22
2026-05-02 20:24:15,1987,璟福藥局,新北市中和區安平路76號1樓,0229408669,121.5110397,24.99651825,中和區,新北市,True,3.22
2026-05-02 20:24:15,1988,健鼎藥局,新北市土城區學府路1段117號,0222633469,121.4554358,24.98734773,土城區,新北市,True,3.81
2026-05-02 20:24:15,1989,學府松藥局,新北市土城區學府路1段38號1、2樓,0282628665,121.4580272,24.98854426,土城區,新北市,True,3.81
2026-05-02 20:24:15,1990,陽光活力藥局,新北市土城區延和路103號1樓,0222610590,121.4675423,24.99024037,土城區,新北市,True,3.81
2026-05-02 20:24:15,1991,優嘉藥師連鎖藥局,新北市土城區中央路2段117號1樓,0282629788,121.4421602,24.97749867,土城區,新北市,True,3.81
2026-05-02 20:24:15,1992,佑安藥局,新北市土城區清水路334號2樓,0222643960,121.4641405,24.98558047,土城區,新北市,True,3.81
2026-05-02 20:24:15,1993,大家好學成藥局,新北市三峽區大學路87號1樓,0226747022,121.3758925,24.94170726,三峽區,新北市,True,3.32
2026-05-02 20:24:15,1994,大新藥局,新北市三峽區大義路259號1樓,9.22E+08,121.3773983,24.94638519,三峽區,新北市,True,3.32
2026-05-02 20:24:15,1995,盛台藥局,新北市三峽區大學路108號1、2樓,0226722730,121.3749568,24.94380295,三峽區,新北市,True,3.32
2026-05-02 20:24:15,1996,悅兒藥局,新北市三峽區學成路329號1樓,0286741633,121.3770399,24.94491922,三峽區,新北市,True,3.32
2026-05-02 20:24:15,1997,有新藥局,新北市三峽區學勤路18號1樓,0226710769,121.3741564,24.94539925,三峽區,新北市,True,3.32
2026-05-02 20:24:15,1998,三峽藥局,新北市三峽區介壽路1段27號1樓,0226738868,121.375674,24.93321504,三峽區,新北市,True,3.32
2026-05-02 20:24:15,1999,益銘藥師藥局,新北市三峽區大德路181號1樓,0226723662,121.3753233,24.94573157,三峽區,新北市,True,3.32
2026-05-02 20:24:15,2000,中園藥局,新北市三峽區弘園街37號1樓,0226733237,121.3671974,24.92753179,三峽區,新北市,True,3.32
2026-05-02 20:24:15,2001,三峽大昌藥局,新北市三峽區民生街56號,0226711560,121.3751941,24.93637547,三峽區,新北市,True,3.32
2026-05-02 20:24:15,2002,前回春藥局,新北市樹林區中山路1段56號,0226812167,121.4236426,24.99205275,樹林區,新北市,True,2.76
2026-05-02 20:24:15,2003,弘昌藥師藥局,新北市樹林區保安街1段65號1樓,0226871276,121.4232366,24.99491225,樹林區,新北市,True,2.76
2026-05-02 20:24:15,2004,琉璃水藥師藥局,新北市樹林區龍興街21號1樓,0226764262,121.4029847,25.01613604,樹林區,新北市,True,2.76
2026-05-02 20:24:15,2005,彰安藥局,新北市樹林區千歲街82號,0226827341,121.4264369,24.99771613,樹林區,新北市,True,2.76
2026-05-02 20:24:15,2006,嘉泰藥師藥局,新北市鶯歌區鶯桃路2段31號1樓,0226709668,121.3253717,24.97248284,鶯歌區,新北市,True,2.74
2026-05-02 20:24:15,2007,祐兒藥局,新北市鶯歌區南鶯里建國路171號1樓,0286781907,121.3500346,24.95339499,鶯歌區,新北市,True,2.74
2026-05-02 20:24:15,2008,安泰藥局,新北市三重區正義北路300-3號2樓,0289815379,121.4953917,25.06966747,三重區,新北市,True,3.72
2026-05-02 20:24:15,2009,上好藥局,新北市三重區力行路2段134號,0222865622,121.4822269,25.07557297,三重區,新北市,True,3.72
2026-05-02 20:24:15,2010,惠理藥局,新北市三重區重陽路1段152號,0229856710,121.4866167,25.06110364,三重區,新北市,True,3.72
2026-05-02 20:24:15,2011,馥佑藥局,新北市三重區力行路1段89巷7號,0289818716,121.4867891,25.06837614,三重區,新北市,True,3.72
2026-05-02 20:24:15,2012,迪化藥局,新北市三重區中華路77號,0229834445,121.4836105,25.06267099,三重區,新北市,True,3.72
2026-05-02 20:24:15,2013,一安藥局,新北市新莊區新泰路268號,0229941618,121.4460342,25.04028602,新莊區,新北市,True,3.24
2026-05-02 20:24:15,2014,明仁健保藥局,新北市新莊區民安西路195號1樓,0222085175,121.4260881,25.0153431,新莊區,新北市,True,3.24
2026-05-02 20:24:15,2015,洋欣藥局,新北市新莊區中平路277號1樓,0289927489,121.4446875,25.0501805,新莊區,新北市,True,3.24
2026-05-02 20:24:15,2016,一心春天藥局,新北市新莊區中和街13號1樓、地下室,0289929482,121.4482142,25.04340886,新莊區,新北市,True,3.24
2026-05-02 20:24:15,2017,合康藥師藥局,新北市新莊區中平路306號,0229924496,121.4448094,25.05192619,新莊區,新北市,True,3.24
2026-05-02 20:24:15,2018,東京大藥局,新北市新莊區民安路176號1樓,0222063806,121.4251439,25.02392109,新莊區,新北市,True,3.24
2026-05-02 20:24:15,2019,富安藥局,新北市新莊區復興路1段25號-1(2樓),0222767620,121.4461469,25.04193698,新莊區,新北市,True,3.24
2026-05-02 20:24:15,2020,揚明藥師藥局,新北市新莊區中港路154號,0229921473,121.4551671,25.0413123,新莊區,新北市,True,3.24
2026-05-02 20:24:15,2021,蒲陽藥局,新北市新莊區中港路514號1樓,0229930069,121.4517688,25.05187171,新莊區,新北市,True,3.24
2026-05-02 20:24:15,2022,鶴田藥局,新北市新莊區自信街27號1樓,0222796718,121.4540656,25.04834512,新莊區,新北市,True,3.24
2026-05-02 20:24:15,2023,鍵豐藥局,新北市新莊區中和街158號1樓,0229917452,121.4474464,25.04877868,新莊區,新北市,True,3.24
2026-05-02 20:24:15,2024,天給藥局,新北市新莊區幸福路670巷2弄19號1樓,0229921451,121.4518928,25.0495731,新莊區,新北市,True,3.24
2026-05-02 20:24:15,2025,新莊大東藥局,新北市新莊區幸福路806號1樓,0222766026,121.446045,25.04916713,新莊區,新北市,True,3.24
2026-05-02 20:24:15,2026,泰安藥局,新北市泰山區明志路2段62號2樓,0285313097,121.4290296,25.05269836,泰山區,新北市,True,1.95
2026-05-02 20:24:15,2027,台灣藥局,新北市泰山區明志路1段282-286號,0222971969,121.4319145,25.06002111,泰山區,新北市,True,1.95
2026-05-02 20:24:15,2028,紅葉藥局,新北市泰山區楓江路8號2樓,0222960328,121.4335082,25.06243841,泰山區,新北市,True,1.95
2026-05-02 20:24:15,2029,旭晨藥局,新北市泰山區仁愛路90號1樓,0222970013,121.4330837,25.05529815,泰山區,新北市,True,1.95
2026-05-02 20:24:15,2030,喜樂藥師藥局,新北市林口區公園路15號1樓,0226005566,121.3664687,25.06761675,林口區,新北市,True,2.15
2026-05-02 20:24:15,2031,安康藥局,新北市林口區仁愛路2段60號,0226030356,121.3845897,25.07570175,林口區,新北市,True,2.15
2026-05-02 20:24:15,2032,家欣藥師藥局,新北市林口區文化二路1段567號1樓,0226025388,121.3751323,25.07793842,林口區,新北市,True,2.15
2026-05-02 20:24:15,2033,蘆洲陳大藥局,新北市蘆洲區長安街95號,0222836224,121.4618674,25.08050002,蘆洲區,新北市,True,3.27
2026-05-02 20:24:15,2034,蓁美健康藥局,新北市蘆洲區九芎街90巷21號,0222827527,121.4647249,25.08116129,蘆洲區,新北市,True,3.27
2026-05-02 20:24:15,2035,常喜藥局,新北市蘆洲區中正路140號,0282862976,121.4690956,25.0852445,蘆洲區,新北市,True,3.27
2026-05-02 20:24:15,2036,陽光樂活藥局,新北市五股區成泰路2段101-2號1樓,0222928799,121.4383297,25.08435713,五股區,新北市,True,3.15
2026-05-02 20:24:15,2037,三合藥局,新北市五股區中興路1段75號1樓,0229846055,121.4674733,25.07266172,五股區,新北市,True,3.15
2026-05-02 20:24:15,2038,百成中西藥師藥局,新北市五股區五福里五福路20號1樓,0222915531,121.4342813,25.08880867,五股區,新北市,True,3.15
2026-05-02 20:24:15,2039,三好連鎖藥師藥局,新北市五股區西雲路86號1樓,0222952357,121.4438164,25.09231223,五股區,新北市,True,3.15
2026-05-02 20:24:15,2040,八里藥師藥局,新北市八里區中山路2段226號1樓,0226101212,121.4051782,25.15150821,八里區,新北市,True,2.0
2026-05-02 20:24:15,2041,日揚藥局,新北市淡水區民族路30巷5號,0226242059,121.4611863,25.13622814,淡水區,新北市,True,1.89
2026-05-02 20:24:15,2042,伯聯藥局,新北市淡水區清水街9-10號1樓,0226255847,121.4448975,25.17031976,淡水區,新北市,True,1.89
2026-05-02 20:24:15,2043,聖元社區藥局,新北市淡水區北新路117-3號1樓,0226263227,121.4484971,25.17867179,淡水區,新北市,True,1.89
2026-05-02 20:24:15,2044,大忠聯合藥局,新北市淡水區大忠街113巷31號1樓,0226200021,121.4476845,25.17755855,淡水區,新北市,True,1.89
2026-05-02 20:24:15,2045,北新藥局,新北市淡水區北新路182巷63號,0226293205,121.4477479,25.17733119,淡水區,新北市,True,1.89
2026-05-02 20:24:15,2046,吉利安健保藥師藥局,新北市淡水區中山北路1段100號1樓,0226295693,121.4425951,25.17639361,淡水區,新北市,True,1.89
2026-05-02 20:24:15,2047,吳光祥藥局,新北市淡水區中山路104號,0226213020,121.4423705,25.1706855,淡水區,新北市,True,1.89
2026-05-02 20:24:15,2048,天文大藥局,新北市淡水區新春街136號,0286312050,121.4414608,25.18166389,淡水區,新北市,True,1.89
2026-05-02 20:24:15,2049,長佑藥局,新北市淡水區新市一路3段36號,0226202022,121.4457652,25.18281929,淡水區,新北市,True,1.89
2026-05-02 20:24:15,2050,護鄰藥局,新北市淡水區油車里淡海路47號,0277498406,121.4230575,25.17983712,淡水區,新北市,True,1.89
2026-05-02 20:24:15,2051,淡水健康人生藥局,新北市淡水區清水街9-2號1樓,0226269679,121.4448975,25.17031976,淡水區,新北市,True,1.89
2026-05-02 20:24:15,2052,優德仕藥局,新北市淡水區中山北路2段167號1樓,0226236573,121.4441706,25.18438275,淡水區,新北市,True,1.89
2026-05-02 20:24:15,2053,淡水聯合藥局,新北市淡水區英專路94號2樓,0286317699,121.4458699,25.17171233,淡水區,新北市,True,1.89
2026-05-02 20:24:15,2054,仁又堂藥局,新北市金山區信義路１７號,0224982468,121.6373,25.220908,金山區,新北市,False,2.26
2026-05-02 20:24:15,2055,裕發藥局,新北市金山區中山路２１９號,0224982213,121.6376,25.221504,金山區,新北市,False,2.26
2026-05-02 20:24:15,2056,人民藥局,新北市板橋區仁愛路５９號,905012902,121.4604,24.999654,板橋區,新北市,False,3.38
2026-05-02 20:24:15,2057,廣鑫藥局,新北市板橋區和平路２０３號,0229623258,121.4643,24.996586,板橋區,新北市,False,3.38
2026-05-02 20:24:15,2058,新欣藥局,新北市板橋區金門街１２８號,935299311,121.4328,24.991171,板橋區,新北市,False,3.38
2026-05-02 20:24:15,2059,嘉豐藥局,新北市板橋區仁愛路６２巷１５弄１６－１號,0229570279,121.4608,24.998565,板橋區,新北市,False,3.38
2026-05-02 20:24:15,2060,永幸藥局,新北市板橋區金門街１２１巷２號,0226827012,121.4332,24.991713,板橋區,新北市,False,3.38
2026-05-02 20:24:15,2061,遠東大藥局,新北市板橋區南雅南路二段１３２號,0289664555,121.4519,24.996736,板橋區,新北市,False,3.38
2026-05-02 20:24:15,2062,旭全藥局,新北市板橋區金門街三三一號,0226860526,121.4294,24.985817,板橋區,新北市,False,3.38
2026-05-02 20:24:15,2063,新義和藥局,新北市瑞芳區基山街１３６號,0224972079,121.8437,25.108159,瑞芳區,新北市,False,5.02
2026-05-02 20:24:15,2064,唱安藥局,新北市瑞芳區xx魚坑路4３號,0224977838,121.8099,25.108845,瑞芳區,新北市,False,5.02
2026-05-02 20:24:15,2065,麗安藥局,新北市瑞芳區明燈路三段５６號,0224970823,121.8069,25.108039,瑞芳區,新北市,False,5.02
2026-05-02 20:24:15,2066,明生藥局,新北市瑞芳區明燈路三段３７－３號,0224978577,121.807,25.107856,瑞芳區,新北市,False,5.02
2026-05-02 20:24:15,2067,維春藥局,新北市新店區民權路三十二號,0229185213,121.5409,24.983028,新店區,新北市,False,2.2
2026-05-02 20:24:15,2068,晨安藥局,新北市新店區北宜路二段261號1樓,282171911,121.5545,24.953628,新店區,新北市,False,2.2
2026-05-02 20:24:15,2069,道明藥局,新北市新店區三民路８號,0229173817、0939342585,121.5396,24.972425,新店區,新北市,False,2.2
2026-05-02 20:24:15,2070,金美藥局,新北市新店區北新路三段一三八號一樓,0229146365,121.5416,24.982124,新店區,新北市,False,2.2
2026-05-02 20:24:15,2071,仁佑藥局,新北市新店區永業路８１巷５弄２號,0229156438、090805865,121.5303,24.948964,新店區,新北市,False,2.2
2026-05-02 20:24:15,2072,南和藥局,新北市新店區中正路５８號,0229124220,121.5444,24.970141,新店區,新北市,False,2.2
2026-05-02 20:24:15,2073,吉成藥局,新北市新店區中華路１０７號,0229114426,121.5389,24.969204,新店區,新北市,False,2.2
2026-05-02 20:24:15,2074,景福藥局,新北市永和區四維街68號1樓,0229415293,121.524,24.998348,永和區,新北市,False,3.13
2026-05-02 20:24:15,2075,啟照大藥局,新北市永和區四維街９１號,0229427157,121.5245,24.998104,永和區,新北市,False,3.13
2026-05-02 20:24:15,2076,潤康藥局,新北市永和區成功路二段九十八號,0229435798,121.5265,24.998333,永和區,新北市,False,3.13
2026-05-02 20:24:15,2077,宏恩藥局,新北市永和區中正路一四三號,0229446693,121.5162,24.998271,永和區,新北市,False,3.13
2026-05-02 20:24:15,2078,美的酷醫美藥局,新北市永和區民光街一號一樓,0289433086,121.5152,24.9965,永和區,新北市,False,3.13
2026-05-02 20:24:15,2079,義豐西藥局,新北市中和區景新街３８３巷４號,0229420169,121.5129,24.990353,中和區,新北市,False,3.22
2026-05-02 20:24:15,2080,民康藥局,新北市中和區忠孝街１２２號之１,0229434163,121.5122,24.98581,中和區,新北市,False,3.22
2026-05-02 20:24:15,2081,田邊藥局,新北市中和區泰和街四十三號一樓,0222407725,121.4991,24.999422,中和區,新北市,False,3.22
2026-05-02 20:24:15,2082,開發大藥局,新北市中和區興南路一段六號,0229412279,121.5115,24.991526,中和區,新北市,False,3.22
2026-05-02 20:24:15,2083,盛宏藥局,新北市中和區華褔街５４號,0229513273,121.4667,24.99652,中和區,新北市,False,3.22
2026-05-02 20:24:15,2084,宗安大藥局,新北市中和區景新街240號1樓,0229446178,121.5088,24.993833,中和區,新北市,False,3.22
2026-05-02 20:24:15,2085,良泰大藥局,新北市中和區興南路二段１１７巷１５號１樓,0229477761,121.5059,24.98412,中和區,新北市,False,3.22
2026-05-02 20:24:15,2086,四維藥局,新北市中和區四維街37巷2號1樓,0286681345,121.5124,24.986791,中和區,新北市,False,3.22
2026-05-02 20:24:15,2087,建昌大藥局,新北市中和區華新街２３２巷１７號,0229471537,121.5057,24.982056,中和區,新北市,False,3.22
2026-05-02 20:24:15,2088,欣俞藥局,新北市中和區景新街467巷4號,0229461552,121.5137,24.988096,中和區,新北市,False,3.22
2026-05-02 20:24:15,2089,美佳藥局,新北市中和區南華路19號,0222407947,121.5027,24.995812,中和區,新北市,False,3.22
2026-05-02 20:24:15,2090,順儷金城藥局,新北市土城區金城路三段147號1樓,0222621590,121.4684,24.988332,土城區,新北市,False,3.81
2026-05-02 20:24:15,2091,學安藥師藥局,新北市土城區學府路1段２１１號一樓,0222610565,121.4516,24.984469,土城區,新北市,False,3.81
2026-05-02 20:24:15,2092,學士藥局,新北市土城區學士路二十七號一樓,0222640468,121.4531,24.982363,土城區,新北市,False,3.81
2026-05-02 20:24:15,2093,信豐藥局,新北市土城區農豐街１２號,0222609764,121.4425,24.973868,土城區,新北市,False,3.81
2026-05-02 20:24:15,2094,福泰藥局,新北市土城區中央路2段278巷8號之1　1樓,0282621529,121.4403,24.97481,土城區,新北市,False,3.81
2026-05-02 20:24:15,2095,佑昌藥局,新北市土城區延吉街162號,0222628076,121.4686,24.985461,土城區,新北市,False,3.81
2026-05-02 20:24:15,2096,民亨藥局,新北市土城區學成路一七二號,0222701485,121.4479,24.988984,土城區,新北市,False,3.81
2026-05-02 20:24:15,2097,永生藥局,新北市土城區清水路一六三號一樓,0222616090,121.4588,24.981616,土城區,新北市,False,3.81
2026-05-02 20:24:15,2098,豐安藥局,新北市三峽區復興路42巷9號1樓,0226745431,121.374,24.937157,三峽區,新北市,False,3.32
2026-05-02 20:24:15,2099,守義藥局,新北市三峽區信義街１８號,0226711209,121.3708,24.935673,三峽區,新北市,False,3.32
2026-05-02 20:24:15,2100,天泰藥局,新北市樹林區國凱街三十二之三號一樓,921661969,121.4197,24.978525,樹林區,新北市,False,2.76
2026-05-02 20:24:15,2101,樹林丁丁藥局,新北市樹林區中華路174號1樓,0286851518,121.4208,24.981866,樹林區,新北市,False,2.76
2026-05-02 20:24:15,2102,蔣示藥局,新北市樹林區太順街６２巷３弄２號,0286859460,121.4175,24.979706,樹林區,新北市,False,2.76
2026-05-02 20:24:15,2103,基礎藥局,新北市樹林區中山路一段２２８號,0226827333,121.4211,24.987778,樹林區,新北市,False,2.76
2026-05-02 20:24:15,2104,民和藥局,新北市鶯歌區鶯桃路１３７號,0226705858,121.3378,24.954759,鶯歌區,新北市,False,2.74
2026-05-02 20:24:15,2105,上大藥師藥局,新北市鶯歌區光明街176號,0226788428,121.3443,24.955852,鶯歌區,新北市,False,2.74
2026-05-02 20:24:15,2106,金山大藥局,新北市鶯歌區尖山路176-1號1樓,226789488,121.3448,24.947637,鶯歌區,新北市,False,2.74
2026-05-02 20:24:15,2107,豪安藥局,新北市鶯歌區尖山路６１之１號,0226786937,121.3497,24.949549,鶯歌區,新北市,False,2.74
2026-05-02 20:24:15,2108,安新藥局,新北市鶯歌區建國路一八○號,0226776616,121.3497,24.953655,鶯歌區,新北市,False,2.74
2026-05-02 20:24:15,2109,慶鴻藥師藥局,新北市五股區凌雲路1段68號1樓,0282956335,121.4511,25.101194,五股區,新北市,False,3.15
2026-05-02 20:24:15,2110,惠元藥局,新北市淡水區中正路96號,0226211448,121.4422,25.169659,淡水區,新北市,False,1.89
2026-05-02 20:24:15,2111,正明藥局,新北市淡水區長興街４２號,0226224025,121.4442,25.171484,淡水區,新北市,False,1.89
2026-05-02 20:24:15,2112,玉盛藥局,新北市三芝區中山路二段３０號,0226360697,121.5029,25.255449,三芝區,新北市,False,2.6
2026-05-02 20:24:15,2113,日昇藥局,新北市三芝區中山路一段５４號,0226362131,121.5017,25.25686,三芝區,新北市,False,2.6
